ELECTION	CONTESTID	CONTESTTITLE1	CONTESTTITLE2	NUMTOVOTFOR	TERMOFOFFICE	FILINGFEE	NUMOFCANDS	NUMQUALIFIEDCANDS	NUMTOVOTFOR	DECOFINTENT	FILINGEXTENSION	CANDSTMT	DISTRICTID	SUBDISTRICT	CONTESTPARTY
November 5 2019 Municipal Election	5000	MAYOR		1	4	6719.92	31	6	1	0	0	1	CITY1	0	
November 5 2019 Municipal Election	5010	CITY ATTORNEY		1	4	5546.78	1	1	1	0	0	1	CITY1	0	
November 5 2019 Municipal Election	5020	TREASURER		1	4	3950.7	1	1	1	0	0	1	CITY1	0	
November 5 2019 Municipal Election	5040	DISTRICT ATTORNEY		1	4	5886.18	6	4	1	0	0	1	CITY1	0	
November 5 2019 Municipal Election	5050	SHERIFF		1	4	5015.32	2	1	1	0	0	1	CITY1	0	
November 5 2019 Municipal Election	5070	PUBLIC DEFENDER	S/T	1	3	5101.96	1	1	1	0	0	1	CITY1	0	
November 5 2019 Municipal Election	5105	BOARD OF SUPERVISORS	DISTRICT 5	1	4	500	7	4	1	0	0	1	SUPV5	0	
November 5 2019 Municipal Election	8525	Member, BoE	S/T	1	1	500	5	3	1	0	1	1	*0	0	
November 5 2019 Municipal Election	8560	Member, CCB	S/T	1	1	500	3	1	1	0	1	1	CITY1	0	
