ELECTION	CONTESTID	CONTESTTITLE1	CONTESTTITLE2	NUMTOVOTFOR	TERMOFOFFICE	FILINGFEE	NUMOFCANDS	NUMQUALIFIEDCANDS	NUMTOVOTFOR	DECOFINTENT	FILINGEXTENSION	CANDSTMT	DISTRICTID	SUBDISTRICT	CONTESTPARTY
November 3 2020 Consolidated General Election	110	PRESIDENT AND VICE PRESIDENT		1	4	0	6	6	1	0	0	0	*0	0	
November 3 2020 Consolidated General Election	1020	US House of Rep	District 12	1	2	1740	2	2	1	0	0	1	CONG12	0	
November 3 2020 Consolidated General Election	1030	US House of Rep	District 13	1	2	1740	2	2	1	0	0	1	CONG13	0	
November 3 2020 Consolidated General Election	1040	US House of Rep	District 14	1	2	1740	2	2	1	0	0	1	CONG14	0	
November 3 2020 Consolidated General Election	1130	State Senator	District 11	1	4	1001.13	2	2	1	0	0	1	SEN11	0	
November 3 2020 Consolidated General Election	1210	STATE ASSEMBLY MEMBER	District 19	1	2	952.91	2	2	1	0	0	1	ASSM19	0	
November 3 2020 Consolidated General Election	1310	STATE ASSEMBLY MEMBER	District 17	1	2	952.91	2	2	1	0	0	1	ASSM17	0	
November 3 2020 Consolidated General Election	5101	BOARD OF SUPERVISORS	DISTRICT 1	1	4	500	7	7	1	0	0	1	SUPV1	0	
November 3 2020 Consolidated General Election	5103	BOARD OF SUPERVISORS	DISTRICT 3	1	4	500	4	4	1	0	0	1	SUPV3	0	
November 3 2020 Consolidated General Election	5105	BOARD OF SUPERVISORS	DISTRICT 5	1	4	500	4	4	1	0	0	1	SUPV5	0	
November 3 2020 Consolidated General Election	5107	BOARD OF SUPERVISORS	DISTRICT 7	1	4	500	7	7	1	0	0	1	SUPV7	0	
November 3 2020 Consolidated General Election	5109	BOARD OF SUPERVISORS	DISTRICT 9	1	4	500	1	1	1	0	0	1	SUPV9	0	
November 3 2020 Consolidated General Election	5111	BOARD OF SUPERVISORS	DISTRICT 11	1	4	500	3	3	1	0	0	1	SUPV11	0	
November 3 2020 Consolidated General Election	6000	BART DIRECTOR	DISTRICT 7	1	4	0	2	2	1	0	0	1	BART7	0	
November 3 2020 Consolidated General Election	6030	BART DIRECTOR	DISTRICT 9	1	4	0	4	4	1	0	0	1	BART9	0	
November 3 2020 Consolidated General Election	6100	BOARD OF EDUCATION		4	4	500	10	10	4	0	1	1	CITY1	0	
November 3 2020 Consolidated General Election	8530	COMMUNITY COLLEGE BOARD		4	4	500	11	11	4	0	1	1	CITY1	0	
