iContestID	szBallotHeading	szSubHeading	szOfficeTitle	szOfficeAbbr1	szOfficeAbbr2	sGoesIntoExtension	iNumToVoteFor	iOfficeOnBallot	iNumQualified	iNumCandidates	iCandidateID	szCandidateName	szBallotDesignation	iIncumbent	dtQualified	dtSigsInLieuFiled_dt	dtSigsInLieuIssued_dt	dtDecOfIntentIssued_dt	dtDecOfIntentFiled_dt	dtNOMIssued_dt	dtNomFiled_dt	dtFilingFeePaid_dt	dtCandStmtFiled_dt	dtCandStmtIssued_dt	dtDecOfCandIssued_dt	dtDecOfCandFiled_dt	dtCodeFairCampFiled_dt	sUserCode1	sUserCode2	szResAddress1	szResAddress2	szResAddress3	szMailAddr1	szMailAddr2	szMailAddr3	szMailAddr4	szBusinessAddr1	szBusinessCity	szBusinessState	szBusinessZip	sBusinessPhone	sHomePhone	sFaxNo	szEmailAddress	sPartyAbbr	szPartyName	sCampaignPhone	sCampaignFax	sCampaignMobile	szWebAddress	sElectronicCandStmt
110	FEDERAL		PRESIDENT AND VICE PRESIDENT	PRESIDENT AND VICE PRESI		N	1	1	6	6	2	DONALD J. TRUMP AND MICHAEL R. PENCE		1	6/1/2020 8:48:00 AM																																				No
110	FEDERAL		PRESIDENT AND VICE PRESIDENT	PRESIDENT AND VICE PRESI		N	1	1	6	6	1	JOSEPH R. BIDEN AND KAMALA D. HARRIS		0	6/1/2020 2:49:00 PM																																				No
110	FEDERAL		PRESIDENT AND VICE PRESIDENT	PRESIDENT AND VICE PRESI		N	1	1	6	6	3	ROQUE "ROCKY" DE LA FUENTE GUERRA AND KANYE WEST		0	6/1/2020 8:49:00 AM																																				No
110	FEDERAL		PRESIDENT AND VICE PRESIDENT	PRESIDENT AND VICE PRESI		N	1	1	6	6	4	HOWIE HAWKINS AND ANGELA NICOLE WALKER		0	6/1/2020 8:51:00 AM																																				No
110	FEDERAL		PRESIDENT AND VICE PRESIDENT	PRESIDENT AND VICE PRESI		N	1	1	6	6	5	JO JORGENSEN AND JEREMY "SPIKE" COHEN		0	6/1/2020 8:52:00 AM																																				No
110	FEDERAL		PRESIDENT AND VICE PRESIDENT	PRESIDENT AND VICE PRESI		N	1	1	6	6	6	GLORIA LA RIVA AND SUNIL FREEMAN		0	6/1/2020 8:54:00 AM																																				No
1020	FEDERAL		UNITED STATES REPRESENTATIVE, DISTRICT 12	US House of Rep	District 12	N	1	1	2	2	1	NANCY PELOSI	Member Of Congress	1	3/31/2020 10:47:00 AM																																				No
1020	FEDERAL		UNITED STATES REPRESENTATIVE, DISTRICT 12	US House of Rep	District 12	N	1	1	2	2	2	SHAHID BUTTAR	Public Interest Lawyer	0	3/31/2020 10:40:00 AM																																				No
1030	FEDERAL		UNITED STATES REPRESENTATIVE, DISTRICT 13	US House of Rep	District 13	N	1	1	2	2	1	BARBARA LEE	United States Representative	0	3/31/2020 4:03:00 PM																																				No
1030	FEDERAL		UNITED STATES REPRESENTATIVE, DISTRICT 13	US House of Rep	District 13	N	1	1	2	2	2	NIKKA PITERMAN	Teacher/software Engineer	0	3/31/2020 4:03:00 PM																																				No
1040	FEDERAL		UNITED STATES REPRESENTATIVE, DISTRICT 14	US House of Rep	District 14	N	1	1	2	2	1	JACKIE SPEIER	Congresswoman	1	3/31/2020 2:15:00 PM								8/11/2020																												No
1040	FEDERAL		UNITED STATES REPRESENTATIVE, DISTRICT 14	US House of Rep	District 14	N	1	1	2	2	2	RAN S PETEL	Financial Executive	0	3/31/2020 2:17:00 PM																																				No
1130	STATE		STATE SENATOR	State Senator	District 11	N	1	1	2	2	1	SCOTT WIENER	State Senator, District 11	1	3/31/2020 1:13:00 PM																																				No
1130	STATE		STATE SENATOR	State Senator	District 11	N	1	1	2	2	2	JACKIE FIELDER	Educator / Nonprofit Organizer	0	3/31/2020 1:14:00 PM								8/11/2020																												No
1210	STATE		STATE ASSEMBLY MEMBER, DISTRICT 19	STATE ASSEMBLY MEMBER	District 19	N	1	1	2	2	1	PHIL TING	Assemblymember	1	3/31/2020 10:56:00 AM								8/11/2020																												No
1210	STATE		STATE ASSEMBLY MEMBER, DISTRICT 19	STATE ASSEMBLY MEMBER	District 19	N	1	1	2	2	2	JOHN P. MCDONNELL	Attorney	0	3/31/2020 10:58:00 AM								8/11/2020																												No
1310	STATE		STATE ASSEMBLY MEMBER, DISTRICT 17	STATE ASSEMBLY MEMBER	District 17	N	1	1	2	2	1	DAVID CHIU	Assemblymember	1	3/31/2020 10:46:00 AM								8/11/2020																												No
1310	STATE		STATE ASSEMBLY MEMBER, DISTRICT 17	STATE ASSEMBLY MEMBER	District 17	N	1	1	2	2	2	STARCHILD		0	3/31/2020 10:48:00 AM																																				No
5101	CITY AND COUNTY		MEMBER, BOARD OF SUPERVISORS, DISTRICT 1	BOARD OF SUPERVISORS	DISTRICT 1	N	1	1	7	7	1	CONNIE CHAN	Legislative Policy Advisor	0	6/8/2020 8:20:00 AM	6/10/2020						6/10/2020	6/10/2020					F																							No
5101	CITY AND COUNTY		MEMBER, BOARD OF SUPERVISORS, DISTRICT 1	BOARD OF SUPERVISORS	DISTRICT 1	N	1	1	7	7	2	SHERMAN R. D'SILVA	Operations Manager	0	6/4/2020 11:33:00 AM							6/4/2020	6/4/2020					M																							No
5101	CITY AND COUNTY		MEMBER, BOARD OF SUPERVISORS, DISTRICT 1	BOARD OF SUPERVISORS	DISTRICT 1	N	1	1	7	7	3	AMANDA INOCENCIO	Public Interest Attorney	0	6/8/2020 8:40:00 AM					6/15/2020	6/15/2020	6/15/2020	6/15/2020	6/15/2020				F																							No
5101	CITY AND COUNTY		MEMBER, BOARD OF SUPERVISORS, DISTRICT 1	BOARD OF SUPERVISORS	DISTRICT 1	N	1	1	7	7	6	DAVID E. LEE	Civil Rights Educator	0	6/8/2020 8:42:00 AM							6/10/2020	6/10/2020	6/10/2020				M-A																							No
5101	CITY AND COUNTY		MEMBER, BOARD OF SUPERVISORS, DISTRICT 1	BOARD OF SUPERVISORS	DISTRICT 1	N	1	1	7	7	7	ANDREW N. MAJALYA	Software Salesperson	0	6/15/2020 8:47:00 AM					6/5/2020			7/1/2020	6/5/2020				M																							No
5101	CITY AND COUNTY		MEMBER, BOARD OF SUPERVISORS, DISTRICT 1	BOARD OF SUPERVISORS	DISTRICT 1	N	1	1	7	7	5	MARJAN PHILHOUR	Neighborhood Business Owner	0	6/8/2020 8:44:00 AM						6/10/2020	6/10/2020	7/1/2020	6/10/2020				F																							No
5101	CITY AND COUNTY		MEMBER, BOARD OF SUPERVISORS, DISTRICT 1	BOARD OF SUPERVISORS	DISTRICT 1	N	1	1	7	7	4	VERONICA SHINZATO	Consultant / Business Owner	0	6/8/2020 8:45:00 AM						6/1/2020	6/15/2020	6/15/2020					F																							No
5103	CITY AND COUNTY		MEMBER, BOARD OF SUPERVISORS, DISTRICT 3	BOARD OF SUPERVISORS	DISTRICT 3	N	1	1	4	4	3	AARON PESKIN	Supervisor	1	6/5/2020 8:47:00 AM						6/10/2020	6/10/2020	6/10/2020					M																							No
5103	CITY AND COUNTY		MEMBER, BOARD OF SUPERVISORS, DISTRICT 3	BOARD OF SUPERVISORS	DISTRICT 3	N	1	1	4	4	4	DANNY SAUTER	Neighborhood Nonprofit Director	0	6/8/2020 8:49:00 AM						6/10/2020		6/10/2020					M																							No
5103	CITY AND COUNTY		MEMBER, BOARD OF SUPERVISORS, DISTRICT 3	BOARD OF SUPERVISORS	DISTRICT 3	N	1	1	4	4	6	STEPHEN (LULU) SCHWARTZ	Human Rights Investigator	0	6/9/2020 8:50:00 AM						6/10/2020	6/10/2020	7/1/2020					F																							No
5103	CITY AND COUNTY		MEMBER, BOARD OF SUPERVISORS, DISTRICT 3	BOARD OF SUPERVISORS	DISTRICT 3	N	1	1	4	4	5	SPENCER SIMONSEN	Senior Services Provider	0	6/3/2020 12:27:00 PM						6/3/2020	6/3/2020	6/3/2020					M																							No
5105	CITY AND COUNTY		MEMBER, BOARD OF SUPERVISORS, DISTRICT 5	BOARD OF SUPERVISORS	DISTRICT 5	N	1	1	4	4	3	DEAN PRESTON	Supervisor	1	6/5/2020 9:00:00 AM						6/10/2020	6/10/2020	6/10/2020					M																							No
5105	CITY AND COUNTY		MEMBER, BOARD OF SUPERVISORS, DISTRICT 5	BOARD OF SUPERVISORS	DISTRICT 5	N	1	1	4	4	5	VALLIE BROWN	Nonprofit Program Advisor	0	6/8/2020 8:59:00 AM								6/10/2020					F																							No
5105	CITY AND COUNTY		MEMBER, BOARD OF SUPERVISORS, DISTRICT 5	BOARD OF SUPERVISORS	DISTRICT 5	N	1	1	4	4	2	DANIEL LANDRY	Director, Arts Nonprofit	0	5/20/2020 1:38:00 PM							5/20/2020	5/20/2020					M																							No
5105	CITY AND COUNTY		MEMBER, BOARD OF SUPERVISORS, DISTRICT 5	BOARD OF SUPERVISORS	DISTRICT 5	N	1	1	4	4	4	NOMVULA O'MEARA	Organizer / Film Producer	0	6/9/2020 9:05:00 AM								7/1/2020					F																							No
5107	CITY AND COUNTY		MEMBER, BOARD OF SUPERVISORS, DISTRICT 7	BOARD OF SUPERVISORS	DISTRICT 7	N	1	1	7	7	1	JOEL ENGARDIO	Journalist	0	5/22/2020 1:24:00 PM							5/22/2020	5/22/2020					M																							No
5107	CITY AND COUNTY		MEMBER, BOARD OF SUPERVISORS, DISTRICT 7	BOARD OF SUPERVISORS	DISTRICT 7	N	1	1	7	7	3	STEPHEN W. MARTIN-PINTO	Firefighter / Military Reservist	0	5/29/2020 5:14:00 PM						5/29/2020		5/29/2020																												No
5107	CITY AND COUNTY		MEMBER, BOARD OF SUPERVISORS, DISTRICT 7	BOARD OF SUPERVISORS	DISTRICT 7	N	1	1	7	7	4	BEN MATRANGA	Technology Equity Director	0	6/9/2020 9:06:00 AM						6/10/2020	6/10/2020	7/1/2020					M-A																							No
5107	CITY AND COUNTY		MEMBER, BOARD OF SUPERVISORS, DISTRICT 7	BOARD OF SUPERVISORS	DISTRICT 7	N	1	1	7	7	5	MYRNA MELGAR	Urban Planner	0	6/9/2020 9:09:00 AM						6/10/2020	6/10/2020	7/1/2020					F																							No
5107	CITY AND COUNTY		MEMBER, BOARD OF SUPERVISORS, DISTRICT 7	BOARD OF SUPERVISORS	DISTRICT 7	N	1	1	7	7	8	EMILY MURASE	City And County Of San Francisco Agency Director	0	6/8/2020 9:05:00 AM						7/1/2020	7/1/2020	7/1/2020					F																							No
5107	CITY AND COUNTY		MEMBER, BOARD OF SUPERVISORS, DISTRICT 7	BOARD OF SUPERVISORS	DISTRICT 7	N	1	1	7	7	6	VILASKA NGUYEN	Criminal Trial Attorney	0	6/8/2020 9:30:00 AM					6/5/2020		6/8/2020	6/8/2020					M																							No
5107	CITY AND COUNTY		MEMBER, BOARD OF SUPERVISORS, DISTRICT 7	BOARD OF SUPERVISORS	DISTRICT 7	N	1	1	7	7	10	KEN PIPER	Business Owner	0	6/9/2020 9:11:00 AM	6/10/2020						6/10/2020	6/10/2020	6/10/2020				M-A																							No
5109	CITY AND COUNTY		MEMBER, BOARD OF SUPERVISORS, DISTRICT 9	BOARD OF SUPERVISORS	DISTRICT 9	N	1	1	1	1	2	HILLARY RONEN	District 9 Supervisor	1	6/5/2020 11:03:00 AM					6/5/2020	6/5/2020	6/5/2020	6/5/2020	6/5/2020				F																							No
5111	CITY AND COUNTY		MEMBER, BOARD OF SUPERVISORS, DISTRICT 11	BOARD OF SUPERVISORS	DISTRICT 11	N	1	1	3	3	2	AHSHA SAFAI	District 11 Supervisor	1	6/8/2020 9:44:00 AM						6/16/2020	6/16/2020	6/16/2020					M-A																							No
5111	CITY AND COUNTY		MEMBER, BOARD OF SUPERVISORS, DISTRICT 11	BOARD OF SUPERVISORS	DISTRICT 11	N	1	1	3	3	3	MARCELO COLUSSI	Small Business Owner	0	6/9/2020 9:28:00 AM	6/10/2020						6/10/2020	6/10/2020	6/10/2020				M																							No
5111	CITY AND COUNTY		MEMBER, BOARD OF SUPERVISORS, DISTRICT 11	BOARD OF SUPERVISORS	DISTRICT 11	N	1	1	3	3	1	JOHN AVALOS	Healthcare Union Organizer	0	6/5/2020 9:43:00 AM								7/1/2020					M-A																							No
6000	DISTRICT		BART DIRECTOR, DISTRICT 7	BART DIRECTOR	DISTRICT 7	N	1	1	2	2	2	SHARON KIDD	Police Reform Counselor	0	8/7/2020 2:29:00 PM																																				No
6000	DISTRICT		BART DIRECTOR, DISTRICT 7	BART DIRECTOR	DISTRICT 7	N	1	1	2	2	1	LATEEFAH SIMON	Bart Director	0	8/5/2020 12:59:00 PM																																				No
6030	DISTRICT		BART DIRECTOR, DISTRICT 9	BART DIRECTOR	DISTRICT 9	N	1	1	4	4	1	BEVAN DUFTY	Bart Director	0	8/6/2020 2:30:00 PM													M																							No
6030	DISTRICT		BART DIRECTOR, DISTRICT 9	BART DIRECTOR	DISTRICT 9	N	1	1	4	4	4	PATRICK MORTIERE	Nonprofit Director	0	7/28/2020 2:32:00 PM																																				No
6030	DISTRICT		BART DIRECTOR, DISTRICT 9	BART DIRECTOR	DISTRICT 9	N	1	1	4	4	2	MICHAEL PETRELIS	Lgbt Writer / Organizer	0	8/7/2020 2:50:00 PM																																				No
6030	DISTRICT		BART DIRECTOR, DISTRICT 9	BART DIRECTOR	DISTRICT 9	N	1	1	4	4	3	DAVID WEI WEN YOUNG	Engineer	0	8/7/2020 2:32:00 PM													M-A																							No
6100	SCHOOL		MEMBER, BOARD OF EDUCATION	BOARD OF EDUCATION		N	4	1	10	10	9	MARK SANCHEZ	Public School Teacher	1	8/6/2020 1:03:00 PM																																				No
6100	SCHOOL		MEMBER, BOARD OF EDUCATION	BOARD OF EDUCATION		N	4	1	10	10	4	JENNY LAM	Member, Board Of Education	1	8/4/2020 10:45:00 AM																																				No
6100	SCHOOL		MEMBER, BOARD OF EDUCATION	BOARD OF EDUCATION		N	4	1	10	10	12	GENEVIEVE LAWRENCE	Teacher	0	8/6/2020 12:55:00 PM																																				No
6100	SCHOOL		MEMBER, BOARD OF EDUCATION	BOARD OF EDUCATION		N	4	1	10	10	6	MICHELLE PARKER	Parent / Nonprofit Director	0	8/11/2020 9:27:00 AM					8/11/2020	8/11/2020	8/11/2020	8/11/2020	8/11/2020				F																							No
6100	SCHOOL		MEMBER, BOARD OF EDUCATION	BOARD OF EDUCATION		N	4	1	10	10	13	NICK ROTHMAN	Teacher	0	8/7/2020 1:08:00 PM																																				No
6100	SCHOOL		MEMBER, BOARD OF EDUCATION	BOARD OF EDUCATION		N	4	1	10	10	7	MATT ALEXANDER	Educator / Organizer	0	8/4/2020 10:47:00 AM																																				No
6100	SCHOOL		MEMBER, BOARD OF EDUCATION	BOARD OF EDUCATION		N	4	1	10	10	11	ANDREW DOUGLAS ALSTON	Teacher	0	8/5/2020 10:48:00 AM					7/13/2020	8/5/2020		8/5/2020	7/13/2020																											No
6100	SCHOOL		MEMBER, BOARD OF EDUCATION	BOARD OF EDUCATION		N	4	1	10	10	10	KEVINE BOGGESS	Education Policy Director	0	8/7/2020 2:35:00 PM																																				No
6100	SCHOOL		MEMBER, BOARD OF EDUCATION	BOARD OF EDUCATION		N	4	1	10	10	1	ALIDA FISHER	Special Education Consultant	0	8/6/2020 9:39:00 AM																																				No
6100	SCHOOL		MEMBER, BOARD OF EDUCATION	BOARD OF EDUCATION		N	4	1	10	10	2	PAUL KANGAS	Criminal Defense Investigator	0	8/7/2020 1:09:00 PM																																				No
8530	SCHOOL		MEMBER, COMMUNITY COLLEGE BOARD	COMMUNITY COLLEGE BOARD		N	4	1	11	11	12	DOMINIC ASHE	Futures Trader	1	8/6/2020 9:02:00 AM					8/6/2020	8/7/2020		8/6/2020	8/6/2020																											No
8530	SCHOOL		MEMBER, COMMUNITY COLLEGE BOARD	COMMUNITY COLLEGE BOARD		N	4	1	11	11	5	TOM TEMPRANO	Community College Board Vice-president	1	8/6/2020 10:40:00 AM																																				No
8530	SCHOOL		MEMBER, COMMUNITY COLLEGE BOARD	COMMUNITY COLLEGE BOARD		N	4	1	11	11	6	SHANELL WILLIAMS	President, City College Board	1	8/6/2020 10:40:00 AM																																				No
8530	SCHOOL		MEMBER, COMMUNITY COLLEGE BOARD	COMMUNITY COLLEGE BOARD		N	4	1	11	11	1	ALAN WONG	Education Policy Advisor	0	8/4/2020 10:41:00 AM																																				No
8530	SCHOOL		MEMBER, COMMUNITY COLLEGE BOARD	COMMUNITY COLLEGE BOARD		N	4	1	11	11	8	HAN ZOU	Family Education Advisor	0	8/7/2020 2:50:00 PM													M																							No
8530	SCHOOL		MEMBER, COMMUNITY COLLEGE BOARD	COMMUNITY COLLEGE BOARD		N	4	1	11	11	4	ALIYA CHISTI	Education Policy Advisor	0	8/7/2020 2:38:00 PM													F																							No
8530	SCHOOL		MEMBER, COMMUNITY COLLEGE BOARD	COMMUNITY COLLEGE BOARD		N	4	1	11	11	9	MARIE HURABIELL	University Regent / Entrepreneur	0	8/7/2020 2:41:00 PM																																				No
8530	SCHOOL		MEMBER, COMMUNITY COLLEGE BOARD	COMMUNITY COLLEGE BOARD		N	4	1	11	11	2	ANITA MARTINEZ	Retired Teacher / Administrator	0	8/4/2020 10:42:00 AM																																				No
8530	SCHOOL		MEMBER, COMMUNITY COLLEGE BOARD	COMMUNITY COLLEGE BOARD		N	4	1	11	11	10	VICTOR OLIVIERI	College Professor	0	7/23/2020 4:03:00 PM						7/23/2020	7/23/2020																													No
8530	SCHOOL		MEMBER, COMMUNITY COLLEGE BOARD	COMMUNITY COLLEGE BOARD		N	4	1	11	11	11	JEANETTE QUICK	Attorney / Writer	0	7/31/2020 4:13:00 PM																																				No
8530	SCHOOL		MEMBER, COMMUNITY COLLEGE BOARD	COMMUNITY COLLEGE BOARD		N	4	1	11	11	3	GERAMYE TEETER	Sustainability Management Professional	0	8/7/2020 2:48:00 PM													M-A																							No
