iMeasureID	sDesignation	szMeasureAbbr1	szMeasureAbbr2	iBallotPosition1	iBallotPosition2	dtDateReceived	szReceivedBy	szRemarks	szFilerTitle	szFilerName	szFilerFirm	szFilerAddr1	szFilerAddr2	szFilerAddr3	szFilerAddr4	szFilerPhone	szFilerFax	szFilerEmail	szContactTitle	szContactName	szContactAddr1	szContactAddr2	szContactAddr3	szContactAddr4	szContactPhone	szContactFax	szContactEmail	szAttorneyTitle	szAttorneyName	szAttorneyAddr1	szAttorneyAddr2	szAttorneyAddr3	szAttorneyAddr4	szAttorneyPhone	szAttorneyFax	szAttorneyEmail	szResponseTitle1	szResponseTitle2	iSize	sStyle	szLegalNoticePubDesc	szDeliveryMethodDesc	szGroupHdg	szBallotHeading	szSubHeading	sDistrictID	szDistrictName	szElectionDesc	dtElectionDate
100	A	Health And Homelessness, Parks, And Streets Bond		1	2	8/13/2020																															Yes	No	0				MEASURES SUBMITTED TO THE VOTERS	CITY AND COUNTY PROPOSITIONS		*0	County Wide	November 3 2020 Consolidated General Election	11/3/2020
101	B	Department Of Sanitation And Streets, Sanitation And Streets Commission, And Public Works Commission		1	2	8/13/2020																															Yes	No	0				MEASURES SUBMITTED TO THE VOTERS	CITY AND COUNTY PROPOSITIONS		*0	County Wide	November 3 2020 Consolidated General Election	11/3/2020
102	C	Removing Citizenship Requirements For Members Of City Bodies		1	2	8/13/2020																															Yes	No	0				MEASURES SUBMITTED TO THE VOTERS	CITY AND COUNTY PROPOSITIONS		*0	County Wide	November 3 2020 Consolidated General Election	11/3/2020
103	D	Sheriff Oversight		1	2	8/13/2020																															Yes	No	0				MEASURES SUBMITTED TO THE VOTERS	CITY AND COUNTY PROPOSITIONS		*0	County Wide	November 3 2020 Consolidated General Election	11/3/2020
104	E	Police Staffing		1	2	8/13/2020																															Yes	No	0				MEASURES SUBMITTED TO THE VOTERS	CITY AND COUNTY PROPOSITIONS		*0	County Wide	November 3 2020 Consolidated General Election	11/3/2020
105	F	Business Tax Overhaul		1	2	8/13/2020																															Yes	No	0				MEASURES SUBMITTED TO THE VOTERS	CITY AND COUNTY PROPOSITIONS		*0	County Wide	November 3 2020 Consolidated General Election	11/3/2020
106	G	Youth Voting In Local Elections		1	2	8/13/2020																															Yes	No	0				MEASURES SUBMITTED TO THE VOTERS	CITY AND COUNTY PROPOSITIONS		*0	County Wide	November 3 2020 Consolidated General Election	11/3/2020
107	H	Neighborhood Commercial Districts And City Permitting		1	2	8/13/2020																															Yes	No	0				MEASURES SUBMITTED TO THE VOTERS	CITY AND COUNTY PROPOSITIONS		*0	County Wide	November 3 2020 Consolidated General Election	11/3/2020
108	I	Real Estate Transfer Tax		1	2	8/13/2020																															Yes	No	0				MEASURES SUBMITTED TO THE VOTERS	CITY AND COUNTY PROPOSITIONS		*0	County Wide	November 3 2020 Consolidated General Election	11/3/2020
109	J	Parcel Tax For San Francisco Unified School District		1	2	8/13/2020																															Yes	No	0				MEASURES SUBMITTED TO THE VOTERS	CITY AND COUNTY PROPOSITIONS		*0	County Wide	November 3 2020 Consolidated General Election	11/3/2020
111	K	Affordable Housing Authorization		1	2	8/13/2020																															Yes	No	0				MEASURES SUBMITTED TO THE VOTERS	CITY AND COUNTY PROPOSITIONS		*0	County Wide	November 3 2020 Consolidated General Election	11/3/2020
112	L	Business Tax Based On Comparison Of Top Executive's Pay To Employees� Pay		1	2	8/13/2020																															Yes	No	0				MEASURES SUBMITTED TO THE VOTERS	CITY AND COUNTY PROPOSITIONS		*0	County Wide	November 3 2020 Consolidated General Election	11/3/2020
1101	14	Authorizes Bond Continuing Stem Cell Research. Initiative Statute.		1	2	8/14/2020																															Yes	No	0				MEASURES SUBMITTED TO THE VOTERS	STATE PROPOSITIONS		*0	County Wide	November 3 2020 Consolidated General Election	11/3/2020
1102	15	Increases Funding Sources For Public Schools, Community Colleges, And Local Government Services By Changing Tax Assessme		1	2	8/14/2020																															Yes	No	0				MEASURES SUBMITTED TO THE VOTERS	STATE PROPOSITIONS		*0	County Wide	November 3 2020 Consolidated General Election	11/3/2020
1103	16	Allows Diversity As A Factor In Public Employment, Education, And Contracting Decisions. Legislative Constitutional Amen		1	2	8/14/2020																															Yes	No	0				MEASURES SUBMITTED TO THE VOTERS	STATE PROPOSITIONS		*0	County Wide	November 3 2020 Consolidated General Election	11/3/2020
1104	17	Restores Right To Vote After Completion Of Prison Term. Legislative Constitutional Amendment.		1	2	8/14/2020																															Yes	No	0				MEASURES SUBMITTED TO THE VOTERS	STATE PROPOSITIONS		*0	County Wide	November 3 2020 Consolidated General Election	11/3/2020
1105	18	Amends California Constitution To Permit 17-year-olds To Vote In Primary And Special Elections If They Will Turn 18 By T		1	2	8/14/2020 12:04:20 PM																															Yes	No	0				MEASURES SUBMITTED TO THE VOTERS	STATE PROPOSITIONS		*0	County Wide	November 3 2020 Consolidated General Election	11/3/2020
1106	19	Changes Certain Property Tax Rules. Legislative Constitutional Amendment.		1	2	8/14/2020 12:05:09 PM																															Yes	No	0				MEASURES SUBMITTED TO THE VOTERS	STATE PROPOSITIONS		*0	County Wide	November 3 2020 Consolidated General Election	11/3/2020
1107	20	Restricts Parole For Certain Offenses Currently Considered To Be Non-violent. Authorizes Felony Sentences For Certain Of		1	2	8/14/2020																															Yes	No	0				MEASURES SUBMITTED TO THE VOTERS	STATE PROPOSITIONS		*0	County Wide	November 3 2020 Consolidated General Election	11/3/2020
1108	21	Expands Local Governments' Authority To Enact Rent Control. On Residential Property. Initiative Statute.		1	2	8/14/2020 12:06:43 PM																															Yes	No	0				MEASURES SUBMITTED TO THE VOTERS	STATE PROPOSITIONS		*0	County Wide	November 3 2020 Consolidated General Election	11/3/2020
1109	22	Exempts App-based Transportation And Delivery Companies From Providing Employee Benefits To Certain Drivers. Initiative		1	2	8/14/2020 12:07:43 PM																															Yes	No	0				MEASURES SUBMITTED TO THE VOTERS	STATE PROPOSITIONS		*0	County Wide	November 3 2020 Consolidated General Election	11/3/2020
1110	23	Establishes State Requirements For Kidney Dialysis Clinics. Requires On-site Medical Professional. Initiative Statute.		1	2	8/14/2020 12:08:36 PM																															Yes	No	0				MEASURES SUBMITTED TO THE VOTERS	STATE PROPOSITIONS		*0	County Wide	November 3 2020 Consolidated General Election	11/3/2020
1111	24	Amends Consumer Privacy Laws. Initiative Statute.		1	2	8/14/2020 12:09:21 PM																															Yes	No	0				MEASURES SUBMITTED TO THE VOTERS	STATE PROPOSITIONS		*0	County Wide	November 3 2020 Consolidated General Election	11/3/2020
1112	25	Referendum On Law That Replaced Money Bail With System Based On Public Safety And Flight Risk.		1	2	8/14/2020 12:10:16 PM																															Yes	No	0				MEASURES SUBMITTED TO THE VOTERS	STATE PROPOSITIONS		*0	County Wide	November 3 2020 Consolidated General Election	11/3/2020
1113	RR	Caltrain Sales Tax		1	2	8/14/2020 12:10:52 PM																															Yes	No	0				MEASURES SUBMITTED TO THE VOTERS	DISTRICT PROPOSITIONS		*0	County Wide	November 3 2020 Consolidated General Election	11/3/2020
