ElectionAbbr	PollingSiteID	PollingSiteName	TableID	PollingPlaceDesc1	PollingPlaceDesc2	SamBalAddr1	SamBalAddr2	VotingPctID	VotingPctName	PollPlaceRegPctID	PollPlaceRegPctPortion	BallotTypeList
2020NOVGEN	0	MAIL BALLOT PRECINCT	 	MAIL BALLOT PRECINCT	 	 	 	1151   	Pct 1151 MB	1151   		4  
2020NOVGEN	0	MAIL BALLOT PRECINCT	 	MAIL BALLOT PRECINCT	 	 	 	1154   	Pct 1154 MB	1154   		4  
2020NOVGEN	0	MAIL BALLOT PRECINCT	 	MAIL BALLOT PRECINCT	 	 	 	7015   	Pct 7015 MB	7015   		6  
2020NOVGEN	0	MAIL BALLOT PRECINCT	 	MAIL BALLOT PRECINCT	 	 	 	7041   	Pct 7041 MB	7041   		5  
2020NOVGEN	0	MAIL BALLOT PRECINCT	 	MAIL BALLOT PRECINCT	 	 	 	7101   	Pct 7101 MB	7101   		8  
2020NOVGEN	0	MAIL BALLOT PRECINCT	 	MAIL BALLOT PRECINCT	 	 	 	7553   	Pct 7553 MB	7553   		13  
2020NOVGEN	0	MAIL BALLOT PRECINCT	 	MAIL BALLOT PRECINCT	 	 	 	7648   	Pct 7648 MB	7648   		15  
2020NOVGEN	0	MAIL BALLOT PRECINCT	 	MAIL BALLOT PRECINCT	 	 	 	7703   	Pct 7703 MB	7703   		16  
2020NOVGEN	0	MAIL BALLOT PRECINCT	 	MAIL BALLOT PRECINCT	 	 	 	7933   	Pct 7933 MB	7933   		19  
2020NOVGEN	0	MAIL BALLOT PRECINCT	 	MAIL BALLOT PRECINCT	 	 	 	7954   	Pct 7954 MB	7954   		20  
2020NOVGEN	0	MAIL BALLOT PRECINCT	 	MAIL BALLOT PRECINCT	 	 	 	7958   	Pct 7958 MB	7958   		21  
2020NOVGEN	0	MAIL BALLOT PRECINCT	 	MAIL BALLOT PRECINCT	 	 	 	9001   	Pct 9001 MB	9001   		22  
2020NOVGEN	0	MAIL BALLOT PRECINCT	 	MAIL BALLOT PRECINCT	 	 	 	9257   	Pct 9257 MB	9257   		25  
2020NOVGEN	0	MAIL BALLOT PRECINCT	 	MAIL BALLOT PRECINCT	 	 	 	9501   	Pct 9501 MB	9501   		29  
2020NOVGEN	0	MAIL BALLOT PRECINCT	 	MAIL BALLOT PRECINCT	 	 	 	9502   	Pct 9502 MB	9502   		30  
2020NOVGEN	0	MAIL BALLOT PRECINCT	 	MAIL BALLOT PRECINCT	 	 	 	9706   	Pct 9706 MB	9706   		31  
2020NOVGEN	0	MAIL BALLOT PRECINCT	 	MAIL BALLOT PRECINCT	 	 	 	9732   	Pct 9732 MB	9732   		32  
2020NOVGEN	0	MAIL BALLOT PRECINCT	 	MAIL BALLOT PRECINCT	 	 	 	9733   	Pct 9733 MB	9733   		33  
2020NOVGEN	0	MAIL BALLOT PRECINCT	 	MAIL BALLOT PRECINCT	 	 	 	9900   	Pct 9900 MB	9900   		36  
2020NOVGEN	0	MAIL BALLOT PRECINCT	 	MAIL BALLOT PRECINCT	 	 	 	9901   	Pct 9901 MB	9901   		37  
2020NOVGEN	0	MAIL BALLOT PRECINCT	 	MAIL BALLOT PRECINCT	 	 	 	9902   	Pct 9902 MB	9902   		38  
2020NOVGEN	11	1129 - 755 Morse St		Longfellow School - Front Lobby	755 Morse St	Btw Mission & Lowell	3.5% Slope	1129   	Pct 1129	1129   		2  
2020NOVGEN	21	1114 - 200 Onondaga Ave		Balboa Baptist Church	200 Onondaga Ave	Corner Otsego & Onondaga	4.6% Slope	1114   	Pct 1114	1114   		1  
2020NOVGEN	28	1152 - 1261 Geneva Ave		Geneva Ave United Methodist Church - Fellowship Hall	1261 Geneva Ave	Btw Vienna & Athens	5.0% Slope	1152   	Pct 1152	1152   		3  
2020NOVGEN	32	1135 - 859 Prague St		Guadalupe Elementary School - Hallway	859 Prague St	Enter At Corner Of Prague & Naylor	8.1% Slope - Ramped Access	1135   	Pct 1135	1135   		2  
2020NOVGEN	36	1104/05 - 62 Santa Rosa Avenue		Church - Corpus Christi	62 Santa Rosa Ave	Enter Off Alemany Blvd At Santa Rosa Ave	1.1% Slope	1104   	Pct 1104/1105	1104   		1  
2020NOVGEN	36	1104/05 - 62 Santa Rosa Avenue		Church - Corpus Christi	62 Santa Rosa Ave	Enter Off Alemany Blvd At Santa Rosa Ave	1.1% Slope	1104   	Pct 1104/1105	1105   		1  
2020NOVGEN	39	1144 - 260 Madrid St		Monroe School - Multipurpose Room	260 Madrid St	Btw Avalon & Excelsior Ave	2.0% Slope	1144   	Pct 1144	1144   		3  
2020NOVGEN	55	1149 - 325 La Grande Ave (loc 1151)		City Arts & Tech High School - Lobby	325 La Grande Ave	Btw Persia & Brazil	8.3% Slope - Ramped Access	1149   	Pct 1149	1149   		3  
2020NOVGEN	61	7943 - 95 Justin Drive		St Mary's Rec Center - Gym	95 Justin Drive	Corner Of Justin Dr & Murray St	5.2% Slope	7943   	Pct 7943	7943   		19  
2020NOVGEN	65	7946 - 810 Silver Ave		Hillcrest School - Auditorium	810 Silver Ave	Btw Cambridge & Yale Sts	8.3% Slope - Ramped Access	7946   	Pct 7946	7946   		19  
2020NOVGEN	66	7951 - 500 Felton Street		Palega Rec Center - Lobby	500 Felton St	Btw Hamilton & Somerset	6.3% Slope	7951   	Pct 7951	7951   		19  
2020NOVGEN	73	7037 - 1654 Sunnydale Ave		Sunnydale Development Community Rm	1654 Sunnydale Ave	Corner Of  Santos	8.3% Slope Ramped Access	7037   	Pct 7037	7037   		7  
2020NOVGEN	78	7039 - 70 Delta St		School - El Dorado - Cafeteria	70 Delta St	Btw Harkness & Hamilton	8.3% Slope Ramped Access	7039   	Pct 7039	7039   		7  
2020NOVGEN	85	7045 - 55 Schwerin St (loc 7048)		Visitacion Valley Elementary School - Lobby	55 Schwerin St	Enter On Visitacion Btw Schwerin & Cora	8.1% Slope Ramped Entrance	7045   	Pct 7045	7045   		7  
2020NOVGEN	91	7049 - 701 Sunnydale Ave		Church Of The Visitacion	701 Sunnydale Ave	Btw Rutland & Cora	8.1% Slope Ramped Access	7049   	Pct 7049	7049   		7  
2020NOVGEN	106	9232 - 25 Lake St		St John's Presbyterian Church - Lobby	25 Lake St	Enter At Corner Of Lake St & Arguello Bl	8.3% Slope - Ramped Access	9232   	Pct 9232	9232   		24  
2020NOVGEN	116	9253 - 3365 Sacramento St		Menorah Park- Conference Room	3365 Sacramento St	Between Walnut & Presidio Ave	3.3% Slope	9253   	Pct 9253	9253   		24  
2020NOVGEN	119	9117 - 499 41st Ave		Firehouse #34	499 41st Ave	Btw Geary Blvd & Pt. Lobos Ave	7.1% Slope	9117   	Pct 9117	9117   		23  
2020NOVGEN	121	9136 - 734 46th Ave		Garage	734 46th Ave	Btw Balboa & Cabrillo Sts	4.2% Slope	9136   	Pct 9136	9136   		23  
2020NOVGEN	126	9137 - 853 38th Ave		Cabrillo Playground - Clubhouse	853 38th Ave	Between Cabrillo & Fulton St	4.6% Slope	9137   	Pct 9137	9137   		23  
2020NOVGEN	134	9138 - 6101 Fulton St		Golden Gate Park Sr. Center - Lobby	6101 Fulton St	Btw 37th & 38th Aves	8.3% Slope	9138   	Pct 9138	9138   		23  
2020NOVGEN	138	9122 - 30th Avenue At Anza Street		Washington High School - Audit Lobby	600 32nd Ave	Enter 30th Ave At Anza	7.4% Slope - Ramped Access	9122   	Pct 9122	9122   		23  
2020NOVGEN	148	9142 - 735 24th Ave		Academic & Professional Dev - Room 118	735 24th Ave	Btw Balboa & Cabrillo Sts	6.9% Slope	9142   	Pct 9142	9142   		23  
2020NOVGEN	150	9107 - 250 23rd Ave		Alamo Elementary School - Lobby	250 23rd Ave	Btw Clement & California	3.7% Slope	9107   	Pct 9107	9107   		23  
2020NOVGEN	178	9146 - 701 8th Ave		Church Of Christ Church - Community Rm	701 8th Ave	Btw Cabrillo & Fulton	2.5% Slope	9146   	Pct 9146	9146   		23  
2020NOVGEN	181	9116 - 345 Arguello Blvd		Senior Housing - Community Room	345 Arguello Blvd	Btw Cornwall & Clement Sts	2.8% Slope	9116   	Pct 9116	9116   		23  
2020NOVGEN	185	9147 - 651 6th Avenue		School - Mccoppin - Cafeteria	651 6th Ave	Btw Cabrillo & Balboa Sts	3.7% Slope	9147   	Pct 9147	9147   		23  
2020NOVGEN	190	9249 - 460 Arguello Blvd		Roosevelt School - Auditorium	460 Arguello Blvd	Enter Schoolyard On Palm Btw Geary & Euclid	8.3% Slope	9249   	Pct 9249	9249   		24  
2020NOVGEN	192	9251 - 51 Commonwealth Ave		St Gregory Armenian - Youth Hall	51 Commonwealth Ave	Btw Euclid & California	5.4% Slope	9251   	Pct 9251	9251   		24  
2020NOVGEN	207	9258 - 40 Vega St		Wallenberg High School - Cafeteria	40 Vega St	Btw Nido & Anza Vista	6.8% Slope	9258   	Pct 9258	9258   		24  
2020NOVGEN	209	9509 - 1915 Mcallister St		Pentecostal Temple Church - Dining Room	1915 Mcallister St	Btw Lyon St & Central Ave	1.5% Slope	9509   	Pct 9509	9509   		29  
2020NOVGEN	222	9417 - 1530 43rd Avenue		Francis Scott Key Elem. - Auditorium Lobby	1530 43rd Avenue	Enter At Corner Of 43rd And Kirkham	8.2% Ramped Access	9417   	Pct 9417	9417   		26  
2020NOVGEN	239	9419 - 1570 31st Ave		Lawton School - Auditorium	1570 31st Ave	Enter Off Lawton Between 30th And 31st Aves	5.0% Slope	9419   	Pct 9419	9419   		26  
2020NOVGEN	247	9429 - 2051 34th Ave		R. L. Stevenson Elementary School - Main Lobby	2051 34th Ave	Btw Quintara & Pacheco	5.5% Slope	9429   	Pct 9429	9429   		26  
2020NOVGEN	263	9427 - 1750 29th Ave		Episcopal Church Of The Incarnation	1750 29th Ave	Between Noriega & Moraga Streets	8.3% Slope - Ramped Access	9427   	Pct 9427	9427   		26  
2020NOVGEN	283	9443 - 2650 42nd Ave		Ulloa School - Gymnasium	2650 42nd Ave	Enter Off Vicente Btw 41st & 42nd Ave.	8.3% Slope - Ramped Access	9443   	Pct 9443	9443   		26  
2020NOVGEN	307	9439 - 2162 24th Ave		Abraham Lincoln School - Teachers' Lounge	2162 24th Ave	Btw Rivera & Quintara	4.7% Slope	9439   	Pct 9439	9439   		26  
2020NOVGEN	315	9409 - 1725 Irving St		Jefferson High School - Auditorium	1725 Irving St	Btw 18th And 19th Aves	4.1% Slope	9409   	Pct 9409	9409   		27  
2020NOVGEN	318	9516 - 1390 14th Ave		St Annes Church - 1390 Center	1390 14th Ave	Btw Irving & Judah	7.7% Slope - Ramped Access	9516   	Pct 9516	9516   		29  
2020NOVGEN	331	9514/22- 1 Irving St		Lobby At U C S F Parking Garage	1 Irving St	Corner Arguello & Irving	3.3% Slope	9514   	Pct 9514/9522	9514   		29  
2020NOVGEN	331	9514/22- 1 Irving St		Lobby At U C S F Parking Garage	1 Irving St	Corner Arguello & Irving	3.3% Slope	9514   	Pct 9514/9522	9522   		29  
2020NOVGEN	348	9704 - 1541 12th Ave		Alice Fong Yu Alternative School - Room 401	1541 12th Ave	Between Kirkham & Lawton	3.4% Slope	9704   	Pct 9704	9704   		32  
2020NOVGEN	366	7704 - 285 Olympia Way		Firehouse #20	285 Olympia Way	Corner Clarendon Ave & Olympia Way	3.2% Slope	7704   	Pct 7704	7704   		16  
2020NOVGEN	373	9713 - 2155 18th Ave		Firehouse #40	2155 18th Ave	Between Rivera & Quintara St	4.2% slope	9713   	Pct 9713	9713   		32  
2020NOVGEN	388	9731 - 1091 Portola Dr		Firehouse #39	1091 Portola Dr	On Portola at Marne & Miraloma	5.0% slope	9731   	Pct 9731	9731   		33  
2020NOVGEN	395	7706 - 175 Omar Way		Miraloma Elementary School - Gym	175 Omar Way	Enter On Omar At Rockdale Dr	6.3% Slope	7706   	Pct 7706	7706   		17  
2020NOVGEN	411	9728 - 105 Aptos Ave		Aptos Middle School - Room 231	105 Aptos Ave	Enter Off Upland Btw Aptos & San Aleso	5.5% Slope	9728   	Pct 9728	9728   		33  
2020NOVGEN	439	7868 - 80 Digby Street		Firehouse #26	80 Digby St	Near Playground At Digby & Everson	5% Slope	7868   	Pct 7868	7868   		18  
2020NOVGEN	446	7871 - 151 Lippard Ave		Glen Park School - Auditorium	151 Lippard Ave	Btw  Bosworth & Joost Sts	5.5% Slope - Ramped Access	7871   	Pct 7871	7871   		18  
2020NOVGEN	450	7864 - 295 Day St		Upper Noe Recreation Center	295 Day St	Btw Sanchez & Church	8% Slope - Ramped Access	7864   	Pct 7864	7864   		18  
2020NOVGEN	452	7865 - 65 Chenery St		Dolores Huerta Elementary School - Cafeteria	65 Chenery St	Enter Off Randall Btw Chenery & San Jose	8.3% Slope	7865   	Pct 7865	7865   		18  
2020NOVGEN	453	7944 - 194 Park St		Firehouse #32	194 Park St	Corner Of Holly Park Circle & Park St	2.2% Slope	7944   	Pct 7944	7944   		19  
2020NOVGEN	461	7939 - 500 Cortland Ave		Bernal Heights Library - Community Room	500 Cortland Ave	Enter On Andover Btw Cortland & Moultrie	1.8% Slope	7939   	Pct 7939	7939   		19  
2020NOVGEN	462	7941 - 555 Tompkins Ave		Paul Revere Elementary School - Lobby	555 Tompkins Ave	Corner Of Tompkins & Banks	3.1% Slope	7941   	Pct 7941	7941   		19  
2020NOVGEN	466	7945 - 560 Alemany Blvd		Alemany Apartments - Community Room	560 Alemany Blvd	Between Ellsworth And Folsom	5.0% Slope	7945   	Pct 7945	7945   		19  
2020NOVGEN	474	9725 - 220 Middlefield Drive		Lakeshore Elementary - Multi Purpose Room	220 Middlefield Drive	Corner Of Eucalyptus & Middlefield	6% Slope - Ramped Access	9725   	Pct 9725	9725   		33  
2020NOVGEN	481	9739 - 350 Arballo Dr		Villas Park Merced - Lobby	350 Arballo Dr	Enter Between Vidal & Pinto Ave	7.6% slope	9739   	Pct 9739	9739   		33  
2020NOVGEN	485	9745 - 150 Font Blvd		Villas Park Merced - Lobby	150 Font Blvd	Btw Cambon & Chumasero Drive	8% Slope - Ramped Entrance	9745   	Pct 9745	9745   		33  
2020NOVGEN	486	9744 - 750 Gonzalez Dr		Villas Park Merced - Lobby	750 Gonzalez Dr	Between Bucareli And Rivas	8.3% Slope - Ramped Access	9744   	Pct 9744	9744   		33  
2020NOVGEN	492	1106 - 65 Beverly St		Temple United Methodist Church	65 Beverly St	Enter Beverly Btw Shields St & 19th Ave	2.8% Slope	1106   	Pct 1106	1106   		2  
2020NOVGEN	517	7016 - 1800 Oakdale Ave		C C S F - Southeast Campus	1800 Oakdale Ave	Btw Quint & Phelps Sts	6.1% Slope	7016   	Pct 7016	7016   		6  
2020NOVGEN	522	7025 - 410 Hawes Street		Our Lady Of Lourdes Church	410 Hawes St	Btw Innes Ave & Hunters Point Bl	5.3% Slope	7025   	Pct 7025	7025   		6  
2020NOVGEN	524	7018 - 45 Conkling Street		Thurgood Marshall High School - Cafeteria	45 Conkling St	Btw Silver Ave & Waterville St	8.3% Slope - Ramped Access	7018   	Pct 7018	7018   		6  
2020NOVGEN	530	7027 - 50 Pomona St		Charles Drew Elementary School - Cafeteria	50 Pomona St	Btw Thornton & Bayview	3.6% Slope	7027   	Pct 7027	7027   		6  
2020NOVGEN	562	7054 - 1035 Gilman Avenue		Bret Harte Elementary School - Auditorium	1035 Gilman Avenue	Btw Griffith & Hawes Sts	5.1% Slope	7054   	Pct 7054	7054   		6  
2020NOVGEN	569	9206 - 3630 Divisadero St		Claire Lilienthal School - Scott Campus - Auditorium	3630 Divisadero St	Btw Beach & North Point Sts	6.5% Slope	9206   	Pct 9206	9206   		24  
2020NOVGEN	581	9236 - 3150 Washington St		S F University High School	3150 Washington St	Btw Lyon & Baker Sts	8.3% Slope	9236   	Pct 9236	9236   		24  
2020NOVGEN	586	9244 - 2698 California St		Senior Housing - Social Room	2698 California St	Enter Scott St Btw California & Sacramento	4.4% Slope	9244   	Pct 9244	9244   		24  
2020NOVGEN	595	9208 - 3500 Fillmore St		Marina Middle School - Auditorium Lobby	3500 Fillmore St	Between Bay And Fillmore Streets	8.3% Slope - Ramped Access	9208   	Pct 9208	9208   		24  
2020NOVGEN	603	9222 - 2320 Green St		St Vincent De Paul School - Gymnasium	2350 Green St	Btw Pierce & Steiner	4.3% slope	9222   	Pct 9222	9222   		24  
2020NOVGEN	619	9224 - 1801 Green Street		Golden Gate Valley Library - Program Rm	1801 Green St	Enter Thru Iron Gate Btw Octavia & Laguna Sts	3% Slope at entrance	9224   	Pct 9224	9224   		24  
2020NOVGEN	627	9219 - 1570 Greenwich St		Garage	1570 Greenwich St	Enter Off Franklin At Greenwich Sts	3.9% slope	9219   	Pct 9219	9219   		24  
2020NOVGEN	630	9225 - 1651 Union St		Sherman School - Library	1651 Union St	Btw Franklin & Gough Sts	8.3% Slope - Ramped Access	9225   	Pct 9225	9225   		24  
2020NOVGEN	638	9247 - 2150 California St		Firehouse #38	2150 California St	Between Buchanan & Laguna Streets	8.2% Slope	9247   	Pct 9247	9247   		24  
2020NOVGEN	650	7509/11 - 1031 Franklin St		Urban Life Center	1031 Franklin St	Btw O' Farrell & Ellis	8.2% Slope	7509   	Pct 7509/7511	7509   		13  
2020NOVGEN	650	7509/11 - 1031 Franklin St		Urban Life Center	1031 Franklin St	Btw O' Farrell & Ellis	8.2% Slope	7509   	Pct 7509/7511	7511   		13  
2020NOVGEN	652	7201 - 1150 Francisco Street		Galileo High School - Room 212	1150 Francisco St	Btw Van Ness & Polk	8% Slope	7201   	Pct 7201	7201   		9  
2020NOVGEN	654	7202 - 2454 Hyde St		Norwegian Seaman's Church - Garage	2454 Hyde St	Btw Francisco & Chestnut Sts	8% Slope	7202   	Pct 7202	7202   		9  
2020NOVGEN	662	7302 - 111 Bay St		North Pt Wet Weather Facility - Lobby	111 Bay St	Btw Kearny & Midway	2.8% Slope	7302   	Pct 7302	7302   		11  
2020NOVGEN	663	7304 - 2190 Powell St		Francisco Middle School - Auditorium	2190 Powell St	Enter Schoolyard From Francisco Btw Powell & Stockton	2.7% Slope	7304   	Pct 7304	7304   		11  
2020NOVGEN	665	7307 - 651 Lombard Street		Joe Dimaggio North Beach Playground	651 Lombard St	Btw Mason & Powell	4% Slope	7307   	Pct 7307	7307   		11  
2020NOVGEN	671	7331 - 155 Jackson Street		Golden Gateway Ctr - Lobby	155 Jackson St	Enter Off Front St At The Corner Of Jackson	2.8% Slope	7331   	Pct 7331	7331   		11  
2020NOVGEN	676	7318 - 2041 Larkin Street		The Church For The Fellowship Of All Peoples	2041 Larkin St	Between Broadway & Vallejo	3.2% Slope	7318   	Pct 7318	7318   		11  
2020NOVGEN	685	7333 - 1325 Leavenworth Street		Firehouse #41	1325 Leavenworth St	Btw Washington & Clay	1.9% Slope	7333   	Pct 7333	7333   		12  
2020NOVGEN	693	7306 - 756 Union St		San Francisco Evangelical Free Church	756 Union St	Btw Powell & Mason	6.2% Slope	7306   	Pct 7306	7306   		11  
2020NOVGEN	700	7314 - 1450 Powell Street		Salvation Army - Lobby	1450 Powell Street	Btw Broadway & Vallejo	2.5% Slope	7314   	Pct 7314	7314   		11  
2020NOVGEN	703	7317 - 350 Broadway Street		John Yehall Chin Elementary School	350 Broadway St	Btw Sansome & Montgomery	8.3% Slope - Ramped Access	7317   	Pct 7317	7317   		11  
2020NOVGEN	705	7327 - 950 Clay St		Gordon J. Lau Elementary School -  Auditorium Lobby	950 Clay St	Btw Stockton & Powell	3.1% Slope At Entrance	7327   	Pct 7327	7327   		11  
2020NOVGEN	707	7338 - 777 Stockton Street		Gun Mun Center - Conference Room	777 Stockton St	Corner Sacramento & Stockton	3.6% slope	7338   	Pct 7338	7338   		11  
2020NOVGEN	711	7341 - 1421 Pine Street		Redding Elementary School - Music Room	1421 Pine St	Btw Polk & Larkin	2.5% Slope	7341   	Pct 7341	7341   		12  
2020NOVGEN	712	7601 - 1067 Post St		Firehouse #3	1067 Post St	Btw Polk & Larkin	3.8% Slope	7601   	Pct 7601	7601   		14  
2020NOVGEN	726	7602 - 666 Ellis St		Ellis Gardens - Social Room	666 Ellis St	Btw Larkin & Hyde	4.9% Slope	7602   	Pct 7602	7602   		14  
2020NOVGEN	727	7613 - 378 Golden Gate Ave		Hampton Court	378 Golden Gate Ave	Between Hyde & Larkin	1.2% Slope	7613   	Pct 7613	7613   		14  
2020NOVGEN	735	7342 - 1040 Bush Street		Mary Elizabeth Inn - Dining Hall	1040 Bush St	Btw Leavenworth & Jones	1.7% Slope	7342   	Pct 7342	7342   		12  
2020NOVGEN	736	7344 - 1001 Pine St		1001 Pine Street Apartments	1001 Pine St	Btw Jones & Taylor	5.9% Slope	7344   	Pct 7344	7344   		12  
2020NOVGEN	743	7611 - 174 Ellis St		The Maria Manors	174 Ellis St	Btw Cyril Magnin & Mason	1.7% Slope	7611   	Pct 7611	7611   		14  
2020NOVGEN	750	7608 - 380 Eddy Street		Cadillac Hotel	380 Eddy St	Btw Jones & Leavenworth	3.3% Slope	7608   	Pct 7608	7608   		14  
2020NOVGEN	767	9254 - 2725 California St		William Cobb E. S. - Main Hallway	2725 California St	Enter Playground Between Scott St & Divisadero St	7.8% Slope - Ramped Access	9254   	Pct 9254	9254   		25  
2020NOVGEN	770	7504 - 1975 Post St		Jones Memorial Methodist Church - Multi Purpose Rm	1975 Post St	Entrance On Post At Boswell	7.9% Slope - Ramped Access	7504   	Pct 7504	7504   		13  
2020NOVGEN	773	7507 - 1501 O'Farrell St		Rosa Parks Elementary School - Auditorium	1501 O' Farrell St	Btw Webster & Hollis	6.2% Slope - Ramped Access	7507   	Pct 7507	7507   		13  
2020NOVGEN	775	9511 - 1750 Mcallister St		Rachel Townsend Apts - Community Rm	1750 Mcallister St	Between Baker & Broderick	8.2% Slope - Ramped Access	9511   	Pct 9511	9511   		29  
2020NOVGEN	776	9508 - 1601 Turk St		Creative Arts Charter School - Library	1601 Turk St	Btw Scott & Pierce Sts	3.1% Slope	9508   	Pct 9508	9508   		29  
2020NOVGEN	779	9505 - 1680 Eddy St		M L K - M G Square Apts - Community Room	1680 Eddy St	Enter Btw Pierce & Steiner - Gate Closest To Pierce	8.3% Slope - Ramped Access	9505   	Pct 9505	9505   		29  
2020NOVGEN	781	7516 - 601 Van Ness Ave		Opera Plaza - 2nd Fl Mezzanine - Community Rm	601 Van Ness Ave	Btw Turk St & Golden Gate	8.3% Slope - Ramped Access	7516   	Pct 7516	7516   		13  
2020NOVGEN	784	9513 - 1399 Mc Allister St		Third Baptist Church	1399 Mc Allister St	Enter Mc Allister Near Pierce	Exceeds 8.3% Running Slope, 2% Cross Slope. Curbside Voting Avail	9513   	Pct 9513	9513   		29  
2020NOVGEN	791	7515 - 460 Fulton St		Neighborhood Network Center	460 Fulton St	Enter Off Fulton At Octavia	5% Slope	7515   	Pct 7515	7515   		13  
2020NOVGEN	807	7806 - 50 Scott St		Harvey Milk Recreation Center	50 Scott St	Btw Waller & Duboce	5.0% Slope	7806   	Pct 7806	7806   		18  
2020NOVGEN	809	7541 - 508 Haight St		Cafe International	508 Haight Street	Btw Steiner & Fillmore	5.6% Slope	7541   	Pct 7541	7541   		13  
2020NOVGEN	816	7542 - 380 Webster St		John Muir School - Auditorium	380 Webster St	Btw Oak & Page	8.0% Slope - Ramped Access	7542   	Pct 7542	7542   		13  
2020NOVGEN	820	7544 - 7 Octavia St		First Baptist Church Of San Francisco	7 Octavia St	Entrance On Waller Between Octavia & Laguna	1.6% Slope	7544   	Pct 7544	7544   		13  
2020NOVGEN	822	7633 - 1035 Folsom St		Columbia Park Apartments	1035 Folsom St	Btw 6th & 7th Sts	4.2% Slope	7633   	Pct 7633	7633   		14  
2020NOVGEN	834	7634 - 747 Folsom St		Mendelsohn House - Activities Room	747 Folsom St	Between 3rd & 4th Streets	8.3% Slope - Ramped Access	7634   	Pct 7634	7634   		14  
2020NOVGEN	846	7517 - 2049 Grove St		New Traditions Elementary School - Auditorium	2049 Grove St	Btw Cole & Clayton	7.9% slope	7517   	Pct 7517	7517   		13  
2020NOVGEN	847	7518 - 1860 Hayes St		John Adams Campus - Cafeteria	1860 Hayes St	Btw Masonic & Ashbury	8% Slope - Ramped Access	7518   	Pct 7518	7518   		13  
2020NOVGEN	853	7533 - 1833 Page St		Park Branch Library	1833 Page St	Btw Cole & Shrader	8.3% Slope - Ramped Access	7533   	Pct 7533	7533   		13  
2020NOVGEN	874	7555 - 165 Grattan St		Grattan Elementary School - Auditorium	165 Grattan St	Btw Cole & Shrader	5.6% Slope - Ramped Access	7555   	Pct 7555	7555   		13  
2020NOVGEN	880	7804 - 1025 14th Street		Mckinley Elementary School - Front Lobby	1025 14th St	Btw Castro &  Divisadero Sts	7.9% Slope	7804   	Pct 7804	7804   		18  
2020NOVGEN	881	7802 - 199 Museum Way (loc 7803)		Randall Museum - Buckley Redwood Room	199 Museum Way	Cross Street Roosevelt Way	7.3% Slope	7802   	Pct 7802	7802   		18  
2020NOVGEN	893	7807 - 135 Sanchez St		Firehouse #6	135 Sanchez St	Btw 14th & Henry Sts	8.3% Slope	7807   	Pct 7807	7807   		18  
2020NOVGEN	900	7818 - 450 Church St		Everett Middle School - Hallway	450 Church St	Btw 16th & 17th Sts	8.3% Slope - Ramped Access	7818   	Pct 7818	7818   		18  
2020NOVGEN	903	7828 - 500 Corbett Ave		Rooftop Mayeda Campus - Gym	500 Corbett Ave	Corner Of Iron Alley & Corbett	7.7% Slope	7828   	Pct 7828	7828   		18  
2020NOVGEN	914	7822 - 100 Collingwood St		Eureka Valley Rec Ctr  - Tot Room	100 Collingwood St	Btw 18th & 19th Sts	8.3% Slope - Ramped Access	7822   	Pct 7822	7822   		18  
2020NOVGEN	915	7831 - 4235 19th Street		Harvey Milk Elementary School - Auditorium	4235 19th Street	Btw Collingwood & Diamond Sts	7.5% Slope	7831   	Pct 7831	7831   		18  
2020NOVGEN	932	7819 - 450 Guerrero St		Boys & Girls Club - Dance Studio	450 Guerrero St	Btw 16th & 17th Sts	2.2% Slope	7819   	Pct 7819	7819   		18  
2020NOVGEN	941	7826 - 95 Dorland Street		Dolores Park Church	95 Dorland St	Btw Dolores & Guerrero Sts	5.9% Slope	7826   	Pct 7826	7826   		18  
2020NOVGEN	942	7827 - 630 Valencia Street		Mission Police Station - Community Room	630 Valencia Street	Between 17th & 18th Sts	2.1% slope	7827   	Pct 7827	7827   		18  
2020NOVGEN	954	7842 - 1086 Guerrero St		St James Catholic Church	1086 Guerrero St	Btw 22nd & 23rd Sts	1.0% Slope	7842   	Pct 7842	7842   		18  
2020NOVGEN	958	7909 - 745 Treat Ave		Mission Arts Center - Lobby	745 Treat Ave	Enter On Treat Ave Btw 20th & 21st Sts	6.1% Slope	7909   	Pct 7909	7909   		19  
2020NOVGEN	959	7913 - 825 Shotwell St		School - Cesar Chavez - Cafeteria	825 Shotwell St	Btw 22nd & 23rd Sts	2.2% Slope	7913   	Pct 7913	7913   		19  
2020NOVGEN	992	7007 - 953 De Haro St		Potrero Hill Neighborhood House	953 De Haro St	Corner Of Southern Heights Ave	8.0% Slope	7007   	Pct 7007	7007   		5  
2020NOVGEN	997	7009 - 1215 Carolina St		Starr King Elementary School - Library	1215 Carolina St	Enter Off Coral Rd Between Carolina & Wisconsin Sts	4.6% Slope	7009   	Pct 7009	7009   		5  
2020NOVGEN	1013	7838 - 625 Douglass St		Alvarado Elementary School - Motor Skills Rm	625 Douglass St	Enter On 22nd St Btw Douglass & Eureka	4.5% Slope	7838   	Pct 7838	7838   		18  
2020NOVGEN	1047	7856 - 3880 26th St		Firehouse #11	3880 26th St	Btw Church & Dolores	7.1% Slope	7856   	Pct 7856	7856   		18  
2020NOVGEN	1064	7928 - 514 Precita Ave		Garage	514 Precita Avenue	Btw Alabama & Florida Sts	5.5% Slope	7928   	Pct 7928	7928   		19  
2020NOVGEN	1093	9447 - 2345 24th Ave		Taraval Police Station	2345 24th Ave	Between Taraval & Santiago	6.7% Slope	9447   	Pct 9447	9447   		26  
2020NOVGEN	1126	7513 - 1390 1/2 Turk St		Royal Apartments - Community Rm	1390 1/2 Turk St	Btw Webster & Fillmore	6.1% Slope	7513   	Pct 7513	7513   		13  
2020NOVGEN	1143	7846 - 451 Jersey St		Noe Valley Branch Library - Program Room	451 Jersey St	Btw Diamond & Castro	3.9% Slope	7846   	Pct 7846	7846   		18  
2020NOVGEN	1144	7855 - 1270 Sanchez St		Bethany United Methodist Church - Chapel	1270 Sanchez St	Btw Clipper &26th St.	1.2% Slope	7855   	Pct 7855	7855   		18  
2020NOVGEN	1149	9714 - 2290 14th Ave		Herbert Hoover Middle School - Aud Lobby	2290 14th Ave	Enter 14th Ave At Santiago	8.3% Slope - Ramped Access	9714   	Pct 9714	9714   		33  
2020NOVGEN	1150	7837 - 100 Hoffman Avenue		Firehouse #24	100 Hoffman Ave	Btw Alvarado & 23rd Sts	1.6% Slope	7837   	Pct 7837	7837   		18  
2020NOVGEN	1204	7923- 2730 Bryant St		School - Sunshine - S F Education Fund	2730 Bryant St	Between 25th & 26th Street	7.5% Slope - Ramped Access	7923   	Pct 7923	7923   		19  
2020NOVGEN	1210	7508 - 1280 Laguna Street		Western Park Apartments - Community Room	1280 Laguna St	Between Eddy & Ellis	8.3% Slope	7508   	Pct 7508	7508   		13  
2020NOVGEN	1224	7956 - 350 Girard Street		Martin Luther King Jr School - Cafeteria	350 Girard Street	Btw Bacon & Burrows	4.8% Slope	7956   	Pct 7956	7956   		19  
2020NOVGEN	1227	9742 - 155 Winston Dr		Merced Branch Library	155 Winston Dr	Enter On Stonecrest At Winston	5.2% Slope	9742   	Pct 9742	9742   		33  
2020NOVGEN	1230	9216 - 2251 Greenwich Street		Firehouse #16 - West Engine Bay	2251 Greenwich St	Btw Steiner & Fillmore	2.2% Slope	9216   	Pct 9216	9216   		24  
2020NOVGEN	1275	9718 - 321 Taraval St		Convent Presbyterian Church - Portalhurst Hall	321 Taraval Street	Btw Funston & 14th Ave	7% Slope	9718   	Pct 9718	9718   		33  
2020NOVGEN	1318	7863 - 59 28th St		Garage	59 28th St	Btw Guererro & Dolores	4.6% Slope	7863   	Pct 7863	7863   		18  
2020NOVGEN	1336	9105 - 250 25th Avenue		Rochambeau Playground - Clubhouse	250 25th Ave	Btw California & Lake Sts	4.6% Slope	9105   	Pct 9105	9105   		23  
2020NOVGEN	1354	7026 - 195 Scotia Ave		Allen Chapel - A M E Church	195 Scotia Ave	Btw Maddux & Bridgeview	5.0% Slope	7026   	Pct 7026	7026   		6  
2020NOVGEN	1358	1113 - 241 Oneida Ave		James Denman School - Front Lobby	241 Oneida Ave	Btw Delano & Otsego	5.0% Slope	1113   	Pct 1113	1113   		1  
2020NOVGEN	1363	7046 - 1298 Girard St		Fire Station #44	1298 Girard St	Btw Wilde & Harkness	3.5% Slope	7046   	Pct 7046	7046   		6  
2020NOVGEN	1414	7208 - 1187 Franklin St (loc 7509)		Church - First Unitarian Universalist	1187 Franklin St	Enter On Geary Btw Gough & Franklin	7% Slope - Ramped Access	7208   	Pct 7208	7208   		10  
2020NOVGEN	1425	7808 - 25 Sanchez St		Community Room	25 Sanchez St	Btw Duboce & 14th St	7.4% Slope - Ramped Access	7808   	Pct 7808	7808   		18  
2020NOVGEN	1442	7543 - 403 Rose St		Hayes Valley Apartments - Community Room	403 Rose St	Btw Buchanan & Webster	1.2 % Slope	7543   	Pct 7543	7543   		13  
2020NOVGEN	1450	7503 - 1760 Bush St		1760 Bush Street Apartments - Community Rm	1760 Bush St	Btw Octavia & Gough	8.3% Slope - Ramped Access	7503   	Pct 7503	7503   		13  
2020NOVGEN	1451	7033 - 1295 Shafter Ave		Firehouse #17	1295 Shafter Ave	Corner Hawes & Ingalls	8.3% Slope	7033   	Pct 7033	7033   		6  
2020NOVGEN	1488	7312 - 1088 Green Street		St. Andrew's Society Of San Francisco	1088 Green Street	Btw Jones & Leavenworth	4.7% Slope	7312   	Pct 7312	7312   		11  
2020NOVGEN	1494	9402 - 1348 45th Ave		Firehouse #23	1348 45th Ave	Between Irving and Judah Streets	7% Slope	9402   	Pct 9402	9402   		26  
2020NOVGEN	1499	9715 - 381 Magellan Ave		Forest Hill Association - Club House	381 Magellan Ave	Enter Btw Montalvo & Dorantes	Exceeds 8.3% Running Slope, 2% Cross Slope. Curbside Voting Avail	9715   	Pct 9715	9715   		33  
2020NOVGEN	1530	7043 - 1249 Jamestown Ave		United House Of Prayer Church - Hall	1249 Jamestown Ave	Btw 3rd St & Exeter	8.3% Slope For 12 Feet	7043   	Pct 7043	7043   		6  
2020NOVGEN	1536	7322- 1340 Powell St		Firehouse #2	1340 Powell St	Btw Pacific & Broadway	8.3% Slope	7322   	Pct 7322	7322   		11  
2020NOVGEN	1554	9108 - 251 18th Ave		Richmond Rec Center	251 18th Ave	Btw California & Clement	5.3% Slope	9108   	Pct 9108	9108   		23  
2020NOVGEN	1555	7305 - 1814 Stockton Street		Firehouse #28	1814 Stockton St	Btw Greenwich & Lombard	0.5% Slope	7305   	Pct 7305	7305   		11  
2020NOVGEN	1556	7523 - 1443 Grove Street		Firehouse #21	1443 Grove St	Btw Baker & Broderick	7.6% Slope	7523   	Pct 7523	7523   		13  
2020NOVGEN	1557	1123 - 431 Capitol Ave		Sheridan School - Auditorium Lobby	431 Capitol Ave	Enter On Farallones Between Capitol & Orizaba	8.3% Slope - Ramped Access	1123   	Pct 1123	1123   		2  
2020NOVGEN	1560	1143 - 163 London Street		Boys & Girls Club - Excelsior Clubhouse - Game Room	163 London Street	Btw Avalon & Excelsior	5.4% Slope	1143   	Pct 1143	1143   		3  
2020NOVGEN	1563	9111 - 360 18th Avenue		Y M C A Richmond District	360 18th Ave	Btw Geary Blvd & Clement St	6.4% slope	9111   	Pct 9111	9111   		23  
2020NOVGEN	1631	7917 - 3261 23rd Street		Mission United Presbyterian Church	3261 23rd Street	Between Capp & Mission Sts	8.3% Slope	7917   	Pct 7917	7917   		19  
2020NOVGEN	1643	9126 - 680 18th Avenue		Argonne School - Multi Purpose Rm	680 18th Ave	Enter On 17th Ave Btw Balboa & Cabrillo	2.5% Slope	9126   	Pct 9126	9126   		23  
2020NOVGEN	1651	9407 - 1325 23rd Avenue		Garage	1325 23rd Avenue	Between Irving and Judah Streets	1.2% Slope	9407   	Pct 9407	9407   		26  
2020NOVGEN	1717	9112 - 235 12th Avenue		Sutro Elementary School - Cafeteria	235 12th Ave	Btw Clement & California	2.7% Slope	9112   	Pct 9112	9112   		23  
2020NOVGEN	1739	7545 - 109 Oak Street		Firehouse #36 - Chief's Bay	109 Oak Street	Betwen Franklin & Gough	2.9% Slope	7545   	Pct 7545	7545   		13  
2020NOVGEN	1743	7502- 1840 Sutter Street		Japanese Cultural And Community Center	1840 Sutter St	Btw Webster & Buchanan	5.9% Slope	7502   	Pct 7502	7502   		13  
2020NOVGEN	1749	9201 - 1299 Storey Avenue		Log Cabin	1299 Storey Ave	Btw Lincoln Bl & Ralston Ave	4.9% Slope	9201   	Pct 9201	9201   		24  
2020NOVGEN	1757	7921 - 3128 Kamille Court		Bernal Dwelling Tenants Assoc  Comm Rm	3128 Kamille Ct	Btw Treat Ave & Harrison St	4.3% Slope	7921   	Pct 7921	7921   		19  
2020NOVGEN	1762	7336 - 1051 Taylor Street		Grace Cathedral Church - Conference Rm.	1051 Taylor St	Enter Off Taylor Btw California & Sacramento	4.2% Slope	7336   	Pct 7336	7336   		12  
2020NOVGEN	1767	9449 - 40th Avenue And Vicente		South Sunset Playground- Community Room	40th Avenue And Vicente	Corner Of 40th Avenue & Vincente	6.2% Slope	9449   	Pct 9449	9449   		26  
2020NOVGEN	1797	1153 - 720 Moscow Street		Firehouse #43	720 Moscow St	Btw Italy & France	3.9% slope	1153   	Pct 1153	1153   		3  
2020NOVGEN	1827	9515 - 1290 16th Avenue		Firehouse #22	1290 16th Avenue	Corner Of 16th Ave & Irving St	6.0% slope	9515   	Pct 9515	9515   		29  
2020NOVGEN	1840	1112 - 1000 Ocean Avenue (loc 9751)		Firehouse #15	1000 Ocean Ave	Enter Ocean Ave Btw Frida Kahlo Way & Harold Ave	5% Slope	1112   	Pct 1112	1112   		2  
2020NOVGEN	1859	9521 - 1290 5th Avenue		St John Of God Catholic Church	1290 5th Avenue	Btw Irving St And Hugo St	8.2% Slope Ramped Access	9521   	Pct 9521	9521   		29  
2020NOVGEN	1861	7869 - 209 Randall Street		Garage	209 Randall St	Enter Off Randall Btw Whitney & Sanchez Sts	4.9% Slope	7869   	Pct 7869	7869   		18  
2020NOVGEN	1871	7029 - 5 Commer Ct		Bayview Apartments - Community Rm	5 Commer Ct	Enter On Garlington CT At Corner Of Commer CT	8.3% Slope Ramped Access	7029   	Pct 7029	7029   		6  
2020NOVGEN	1883	7030 - 201 Williams Avenue		Bayview Police Station - Lobby	201 Williams Ave	Enter Newhall St Btw Williams & Armstrong Aves	3.4% Slope	7030   	Pct 7030	7030   		6  
2020NOVGEN	1910	7619 - 1500 Howard St		The Arc San Francisco	1500 Howard St	Btw 11th & 12th Sts	5.8% Slope	7619   	Pct 7619	7619   		14  
2020NOVGEN	1917	9128 - 441 12th Ave		Firehouse #31	441 12th Ave	Btw Geary Bl & Anza St	2.6% Slope	9128   	Pct 9128	9128   		23  
2020NOVGEN	1919	9424 - 3601 Noriega St		Hope Evangelical Free Church	3601 Noriega St	Btw 43rd & 44th Ave	4.7% Slope	9424   	Pct 9424	9424   		26  
2020NOVGEN	1965	7329 - 530 Sansome St		Firehouse #13	530 Sansome St	Btw Clay & Washington	1.8% Slope	7329   	Pct 7329	7329   		11  
2020NOVGEN	1976	7636 - 36 Bluxome Street		Firehouse #8 - Chief's Bay	36 Bluxome Street	Btw 4th & 5th Sts	5.5% slope	7636   	Pct 7636	7636   		15  
2020NOVGEN	2001	7048 - 243 Rey Street		Heritage Homes Child & Family - Community Rm	243 Rey St	Enter On Towerside Between Rey & Schwerin	2.8% Slope	7048   	Pct 7048	7048   		7  
2020NOVGEN	2022	7524 - 926 Fillmore Street		Junipero Serra House - Parking Garage	926 Fillmore St	Enter Off Fulton Btw Fillmore & Webster	5.0% Slope	7524   	Pct 7524	7524   		13  
2020NOVGEN	2030	7901 - 1575 15th Street		Marshall Elementary School - Cafeteria	1575 15th St	Enter Capp Btw 15th & 16th Sts	5% Slope	7901   	Pct 7901	7901   		19  
2020NOVGEN	2036	1101 - 1 Sgt John V Young		Ingleside Police Station - Community Room	1 Sgt John V Young	Enter At The Corner Of San Jose Ave	8.3% Slope Ramped Access	1101   	Pct 1101	1101   		1  
2020NOVGEN	2046	9129 - 4301 Geary Blvd		Park Presidio United Methodist Church	4301 Geary Blvd	At The Corner Of 7th Avenue	6.8% Slope - Ramped Access	9129   	Pct 9129	9129   		23  
2020NOVGEN	2055	1116 - 345 Randolph Street		Ocean View Library	345 Randolph St	Btw Victoria & Ramsell	0.5% Slope	1116   	Pct 1116	1116   		2  
2020NOVGEN	2080	7914 - 901 Alabama Street		Boys & Girls Of San Francisco	901 Alabama Street	Enter On 21st St Btw Alabama & Florida	0.8% Slope	7914   	Pct 7914	7914   		19  
2020NOVGEN	2092	7609 - 246 Eddy Street		Boeddeker Park & Clubhouse - Meeting Room	246 Eddy St	Btw Jones & Taylor	8.2% Slope - Ramped Access	7609   	Pct 7609	7609   		14  
2020NOVGEN	2094	9743 - 50 Chumasero Drive		Villas Park Merced - Lobby	50 Chumasero Dr	Between Font & Galindo	7.8% Slope	9743   	Pct 9743	9743   		33  
2020NOVGEN	2097	9423 - 3925 Noriega Street		Sunset Neighborhood Beacon Ctr - Computer Rm	3925 Noriega Street	Between 46th & 47th Avenue	3.0% Slope	9423   	Pct 9423	9423   		26  
2020NOVGEN	2112	7621 - 26 7th Street		Odd Fellows Building - Lobby	26 7th Street	Between Market & Mission	8.0% Slope	7621   	Pct 7621	7621   		14  
2020NOVGEN	2148	7325 - 1145 Pacific Avenue		Garage	1145 Pacific Ave	Btw Jones &Taylor	4.3% Slope	7325   	Pct 7325	7325   		11  
2020NOVGEN	2155	9133 - 1 Loraine Ct		Columbarium	1 Loraine Ct	Off Anza Btw Stanyan St & Arguello Bl	2.4% Slope	9133   	Pct 9133	9133   		23  
2020NOVGEN	2168	7012 - 700 Pennsylvania Ave		Muni Barn - Room D106	700 Pennsylvania Ave	Btw 22nd & 23rd Sts	4.0% Slope	7012   	Pct 7012	7012   		5  
2020NOVGEN	2170	7852 - 5157 Diamond Heights Blvd		Casa De Vida Apartments - Garage	5157 Diamond Heights Blvd	Btw Clipper & Duncan Sts	8% Slope	7852   	Pct 7852	7852   		18  
2020NOVGEN	2171	7849 - 21 Jersey Street		Garage	21 Jersey St	Btw Dolores & Chattanooga	6.7% Slope	7849   	Pct 7849	7849   		18  
2020NOVGEN	2172	9703 - 1689 17th Ave		Garage	1689 17th Ave	Between Moraga and Lawton	2% Slope	9703   	Pct 9703	9703   		32  
2020NOVGEN	2177	7825 - 3750 18th St		Mission High School - Cafeteria	3750 18th St	Enter Dolores Btw 17th & 18th Sts	6.2% Slope	7825   	Pct 7825	7825   		18  
2020NOVGEN	2192	7032 - 2111 Jennings St		United Council Of Human Services - Serenity Rm	2111 Jennings St	Btw Van Dyke & Wallace Aves	0.3% Slope	7032   	Pct 7032	7032   		6  
2020NOVGEN	2194	9404 - 3030 Judah St		S F Korean United Methodist Fellowship	3030 Judah St	Enter On 36th Ave Between Judah And Irving	5.4% Slope	9404   	Pct 9404	9404   		26  
2020NOVGEN	2195	9416 - 3733 Lawton St		Garage	3733 Lawton St	Between 43rd & 44th Avenues	8.3% Slope	9416   	Pct 9416	9416   		26  
2020NOVGEN	2207	7959 - 1850 Mission St		Arriba Juntos - Computer Lab	1850 Mission St	Btw 14th And 15th Sts	1.8% Slope	7959   	Pct 7959	7959   		19  
2020NOVGEN	2241	7948 - 225 Pioche Street		Portola Baptist Church	225 Pioche St	Btw Harvard & Oxford Sts	4% Slope	7948   	Pct 7948	7948   		19  
2020NOVGEN	2249	7002 - 299 Vermont Street		Firehouse #29	299 Vermont St	Enter 16th Near Corner Of Vermont	5.8% Slope	7002   	Pct 7002	7002   		5  
2020NOVGEN	2250	9749 - 218 Granada Avenue		New Providence Baptist Church	218 Granada Avenue	Between Ocean Ave & Holloway	6% Slope	9749   	Pct 9749	9749   		33  
2020NOVGEN	2254	9255 - 2640 Geary Blvd		Muni Barn Classroom C	2640 Geary Blvd	Btw Masonic Ave & Presidio Ave	8.3% Slope	9255   	Pct 9255	9255   		24  
2020NOVGEN	2256	9716 - 2560 18th Avenue		Collins Center	2560 18th Avenue	Enter 18th Ave Btw Ulloa & Vicente	8.3% Slope - Ramped Access	9716   	Pct 9716	9716   		32  
2020NOVGEN	2257	7952 - 2430 San Bruno Avenue		Firehouse #42	2430 San Bruno Ave	Btw Silliman & Silver	4.7% Slope	7952   	Pct 7952	7952   		19  
2020NOVGEN	2260	7343 - 1199 Bush Street		Saint Francis Medical - Lower Level Conf Room	1199 Bush St	Enter Btw Hyde & Leavenworth - Do Not Enter Main Hospital	5.9% Slope For 3 Feet	7343   	Pct 7343	7343   		12  
2020NOVGEN	2267	7916 - 1387 Valencia Street		Synergy School - Lobby	1387 Valencia St	Btw 24th & 25th Sts	1.7% slope	7916   	Pct 7916	7916   		19  
2020NOVGEN	2268	1109 - 1099 Capitol Ave		Holloway Terrace	1099 Capitol Ave	Corner Of Holloway & Capitol	4.3% Slope	1109   	Pct 1109	1109   		2  
2020NOVGEN	2269	7647 - 850 Ave I  Bldg 497		Ship Shape Community Center	850 Ave I  Bldg 497	Btw 10th & 11th Sts & I & M Aves	5.0% slope	7647   	Pct 7647	7647   		15  
2020NOVGEN	2270	1118 - 650 Capitol Ave		Minnie & Lovie Rec Center - Gymnasium	650 Capitol Ave	Capitol Btw Minerva & Montana	8.3% Slope Ramped Access	1118   	Pct 1118	1118   		2  
2020NOVGEN	2272	7644 - 225 King Street		Rich Sorro Commons - Lobby	225 King Street	Btw 3rd & 4th Sts	1% Slope	7644   	Pct 7644	7644   		15  
2020NOVGEN	2273	7003 - 500 De Haro Street		St Gregory Church - Rotunda	500 De Haro Street	Btw 18th & Mariposa Sts	5.9% Slope	7003   	Pct 7003	7003   		5  
2020NOVGEN	2276	7942 - 1000 Tompkins Ave - Bldg  A		Market Heights Apts - Garage	1000 Tompkins Ave - Bldg  A	Btw Putnam & Bradford	8.3% Slope - Ramped Access	7942   	Pct 7942	7942   		19  
2020NOVGEN	2280	9453 - 20 Crestlake Drive		Garage	20 Crestlake Dr	Btw Sloat Blvd & Crestlake Dr	3.0% Slope	9453   	Pct 9453	9453   		28  
2020NOVGEN	2296	9103 - 450 30th Ave		Presidio Middle School - Auditorium Lobby	450 30th Ave	Enter Off 30th Ave Btw Clement & Geary	5% Slope	9103   	Pct 9103	9103   		23  
2020NOVGEN	2302	7301 - 455 Bay St		Northbeach Place - Community Rm	455 Bay St	Btw Mason & Taylor	4.5% Slope	7301   	Pct 7301	7301   		11  
2020NOVGEN	2306	7836 - 885 Corbett Ave		Garage - Enter Through Glass Door	885 Corbett Ave	Near Corner Of Hopkins	4.9% Slope	7836   	Pct 7836	7836   		18  
2020NOVGEN	2310	7607 - 555 Ellis St		555 Ellis St Apartments - Community Rm	555 Ellis St	Enter Ellis Btw Hyde & Leavenworth	0.2% Slope	7607   	Pct 7607	7607   		14  
2020NOVGEN	2312	7915 - 2700 22nd St		Garage	2700 22nd St	Corner Of York & 22nd Sts	8.3% Slope	7915   	Pct 7915	7915   		19  
2020NOVGEN	2334	7642 - 600 The Embarcadero		Delancey Street - Store Space	600 Embarcadero	Btw Brannan & Townsend	4.1% slope	7642   	Pct 7642	7642   		15  
2020NOVGEN	2340	7521 - 710 Masonic Ave		Garage	710 Masonic Ave	Btw Grove & Hayes	5.2% slope	7521   	Pct 7521	7521   		13  
2020NOVGEN	2353	7548 - 1250 Waller St		Chinese Immersion School - Room 200	1250 Waller St	Enter Off Waller Btw Central & Masonic	6% Slope	7548   	Pct 7548	7548   		13  
2020NOVGEN	2354	9131 - 450 7th Ave		Richmond Police Station - Community Room	450 7th Ave	Btw Geary Blvd & Anza St	5.6% Slope	9131   	Pct 9131	9131   		23  
2020NOVGEN	2366	7554 - 1145 Stanyan St		Firehouse #12	1145 Stanyan St	Btw Grattan & Alma	4.6% Slope	7554   	Pct 7554	7554   		13  
2020NOVGEN	2378	7203 - 2412 Polk St		Garage	2412 Polk St	Btw Union & Filbert	1.7% Slope	7203   	Pct 7203	7203   		9  
2020NOVGEN	2380	9248 - 1765 Van Ness Ave		Store-Relax The Back	1765 Van Ness Ave	Between Clay & Sacramento	3.7% Slope	9248   	Pct 9248	9248   		24  
2020NOVGEN	2383	9209 - 3632 Fillmore St		Garage	3632 Fillmore St	Btw North Point & Bay Sts	4% Slope	9209   	Pct 9209	9209   		24  
2020NOVGEN	2392	9431 - 1935 32nd Ave		Firehouse #18	1935 32nd Ave	Between Pacheco & Ortega	4.4% slope	9431   	Pct 9431	9431   		26  
2020NOVGEN	2397	9252 - 20 Cook St		Sfusd Office - Assembly Room	20 Cook St	Off Geary Blvd.	8.3% Slope	9252   	Pct 9252	9252   		24  
2020NOVGEN	2414	9104 - 463 28th Ave		Garage	463 28th Ave	Between Geary & Clement	1.1% Slope	9104   	Pct 9104	9104   		23  
2020NOVGEN	2434	7536 - 1168 Page St		Garage	1168 Page St	Btw Baker & Broderick	7% Slope	7536   	Pct 7536	7536   		13  
2020NOVGEN	2438	9519 - 1350 7th Ave		Independence High School - Lobby	1350 7th Ave	Btw  Judah & Irving	4.1% Slope	9519   	Pct 9519	9519   		29  
2020NOVGEN	2441	7809 - 462 Duboce Ave		Community Room	462 Duboce Ave	Btw Steiner & Fillmore Sts	1.4% Slope	7809   	Pct 7809	7809   		18  
2020NOVGEN	2443	1127 - 483 Ellington Ave		Garage	483 Ellington Ave	Btw Whipple & Naglee	2.3% Slope	1127   	Pct 1127	1127   		2  
2020NOVGEN	2445	7036 - 745 Velasco Ave		Saint Phillips Missionary Baptist Church	745 Velasco Ave	Btw Santos & Castillo	6.3% Slope	7036   	Pct 7036	7036   		7  
2020NOVGEN	2446	7639 - 698 2nd St		S F F D Headquarters	698 2nd St	Corner Of 2nd & Townsend	8.3% Slope Ramped Access	7639   	Pct 7639	7639   		15  
2020NOVGEN	2452	7931 - 514 Peralta Ave		Garage	514 Peralta Ave	Btw Ripley & Esmeralda	7.5% Slope	7931   	Pct 7931	7931   		19  
2020NOVGEN	2460	7308 - 1227 Montgomery St		Garage	1227 Montgomery St	Corner Of Montgomery & Montague	6.0% Slope	7308   	Pct 7308	7308   		11  
2020NOVGEN	2462	7847 - 358 Jersey St		Garage	358 Jersey St	Btw Noe & Castro Sts	5% Slope	7847   	Pct 7847	7847   		18  
2020NOVGEN	2479	1141 - 263 Maynard St		Garage	263 Maynard St	Btw Congdon & Gladstone	3% Slope	1141   	Pct 1141	1141   		3  
2020NOVGEN	2491	9204 - 3760 Webster St		Garage	3760 Webster St	Btw Jefferson St & Marina Bl	4.8% slope	9204   	Pct 9204	9204   		24  
2020NOVGEN	2496	7839 - 3753 21st St		Garage	3753 21st St	Btw Noe & Sanchez Sts	8.3% Slope	7839   	Pct 7839	7839   		18  
2020NOVGEN	2499	7556/57 - 130 Carmel St		Garage	130 Carmel St	Btw Shrader & Cole	2% Slope	7556   	Pct 7556/7557	7556   		13  
2020NOVGEN	2499	7556/57 - 130 Carmel St		Garage	130 Carmel St	Btw Shrader & Cole	2% Slope	7556   	Pct 7556/7557	7557   		13  
2020NOVGEN	2500	9203 - 1867 Jefferson St		Garage	1867 Jefferson St	Btw Divisadero & Scott	2.7% Slope	9203   	Pct 9203	9203   		24  
2020NOVGEN	2515	7918 - 2774 Folsom St		Garage	2774 Folsom St	Btw 23rd & 24th Sts	2% Slope	7918   	Pct 7918	7918   		19  
2020NOVGEN	2517	9512 - 850 Broderick St		Zygmunt Arendt House - Community Rm	850 Broderick St	Enter On Broderick Near Corner Of Golden Gate	1% Slope	9512   	Pct 9512	9512   		29  
2020NOVGEN	2529	7335 - 1124 Leavenworth St		Garage	1124 Leavenworth St	Btw California & Sacramento	4.2% Slope	7335   	Pct 7335	7335   		12  
2020NOVGEN	2532	7821 - 128 Eureka St		Garage	128 Eureka St	Btw 18th & 19th Sts	5.4% Slope	7821   	Pct 7821	7821   		18  
2020NOVGEN	2533	7705 - 99 Saint Germain Ave		Garage	99 Saint Germain Ave	Corner Of Saint Germain & Glenbrook Aves	3.3% Slope	7705   	Pct 7705	7705   		16  
2020NOVGEN	2545	7311 - 2200 Larkin St		Garage	2200 Larkin St	Corner Of Larkin & Green	7.1% Slope	7311   	Pct 7311	7311   		11  
2020NOVGEN	2558	9123 - 551 26th Ave		Firehouse #14	551 26th Ave	Btw Anza St & Geary Blvd	5% Slope	9123   	Pct 9123	9123   		23  
2020NOVGEN	2559	9235 - 3220 Sacramento St		S F University High School - Parking Garage	3220 Sacramento St	Btw Lyon & Presidio Sts	6.0% Slope	9235   	Pct 9235	9235   		24  
2020NOVGEN	2563	9238 - 2340 Jackson St		S F Public Montessori School - Auditorium	2340 Jackson St	Enter Off Jackson  Btw Webster & Fillmore	8.3% Slope - Ramped Access	9238   	Pct 9238	9238   		24  
2020NOVGEN	2574	9726- 390 Buckingham Way		Firehouse #19	390 Buckingham Way	Corner of Winston Dr. & Buckingham Way	5.4% Slope	9726   	Pct 9726	9726   		33  
2020NOVGEN	2584	7829 - 65 Grand View Ave		Garage	65 Grand View Ave	Romain & Grand View Terrace	8.3% Slope	7829   	Pct 7829	7829   		18  
2020NOVGEN	2586	7844 - 3549 23rd Street		Garage	3549 23rd St	Btw Guerrero & San Jose	1% Slope	7844   	Pct 7844	7844   		18  
2020NOVGEN	2593	9445 - 2316 Vicente St		Church - Living Water Fellowship	2316 Vicente St	Btw 34th & 35th Ave	4.8% Slope	9445   	Pct 9445	9445   		26  
2020NOVGEN	2594	9702 - 731 Judah St		Garage	731 Judah St	Btw 12th Ave & Funston	5.2% slope	9702   	Pct 9702	9702   		31  
2020NOVGEN	2596	7645 - Pier 40 A - the Embarcadero		South Beach Harbor Pier 40 A - Comm Rm	Pier 40 A - The Embarcadero	Btw Embarcadero & King	3.1% Slope	7645   	Pct 7645	7645   		15  
2020NOVGEN	2603	7907 - 2300 Folsom St		Firehouse #7	2300 Folsom St	Corner Folsom & 19th Sts	2.2% slope	7907   	Pct 7907	7907   		19  
2020NOVGEN	2604	9729- 32 San Jacinto Way		Garage	32 San Jacinto Way	Btw Santa Paula & San Felipe	6% Slope	9729   	Pct 9729	9729   		33  
2020NOVGEN	2623	1148 - 542 Moscow St		Garage	542 Moscow St	Btw Russia & Persia	2.5% Slope	1148   	Pct 1148	1148   		3  
2020NOVGEN	2624	7019 - 1887 Palou Ave		Garage	1887 Palou Ave	Btw Quint & Phelps Sts	6.1% Slope	7019   	Pct 7019	7019   		6  
2020NOVGEN	2627	9711 - 1816 Funston Ave		Garage	1816 Funston Ave	Btw Pacheco & Aerial	6.3% Slope	9711   	Pct 9711	9711   		32  
2020NOVGEN	2631	9243 - 3150 Sacramento St		Presidio Library - Program Room	3150 Sacramento St	Btw Lyon & Baker	8.3% Slope - Ramped Access	9243   	Pct 9243	9243   		24  
2020NOVGEN	2632	7005 - 1490 19th St		St Teresa Of Avila Church - Sammon Hall	1490 19th St	Enter On Connecticut Btw 18th & 19th Sts	4.2% Slope	7005   	Pct 7005	7005   		5  
2020NOVGEN	2633	1115 - 446 Randolph St		I. T. Bookman Comm Ctr - Mult Purpose Rm	446 Randolph St	Corner Of Arch & Randolph	8.3% Slope - Ramped Access	1115   	Pct 1115	1115   		2  
2020NOVGEN	2636	9413 - 1342 41st Ave		Garage	1342 41st Ave	Btw Irving & Judah	3.8% Slope	9413   	Pct 9413	9413   		26  
2020NOVGEN	2651	7522 - 715 Scott St		Garage	715 Scott St	Btw Grove & Fulton	2.6% Slope	7522   	Pct 7522	7522   		13  
2020NOVGEN	2660	7841 - 3531 22nd St		School - Edison Charter- Auditorium	3531 22nd St	Enter 22nd St Btw Dolores Ave & Chattanooga St	1.5% Slope	7841   	Pct 7841	7841   		18  
2020NOVGEN	2662	7339 - 1300 Polk St		First Congregational Church Of S F	1300 Polk St	Corner Of Bush & Polk	2.0% Slope	7339   	Pct 7339	7339   		12  
2020NOVGEN	2663	9442 - 3595 Taraval St		Bnai Emunah Synagogue	3595 Taraval St	Corner Of Taraval & 46th Ave	5.9% Slope	9442   	Pct 9442	9442   		26  
2020NOVGEN	2673	7537 - 305 Scott St		Garage	305 Scott St	Between Page & Oak	3.2% slope	7537   	Pct 7537	7537   		13  
2020NOVGEN	2674	9737 - 390 Melrose Ave		Garage	390 Melrose Ave	Corner Of Gennessee & Melrose	6.4% Slope	9737   	Pct 9737	9737   		33  
2020NOVGEN	2676	7937 - 1419 Cortland Ave		Garage	1419 Cortland Ave	Btw Bradford & Nebraska	6.6% Slope	7937   	Pct 7937	7937   		19  
2020NOVGEN	2677	7801 - 245 Upper Terrace		Garage	245 Upper Terrace	South West Of Clifford Terrace	0.8% Slope	7801   	Pct 7801	7801   		18  
2020NOVGEN	2679	7902 - 1855 Folsom St		U C S F Mission Center - Confer Rm #126	1855 Folsom St	Entrance On 15th Btw Folsom & Harrison Sts	8.3% Slope - Ramped Access	7902   	Pct 7902	7902   		19  
2020NOVGEN	2682	9436 - 2831 Rivera St		Garage	2831 Rivera St	Btw 38 & 39th Aves	8.3% Slope	9436   	Pct 9436	9436   		26  
2020NOVGEN	2685	7539 - 628 Haight St		Garage	628 Haight St	Btw Steiner & Pierce	5.6% Slope	7539   	Pct 7539	7539   		13  
2020NOVGEN	2692	9242 - 1901 Franklin St		Golden Gate Church - Garage	1901 Franklin St	Enter Off Clay St Btw Franklin & Gough	8.3% Slope	9242   	Pct 9242	9242   		24  
2020NOVGEN	2694	9212 - 1800 Chestnut St		Moscone Rec Ctr - Community Room	1800 Chestnut St	Intersection Of Chestnut & Buchanan Sts	8.2% Slope - Ramped Access	9212   	Pct 9212	9212   		24  
2020NOVGEN	2695	7205 - 1166 Filbert St		Garage	1166 Filbert St	Btw Hyde & Leavenworth	4.6% Slope	7205   	Pct 7205	7205   		9  
2020NOVGEN	2699	9448 - 2477 21st Ave		Garage	2477 21st Ave	Btw Ulloa & Taraval St	5.1% slope	9448   	Pct 9448	9448   		26  
2020NOVGEN	2700	7708 - 33 Bella Vista Way		Garage	33 Bella Vista Way	Enter Btw Teresita & Gaviota	2.5% Slope	7708   	Pct 7708	7708   		17  
2020NOVGEN	2710	7845 - 4323 23rd St		Garage	4323 23rd St	Btw Hoffman & Douglass St	7.1% Slope	7845   	Pct 7845	7845   		18  
2020NOVGEN	2724	7013 - 654 Minnesota St		U C S F - Lobby	654 Minnesota St	Btw 18th & 19th Sts	4.5% Slope	7013   	Pct 7013	7013   		6  
2020NOVGEN	2725	7646 - 1505 4th St		U C S F Housing - Comm Room	1505 4th St	Enter off Nelson Rising Lane Btw 3rd & 4th Sts	4.9% Slope	7646   	Pct 7646	7646   		15  
2020NOVGEN	2728	7814 - 390 Valencia St		Valencia Gardens - Community Room	390 Valencia St	Enter Off Valencia At The Corner Of 15th St	2% slope	7814   	Pct 7814	7814   		18  
2020NOVGEN	2735	7643 - 225 Berry St		Mission Creek Senior - Community Room	225 Berry St	Enter off Berry St btw 4th & 5th Sts	2.6% Slope	7643   	Pct 7643	7643   		15  
2020NOVGEN	2741	9114 - 350 10th Ave		Richmond Branch Library - Program Room	350 10th Ave	Enter Off 10th Btw Geary & Clement	3.2% Slope	9114   	Pct 9114	9114   		23  
2020NOVGEN	2742	9125 - 484 21st Ave		Garage	484 21st Ave	Btw Anza St & Geary Bl	8% Slope	9125   	Pct 9125	9125   		23  
2020NOVGEN	2751	7632 - 934 Brannan St		Soma Arts Cultural Center	934 Brannan St	Btw 8th and 9th Sts	8.3% Slope - Ramped Access	7632   	Pct 7632	7632   		14  
2020NOVGEN	2763	7315 - 1630 Stockton St		S F Italian Athletic Club - Upstairs Function Room	1630 Stockton St	Btw Union & Filbert St	1.1% Slope	7315   	Pct 7315	7315   		11  
2020NOVGEN	2764	7525 - 608 Hayes St		Neighborhood Baptist Church - Confer Rm	608 Hayes St	Btw Laguna & Buchanan	2.6% Slope	7525   	Pct 7525	7525   		13  
2020NOVGEN	2773	7028 - 1601 Lane St		Bayview Y M C A - Gymnasium	1601 Lane St	Btw Revere Ave & Lane St	4.4% Slope	7028   	Pct 7028	7028   		6  
2020NOVGEN	2779	7604 - 516 Ofarrell St		Crosby Hotel - Activity Room	516 O' Farrell St	Btw Jones & Leavenworth	7.9% Slope	7604   	Pct 7604	7604   		14  
2020NOVGEN	2780	9143 - 626 20th Ave		Garage	626 20th Ave	Btw Balboa & Cabrillo Sts	1% slope	9143   	Pct 9143	9143   		23  
2020NOVGEN	2781	9233- 3820 Washington St		Garage	3820 Washington St	Btw Maple And Cherry Sts	1% Slope	9233   	Pct 9233	9233   		24  
2020NOVGEN	2795	7332 - 1751 Sacramento St		Old First Presbyterian Church - Fellowship Hall	1751 Sacramento St	Btw Polk St & Van Ness	8.3% Slope	7332   	Pct 7332	7332   		12  
2020NOVGEN	2796	7853 - 829 Duncan St		Garage	829 Duncan St	Btw Diamond Heights Blvd & Douglass St	8.2% Slope	7853   	Pct 7853	7853   		18  
2020NOVGEN	2799	7326 - 1135 Powell St		Chinatown Branch Library - Comm Rm	1135 Powell St	Btw Jackson & Washington	6.2% Slope	7326   	Pct 7326	7326   		11  
2020NOVGEN	2806	7551 - 165 Grattan St (loc 7555)		Grattan Elementary School - Room 215	165 Grattan St	Enter On Shrader Btw Grattan & Alma	2.4% Slope	7551   	Pct 7551	7551   		13  
2020NOVGEN	2817	9202 - 218 Lincoln Blvd		Firehouse #51	218 Lincoln Blvd	Enter Off Graham Btw Lincoln Bl & French CT	5.0% Slope	9202   	Pct 9202	9202   		24  
2020NOVGEN	2818	9701 - 1439 18th Avenue		Garage	1439 18th Ave	Between Judah And Kirkham	5% Slope At Entrance	9701   	Pct 9701	9701   		31  
2020NOVGEN	2821	7034 - 195 Kiska Road		Willie Mays Boys And Girls Clubhouse	195 Kiska Rd	Near Corner Of Dormitory Road & Kiska	6.0% Slope	7034   	Pct 7034	7034   		6  
2020NOVGEN	2822	7038 - 1701 Visitacion Ave		Coffman Pool - Lobby	1701 Visitacion Ave	Enter Off Visitacion Near The Corner Of Hahn	3.0% Slope	7038   	Pct 7038	7038   		7  
2020NOVGEN	2835	9451 - 2715 35th Ave		Garage	2715 35th Ave	Btw Wawona & Yorba	3.5% Slope	9451   	Pct 9451	9451   		26  
2020NOVGEN	2854	9518 - 1199 9th Ave (loc 9514)		County Fair Building	1199 9th Ave	Btw Lincoln & MLK Drive	4.9% Slope	9518   	Pct 9518	9518   		29  
2020NOVGEN	2864	7606 - 650 Eddy St		Arnet Watson Apartments - Lobby	650 Eddy St	Btw Larkin & Polk	1.3% Slope	7606   	Pct 7606	7606   		14  
2020NOVGEN	2865	7618 - 170 Otis St		Human Services Agency - Born Auditorium	170 Otis St	Enter Off Otis Btw Duboce & Mccoppin	6.1% Slope	7618   	Pct 7618	7618   		14  
2020NOVGEN	2866	7623 - 175 7th Street		West Bay Pilipino Multi Service Center	175 7th Street	Btw Mission & Howard	1.9% Slope	7623   	Pct 7623	7623   		14  
2020NOVGEN	2869	7854 - 4132 26th St		Garage	4132 26th St	Btw Noe & Castro	6.6% Slope	7854   	Pct 7854	7854   		18  
2020NOVGEN	2870	7712 - 236 Monterey Blvd		Sunnyside Conservatory	236 Monterey Blvd	Btw Baden & Congo Sts	8.3% Slope - Ramped Access	7712   	Pct 7712	7712   		16  
2020NOVGEN	2873	9406 - 2625 Lincoln Way		Garage	2625 Lincoln Way	Btw 27th And 28th Aves	8.0% Ramped Access	9406   	Pct 9406	9406   		26  
2020NOVGEN	2878	9418 - 3240 Lawton St		Garage	3240 Lawton St	Btw 38th Ave And 39th Ave	7.6% Slope	9418   	Pct 9418	9418   		26  
2020NOVGEN	2884	7866 - 43 Ora Way		Goldmine Hill Homeowners Assoc - Rec Rm	43 Ora Way	Btw Goldmine & Topaz	5% Slope	7866   	Pct 7866	7866   		18  
2020NOVGEN	2886	9231 - 54 7th Ave		Garage	54 7th Ave	Enter Off 7th Ave Near Lake St	4.2% Slope	9231   	Pct 9231	9231   		24  
2020NOVGEN	2900	1124 - 155 Sadowa St		Garage	155 Sadowa St	Btw Capital & Plymouth	7.6% Slope	1124   	Pct 1124	1124   		2  
2020NOVGEN	2905	7617 - 44 Mcallister St		Civic Center Residence - Front Lobby	44 McAllister St	Enter Btw Jones & Leavenworth	1.6% Slope	7617   	Pct 7617	7617   		14  
2020NOVGEN	2907	7035 - 729 Kirkwood Ave		Wu Yee Children's Services	729 Kirkwood Ave	Btw Earl & Dormitory - Enter Ramp On Right	8.3% Slope - Ramped Access	7035   	Pct 7035	7035   		6  
2020NOVGEN	2908	7906 - 2248 Mission St		Bella Salon	2248 Mission St	Btw 18th & 19th Sts	5.8% Slope	7906   	Pct 7906	7906   		19  
2020NOVGEN	2916	9152 - 2335 Golden Gate Ave		Memorial Gym - North Lobby	2335 Golden Gate Ave	Btw Kittredge & Roselyn Ter	4.5% Slope	9152   	Pct 9152	9152   		23  
2020NOVGEN	2929	9229 - 38 20th Ave		Garage	38 20th Ave	Off Lake St	6.0% Slope	9229   	Pct 9229	9229   		24  
2020NOVGEN	2940	7004 - 655 De Haro Street		S F International High School - Lobby	655 De Haro St	Enter Off DE Haro Between 18th & 19th Sts	6.4% Slope	7004   	Pct 7004	7004   		5  
2020NOVGEN	2941	7006 - 2641 25th Street		Bryant Elementary School - Multi Purpose Room	2641 25th St	Btw San Bruno Ave & Utah St	1.0 % Slope	7006   	Pct 7006	7006   		5  
2020NOVGEN	2942	7042 - 3560 San Bruno Ave		New Greater Prosperity Church - Sanctuary	3560 San Bruno Ave	Btw Harkness & Wilde	6.4% Slope	7042   	Pct 7042	7042   		6  
2020NOVGEN	2948	7313 - 840 Broadway St		Jean Parker Elementary School - Multi Purpose Room	840 Broadway St	Btw Powell & Mason	8.3% Slope - Ramped Access	7313   	Pct 7313	7313   		11  
2020NOVGEN	2952	7337 - 1199 Mason St		Betty Ong Rec Center - Lobby	1199 Mason St	Enter At Corner Of Mason And Washington	2.7% Slope	7337   	Pct 7337	7337   		12  
2020NOVGEN	2957	7622 - 1010 Mission Street		Bayanihan Community Center - Hall	1010 Mission Street	Btw 6th & 7th Sts	5.5% Slope	7622   	Pct 7622	7622   		14  
2020NOVGEN	2963	7858 - 1220 Valencia St		Templo Da La Fe - Church Lobby	1220 Valencia St	Btw 23rd & 24th Sts	1% Slope	7858   	Pct 7858	7858   		18  
2020NOVGEN	2969	9118 - 550 37th Ave		Anza Branch Library - Program Room	550 37th Ave	Btw Geary Blvd & Anza St	5.6% Slope	9118   	Pct 9118	9118   		23  
2020NOVGEN	2974	9256 - 2520 Bush St (loc 9254)		7th Day Adventist Church - Imani Center	2520 Bush Street	Between Divisadero St & Scott St	1.3% Slope	9256   	Pct 9256	9256   		25  
2020NOVGEN	2976	9506 - 1150 Scott St		Robert B Pitts - Community Room	1150 Scott St	Btwn Eddy & Turk	8.3% Slope	9506   	Pct 9506	9506   		29  
2020NOVGEN	2985	7848 - 990 Church St		Theresa S. Mahler School - Room 4	990 Church St	Btw 22nd St & Hill St	8.0 % Slope	7848   	Pct 7848	7848   		18  
2020NOVGEN	2988	1131 - 666 Morse St		Garage	666 Morse St	Btw Lowell & Guttenberg	6.3% Slope	1131   	Pct 1131	1131   		2  
2020NOVGEN	2992	7547 -1525 Waller St (loc 7546)		Waller Center	1525 Waller St	Btw Clayton & Belvedere	5.5% Slope	7547   	Pct 7547	7547   		13  
2020NOVGEN	3001	7873 - 126 Chenery St		Garage	126 Chenery St	Btw Randell & Fairmont Sts	4.2% Slope	7873   	Pct 7873	7873   		18  
2020NOVGEN	3008	7843 - 1070 Valencia St (loc 7844)		Marsh Theatre - Cafe	1070 Valencia St	Btw 22nd St & Hill St	8.3% Slope	7843   	Pct 7843	7843   		18  
2020NOVGEN	3015	9503/04 - 1550 Scott St		Western Addition Library - Program Rm	1550 Scott St	Btw Post St & Geary Blvd	4.3% Slope	9503   	Pct 9503/9504	9503   		29  
2020NOVGEN	3015	9503/04 - 1550 Scott St		Western Addition Library - Program Rm	1550 Scott St	Btw Post St & Geary Blvd	4.3% Slope	9503   	Pct 9503/9504	9504   		29  
2020NOVGEN	3020	9751 - 1298 Ocean Ave		Ingleside Branch Library	1298 Ocean Ave	Btw Plymouth And Brighton	2.0% Slope	9751   	Pct 9751	9751   		33  
2020NOVGEN	3030	1146 - 5051 Mission St		Sons Of Italy - Hall Of Mirrors	5051 Mission St	Between Amazon & Italy	2.4% Slope	1146   	Pct 1146	1146   		3  
2020NOVGEN	3035	7926 - 28 Mirabel Avenue		Garage	28 Mirabel Ave	Btw Coso Ave & Shotwell St	8.3% Slope	7926   	Pct 7926	7926   		19  
2020NOVGEN	3037	9141 - 855 27th Ave		Fulton Playground - Fieldhouse	855 27th Ave	Btw Fulton & Cabrillo Sts	4.6% Slope	9141   	Pct 9141	9141   		23  
2020NOVGEN	3055	9421 - 2201 Lawton St.		Sunset Rec Center	2201 Lawton St.	Enter At Corner Of Lawton & 28th Ave	5.4% Slope	9421   	Pct 9421	9421   		26  
2020NOVGEN	3059	7024 - 1101 Fairfax Ave		Hunters View - Community Rm	1101 Fairfax Ave	Enter On Fairfax Ave Near Acacia Ave	2.9 % Slope	7024   	Pct 7024	7024   		6  
2020NOVGEN	3077	7635 - 615 7th Street		Hoogasian Flowers - Display Area	615 7th St	Btw Townsend & Brannan	8.3% Ramped Access	7635   	Pct 7635	7635   		15  
2020NOVGEN	3084	9149 - 278 Willard North St		Garage	276 Willard North St	Btw Golden Gate Ave & Mcallister St	6.4% Slope	9149   	Pct 9149	9149   		23  
2020NOVGEN	3093	9717 - 2243 14th Ave		Garage	2243 14th Ave	Btw Rivera And Santiago	7.5% Slope At Entrance	9717   	Pct 9717	9717   		32  
2020NOVGEN	3105	7031 - 5600 3rd Street		Armstrong Place Senior Housing - Comm Rm	5600 3rd St	Enter Off Armstrong Between 3rd St & Lane	1.8% Slope	7031   	Pct 7031	7031   		6  
2020NOVGEN	3106	7053 - 150 Executive Park Blvd		Office Building - 1st Floor Conf Room	150 Executive Park Blvd, Suite 4000	Enter Rear Parking Lot Btw Thomas Mellon & Candlestick Cove	7.2% Slope	7053   	Pct 7053	7053   		6  
2020NOVGEN	3110	1108 - 583 Victoria Street		Garage	583 Victoria St	Enter Btw Holloway Ave & Garfield St	7.1% Slope	1108   	Pct 1108	1108   		2  
2020NOVGEN	3153	7303 - 850 Columbus Ave - (loc 7307)		North Beach Library - Community Rm	850 Columbus Ave	Btw Lombard & Greenwich Sts	0.6 % Slope	7303   	Pct 7303	7303   		11  
2020NOVGEN	3162	9213 - 1259 Bay Street		Garage	1259 Bay St	Enter Btw Gough & Franklin Sts	0.8% Slope At Entrance	9213   	Pct 9213	9213   		24  
2020NOVGEN	3163	9227 - 211 27th Avenue		Garage (on Left Side)	211 27th Ave	Btw Lake & California Sts	6.8% Slope	9227   	Pct 9227	9227   		24  
2020NOVGEN	3167	9405 - 1330 29th Ave		Garage	1330 29th Ave	Btw Irving & Judah	5% Slope	9405   	Pct 9405	9405   		26  
2020NOVGEN	3171	9712 - 250 Laguna Honda Blvd		Forest Hills Christian Church - Lobby	250 Laguna Honda Blvd	Enter Off Laguna Honda Btw Plaza & Clarendon	8.3% Slope - Ramped Access	9712   	Pct 9712	9712   		33  
2020NOVGEN	3181	1103 - 2 San Gabriel Avenue		Garage	2 San Gabriel Ave	Btw Capistrano & Santa Rosa	5.0% Slope	1103   	Pct 1103	1103   		1  
2020NOVGEN	3187	7934 - 3469 Mission St		S F Taekwondo Center	3469 Mission St	Btw Kingston & Cortland	5.7% Slope	7934   	Pct 7934	7934   		19  
2020NOVGEN	3188	7875 - 68 Park St		Garage	68 Park St	Btw Mission & Dead End Of Park	5.6% Slope	7875   	Pct 7875	7875   		18  
2020NOVGEN	3191	9119 - 687 40th Ave		Garage	687 40th Ave	Btw Balboa & Anza Sts	4.2% Slope	9119   	Pct 9119	9119   		23  
2020NOVGEN	3204	9121 - 3630 Balboa St		Balboa Theatre	3630 Balboa St	Btw 37th & 38th Aves	8.3% Slope	9121   	Pct 9121	9121   		23  
2020NOVGEN	3208	9452 - 2695 19th Ave		Sava Pool - Multipurpose Room	2695 19th Ave	Corner Of 19th Ave & Wawona	5.0 % Slope	9452   	Pct 9452	9452   		26  
2020NOVGEN	3209	9205 - 1526 Francisco		Garage	1526 Francisco St	Btw Octavia & Laguna Sts	1.5% Slope	9205   	Pct 9205	9205   		24  
2020NOVGEN	3211	9109 - 249 17th Ave (loc 9108)		Garage	249 17th Ave	Btw California & Clement	0.6% Slope	9109   	Pct 9109	9109   		23  
2020NOVGEN	3212	7803 - 38 Ord St		Garage	38 Ord St	Btw 17th St & Ord CT	1.8% Slope	7803   	Pct 7803	7803   		18  
2020NOVGEN	3214	7629 - 1028 Howard St (loc 7623)		Mercy Housing - Community Room	1028 Howard St	Btw Russ & 6th St	2.5% Slope	7629   	Pct 7629	7629   		14  
2020NOVGEN	3220	1125 - 8 Capitol Ave		Firehouse #33	8 Capitol Ave	Btw Sagamore & I-280	7.8% Slope Ramped Access	1125   	Pct 1125	1125   		2  
2020NOVGEN	3222	7529 - 1035 Hayes St		Garage	1035 Hayes St	Btw Steiner & Pierce	8.1% Slope At Right Side Of Garage	7529   	Pct 7529	7529   		13  
2020NOVGEN	3231	7625 - 701 Mission St		Yerba Buena Center For The Arts - Grand Lobby	701 Mission St	Enter Mission St. Near 3rd St	7.9% Slope - Ramped Access	7625   	Pct 7625	7625   		14  
2020NOVGEN	3234	7709 - 682 Monterey Blvd		Garage	682 Monterey Blvd	Btw Foerster & Gennessee	7.1% Slope	7709   	Pct 7709	7709   		17  
2020NOVGEN	3240	9211 - 3201 Baker St (loc 9206)		Garage	3201 Baker St	Corner Of Francisco & Baker Sts	5.8% Slope	9211   	Pct 9211	9211   		24  
2020NOVGEN	3242	7321 - 1430 Mason St		True Sunshine Episcopal Church - Garage	1430 Mason St	Btw Broadway And Pacific Ave	8.3% Slope For 4 feet	7321   	Pct 7321	7321   		11  
2020NOVGEN	3244	9221 - 2835 Broadway St		Garage	2835 Broadway St	Btw Baker & Broderick Sts	8.3% Slope	9221   	Pct 9221	9221   		24  
2020NOVGEN	3246	7051 - 201 Leland Ave		Visitacion Valley Branch Library	201 Leland Ave	Btw Cora & Rutland	8.3% Slope - Ramped Access	7051   	Pct 7051	7051   		7  
2020NOVGEN	3248	7207 - 1848 Pine St		Garage	1848 Pine St	Btw Gough St And Octavia St	0.2% Slope	7207   	Pct 7207	7207   		10  
2020NOVGEN	3250	7835 - 264 Glenview Dr		Garage	264 Glenview Dr	Near Corner Of Burnett Ave	8.3% Slope	7835   	Pct 7835	7835   		18  
2020NOVGEN	3258	9215 - 3155 Scott St		Edward I I Youth Housing - Program Room	3155 Scott St	Enter Scott St. Near Corner Of Lombard St.	0.4% Slope	9215   	Pct 9215	9215   		24  
2020NOVGEN	3262	7638 - 375 Beale St		Metropolitan Transportation Commission - Temazcal Rm 102	375 Beale St	Btw Harrison & Folsom	1.5% Slope	7638   	Pct 7638	7638   		15  
2020NOVGEN	3271	9134 - 740 Anza St		Garage	740 Anza St	Btw Beaumont & Parker Aves	4.4% Slope	9134   	Pct 9134	9134   		23  
2020NOVGEN	3280	9441 - 2618 45th Ave		Garage	2618 45th Ave	Between Vicente & Wawona	5.0% Slope	9441   	Pct 9441	9441   		26  
2020NOVGEN	3290	7813 - 71 Landers St		Garage	71 Landers St	Btw 14th & 15th Sts	5.7% Slope	7813   	Pct 7813	7813   		18  
2020NOVGEN	3296	9144 - 1437 Cabrillo St		Garage	1437 Cabrillo St	Btw 15th & 16th Ave	7.1% Slope	9144   	Pct 9144	9144   		23  
2020NOVGEN	3303	9245 - 2262 California St		Congregation Sherith Israel - Lobby	2262 California St	Between Webster & Buchanan St	8.3% Slope	9245   	Pct 9245	9245   		24  
2020NOVGEN	3306	9719 - 29 Rockaway Ave		St Brendan's Parish - Parish Hall	29 Rockaway Ave	Enter On Ulloa Btwn Rockaway & Waithman Way	7.1% Slope Ramped Access	9719   	Pct 9719	9719   		33  
2020NOVGEN	3307	7319 - 1965 Larkin St		Helen Wills Park - Garden Room	1965 Larkin St	Enter At Corner Of Larkin & Broadway	8.3% Slope Ramped Access	7319   	Pct 7319	7319   		12  
2020NOVGEN	3309	7605 - 330 Ellis St		Glide Memorial United Church - Freedom Hall	330 Ellis St	Enter On Taylor Btwn Ellis & O' Farrell	8.0% Slope - Ramped Access	7605   	Pct 7605	7605   		14  
2020NOVGEN	3310	7938 - 176 Highland Ave		Garage	176 Highland Ave	Btw Holly Park & Patton	5.9% Slope	7938   	Pct 7938	7938   		19  
2020NOVGEN	3318	7328 - 808 Kearny St		C C S F - Chinatown North Beach Campus - Lobby	808 Kearny St	Btw Washington & Jackson	1.6% Slope	7328   	Pct 7328	7328   		11  
2020NOVGEN	3320	9411 - 4242 Lawton St		Garage	4242 Lawton St	Between 48th Ave & Great Hwy	4.8% Slope	9411   	Pct 9411	9411   		26  
2020NOVGEN	3328	7935 - 246 Bocana St		Garage	246 Bocana St	Btw Cortland & Eugenia	2% Slope	7935   	Pct 7935	7935   		19  
2020NOVGEN	3342	7055 - 1111 8th St		California College Of The Arts - Student Lounge	1111 8th St	Btw Irwin & Hooper	3.5% Slope	7055   	Pct 7055	7055   		5  
2020NOVGEN	3343	7649 - 758 Natoma St		Hostwell Warehouse	758 Natoma St	Btw 8th & 9th Sts	8.3% Slope	7649   	Pct 7649	7649   		14  
2020NOVGEN	3344	7651 - 44 Tehama St		Galvanize	44 Tehama St	Btw 1st & 2nd Sts	2.8% Slope	7651   	Pct 7651	7651   		15  
2020NOVGEN	3345	7652 - 25 Essex St		Rene Cazenave Apartments - Program Rm	25 Essex St	Btw Folsom & Harrison	0.4% Slope	7652   	Pct 7652	7652   		15  
2020NOVGEN	3346	7653 - 1180 4th St		1180 Fourth St Apartments - Comm Rm	1180 4th St	Enter On Channel Near 4th St	4.6% Slope	7653   	Pct 7653	7653   		15  
2020NOVGEN	3347	7876 - 1800 Market St		The S F  L G B T Center	1800 Market St	Between Octavia & Laguna	1.2% Slope	7876   	Pct 7876	7876   		18  
2020NOVGEN	3349	7044 - 2600 Arelious Walker Dr		Alice Griffith Apartments - Multipurpose Rm	2600 Arelious Walker Dr	Enter Egbert At Arelious Walker	2% Slope	7044   	Pct 7044	7044   		6  
2020NOVGEN	3350	9754 - 250 Foerster St		Sunnyside Elementary - Main Hallway	250 Foerster St	Btw Hearst & Flood	8.3% - Ramped Access	9754   	Pct 9754	9754   		34  
2020NOVGEN	3351	7008 - 465 Missouri St		Daniel Webster Elementary School - Lobby	465 Missouri St	Btw 19th & 20th Sts	8.3% Slope - Ramped Access	7008   	Pct 7008	7008   		5  
2020NOVGEN	3357	9412 - 1558 47th Ave		Garage	1558 47th Ave	Between Lawton And Kirkham St	1.4% Slope	9412   	Pct 9412	9412   		26  
2020NOVGEN	3360	7514 - 1050 Mcallister St		Ella Hill Hutch Center - Conference Rm	1050 Mcallister St	Btw Webster & Laguna	7.3% Slope - Ramped Access	7514   	Pct 7514	7514   		13  
2020NOVGEN	3365	7616 - 150 Van Ness Ave		150 Van Ness Apartments - Basketball Gym	150 Van Ness Ave	Enter Hayes Btw Polk & Van Ness Ave	0.7% Slope	7616   	Pct 7616	7616   		14  
2020NOVGEN	3367	9217 - 3150 Steiner St (loc 9216)		Garage	3150 Steiner St	Btw Greenwich & Pixley Sts	8.2% Slope	9217   	Pct 9217	9217   		24  
2020NOVGEN	3375	1147 - 437 Lisbon St		Garage	437 Lisbon St	Btw Russia & Persia	3.9% Slope	1147   	Pct 1147	1147   		3  
2020NOVGEN	3384	9218 - 3020 Laguna St		Garage	3020 Laguna St	Btw Greenwich St & Harris Pl	4.0% Slope	9218   	Pct 9218	9218   		24  
2020NOVGEN	3385	9226 - 1745 Vallejo St		Garage	1745 Vallejo St	Btw Franklin & Gough Sts	1.8% Slope	9226   	Pct 9226	9226   		24  
2020NOVGEN	3388	9432 - 1851 Noriega St		Adath Israel Synagogue	1851 Noriega St	Btw 25th Ave & 26th Ave	2.8% Slope	9432   	Pct 9432	9432   		26  
2020NOVGEN	3398	9517 - 1364 12th Ave		Garage	1364 12th Ave	Btw Irving & Judah	4.2% Slope	9517   	Pct 9517	9517   		29  
2020NOVGEN	3399	9738 - 1300 Junipero Serra Blvd		Saint Thomas More Church - Scanlan Hall	1300 Junipero Serra Blvd	Entrance Btw Thomas More Way & Junipero Serra	6.6% Slope - Ramped Access	9738   	Pct 9738	9738   		33  
2020NOVGEN	3401	9435 - 3045 Santiago St		S F U S D Special Ed Center - Multi Purpose Rm	3045 Santiago St	Btw 41st Ave & 42nd Ave	3.9% Slope - Ramped Access	9435   	Pct 9435	9435   		26  
2020NOVGEN	3404	7549 - 321 Carl St		Carl Street Free Library - Garage	321 Carl St	Btw Willard & Hillway	5.0% Slope	7549   	Pct 7549	7549   		13  
2020NOVGEN	3408	7832 - 4046 20th St		Garage	4046 20th St	Btw Sanchez & Noe St	2.2% Slope	7832   	Pct 7832	7832   		18  
2020NOVGEN	3410	9115 - 251 6th Ave		George Peabody School - Library	251 6th Ave	Enter Off 7th Ave Btw Clement & California	4.5 % Slope	9115   	Pct 9115	9115   		23  
2020NOVGEN	3411	9214 - 3002 Baker St		Garage	3002 Baker St	Enter On Lombard Near Corner Of Baker St	2.7% Slope	9214   	Pct 9214	9214   		24  
2020NOVGEN	3419	7324 - 1451 Jackson St		Spring Valley Elementary School - Lobby	1451 Jackson St	Btw Hyde & Larkin	8% Slope - Ramped Access	7324   	Pct 7324	7324   		12  
2020NOVGEN	3422	7531 - 634 Oak St		Garage	634 Oak St	Btw Fillmore & Webster	4.3% Slope	7531   	Pct 7531	7531   		13  
2020NOVGEN	3423	9132 - 560 4th Ave		Garage	560 4th Ave	Btw Anza & Balboa Sts	6.0% Slope	9132   	Pct 9132	9132   		23  
2020NOVGEN	3424	7519 - 1854 Grove St		Garage	1854 Grove St	Between Masonic & Ashbury	6.5% Slope	7519   	Pct 7519	7519   		13  
2020NOVGEN	3426	7011 - 524 Connecticut St (loc 7008)		Garage	524 Connecticut St	Btw 20th St & Dead End	2.9% Slope	7011   	Pct 7011	7011   		5  
2020NOVGEN	3428	7861 - 422 Day St		Garage	422 Day St	Btw Noe & Day	7.1% Slope	7861   	Pct 7861	7861   		18  
2020NOVGEN	3429	9437 - 2271 35th Ave		Garage	2271 35th Ave	Btw Santiago & Rivera St	6.5% Slope	9437   	Pct 9437	9437   		26  
2020NOVGEN	3432	9246 - 2340 Jackson St (loc 9238)		Sf Public Montessori School - Music Room	2340 Jackson St	Enter On Webster St  Btw Jackson And Fillmore	8.2% Slope - Ramped Access	9246   	Pct 9246	9246   		24  
2020NOVGEN	3434	7014 - 904 22nd St		Rickshaw Bagworks	904 22nd St	Btw Minnesota & Indiana	0.4% Slope	7014   	Pct 7014	7014   		6  
2020NOVGEN	3438	9446 - 2550 25th Ave		Dianne Feinstein Elementary School - Cafeteria Hallway	2550 25th Ave	Between Vicente & Ulloa	8.3% Slope - Ramped Access	9446   	Pct 9446	9446   		26  
2020NOVGEN	3440	9748 - 168 Dorado Ter		Garage	168 Dorado Ter	Between Dorado Terrace And Dead End	7.7% Slope	9748   	Pct 9748	9748   		33  
2020NOVGEN	3442	1133 - 494 Pope St		Garage	494 Pope St	Corner Of Pope & Bellevue	4.8% Slope	1133   	Pct 1133	1133   		2  
2020NOVGEN	3443	7805 - 46 Beaver St		Garage	46 Beaver St	Btw Castro & Noe	6.0% Slope	7805   	Pct 7805	7805   		18  
2020NOVGEN	3444	9722 - 261 Wawona St		Garage	261 Wawona St	Between 14th Ave And Vicente St.	6.4% Slope	9722   	Pct 9722	9722   		33  
2020NOVGEN	3447	9709 - 1877 17th Ave		Garage	1877 17th Ave	Between Noriega And Ortega St	2.6% Slope	9709   	Pct 9709	9709   		32  
2020NOVGEN	3448	9734 - 19 Maywood Dr		Garage	19 Maywood Dr	Between Yerba Buena And Ravenwood	5.9% Slope	9734   	Pct 9734	9734   		33  
2020NOVGEN	3451	7349 - 333 Bush St		333 Bush Street - Lobby	333 Bush St	Between Kearny St & Trinity Pl	4.9% Slope	7349   	Pct 7349	7349   		12  
2020NOVGEN	3452	9425 - 3223 Ortega St		Ortega Branch Library - Program Room	3223 Ortega St	Between 39th And 40th Ave	3.0% Slope	9425   	Pct 9425	9425   		26  
2020NOVGEN	3455	7615 - 290 Turk St		Hospitality House	290 Turk St	Btw Leavenworth & Jones	8.3% Slope	7615   	Pct 7615	7615   		14  
2020NOVGEN	3456	9139 - 3245 Cabrillo St		Garage	3245 Cabrillo St	Between 33rd And 34th Aves	3.8% Slope	9139   	Pct 9139	9139   		23  
2020NOVGEN	3457	7056 - 1275 Minnesota St		Minnesota Street Project - Lounge	1275 Minnesota St	Btw 23rd & 24th Sts	0.4% Slope	7056   	Pct 7056	7056   		6  
2020NOVGEN	3458	7654 - 1390 Market St		Fox Plaza - Fitness Center	1390 Market St	Enter On Polk Btw Market & Hayes	8.3% Slope - Ramped Access	7654   	Pct 7654	7654   		14  
2020NOVGEN	3462	7947 - 311 Gaven St		Garage	311 Gaven St	Btw Boylston & Bowdoin Sts	8.1% Slope	7947   	Pct 7947	7947   		19  
2020NOVGEN	3466	7022 - 1598 Oakdale Ave		Joseph Lee Rec Center - Gymnasium	1598 Oakdale Ave	Enter On Newcomb Ave Btw Mendell & Lane Sts	2.6% Slope	7022   	Pct 7022	7022   		6  
2020NOVGEN	3470	9148 - 700 3rd Ave		Garage	700 3rd Ave	Entrance On Cabrillo Btw 2nd & 3rd Avenues	1.7% Slope	9148   	Pct 9148	9148   		23  
2020NOVGEN	3476	7501 - 80 Wilmot St.		Garage	80 Wilmot St	Enter Wilmot St At Fillmore St.	1.5% Slope	7501   	Pct 7501	7501   		13  
2020NOVGEN	3479	7612 - 627 Turk St		Tenderloin Community School - Lobby	627 Turk St	Btw Van Ness & Polk	1.8% Slope	7612   	Pct 7612	7612   		14  
2020NOVGEN	3480	7957 - 801 University St.		Garage	801 University St	Corner Of University & Olmstead	7.3% Slope	7957   	Pct 7957	7957   		19  
2020NOVGEN	3481	7816 - 130 Douglass St		Garage	130 Douglass St	Btw Market & 17th Sts	6.1% Slope	7816   	Pct 7816	7816   		18  
2020NOVGEN	3484	9753 - 50 Frida Kahlo Way		City College - Visual Arts Building - Lobby	50 Frida Kahlo Way	Enter On Judson Btw Gennessee & Forester	8.3% Slope - Ramped Access	9753   	Pct 9753	9753   		33  
2020NOVGEN	3485	7823 - 3887 17th St		Garage	3887 17th St	Btw Noe & Sanchez	5.1% Slope	7823   	Pct 7823	7823   		18  
2020NOVGEN	3486	7857 - 1165 Dolores St		Garage	1165 Dolores St	Btw Jersey & 25th St	3% Slope	7857   	Pct 7857	7857   		18  
2020NOVGEN	3487	9741 - 1 North State Dr		Annex 1 - Student Event Center	1 North State Dr	Between Lake Merced Blvd And Campus Cir	7.1% Slope	9741   	Pct 9741	9741   		33  
2020NOVGEN	3488	9151 - 281 Masonic Ave		Leo T Mc Carthy Center - Room 116	281 Masonic Ave	Btw Turk St & Ewing Terrace	8.3% Slope - Ramped Access - No Parking Avail	9151   	Pct 9151	9151   		23  
2020NOVGEN	3489	7851 - 96 Turquoise Way		Garage	96 Turquoise Way	Between Amber & Quartz	1.0% Slope	7851   	Pct 7851	7851   		18  
2020NOVGEN	3491	9101 - 110 Seal Rock Dr		Garage	110 Seal Rock Dr	Btw Alta Mar & El Camino Del Mar	3.9% Slope	9101   	Pct 9101	9101   		23  
2020NOVGEN	3496	7209 - 1337 Sutter St		Lighthouse Church - Main Lobby	1337 Sutter St	Btw Van Ness & Franklin	0.5% Slope	7209   	Pct 7209	7209   		10  
2020NOVGEN	3498	7955 - 430 Somerset St		Garage	430 Somerset St	Btw Bacon & Wayland	2.5% Slope	7955   	Pct 7955	7955   		19  
2020NOVGEN	3499	7919 - 3359 26th St		The Laundry	3359 26th St	Btw Mission & Capp	0.4% Slope	7919   	Pct 7919	7919   		19  
2020NOVGEN	3506	7922 - 3059 25th St		Garage	3059 25th St	Btw Alabama & Harrison	7% Slope	7922   	Pct 7922	7922   		19  
2020NOVGEN	3507	9727 - 2690 Ocean Ave		Unity Spiritual Center	2690 Ocean Ave	Btw 19th Ave & Lagunitas Dr	5.6% Slope	9727   	Pct 9727	9727   		33  
2020NOVGEN	3508	1132 - 143 Pope St		Garage	143 Pope St	Between Cross & Morse	7.7% Slope	1132   	Pct 1132	1132   		2  
2020NOVGEN	3509	7538 - 141 Scott St		Garage	141 Scott St	Btw Waller & Haight	5.0% Slope	7538   	Pct 7538	7538   		13  
2020NOVGEN	3510	7627 - 115 Steuart St		The Commonwealth Club	115 Steuart St	Btw Mission & Howard	0.7% Slope	7627   	Pct 7627	7627   		15  
2020NOVGEN	3512	7206 - 1928 Webster St		Garage	1928 Webster St	Btw California & Pine	1.5% Slope	7206   	Pct 7206	7206   		10  
2020NOVGEN	3514	9415 - 1422 23rd Ave		Garage	1422 23rd Ave	Btw Judah And Kirkham	2.2% Slope	9415   	Pct 9415	9415   		26  
2020NOVGEN	3515	9736 - 32 Burlwood St		Garage	32 Burlwood Dr	Enter On Los Palmos Near Burlwood	6.9% Slope	9736   	Pct 9736	9736   		33  
2020NOVGEN	3517	1107 - 400 Sargent St (loc 1116)		Jose Ortega Elementary School - Lobby	400 Sargent St	Btw Arch And Ramsell Sts	8.2% Slope	1107   	Pct 1107	1107   		2  
2020NOVGEN	3518	9746 - 105 Aptos Ave (loc 9728)		Aptos Middle School - Auditorium Lobby	105 Aptos Ave	Corner Of Aptos & Upland	4.5% Slope	9746   	Pct 9746	9746   		33  
2020NOVGEN	3522	1134 - 39 Naylor St		Garage	39 Naylor St	Corner Of Prague And Naylor	8.0% Slope	1134   	Pct 1134	1134   		2  
2020NOVGEN	3523	7641 - 501 3rd St		Gallery 16	501 3rd St	Enter On Bryant Between 3rd And Jack London Alley	8.0% Slope	7641   	Pct 7641	7641   		15  
2020NOVGEN	3530	7833 - 708 Guerrero St.		Garage	708 Guerrero St	Btw 19th St & Cumberland St	6.3% Slope	7833   	Pct 7833	7833   		18  
2020NOVGEN	3532	7811 - 170 Valencia St		S F Gay Men's Chorus - Lobby	170 Valencia St	Btw Mc Coppin & Duboce	4.4% Slope	7811   	Pct 7811	7811   		18  
2020NOVGEN	3534	7815 - 40 Danvers St		Garage	40 Danvers St	Btw Merritt & Market Sts	6.3% Slope	7815   	Pct 7815	7815   		18  
2020NOVGEN	3535	7023 - 3 Carpenter Ct		Garage	3 Carpenter Ct	Cul DE Sac Off Whitney Young Cir	4.6% Slope	7023   	Pct 7023	7023   		6  
2020NOVGEN	3536	7867 - 291 Sussex St		Garage	291 Sussex St	Btw Swiss & Conrad	3.5% Slope	7867   	Pct 7867	7867   		18  
2020NOVGEN	3537	9145 - 632 11th Ave		Garage	632 11th Ave	Btw Cabrillo & Balboa St's	1.5% Slope	9145   	Pct 9145	9145   		23  
2020NOVGEN	3538	1117 - 265 Minerva St		Garage	265 Minerva St	Btw Capitol & Orizaba St	2.7% Slope	1117   	Pct 1117	1117   		2  
2020NOVGEN	3542	9426 - 1859 34th Ave		Garage	1859 34th Ave	Btw Noriega & Ortega St	4.7% Slope	9426   	Pct 9426	9426   		26  
2020NOVGEN	3545	7872 - 2825 Diamond St		Glen Park Library - Program Room	2825 Diamond St	Btw Bosworth & Kern	0.3% Slope	7872   	Pct 7872	7872   		18  
2020NOVGEN	3546	7546 - 728 Cole St		Eco-home - Garage	728 Cole St	Btw Beulah & Waller	2.6% Slope	7546   	Pct 7546	7546   		13  
2020NOVGEN	3549	7904 - 351 Shotwell St.		O D C Dance Commons	351 Shotwell St	Btw 17th & 18th Sts	1.2% Slope	7904   	Pct 7904	7904   		19  
2020NOVGEN	3550	7817 - 1 Jose Sarria Ct		Harvey Milk Memorial Branch Library	1 Jose Sarria Ct	Enter 16th St. Btw Pond & Prosper St	4.1% Slope	7817   	Pct 7817	7817   		18  
2020NOVGEN	3551	9127 - 558 17th Ave		Garage	558 17th Ave	Btw Anza & Balboa Sts	2.6% Slope	9127   	Pct 9127	9127   		23  
2020NOVGEN	3552	7047 - 2189 Bayshore Blvd (loc 7052)		Pure Skinz Aesthetics	2189 Bayshore Blvd, Suite101	Corner Of Blanken & Bayshore	2.2% Slope	7047   	Pct 7047	7047   		7  
2020NOVGEN	3553	1121 - 301 Naglee St		Cayuga Playground Clubhouse	301 Naglee Ave	Corner Of Cayuga &naglee	3.4% Slope	1121   	Pct 1121	1121   		2  
2020NOVGEN	3555	1102 - 430 Capistrano Ave		Garage	430 Capistrano Ave	Btw San Juan & Santa Ynez	5.7% Slope	1102   	Pct 1102	1102   		1  
2020NOVGEN	3556	7552 - 1057 Ashbury St		Garage	1057 Ashbury St	Btw Downey & Clayton	1.5% Slope	7552   	Pct 7552	7552   		13  
2020NOVGEN	3558	7017 - 325 Newhall St.		S F Firefighters Union Hall	325 Newhall St	Btw Mendell & Evans	5.5% Slope	7017   	Pct 7017	7017   		6  
2020NOVGEN	3561	9723- 472 Country Club Dr		Garage	472 Country Club Dr	Btw Country Club & Huntington	4.6% Slope	9723   	Pct 9723	9723   		33  
2020NOVGEN	3563	7925 - 3465 Cesar Chavez St		Cleanerific - Storage Room	3465 Cesar Chavez St	Btw Valencia & Mission	4.8% Slope	7925   	Pct 7925	7925   		19  
2020NOVGEN	3564	9507 - 915 Broderick St		Garage	915 Broderick St	Btw Golden Gate & Turk	5.8% Slope	9507   	Pct 9507	9507   		29  
2020NOVGEN	3566	7874 - 99 Bosworth St		Garage	99 Bosworth St	Enter On Marsily Near Bosworth	1.6% Slope	7874   	Pct 7874	7874   		18  
2020NOVGEN	3568	7908 - 2401 Mission St		New Harmony Cafe	2401 Mission St	Btw 20th & 21st Streets	0.5% Slope	7908   	Pct 7908	7908   		19  
2020NOVGEN	3569	7924 - 2773 24th St		Brava Theater - Cabaret Room	2773 24th St	Btw York & Hampshire	7.0% Slope	7924   	Pct 7924	7924   		19  
2020NOVGEN	3570	7526 - 449 Octavia St		Miette Patisserie	449 Octavia St	Enter On Linden Btw Octavia & Laguna	0.5% Slope	7526   	Pct 7526	7526   		13  
2020NOVGEN	3572	1119 - 2584 San Jose Ave		Garage	2584 San Jose Ave	Btw Mt. Vernon & Lakeview	6.3% Slope	1119   	Pct 1119	1119   		2  
2020NOVGEN	3573	9237 - 2929 Clay St		Garage	2929 Clay St	Btw Divisadero & Broderick	1.4% Slope	9237   	Pct 9237	9237   		24  
2020NOVGEN	3574	9241 - 1977 Pacific Ave		Garage	1977 Pacific Ave	Btw Gough & Octavia	4.8% Slope	9241   	Pct 9241	9241   		24  
2020NOVGEN	3575	9721 - 44 Vasquez Ave		Garage	44 Vasquez Ave	Btw Balceta Ave & Laguna Honda	5.8% Slope	9721   	Pct 9721	9721   		33  
2020NOVGEN	3576	7949 - 1315 Silliman St		Garage	1315 Silliman St	Btw Yale & Cambridge	0.9% Slope	7949   	Pct 7949	7949   		19  
2020NOVGEN	3577	1145 - 250 Athens St		Garage	250 Athens St	Btw Avalon & Excelsior	5.0% Slope	1145   	Pct 1145	1145   		3  
2020NOVGEN	3578	7345 - 524 Sutter St (loc 7348)		Cartwright Hotel - Conference Room	524 Sutter St	Btw Powell & Mason	2.5% Slope	7345   	Pct 7345	7345   		12  
2020NOVGEN	3579	9752 - 188 Ridgewood Ave		Garage	188 Ridgewood Ave	Btw Monterey & Hearst	1.2% Slope	9752   	Pct 9752	9752   		33  
2020NOVGEN	3580	9724 - 111 Westmoorland Dr		Garage	111 Westmoorland Dr	Btw Ocean & Euclayptus	3.3% Slope	9724   	Pct 9724	9724   		33  
2020NOVGEN	3581	7527/28 - 333 Baker St		Mercy Terrace - Rec Room	1555 Hayes St	Btw Baker & Lyon	6.2% Slope	7527   	Pct 7527/7528	7527   		13  
2020NOVGEN	3581	7527/28 - 333 Baker St		Mercy Terrace - Rec Room	1555 Hayes St	Btw Baker & Lyon	6.2% Slope	7527   	Pct 7527/7528	7528   		13  
2020NOVGEN	3582	7812 - 145 Guerrero St		St. Francis Of Assisi - Garage	145 Guerrero St	Enter On Brosnan St Btw Guerrero & Valencia	4.8% Slope	7812   	Pct 7812	7812   		18  
2020NOVGEN	3583	9422 - 1700 Lawton St		Garage	1700 Lawton St	Btw 23rd & 24th Ave	1.8% Slope	9422   	Pct 9422	9422   		26  
2020NOVGEN	3584	9707 - 566 Ortega St		Garage	566 Ortega St	Btw 11th & 14th Aves	2.6% Slope	9707   	Pct 9707	9707   		32  
2020NOVGEN	3585	9135 - 4411 Cabrillo St (loc 9136)		The Butterfly Joint	4411 Cabrillo St	Btw 45th & 46th Ave	8.3% Slope Ramped Entrance	9135   	Pct 9135	9135   		23  
2020NOVGEN	3586	9735 - 256 Casitas Ave		Garage	256 Casitas Ave	Btw Lansdale & Cresta Vista	8.2% Slope	9735   	Pct 9735	9735   		33  
2020NOVGEN	3587	9755 - 277 Monterey Blvd		Garage	277 Monterey Blvd	Btw Congo & Baden	3.8% Slope	9755   	Pct 9755	9755   		34  
2020NOVGEN	3589	7929 - 3125 Mission St (loc 7926)		Mission Workforce Development - Career Link Center	3125 Mission St	Btw Cesar Chavez & Precita	2.2% Slope	7929   	Pct 7929	7929   		19  
2020NOVGEN	3591	1136 - 8 Chicago Way		Garage	8 Chicago Way	Btw Lapham Way & End Of Cul DE Sac	2.8% Slope	1136   	Pct 1136	1136   		2  
2020NOVGEN	3592	7614 - 234 Hyde St		Faithful Fools	234 Hyde St	Btw Eddy & Turk	0.1% Slope	7614   	Pct 7614	7614   		14  
2020NOVGEN	3593	7702 - 280 Olympia Way (loc 7704)		Midtown Terrace Clubhouse	280 Olympia Way	Enter On Clarendon Near Olympia Way	7.0% Slope	7702   	Pct 7702	7702   		16  
2020NOVGEN	3594	7701 - 1 Crestmont Dr (loc 7702)		Garage	1 Crestmont Dr	Btw Christopher & Devonshire	2.3% Slope	7701   	Pct 7701	7701   		16  
2020NOVGEN	3603	9428 - 1690 21st Ave (loc 9422)		Sunset Bible Assembly Of God	1690 21st Ave	Btw Lawton & Moraga	0.6 Slope	9428   	Pct 9428	9428   		26  
2020NOVGEN	3604	9228 - 90 25th Ave		Garage	90 25th Ave	Btw El Camino Del Mar & Scenic	4.1% Slope	9228   	Pct 9228	9228   		24  
2020NOVGEN	3605	7001 - 1798 Bryant St		Mc Calls Catering & Events - Lobby	1798 Bryant St	Btw 16th & 17th	6.9% Slope	7001   	Pct 7001	7001   		5  
2020NOVGEN	3606	7626 - 736 Mission St		Contemporary Jewish Museum	736 Mission St	Enter On Yerba Buena Ln Btw Mission & Market	1.4% Slope	7626   	Pct 7626	7626   		14  
2020NOVGEN	3607	9708 - 421 Moraga St		Garage	421 Moraga St	Btw 10th & 11th Ave	3.8% Slope	9708   	Pct 9708	9708   		32  
2020NOVGEN	3608	9106 - 142 20th Ave		Garage	142 20th Ave	Btw Lake & California	4.9% Slope	9106   	Pct 9106	9106   		23  
2020NOVGEN	3609	7052 - 27 Blanken Ave		Garage	27 Blanken Ave	Btw Bayshore & Tunnel	5.4% Slope	7052   	Pct 7052	7052   		7  
2020NOVGEN	3610	7953 - 506 Yale St		Garage	506 Yale St	Near Corner Of Yale & Wayland	2.1% Slope	7953   	Pct 7953	7953   		19  
2020NOVGEN	3611	7903 - 3042 16th St		Altamont Hotel - Storefront	3042 16th St	Btw Julian & Wiese	5.9% Slope	7903   	Pct 7903	7903   		19  
2020NOVGEN	3612	7936 - 267 Anderson St		Garage	267 Anderson St	Btw Cortland & Eugenia	1.5% Slope	7936   	Pct 7936	7936   		19  
2020NOVGEN	3613	7346 - 982 Post St		Hero Shop	982 Post St	Btw Larkin & Hyde	2.9% Slope	7346   	Pct 7346	7346   		12  
2020NOVGEN	3614	7707 - 2 El Sereno Ct		Garage	2 El Sereno Ct	Cul DE Sac At El Sereno & Rio CT	2.0% Slope	7707   	Pct 7707	7707   		17  
2020NOVGEN	3615	7512 - 1055 Fillmore St		Eritrean Community Center	1055 Fillmore St	Btw Golden Gate & Mcallister	4.1% Slope	7512   	Pct 7512	7512   		13  
2020NOVGEN	3616	7309 - 1429 Green St		Garage	1429 Green St	Btw Van Ness & Polk	1.3% Slope	7309   	Pct 7309	7309   		11  
2020NOVGEN	3617	9434 - 3350 Santiago St (loc 9435)		Garage	3350 Santiago St	Btw 44th & 45th Ave	4.9% Slope	9434   	Pct 9434	9434   		26  
2020NOVGEN	3618	1142 - 101 Madrid St (loc 1144)		Garage	101 Madrid St	Btw Peru & Avalon	7.4% Slope	1142   	Pct 1142	1142   		3  
2020NOVGEN	3619	7657 - 290 Channel St (loc 7653)		Mission Creek Park Pavilion	290 Channel St	Btw El Dorado N & 4th St	3.1% Slope	7657   	Pct 7657	7657   		15  
2020NOVGEN	3620	7656 - 501 The Embarcadero		I D E O	501 The Embarcadero	Btw Bryant & Harrison	8.3% Slope - Ramped Access	7656   	Pct 7656	7656   		15  
2020NOVGEN	3621	7316 - 504 Broadway St		Osmanthus Dim Sum	504 Broadway St	Btw Kearny & Romolo	2.4% Slope	7316   	Pct 7316	7316   		11  
2020NOVGEN	3622	9438 1415 Quintara St (loc 9439)		Lincoln H. S. - Auditorium	1415 Quintara St	Btw 23rd & 24th Ave	7.8% Slope On Ramp	9438   	Pct 9438	9438   		26  
2020NOVGEN	3623	9433 - 2135 22nd Ave (loc 9439)		Lincoln High School - Lobby Of Gym	2135 22nd Ave	Btw Quintara & Rivera	6.0% Ramped Access	9433   	Pct 9433	9433   		26  
2020NOVGEN	3624	9747 - 55 Borica St		Garage	55 Borica St	Btw Holloway & Urbano	3.8% Slope	9747   	Pct 9747	9747   		33  
2020NOVGEN	3626	9207 - 2248 Francisco St		Garage	2248 Francisco St	Btw Scott & Divisadero	3.2% Slope	9207   	Pct 9207	9207   		24  
2020NOVGEN	3627	7334 - 1150 Hyde St		Garage	1150 Hyde St	Btw California & Sacramento	4.9% Slope	7334   	Pct 7334	7334   		12  
2020NOVGEN	3628	9223 - 2151 Green St		Garage	2151 Green St	Btw Fillmore & Webster	4.4% Slope	9223   	Pct 9223	9223   		24  
2020NOVGEN	3629	9124 - 479 23rd Ave (loc 9107)		Garage	479 23rd Ave	Btw Geary & Anza	2.3% Slope	9124   	Pct 9124	9124   		23  
2020NOVGEN	3630	7628 - 398 12th St		S F Eagle	398 12th St	Btw Harrison & Bernice	4.1% Slope	7628   	Pct 7628	7628   		14  
2020NOVGEN	3631	1111 - 315 Holloway Ave		Garage	315 Holloway Ave	Btw Plymouth & Granada	7.1% Slope	1111   	Pct 1111	1111   		2  
2020NOVGEN	3632	9408 - 1346 20th Ave		Garage	1346 20th Ave	Btw Judah & Irving	2.5% Slope	9408   	Pct 9408	9408   		26  
2020NOVGEN	3635	7711 - 588 Monterey Blvd		Friends Bar	588 Monterey Blvd	Btw Edna & Foerster	4.1% Slope	7711   	Pct 7711	7711   		16  
2020NOVGEN	3636	9705 - 1651 9th Ave		Garage	1651 9th Ave	Btw Moraga & Lawton	8.3% Slope	9705   	Pct 9705	9705   		32  
2020NOVGEN	3637	9401 - 1295 48th Ave		Garage	1295 48th Ave	Btw Irving & Lincoln	3.3% Slope	9401   	Pct 9401	9401   		26  
2020NOVGEN	3638	7348 - 1 Grant Ave		The Museum Of Ice Cream	1 Grant Ave	Btw O' Farrell & Geary	2.4% Slope	7348   	Pct 7348	7348   		12  
2020NOVGEN	3639	9403 - 1279 41st Ave		Garage	1279 41st Ave	Btw Irving & Lincoln	6.5% Slope	9403   	Pct 9403	9403   		26  
2020NOVGEN	3640	9234 - 415 Presidio Ave (9253)		Jewish Community Center - Fitness Center	415 Presidio Ave	Btw California & Sacramento	1.7% Slope	9234   	Pct 9234	9234   		24  
2020NOVGEN	3641	9113 - 4620 California St		St James Episcopal Church - Parish Hall	4620 California St	Btw 8th & 9th Ave	6.8% Slope	9113   	Pct 9113	9113   		23  
2020NOVGEN	3642	7506 - 1522 Fillmore St		Boba Guys	1522 Fillmore St	Btw Geary & O'farrell	12% Slope For 2 Ft - Ramped Access - Curbside Voting Avail	7506   	Pct 7506	7506   		13  
2020NOVGEN	3643	7905 - 701 Alabama St		Mission Language And Vocational School	701 Alabama St	Btw 19th & 20th St	1.7% Slope	7905   	Pct 7905	7905   		19  
2020NOVGEN	3644	7534 - 1530 Page St (loc 7535)		Urban School Of S. F. - Gym	1530 Page St	Btw Masonic & Ashbury	8.3% Slope - Ramped Access	7534   	Pct 7534	7534   		13  
2020NOVGEN	3646	7021 - 1601 Mckinnon Ave (loc 7022)		Providence Baptist Church - Gym	1601 Mckinnon Ave	3rd St & Mendell	0.8% Slope	7021   	Pct 7021	7021   		6  
2020NOVGEN	3647	7603 - 838 Geary St (7602)		Book & Job Gallery	838 Geary St	Btw Larkin & Hyde	2.3%slope	7603   	Pct 7603	7603   		14  
2020NOVGEN	3648	1126 - 5833 Mission St (loc 1129)		S F Christian Center	5833 Mission St	Btw Acton & Lawrence	3.8% Slope	1126   	Pct 1126	1126   		2  
2020NOVGEN	3649	7911 - 3030 20th St		Southern Exposure	3030 20th St	Enter On Alabama Btw 19th & 20th Sts	1.7% Slope	7911   	Pct 7911	7911   		19  
2020NOVGEN	3650	9414 - 1570 31st Ave (loc 9419)		Lawton School - Cafeteria	1570 31st Ave	Btw Kirkham & Lawton	7.0% Slope	9414   	Pct 9414	9414   		26  
2020NOVGEN	3651	7927 - 3125 Cesar Chavez St		Leonard Flynn School - Auditorium	3125 Cesar Chavez St	Enter On Harrison Between Precita & Cesar Chavez	8.3% Slope Ramped Access	7927   	Pct 7927	7927   		19  
2020NOVGEN	3652	7323 - 1801 Polk St		Store Front	1801 Polk St	Btw Jackson & Washington	4.0% Slope	7323   	Pct 7323	7323   		12  
2020NOVGEN	3653	9239 - 2019 Pacific Ave		Garage	2019 Pacific Ave	Btw Laguna & Octavia	3.1% Slope	9239   	Pct 9239	9239   		24  
2020NOVGEN	3654	9801 - 293 Cayuga Ave		Garage	293 Cayuga Ave	Btw Tingley & Gorham	5% Slope	9801   	Pct 9801	9801   		35  
2020NOVGEN	3655	7532 - 201 Franklin St (loc 7526)		S F Jazz Center	201 Franklin St	Enter On Fell Btw Gough & Franklin	3.2% Slope	7532   	Pct 7532	7532   		13  
2020NOVGEN	3656	9102 - 100 34th Ave		Legion Of Honor - Cafe	100 34th Ave	Enter Off El Camino Del Mar At Legion Of Honor Dr	8.3% Slope	9102   	Pct 9102	9102   		23  
2020NOVGEN	3657	7834 - 3590 19th St		Apartamentos De La Esperanza - Garage	3590 19th St	Enter Off Guerrero Btw 18th & 19th Sts	8.3% Slope	7834   	Pct 7834	7834   		18  
2020NOVGEN	3658	1128 - 55 Mount Vernon Ave		Garage	55 Mount Vernon Ave	Btw Ellington & Del Monte	8.2% Slope	1128   	Pct 1128	1128   		2  
2020NOVGEN	3659	7637 - 333 Harrison St		Rincon Green Apartments - Lobby	333 Harrison St	Btw Beale & Fremont	4.5% Slope	7637   	Pct 7637	7637   		15  
2020NOVGEN	3660	7505 - 1691 Laguna St (loc 7504)		Soto Mission Of San Francisco Temple	1691 Laguna St	Btw Sutter & Post	2.9% Slope	7505   	Pct 7505	7505   		13  
2020NOVGEN	3661	1122 - 2301 San Jose Ave		Geneva Powerhouse	2301 San Jose Ave	Btw Geneva & Niagara	2.2% Slope	1122   	Pct 1122	1122   		2  
2020NOVGEN	3662	7862 - 1532 Church St		Garage	1532 Church St	Btw 27th St & Duncan St	8.1% Slope	7862   	Pct 7862	7862   		18  
2020NOVGEN	3663	7535 - 1260 Haight St		Garage	1260 Haight St	Btw Central & Lyon	7.9% Slope	7535   	Pct 7535	7535   		13  
2020NOVGEN	3664	9444 - 2650 42nd Ave (loc 9443)		Ulloa Elementary School - Lobby	2650 42nd Ave	Btw Vicente & Wawona	8.3% Slope Ramped Access	9444   	Pct 9444	9444   		26  
2020NOVGEN	3665	7859 - 541 Duncan St		Garage	541 Duncan St	Btw Castro & Dead End Of Duncan Sts	2.9% Slope	7859   	Pct 7859	7859   		18  
2020NOVGEN	3666	7824 - 177 Hancock St (loc 7832)		Garage	177 Hancock St	Btw Noe & Sanchez	1.8% Slope	7824   	Pct 7824	7824   		18  
2020NOVGEN	3667	7932 - 210 Holladay Ave		Garage	210 Holladay Ave	Btw York & Costa	2.9% Slope	7932   	Pct 7932	7932   		19  
2020NOVGEN	3668	7347 - 490 Geary St		Warwick San Francisco - Lounge	490 Geary St	Btw Taylor & Mason	3.9% Slope	7347   	Pct 7347	7347   		12  
2020NOVGEN	3669	7631 - 935 Folsom St		Firehouse #1	935 Folsom St	Btw 5th St & Falmouth	1.3% Slope	7631   	Pct 7631	7631   		14  
2020NOVGEN	3670	9756 - 3931 Alemany Blvd		Ocean View Shopping Center - Storefront	3931 Alemany Blvd, #2003	Btw Worcester & St Charles	8.3% Slope	9756   	Pct 9756	9756   		33  
2020NOVGEN	3671	7655 - 301 Howard St		Joe & The Juice	301 Howard St	Corner Of Howard & Beale St	1.6% Slope	7655   	Pct 7655	7655   		15  
2020NOVGEN	3673	7204 - 2424 Larkin St		Garage	2424 Larkin St	Btw Filbert & Greenwich	1.5% Slope	7204   	Pct 7204	7204   		9  
2020NOVGEN	3674	7912 - 2665 Mission St		Gray Area - Lobby	2665 Mission St	Btw 22nd & 23rd Sts	3.6% Slope	7912   	Pct 7912	7912   		19  
2020NOVGEN	3675	7624 - 929 Market St		Shiekh Shoes	929 Market St	Btw Market & 5th St	2.2% Slope	7624   	Pct 7624	7624   		14  
