https://sfelections.sfgov.org/sites/default/files/Documents/ElectionsArchives/2020/Nov/PODJ011_PollingPlaces_20200928.txt	PODJ011
https://sfelections.sfgov.org/sites/default/files/Documents/ElectionsArchives/2020/Nov/ConsolDistBT_20200814_NoDups.txt	ConsolDistBT
https://sfelections.sfgov.org/sites/default/files/Documents/ElectionsArchives/2020/Nov/CFMJ001_ContestCandidateData.txt	CFMJ001_ContestCandidateData
https://sfelections.sfgov.org/sites/default/files/Documents/ElectionsArchives/2020/Nov/CFMJ008_MeasureData.txt	CFMJ008
https://sfelections.sfgov.org/sites/default/files/Documents/ElectionsArchives/2020/Nov/EWMJ014_ContestBalTypeXref.txt	EWMJ014
https://sfelections.sfgov.org/sites/default/files/Documents/ElectionsArchives/2020/Nov/CFMContestData.txt	CFMJ001_ContestData
https://sfelections.sfgov.org/sites/default/files/Documents/ElectionsArchives/OpenData/PDMJ001_DistPctExtract_20200930.txt	PDMJ001
https://sfelections.sfgov.org/sites/default/files/Documents/ElectionsArchives/OpenData/SGMJ001_StreetExtract_20200930.txt	SGMJ001
