iMeasureID	sDesignation	szMeasureAbbr1	szMeasureAbbr2	iBallotPosition1	iBallotPosition2	dtDateReceived	szReceivedBy	szRemarks	szFilerTitle	szFilerName	szFilerFirm	szFilerAddr1	szFilerAddr2	szFilerAddr3	szFilerAddr4	szFilerPhone	szFilerFax	szFilerEmail	szContactTitle	szContactName	szContactAddr1	szContactAddr2	szContactAddr3	szContactAddr4	szContactPhone	szContactFax	szContactEmail	szAttorneyTitle	szAttorneyName	szAttorneyAddr1	szAttorneyAddr2	szAttorneyAddr3	szAttorneyAddr4	szAttorneyPhone	szAttorneyFax	szAttorneyEmail	szResponseTitle1	szResponseTitle2	iSize	sStyle	szLegalNoticePubDesc	szDeliveryMethodDesc	szGroupHdg	szBallotHeading	szSubHeading	sDistrictID	szDistrictName	szElectionDesc	dtElectionDate
1801	A	Embarcadero Seawall Earthquake Safety Bond		1	2	8/15/2018																															Yes	No	0				MEASURES SUBMITTED TO THE VOTERS	CITY AND COUNTY PROPOSITIONS		*0	County Wide	November 6 2018 Consolidated General Election	11/6/2018
1802	B	City Privacy Guidelines		1	2	8/15/2018																															Yes	No	0				MEASURES SUBMITTED TO THE VOTERS	CITY AND COUNTY PROPOSITIONS	CITY OF SAN FRANCISCO	*0	County Wide	November 6 2018 Consolidated General Election	11/6/2018
1803	C	Additional Business Taxes to Fund Homeless Services		1	2	8/15/2018																															Yes	No	0				MEASURES SUBMITTED TO THE VOTERS	CITY AND COUNTY PROPOSITIONS	CITY OF SAN FRANCISCO	*0	County Wide	November 6 2018 Consolidated General Election	11/6/2018
1804	D	Additional Tax on Cannabis Businesses; Expanding the Businesses Subject to Business Taxes		1	2	8/15/2018																															Yes	No	0				MEASURES SUBMITTED TO THE VOTERS	CITY AND COUNTY PROPOSITIONS	CITY OF SAN FRANCISCO	*0	County Wide	November 6 2018 Consolidated General Election	11/6/2018
1805	E	Partial Allocation of Hotel Tax for Arts and Cultural Purposes		1	2	8/15/2018																															Yes	No	0				MEASURES SUBMITTED TO THE VOTERS	CITY AND COUNTY PROPOSITIONS	CITY OF SAN FRANCISCO	*0	County Wide	November 6 2018 Consolidated General Election	11/6/2018
