ELECTION	CONTESTID	CONTESTTITLE1	CONTESTTITLE2	NUMTOVOTFOR	TERMOFOFFICE	FILINGFEE	NUMOFCANDS	NUMQUALIFIEDCANDS	NUMTOVOTFOR	DECOFINTENT	FILINGEXTENSION	CANDSTMT	DISTRICTID	SUBDISTRICT	CONTESTPARTY
November 6 2018 Consolidated General Election	1010	UNITED STATES SENATE		1	6	3480	2	2	1	0	0	1	*0	0	
November 6 2018 Consolidated General Election	1020	US House of Rep	District 12	1	2	1740	2	2	1	0	0	1	CONG12	0	
November 6 2018 Consolidated General Election	1030	US House of Rep	District 13	1	2	1740	2	2	1	0	0	1	CONG13	0	
November 6 2018 Consolidated General Election	1040	US House of Rep	District 14	1	2	1740	2	2	1	0	0	1	CONG14	0	
November 6 2018 Consolidated General Election	1210	STATE ASSEMBLY MEMBER	District 19	1	2	952.91	2	2	1	0	0	1	ASSM19	0	
November 6 2018 Consolidated General Election	1310	STATE ASSEMBLY MEMBER	District 17	1	2	952.91	2	2	1	0	0	1	ASSM17	0	
November 6 2018 Consolidated General Election	4000	GOVERNOR		1	4	3479.74	2	2	1	0	0	1	CITY1	0	
November 6 2018 Consolidated General Election	4010	LIEUTENANT GOVERNOR		1	4	0	2	2	1	0	0	1	CITY1	0	
November 6 2018 Consolidated General Election	4020	SECRETARY OF STATE		1	4	2609.8	2	2	1	0	0	1	CITY1	0	
November 6 2018 Consolidated General Election	4030	CONTROLLER		1	4	2783.79	2	2	1	0	0	1	CITY1	0	
November 6 2018 Consolidated General Election	4040	TREASURER		1	4	0	2	2	1	0	0	1	CITY1	0	
November 6 2018 Consolidated General Election	4050	ATTORNEY GENERAL		1	4	3022.54	2	2	1	0	0	1	CITY1	0	
November 6 2018 Consolidated General Election	4060	INSURANCE COMMISSIONER		1	4	2783.79	2	2	1	0	0	1	CITY1	0	
November 6 2018 Consolidated General Election	4070	BOARD OF EQUALIZATION		1	4	0	2	2	1	0	0	1	EQUAL2	0	
November 6 2018 Consolidated General Election	4080	Superintendent of Public Instruction		1	4	3022.54	2	2	1	0	0	1	CITY1	0	
November 6 2018 Consolidated General Election	5030	ASSESSOR-RECORDER		1	4	3643.5	2	2	1	0	0	1	CITY1	0	
November 6 2018 Consolidated General Election	5060	PUBLIC DEFENDER		1	4	4019	1	1	1	0	0	1	CITY1	0	
November 6 2018 Consolidated General Election	5102	BOARD OF SUPERVISORS	DISTRICT 2	1	4	500	6	4	1	0	0	1	SUPV2	0	
November 6 2018 Consolidated General Election	5104	BOARD OF SUPERVISORS	DISTRICT 4	1	4	500	14	8	1	0	0	1	SUPV4	0	
November 6 2018 Consolidated General Election	5106	BOARD OF SUPERVISORS	DISTRICT 6	1	4	0	7	3	1	0	0	1	SUPV6	0	
November 6 2018 Consolidated General Election	5108	BOARD OF SUPERVISORS	DISTRICT 8	1	4	500	9	2	1	0	0	1	SUPV8	0	
November 6 2018 Consolidated General Election	5110	BOARD OF SUPERVISORS	DISTRICT 10	1	4	500	9	6	1	0	0	1	SUPV10	0	
November 6 2018 Consolidated General Election	6020	BART DIRECTOR	DISTRICT 8	1	4	0	9	6	1	0	1	0	BART8	0	
November 6 2018 Consolidated General Election	8520	Member, BoE		3	4	500	27	19	3	0	1	1	CITY1	0	
November 6 2018 Consolidated General Election	8540	Member, CCB		3	4	500	5	4	3	0	0	1	CITY1	0	
