ElectionAbbr	PollingSiteID	PollingSiteName	TableID	PollingPlaceDesc1	PollingPlaceDesc2	SamBalAddr1	SamBalAddr2	VotingPctID	VotingPctName	PollPlaceRegPctID	PollPlaceRegPctPortion	BallotTypeList
2018NOVGEN	0	MAIL BALLOT PRECINCT	 	MAIL BALLOT PRECINCT	 	 	 	1151   	Pct 1151 MB	1151   		4  
2018NOVGEN	0	MAIL BALLOT PRECINCT	 	MAIL BALLOT PRECINCT	 	 	 	1154   	Pct 1154 MB	1154   		4  
2018NOVGEN	0	MAIL BALLOT PRECINCT	 	MAIL BALLOT PRECINCT	 	 	 	7015   	Pct 7015 MB	7015   		5  
2018NOVGEN	0	MAIL BALLOT PRECINCT	 	MAIL BALLOT PRECINCT	 	 	 	7041   	Pct 7041 MB	7041   		5  
2018NOVGEN	0	MAIL BALLOT PRECINCT	 	MAIL BALLOT PRECINCT	 	 	 	7101   	Pct 7101 MB	7101   		7  
2018NOVGEN	0	MAIL BALLOT PRECINCT	 	MAIL BALLOT PRECINCT	 	 	 	7553   	Pct 7553 MB	7553   		12  
2018NOVGEN	0	MAIL BALLOT PRECINCT	 	MAIL BALLOT PRECINCT	 	 	 	7648   	Pct 7648 MB	7648   		13  
2018NOVGEN	0	MAIL BALLOT PRECINCT	 	MAIL BALLOT PRECINCT	 	 	 	7703   	Pct 7703 MB	7703   		14  
2018NOVGEN	0	MAIL BALLOT PRECINCT	 	MAIL BALLOT PRECINCT	 	 	 	7933   	Pct 7933 MB	7933   		17  
2018NOVGEN	0	MAIL BALLOT PRECINCT	 	MAIL BALLOT PRECINCT	 	 	 	7954   	Pct 7954 MB	7954   		18  
2018NOVGEN	0	MAIL BALLOT PRECINCT	 	MAIL BALLOT PRECINCT	 	 	 	7958   	Pct 7958 MB	7958   		17  
2018NOVGEN	0	MAIL BALLOT PRECINCT	 	MAIL BALLOT PRECINCT	 	 	 	9001   	Pct 9001 MB	9001   		19  
2018NOVGEN	0	MAIL BALLOT PRECINCT	 	MAIL BALLOT PRECINCT	 	 	 	9257   	Pct 9257 MB	9257   		22  
2018NOVGEN	0	MAIL BALLOT PRECINCT	 	MAIL BALLOT PRECINCT	 	 	 	9501   	Pct 9501 MB	9501   		26  
2018NOVGEN	0	MAIL BALLOT PRECINCT	 	MAIL BALLOT PRECINCT	 	 	 	9502   	Pct 9502 MB	9502   		27  
2018NOVGEN	0	MAIL BALLOT PRECINCT	 	MAIL BALLOT PRECINCT	 	 	 	9706   	Pct 9706 MB	9706   		28  
2018NOVGEN	0	MAIL BALLOT PRECINCT	 	MAIL BALLOT PRECINCT	 	 	 	9732   	Pct 9732 MB	9732   		29  
2018NOVGEN	0	MAIL BALLOT PRECINCT	 	MAIL BALLOT PRECINCT	 	 	 	9733   	Pct 9733 MB	9733   		30  
2018NOVGEN	0	MAIL BALLOT PRECINCT	 	MAIL BALLOT PRECINCT	 	 	 	9900   	Pct 9900 MB	9900   		33  
2018NOVGEN	0	MAIL BALLOT PRECINCT	 	MAIL BALLOT PRECINCT	 	 	 	9901   	Pct 9901 MB	9901   		34  
2018NOVGEN	0	MAIL BALLOT PRECINCT	 	MAIL BALLOT PRECINCT	 	 	 	9902   	Pct 9902 MB	9902   		35  
2018NOVGEN	11	1129 - 755 Morse St		School - Longfellow - Front Lobby	755 Morse St	Btw Mission & Lowell	3.5% slope	1129   	Pct 1129	1129   		2  
2018NOVGEN	21	1114 - 200 Onondaga Ave		Church - Balboa Baptist	200 Onondaga Ave	Corner Otsego & Onondaga	4.6% Slope	1114   	Pct 1114	1114   		1  
2018NOVGEN	28	1152 - 1261 Geneva Ave		Church - Geneva Avenue United Methodist	1261 Geneva Ave	Enter Btw Vienna & Athens	7.2% Slope	1152   	Pct 1152	1152   		3  
2018NOVGEN	32	1135 - 859 Prague St		Guadalupe Elementary - Hallway	859 Prague St	Enter At Corner Of Prague & Cordova	8.1% Slope - Ramped Access	1135   	Pct 1135	1135   		2  
2018NOVGEN	36	1104/05 - 62 Santa Rosa Avenue		Church - Corpus Christi	62 Santa Rosa Ave	Enter Off Alemany Blvd At Santa Rosa Ave	1.1% Slope	1104   	Pct 1104/1105	1104   		1  
2018NOVGEN	36	1104/05 - 62 Santa Rosa Avenue		Church - Corpus Christi	62 Santa Rosa Ave	Enter Off Alemany Blvd At Santa Rosa Ave	1.1% Slope	1104   	Pct 1104/1105	1105   		1  
2018NOVGEN	39	1144 - 260 Madrid St		School - Monroe - Multipurpose Room	260 Madrid St	Btw Avalon & Excelsior Ave	2.0% Slope	1144   	Pct 1144	1144   		3  
2018NOVGEN	55	1149- 325 La Grande Ave (loc 1151)		School - City Arts & Tech - Hallway	325 La Grande Ave	Between Persia And Brazil St.	8.3% Slope - Ramped Access	1149   	Pct 1149	1149   		3  
2018NOVGEN	61	7943 - 95 Justin Drive		Rec Center - St Marys	95 Justin Drive	Corner Of Justin Dr & Murray St	5.2% Slope	7943   	Pct 7943	7943   		17  
2018NOVGEN	65	7946 - 810 Silver Ave		School - Hillcrest - Auditorium	810 Silver Ave	Btw Cambridge And Yale Sts	8.3% Slope - Ramped Access	7946   	Pct 7946	7946   		17  
2018NOVGEN	66	7951 - 500 Felton Street		Palega Rec Center - Lobby	500 Felton St	Btw Hamilton St & Somerset St	6.3% Slope	7951   	Pct 7951	7951   		17  
2018NOVGEN	73	7037 - 1654 Sunnydale Ave		Sunnydale Development Community Room	1654 Sunnydale Ave	Corner Of  Santos	8.3% Slope Ramped Access	7037   	Pct 7037	7037   		6  
2018NOVGEN	77	7957 - 750 Mansell St		Garage	750 Mansell St	Between Bowdoin & Dartmouth St	6.7% Slope	7957   	Pct 7957	7957   		17  
2018NOVGEN	78	7039 - 70 Delta St		School - El Dorado - Cafeteria	70 Delta St	Btw Harkness Ave & Hamilton St	8.3% Slope Ramped Access	7039   	Pct 7039	7039   		6  
2018NOVGEN	91	7049 - 701 Sunnydale Ave		Church Of The Visitacion	701 Sunnydale Ave	Btw Rutland & Cora Sts	8.1% Slope Ramped Access	7049   	Pct 7049	7049   		6  
2018NOVGEN	106	9232 - 25 Lake St		Church - St John's Presbyterian - Lobby	25 Lake St	Enter At Corner Of Lake And Arguello	8.3% Slope - Ramped Access	9232   	Pct 9232	9232   		21  
2018NOVGEN	116	9253 - 3365 Sacramento St		Menorah Park- Conference Room	3365 Sacramento St	Between Walnut & Presidio Ave	3.3% Slope	9253   	Pct 9253	9253   		21  
2018NOVGEN	119	9117 - 499 41st Ave		Firehouse #34	499 41st Ave	Btw Geary Blvd & Pt. Lobos Ave	7.1% Slope	9117   	Pct 9117	9117   		20  
2018NOVGEN	121	9136 - 734 46th Ave		Garage	734 46th Ave	Between Balboa & Cabrillo	1.6% Slope	9136   	Pct 9136	9136   		20  
2018NOVGEN	133	9121 - 4545 Anza St		School - Lafayette - Auditorium	4545 Anza St	Enter Playground Off 36th Ave Btw Anza & Balboa Sts	8.3% Slope - Ramped Access	9121   	Pct 9121	9121   		20  
2018NOVGEN	138	9122 - 30th Avenue At Anza Street		Washington High School - Audit Lobby	600 32nd Ave	Enter 30th Ave At Anza St	7.4% Slope - Ramped Access	9122   	Pct 9122	9122   		20  
2018NOVGEN	148	9142 - 735 24th Ave		Academic & Professional Dev - Room 118	735 24th Ave	Btw Balboa & Cabrillo Sts	6.9% Slope	9142   	Pct 9142	9142   		20  
2018NOVGEN	150	9107 - 250 23rd Ave		School - Alamo Elementary - Lobby	250 23rd Ave - Use Entrance Nearest Clement	Between Clement & California Sts	3.7% Slope	9107   	Pct 9107	9107   		20  
2018NOVGEN	178	9146 - 701 8th Avenue		Church - Church Of Christ - Comm Rm	701 8th Ave	Btw Cabrillo & Fulton Sts	2.5% Slope	9146   	Pct 9146	9146   		20  
2018NOVGEN	181	9116 - 345 Arguello Blvd		Senior Housing - Community Room	345 Arguello Blvd	Btw Cornwall & Clement Sts	2.8% Slope	9116   	Pct 9116	9116   		20  
2018NOVGEN	185	9147 - 651 6th Avenue		School - Mccoppin - Cafeteria	651 6th Ave	Btw Cabrillo & Balboa Sts	3.7% Slope	9147   	Pct 9147	9147   		20  
2018NOVGEN	190	9249 - 460 Arguello Blvd		School - Roosevelt - Auditorium	460 Arguello Blvd	Enter schoolyard on Palm btw Geary and Euclid	8.3% slope	9249   	Pct 9249	9249   		21  
2018NOVGEN	192	9251 - 51 Commonwealth Ave		Church-St Gregory Armenian-Youth Hall	51 Commonwealth Ave	Between Euclid Ave & California St	5.4% Slope	9251   	Pct 9251	9251   		21  
2018NOVGEN	208	9507 - 350 Masonic Ave		Private School - San Francisco Day	350 Masonic Ave	Enter Off Golden Gate Btw Masonic & Central	6.3% Slope	9507   	Pct 9507	9507   		26  
2018NOVGEN	222	9417 - 1530 43rd Avenue		Francis Scott Key Elem. - Auditorium Lobby	1530 43rd Avenue	Enter At Corner Of 43rd And Kirkham	8.2% Ramped Access	9417   	Pct 9417	9417   		23  
2018NOVGEN	239	9419 - 1570 31st Ave		Lawton School - Auditorium	1570 31st Ave	Enter Off Lawton Between 30th And 31st Aves	5.0% Slope	9419   	Pct 9419	9419   		23  
2018NOVGEN	263	9427 - 1750 29th Ave		Episcopal Church Of The Incarnation	1750 29th Ave	Between Noriega & Moraga Streets	8.3% Slope - Ramped Access	9427   	Pct 9427	9427   		23  
2018NOVGEN	283	9443 - 2650 42nd Ave		School - Ulloa - Gymnasium	2650 42nd Ave	Enter Off Vicente Between 41st & 42nd Ave.	8.3% Slope - Ramped Access	9443   	Pct 9443	9443   		23  
2018NOVGEN	307	9439 - 2162 24th Ave		Abraham Lincoln School - Teachers' Lounge	2162 24th Ave	Between Rivera & Quintara	1.2% Slope	9439   	Pct 9439	9439   		23  
2018NOVGEN	315	9409 - 1725 Irving St		School - Jefferson - Auditorium	1725 Irving St	Btw 18th And 19th Aves	4.1% Slope	9409   	Pct 9409	9409   		24  
2018NOVGEN	318	9516 - 1390 14th Avenue		Church - St Annes	1390 14th Avenue	Between Irving And Judah	7.7% Slope - Ramped Access	9516   	Pct 9516	9516   		26  
2018NOVGEN	330	7701 - 8 Locksley Ave		Lobby Sunset Towers - Lobby	8 Locksley Ave	Btw Kirkham & Lawton Sts.	8.3% Slope	7701   	Pct 7701	7701   		14  
2018NOVGEN	331	9514/22- 1 Irving St		Lobby - U C S F Parking Garage	1 Irving St	Corner Arguello Blvd & Irving St	3.3% Slope	9514   	Pct 9514/9522	9514   		26  
2018NOVGEN	331	9514/22- 1 Irving St		Lobby - U C S F Parking Garage	1 Irving St	Corner Arguello Blvd & Irving St	3.3% Slope	9514   	Pct 9514/9522	9522   		26  
2018NOVGEN	348	9704 - 1541 12th Ave		School- Alice Fong Yu - Room 401	1541 12th Ave	Between Kirkham & Lawton	3.4% Slope	9704   	Pct 9704	9704   		29  
2018NOVGEN	364	7702 - 500 Clarendon Avenue		School - Clarendon - Lobby	500 Clarendon Ave	Btw Panorama Dr & Galewood Cir	8.3% Slope - Ramped Access	7702   	Pct 7702	7702   		14  
2018NOVGEN	366	7704 - 285 Olympia Way		Firehouse #20	285 Olympia Way	Corner Clarendon Ave & Olympia Way	3.2% Slope	7704   	Pct 7704	7704   		14  
2018NOVGEN	373	9713 - 2155 18th Ave		Firehouse #40	2155 18th Ave	Between Rivera & Quintara St	4.2% slope	9713   	Pct 9713	9713   		29  
2018NOVGEN	388	9731 - 1091 Portola Dr		Firehouse #39	1091 Portola Dr	On Portola at Marne & Miraloma	5.0% slope	9731   	Pct 9731	9731   		30  
2018NOVGEN	395	7706 - 175 Omar Way		Miraloma Elementary School - Gym	175 Omar Way	Btw Myra & Rockdale	5% Slope	7706   	Pct 7706	7706   		15  
2018NOVGEN	409	9727 - 3250 19th Avenue		Mercy High School - Theatre Lobby	3250 19th Ave	Enter Off 19th Ave Near Winston Dr	6.3% slope	9727   	Pct 9727	9727   		30  
2018NOVGEN	411	9728 - 105 Aptos Ave		School - Aptos Middle School - Room 231	105 Aptos Ave	Enter Off Upland Btw Aptos & San Aleso	3% Slope	9728   	Pct 9728	9728   		30  
2018NOVGEN	412	9742 - 300 Stonecrest Drive		Playground - Junipero Serra	300 Stonecrest Drive	Enter Stonecrest Dr Off Broadmoor Dr	8.3% Slope - Ramped Access	9742   	Pct 9742	9742   		30  
2018NOVGEN	439	7868 - 80 Digby Street		Firehouse #26	80 Digby St	Near Playground At Digby & Everson Sts	5% Slope	7868   	Pct 7868	7868   		16  
2018NOVGEN	446	7871 - 151 Lippard Ave		School - Glen Park - Auditorium	151 Lippard Ave	Btw  Bosworth & Joost Sts	5.5% Slope - Ramped Access	7871   	Pct 7871	7871   		16  
2018NOVGEN	450	7864 - 295 Day St		Upper Noe Recreation Center	295 Day St	Btw Sanchez & Church Sts	8% Slope - Ramped Access	7864   	Pct 7864	7864   		16  
2018NOVGEN	452	7865 - 65 Chenery St		School - Fairmont Elementary - Cafeteria	65 Chenery St	Enter Off Randall Btw Chenery & San Jose Sts	8.3% Slope	7865   	Pct 7865	7865   		16  
2018NOVGEN	453	7944 - 194 Park St		Firehouse #32	194 Park St	Corner Of Holly Park Circle & Park St	2.2% Slope	7944   	Pct 7944	7944   		17  
2018NOVGEN	461	7939 - 500 Cortland Ave		Bernal Heights Library - Community Room	500 Cortland Ave	Enter On Andover St. Btw Cortland & Moultrie	1.8% Slope	7939   	Pct 7939	7939   		17  
2018NOVGEN	474	9725 - 220 Middlefield Drive		Lakeshore Elementary - Multi Purpose Room	220 Middlefield Drive	Corner Of Eucalyptus & Middlefield	6% Slope - Ramped Access	9725   	Pct 9725	9725   		30  
2018NOVGEN	481	9739 - 350 Arballo Dr		Villas Park Merced - Lobby	350 Arballo Dr	Enter Between Vidal & Pinto Ave	7.6% slope	9739   	Pct 9739	9739   		30  
2018NOVGEN	485	9745 - 150 Font Blvd		Villas Park Merced - Lobby	150 Font Blvd	Btw Cambon & Chumasero Drive	8% Slope - Ramped Entrance	9745   	Pct 9745	9745   		30  
2018NOVGEN	486	9744 - 750 Gonzalez Dr		Villas Park Merced - Lobby	750 Gonzalez Dr	Between Bucareli And Rivas	8.3% Slope - Ramped Access	9744   	Pct 9744	9744   		30  
2018NOVGEN	492	1106 - 65 Beverly St		Church - Temple United Methodist	65 Beverly St	Enter Beverly Btw Shields & 19th Ave	2.8% Slope	1106   	Pct 1106	1106   		2  
2018NOVGEN	517	7016 - 1800 Oakdale Ave		C C S F - Southeast Campus	1800 Oakdale Ave	Between Quint St & Phelps St	6.1% Slope	7016   	Pct 7016	7016   		5  
2018NOVGEN	522	7025 - 410 Hawes Street		Church - Our Lady Of Lourdes	410 Hawes St	Btw Innes & Hunters Point Bl	5.3% Slope	7025   	Pct 7025	7025   		5  
2018NOVGEN	524	7018 - 45 Conkling Street		School - Thurgood Marshall - Auditorum	45 Conkling St	Between Silver Ave And Waterville St	8.3% Slope - Ramped Access	7018   	Pct 7018	7018   		5  
2018NOVGEN	528	7021 - 1711 Oakdale Ave		All Hallows Community - Lobby	1711 Oakdale Ave	At intersection of Newhall St.	5.5% Slope	7021   	Pct 7021	7021   		5  
2018NOVGEN	530	7027 - 50 Pomona St		School - Charles Drew - Cafeteria	50 Pomona St	Enter Pomona Btw Thornton & Bayview	3.6% Slope	7027   	Pct 7027	7027   		5  
2018NOVGEN	545	7034 - 1065 Oakdale Ave		Community Center - Multi Purpose Rm	1065 Oakdale Ave	Btw Ingalls & Griffith St	5.2% slope	7034   	Pct 7034	7034   		5  
2018NOVGEN	548	7026 - 2082 Bancroft Ave		Garage	2082 Bancroft Ave	Between Thornton Ave And Phelps St	2.9% Slope	7026   	Pct 7026	7026   		5  
2018NOVGEN	562	7054 - 1035 Gilman Avenue		School - Bret Harte - Auditorium	1035 Gilman Avenue	Btw Griffith & Hawes Sts	5.1% Slope	7054   	Pct 7054	7054   		5  
2018NOVGEN	569	9206 - 3630 Divisadero St		School - Claire Lilienthal Scott Campus - Auditorium	3630 Divisadero St	Between Beach And Northpoint	6.5% Slope	9206   	Pct 9206	9206   		21  
2018NOVGEN	581	9236 - 3150 Washington St		S F University High School	3150 Washington St	Between Lyon & Baker	8.3% Slope	9236   	Pct 9236	9236   		21  
2018NOVGEN	586	9244 - 2698 California St		Senior Housing - Social Room	2698 California St	Enter Scott St Btw California & Sacramento	4.4% Slope	9244   	Pct 9244	9244   		21  
2018NOVGEN	595	9208 - 3500 Fillmore St		Marina Middle School - Auditorium Lobby	3500 Fillmore St	Between Bay And Fillmore Streets	8.3% Slope - Ramped Access	9208   	Pct 9208	9208   		21  
2018NOVGEN	603	9222 - 2320 Green St		Private School - St Vincent De Paul	2320 Green St	Between Pierce & Steiner Streets	4.3% slope	9222   	Pct 9222	9222   		21  
2018NOVGEN	619	9224 - 1801 Green Street		Golden Gate Valley Library - Prog. Rm.	1801 Green Street	Enter Thru Iron Gate Btw Octavia & Laguna	3% Slope at entrance	9224   	Pct 9224	9224   		21  
2018NOVGEN	627	9219 - 1570 Greenwich St		Garage	1570 Greenwich St	Enter Off Franklin At Greenwich	3.9% slope	9219   	Pct 9219	9219   		21  
2018NOVGEN	630	9225 - 1651 Union St		School - Sherman - Library	1651 Union St	Between Franklin & Gough	8.3% Slope - Ramped Access	9225   	Pct 9225	9225   		21  
2018NOVGEN	638	9247 - 2150 California St		Firehouse #38	2150 California St	Between Buchanan & Laguna Streets	8.2% Slope	9247   	Pct 9247	9247   		21  
2018NOVGEN	646	7207 - 1880 Pine St		Senior Housing - 2nd Level Community Room	1880 Pine St	Btw Octavia & Gough Streets	1.9% Slope	7207   	Pct 7207	7207   		9  
2018NOVGEN	647	7505 -  1501 Post St		Senior Home - Sequoia - Auditorium	1501 Post St	Between Laguna & Octavia	8.3% Slope Ramped Access	7505   	Pct 7505	7505   		12  
2018NOVGEN	650	7509/11 - 1031 Franklin St		Urban Life Center	1031 Franklin St	Btw O'farrell & Ellis Sts	8.2% Slope	7509   	Pct 7509/7511	7509   		12  
2018NOVGEN	650	7509/11 - 1031 Franklin St		Urban Life Center	1031 Franklin St	Btw O'farrell & Ellis Sts	8.2% Slope	7509   	Pct 7509/7511	7511   		12  
2018NOVGEN	652	7201 - 1150 Francisco Street		School - Galileo High School - Room 210	1150 Francisco St	Between Van Ness Ave & Polk St	8% Slope	7201   	Pct 7201	7201   		8  
2018NOVGEN	653	7204 - 2637 Larkin St		Garage	2637 Larkin St	Btw Chestnut & Lombard St	4.8% Slope	7204   	Pct 7204	7204   		8  
2018NOVGEN	654	7202 - 2454 Hyde St		Church - Norwegian Seaman's - Garage	2454 Hyde St	Enter  Francisco Btw Hyde & Leavenworth	8% slope	7202   	Pct 7202	7202   		8  
2018NOVGEN	663	7304 - 2190 Powell St		School - Francisco Middle - Auditorium	2190 Powell St	Enter Schoolyard From Francisco Btw Powell & Stockton	2.7% Slope	7304   	Pct 7304	7304   		10  
2018NOVGEN	665	7307 - 651 Lombard Street		Joe Dimaggio Nt Beach Playground	651 Lombard Street	Btw Mason & Powell	4% Slope	7307   	Pct 7307	7307   		10  
2018NOVGEN	671	7331 - 155 Jackson Street		Golden Gateway Ctr - Lobby	155 Jackson St	Enter Off Front St At The Corner Of Jackson	2.8% Slope	7331   	Pct 7331	7331   		10  
2018NOVGEN	676	7318 - 2041 Larkin Street		Church - For The Fellowship Of All Peoples	2041 Larkin Street	Between Broadway & Vallejo	3.2% Slope	7318   	Pct 7318	7318   		10  
2018NOVGEN	680	7324 - 1451 Jackson St		School - Spring Valley - Cafeteria	1451 Jackson St	Btw Hyde & Larkin Sts	8% Slope - Ramped Access	7324   	Pct 7324	7324   		11  
2018NOVGEN	685	7333 - 1325 Leavenworth Street		Firehouse #41	1325 Leavenworth St	Btw Washington & Clay	1.9% Slope	7333   	Pct 7333	7333   		11  
2018NOVGEN	693	7306 - 756 Union St		Church - S F Evangelical Free	756 Union St	Btw Powell & Mason Streets	6.2% Slope	7306   	Pct 7306	7306   		10  
2018NOVGEN	700	7314 - 1450 Powell Street		Office - Salvation Army	1450 Powell Street	Btw Broadway & Vallejo	2.5% Slope	7314   	Pct 7314	7314   		10  
2018NOVGEN	703	7317 - 350 Broadway Street		School - John Yehall Chin - Library	350 Broadway Street	Btw Sansome & Montgomery Sts	8.3% Slope - Ramped Access	7317   	Pct 7317	7317   		10  
2018NOVGEN	705	7327 - 950 Clay St		School - Gordon J. Lau -  Auditorium	950 Clay St	Btw Stockton & Powell Sts.	2.7% Slope At Entrance	7327   	Pct 7327	7327   		10  
2018NOVGEN	707	7338 - 777 Stockton Street		Senior Center - Conference Room	777 Stockton St	Corner Sacramento & Stockton St.	3.6% slope	7338   	Pct 7338	7338   		10  
2018NOVGEN	711	7341 - 1421 Pine Street		School - Redding Elementary - Music Room	1421 Pine St	Btw Polk & Larkin	2.5% Slope	7341   	Pct 7341	7341   		11  
2018NOVGEN	712	7601 - 1067 Post St		Firehouse #3	1067 Post St	Btw Polk & Larkin Sts	3.8% Slope	7601   	Pct 7601	7601   		13  
2018NOVGEN	726	7602 - 666 Ellis St		Ellis Gardens - Social Room	666 Ellis St	Btw Larkin & Hyde Sts	4.9% Slope	7602   	Pct 7602	7602   		13  
2018NOVGEN	727	7613 - 378 Golden Gate Ave		Hampton Court	378 Golden Gate Ave	Between Hyde & Larkin Streets	6.4% Slope	7613   	Pct 7613	7613   		13  
2018NOVGEN	735	7342 - 1040 Bush Street		Hotel - Mary Elizabeth Inn - Auditorium	1040 Bush St	Btw Leavenworth & Jones	1.7% Slope	7342   	Pct 7342	7342   		11  
2018NOVGEN	736	7344 - 1001 Pine St		Apartment - Lobby	1001 Pine St	Btw Jones & Taylor Sts	5.9% Slope	7344   	Pct 7344	7344   		11  
2018NOVGEN	743	7611 - 174 Ellis St		The Maria Manors	174 Ellis St	Btw Cyril Magnin & Mason Sts	1.7% Slope	7611   	Pct 7611	7611   		13  
2018NOVGEN	750	7608 - 380 Eddy Street		Hotel - Cadillac Hotel	380 Eddy St	Btw Jones & Leavenworth Sts	4.1% Slope	7608   	Pct 7608	7608   		13  
2018NOVGEN	767	9254 - 2725 California St		William Cobb E S. - Main Hallway	2725 California St	Enter Playground Between Scott St & Divisadero St	7.8% Slope - Ramped Access	9254   	Pct 9254	9254   		22  
2018NOVGEN	770	7504 - 1975 Post St		Church - Jones Memorial - Multi Purpose Rm	1975 Post St	Entrance On Post At Boswell	7.8% Slope - Ramped Access	7504   	Pct 7504	7504   		12  
2018NOVGEN	773	7507 - 1501 O'Farrell St		School - Rosa Parks - Auditorium	1501 O'Farrell St	Btw Webster & Hollis	6.2% Slope - Ramped Access	7507   	Pct 7507	7507   		12  
2018NOVGEN	775	9511 - 1750 Mcallister St		Mcallister Towers- Social Rm	1750 McAllister St	Between Baker & Broderick	7.4% Slope	9511   	Pct 9511	9511   		26  
2018NOVGEN	776	9508 - 1601 Turk St		School - Creative Arts Charter - Library	1601 Turk St	Between Scott & Pierce Streets	3.1% Slope	9508   	Pct 9508	9508   		26  
2018NOVGEN	779	9505 - 1680 Eddy St		M L K - M G Square Apts - Community Room	1680 Eddy St	Enter Between Pierce & Steiner - Gate Closest To Pierce	8.3% Slope - Ramped Access	9505   	Pct 9505	9505   		26  
2018NOVGEN	781	7516 - 601 Van Ness Ave		Opera Plaza Comm Rm- 2nd Fl Mezzanine	601 Van Ness Ave	Btw Turk St & Golden Gate Ave	8.3% Slope - Ramped Access	7516   	Pct 7516	7516   		12  
2018NOVGEN	784	9513 - 1399 Mc Allister St		Church - Third Baptist Church	1399 Mc Allister St	Enter Mcallister St Near Pierce St	Exceeds 8.3% Running Slope, 2% Cross Slope. Curbside Voting Avail	9513   	Pct 9513	9513   		26  
2018NOVGEN	791	7515 - 460 Fulton St		Neighborhood Network Center	460 Fulton St	Enter Off Fulton At Octavia	5% Slope	7515   	Pct 7515	7515   		12  
2018NOVGEN	807	7806 - 50 Scott St		Harvey Milk Recreation Center	50 Scott St	Between Waller St & Duboce Ave	4% Slope	7806   	Pct 7806	7806   		16  
2018NOVGEN	816	7542 - 380 Webster St		John Muir School - Auditorium	380 Webster St	Between Oak & Page Streets	8.0% Slope - Ramped Access	7542   	Pct 7542	7542   		12  
2018NOVGEN	820	7544 - 7 Octavia St		Church- First Baptist	7 Octavia St	Entrance On Waller Between Octavia & Laguna.	1.6% Slope	7544   	Pct 7544	7544   		12  
2018NOVGEN	822	7633 - 1035 Folsom St		Columbia Park Apartments	1035 Folsom St	Between 6th & 7th Streets	4.2% Slope	7633   	Pct 7633	7633   		13  
2018NOVGEN	830	7631 - 270 6th St		Gene Friend Recreation Center	270 6th St	Between Folsom & Howard	2.6% Slope	7631   	Pct 7631	7631   		13  
2018NOVGEN	834	7634 - 747 Folsom St		Mendelsohn House - Activities Room	747 Folsom St	Between 3rd & 4th Streets	8.3% Slope - Ramped Access	7634   	Pct 7634	7634   		13  
2018NOVGEN	846	7517 - 2049 Grove St		School - New Traditions - Auditorium	2049 Grove St	Btw Cole & Clayton Sts	7.9% slope	7517   	Pct 7517	7517   		12  
2018NOVGEN	847	7518 - 1860 Hayes St		John Adams Campus - Cafeteria	1860 Hayes St	Btw Masonic & Ashbury Sts	8% Slope - Ramped Access	7518   	Pct 7518	7518   		12  
2018NOVGEN	848	7527/28 - 333 Baker St		Mercy Terrace - Lobby	333 Baker St	Btw Fell & Hayes Sts	7.9% Slope - Ramped Access	7527   	Pct 7527/7528	7527   		12  
2018NOVGEN	848	7527/28 - 333 Baker St		Mercy Terrace - Lobby	333 Baker St	Btw Fell & Hayes Sts	7.9% Slope - Ramped Access	7527   	Pct 7527/7528	7528   		12  
2018NOVGEN	853	7533 - 1833 Page St		Park Branch Library	1833 Page St	Between Cole & Shrader	8.3% Slope - Ramped Access	7533   	Pct 7533	7533   		12  
2018NOVGEN	874	7555 - 165 Grattan St		School - Grattan - Auditorium	165 Grattan St	Between Cole & Shrader Sts	5.6% Slope - Ramped Access	7555   	Pct 7555	7555   		12  
2018NOVGEN	880	7804 - 1025 14th Street		School - McKinley - Front Lobby	1025 14th St	Btw Castro &  Divisadero Sts	7.9% Slope	7804   	Pct 7804	7804   		16  
2018NOVGEN	893	7807 - 135 Sanchez St		Firehouse #6	135 Sanchez St	Btw 14th & Henry Sts	8.3% Slope	7807   	Pct 7807	7807   		16  
2018NOVGEN	900	7818 - 450 Church St		School - Everett - Rm 165	450 Church St	Btw 16th & 17th Sts	8.3% Slope - Ramped Access	7818   	Pct 7818	7818   		16  
2018NOVGEN	903	7828 - 500 Corbett Ave		School - Rooftop Mayeda - Lobby	500 Corbett Ave	Corner Of Iron Alley & Corbett	7.7% Slope	7828   	Pct 7828	7828   		16  
2018NOVGEN	914	7822 - 100 Collingwood St		Eureka Valley Playground - Multi Purpose Room	100 Collingwood St	Btw 18th & 19th St	8.3% Slope - Ramped Access	7822   	Pct 7822	7822   		16  
2018NOVGEN	915	7831 - 4235 19th Street		Harvey Milk Elementary School - Auditorium	4235 19th Street	Btw Collingwood & Diamond Sts	7.5% Slope	7831   	Pct 7831	7831   		16  
2018NOVGEN	927	7824 - 3850 18th St		Senior Center - Community Room	3850 18th St	Btw Church & Sanchez Sts	1.6% Slope	7824   	Pct 7824	7824   		16  
2018NOVGEN	929	7812 - 145 Guerrero Street		St Francis Of Assisi - Community Room	145 Guerrero St	Btw Duboce & 14th Sts	5.9 - 10.3% Slope For 10 Feet - Curbside Voting Avail	7812   	Pct 7812	7812   		16  
2018NOVGEN	932	7819 - 450 Guerrero St		Boys & Girls Club - Dance Studio	450 Guerrero St	Btw 16th & 17th Sts	2.2% Slope	7819   	Pct 7819	7819   		16  
2018NOVGEN	941	7826 - 95 Dorland Street		Dolores Park Church	95 Dorland St	Btw Dolores & Guerrero Sts	5.9% Slope	7826   	Pct 7826	7826   		16  
2018NOVGEN	942	7827 - 630 Valencia Street		Mission Police Station - Community Room	630 Valencia Street	Between 17th & 18th Sts	2.1% slope	7827   	Pct 7827	7827   		16  
2018NOVGEN	951	7908 - 580 Capp St		Bethany Center - Multi Purpose Room	580 Capp St	Btw 20th & 2st St	8.3% Slope - Ramped Access	7908   	Pct 7908	7908   		17  
2018NOVGEN	958	7909 - 745 Treat Ave		Mission Rec Center	745 Treat Ave	Btw 20th & 21st Sts	5.9% Slope	7909   	Pct 7909	7909   		17  
2018NOVGEN	959	7913 - 825 Shotwell St		School - Cesar Chavez - Cafeteria	825 Shotwell St	Btw 22nd & 23rd Sts	2.2% Slope	7913   	Pct 7913	7913   		17  
2018NOVGEN	969	7919 - 1045 Capp St		Mission Housing - Senior Housing	1045 Capp St	Btw 25th & 26th Sts	8.3% Slope - Ramped Access	7919   	Pct 7919	7919   		17  
2018NOVGEN	992	7007 - 953 De Haro St		Potrero Hill Neighborhood House	953 De Haro St	Corner Of Southern Heights Ave	8.0% Slope	7007   	Pct 7007	7007   		5  
2018NOVGEN	997	7009 - 1215 Carolina St		School - Starr King - Library	1215 Carolina St	Enter Off Coral Rd Between Carolina & Wisconsin Sts	4.6% Slope	7009   	Pct 7009	7009   		5  
2018NOVGEN	1013	7838 - 625 Douglass St		School - Alvarado - Cafeteria	625 Douglass St	Enter On 22nd St. Between Douglass & Eureka	4.5% Slope	7838   	Pct 7838	7838   		16  
2018NOVGEN	1047	7856 - 3880 26th St		Firehouse #11	3880 26th St	Btw Church And Dolores Sts	7.1% Slope	7856   	Pct 7856	7856   		16  
2018NOVGEN	1063	7927 - 3125 Cesar Chavez St		School - Leonard Flynn - Audit Room 108	3125 Cesar Chavez St	Enter Corner Of Precita Ave & Harrison St	8.2% Slope Ramped Access	7927   	Pct 7927	7927   		17  
2018NOVGEN	1064	7928 - 514 Precita Ave		Garage	514 Precita Avenue	Between Alabama & Florida Sts	5.5% Slope	7928   	Pct 7928	7928   		17  
2018NOVGEN	1069	7936 - 515 Cortland Ave		Community Center - Bernal Hts - Dining Room	515 Cortland Ave	Btw Andover & Moultrie Sts	7% Slope	7936   	Pct 7936	7936   		17  
2018NOVGEN	1089	9234 - 3200 California St (loc 9253)		Jewish Community Center Of S F - Atrium	3200 California St	Between Presidio And Walnut	1.9% Slope	9234   	Pct 9234	9234   		21  
2018NOVGEN	1093	9447 - 2345 24th Ave		Taraval Police Station	2345 24th Ave	Between Taraval & Santiago	6.7% Slope	9447   	Pct 9447	9447   		23  
2018NOVGEN	1124	7349 - 566 Bush St		Church - Notre Dame Des Victoires	566 Bush St	Enter Chatham Pl At Bush St	7.5% Slope	7349   	Pct 7349	7349   		11  
2018NOVGEN	1126	7513 - 1390 1/2 Turk St		Royal Apartments - Senior Center	1390 1/2 Turk St	Btw Webster & Fillmore Sts	6.1% Slope	7513   	Pct 7513	7513   		12  
2018NOVGEN	1138	7843 - 938 Valencia St		Dolores Street Community Services	938 Valencia  St	Btw 20th & Liberty Sts	1.7% Slope	7843   	Pct 7843	7843   		16  
2018NOVGEN	1143	7846 - 451 Jersey St		Noe Valley Branch Library - Program Room	451 Jersey St	Between Diamond And Castro Streets	4.4% Slope	7846   	Pct 7846	7846   		16  
2018NOVGEN	1144	7855 - 1270 Sanchez St		Church - Bethany United Methodist - Multi-purpose	1270 Sanchez St	Enter Off Clipper Btw Sanchez & Noe	1% Slope	7855   	Pct 7855	7855   		16  
2018NOVGEN	1149	9714 - 2290 14th Ave		School - Hoover - Auditorium Lobby	2290 14th Ave	Enter 14th Ave At Santiago	8.3% Slope - Ramped Access	9714   	Pct 9714	9714   		30  
2018NOVGEN	1150	7837 - 100 Hoffman Avenue		Firehouse #24	100 Hoffman Ave	Btw Alvarado & 23rd Sts	1.6% Slope	7837   	Pct 7837	7837   		16  
2018NOVGEN	1204	7923- 2730 Bryant St		School - Sunshine - S F Education Fund	2730 Bryant St	Between 25th & 26th Street	7.5% Slope - Ramped Access	7923   	Pct 7923	7923   		17  
2018NOVGEN	1210	7508 - 1280 Laguna Street		Western Park Apartments - Community Room	1280 Laguna Street	Between Eddy & Ellis	5.4% Slope	7508   	Pct 7508	7508   		12  
2018NOVGEN	1224	7956 - 350 Girard Street		School - Martin Luther King Jr - Rm 101 Cafeteria	350 Girard Street	Btw Bacon & Burrows Sts	4.8% Slope	7956   	Pct 7956	7956   		17  
2018NOVGEN	1243	9106 - 199 15th Avenue		Garage	199 15th Ave	Btw California & Lake Sts	1.4% Slope	9106   	Pct 9106	9106   		20  
2018NOVGEN	1275	9718 - 321 Taraval St		Church - Convent Presbyterian - Portalhurst Hall	321 Taraval Street	Btw Funston Ave And 14th Ave	7% Slope	9718   	Pct 9718	9718   		30  
2018NOVGEN	1318	7863 - 59 28th St		Garage	59 28th St	Btw Guererro & Dolores Sts	4.6% Slope	7863   	Pct 7863	7863   		16  
2018NOVGEN	1336	9105 - 250 25th Avenue		Rochambeau Playground - Clubhouse	250 25th Ave	Btw California & Lake Sts	4.6% Slope	9105   	Pct 9105	9105   		20  
2018NOVGEN	1358	1113 - 241 Oneida Ave		School - James Denman - Front Lobby	241 Oneida Ave	Btw Delano & Otsego Ave	5.0% Slope	1113   	Pct 1113	1113   		1  
2018NOVGEN	1360	1102 - 91 Delano Ave		Garage	91 Delano Ave	Btw San Juan & Santa Ysabel Ave	4 % slope	1102   	Pct 1102	1102   		1  
2018NOVGEN	1363	7046 - 1298 Girard St		Fire Station #44 - Left Bay	1298 Girard St	Entrance on Girard at Wilde Ave	3.5% Slope	7046   	Pct 7046	7046   		5  
2018NOVGEN	1414	7208 - 1187 Franklin St - Loc 7509		Church - First Unitarian Universalist	1187 Franklin St	Enter On Geary Btw Gough & Franklin	7% Slope - Ramped Access	7208   	Pct 7208	7208   		9  
2018NOVGEN	1425	7808 - 25 Sanchez St		Community Room	25 Sanchez St	Btw Duboce Ave & 14th St	7.4% Slope - Ramped Access	7808   	Pct 7808	7808   		16  
2018NOVGEN	1442	7543 - 403 Rose St		Community Room	403 Rose St	Between Buchanan & Webster	1.2 % Slope	7543   	Pct 7543	7543   		12  
2018NOVGEN	1450	7503 - 1760 Bush St		Senior Housing - Community Room	1760 Bush St	Btw Octavia & Gough	8.3% Slope - Ramped Access	7503   	Pct 7503	7503   		12  
2018NOVGEN	1451	7033 - 1295 Shafter Ave		Firehouse #17	1295 Shafter Ave	Corner Shafter & Ingalls Sts	8.0% Slope	7033   	Pct 7033	7033   		5  
2018NOVGEN	1483	9721 - 678 Portola Drive		Her Church	678 Portola Drive	Enter Portola Dr Between Sydney Way And Woodside Ave	4% Slope	9721   	Pct 9721	9721   		30  
2018NOVGEN	1488	7312 - 1088 Green Street		St. Andrew's Society Of San Francisco	1088 Green Street	Btw Jones & Leavenworth	4.7% Slope	7312   	Pct 7312	7312   		10  
2018NOVGEN	1494	9402 - 1348 45th Ave		Firehouse #23	1348 45th Ave	Between Irving and Judah Streets	7% Slope	9402   	Pct 9402	9402   		23  
2018NOVGEN	1499	9715 - 381 Magellan Ave		Club House - Forest Hill Association	381 Magellan Ave	Enter Btw Montalvo And Dorantes	Exceeds 8.3% Running Slope, 2% Cross Slope. Curbside Voting Avail	9715   	Pct 9715	9715   		30  
2018NOVGEN	1530	7043 - 1249 Jamestown Ave		Church  - United House Of Prayer - Hall	1249 Jamestown Ave	Btw 3rd St & Exeter	8.3% Slope For 12 Feet	7043   	Pct 7043	7043   		5  
2018NOVGEN	1536	7322- 1340 Powell St		Firehouse #2	1340 Powell St	Between Pacific And Broadway	8.3% Slope	7322   	Pct 7322	7322   		10  
2018NOVGEN	1554	9108 - 251 18th Ave		Rec. Center - Richmond	251 18th Ave	Between California And Clement Sts	5.3% Slope	9108   	Pct 9108	9108   		20  
2018NOVGEN	1555	7305 - 1814 Stockton Street		Firehouse #28	1814 Stockton St	Btw Greenwich & Lombard	0.5% Slope	7305   	Pct 7305	7305   		10  
2018NOVGEN	1556	7523 - 1443 Grove Street		Firehouse #21	1443 Grove St	Btw Baker & Broderick Sts	7.6% Slope	7523   	Pct 7523	7523   		12  
2018NOVGEN	1557	1123 - 431 Capitol Ave		School - Sheridan - Auditorium Lobby	431 Capitol Ave	Enter On Farallones Between Capitol & Orizaba	8.3% Slope - Ramped Access	1123   	Pct 1123	1123   		2  
2018NOVGEN	1560	1143 - 163 London Street		Boys & Girls Club - Game Room	163 London Street	Btw Avalon & Excelsior	5.4% Slope	1143   	Pct 1143	1143   		3  
2018NOVGEN	1563	9111 - 360 18th Avenue		YMCA Richmond District	360 18th Ave	Btw Geary Blvd & Clement St	6.4% slope	9111   	Pct 9111	9111   		20  
2018NOVGEN	1631	7917 - 3261 23rd Street		Church - Mission United Presbyterian	3261 23rd Street	Between Capp & Mission Sts	8.3% Slope	7917   	Pct 7917	7917   		17  
2018NOVGEN	1643	9126 - 680 18th Avenue		School - Argonne - Multi Purpose Rm	680 18th Ave	Enter On 17th Ave Btw Balboa & Cabrillo	2.5% Slope	9126   	Pct 9126	9126   		20  
2018NOVGEN	1651	9407 - 1325 23rd Avenue		Garage	1325 23rd Avenue	Between Irving and Judah Streets	1.2% Slope	9407   	Pct 9407	9407   		23  
2018NOVGEN	1658	7532 - 333 Fell St		Fell St Housing - Community Room	333 Fell St	Between Octavia & Gough	2.6% Slope	7532   	Pct 7532	7532   		12  
2018NOVGEN	1683	9115 - 251 6th Avenue		School - George Peabody - Multi Purpose Rm	251 6th Ave - Enter On 7th Ave	Enter Off 7th Ave Btw Clement & California Sts	4.5 % Slope - Ramped Access	9115   	Pct 9115	9115   		20  
2018NOVGEN	1715	7302 - 1855 Kearny Street		Wharf Plaza Apt. Senior Citizen Facility	1855 Kearny St	Corner of  Francisco & Chestnut	0.6% Slope	7302   	Pct 7302	7302   		10  
2018NOVGEN	1717	9112 - 235 12th Avenue		School - Sutro Elementary - Cafeteria	235 12th Ave	Btw Clement & California Sts	2.7% Slope	9112   	Pct 9112	9112   		20  
2018NOVGEN	1739	7545 - 109 Oak Street		Firehouse # 36 - Chief's Bay	109 Oak Street	Betwen Franklin & Gough	2.9% Slope	7545   	Pct 7545	7545   		12  
2018NOVGEN	1743	7502- 1840 Sutter Street		Japanese Cultural And Community Center	1840 Sutter Street	Btw Webster & Buchanan	5.9% Slope	7502   	Pct 7502	7502   		12  
2018NOVGEN	1749	9201 - 1299 Storey Avenue		Log Cabin	1299 Storey Avenue	Between Lincoln & Ralston Ave	4.9% Slope	9201   	Pct 9201	9201   		21  
2018NOVGEN	1757	7921 - 3128 Kamille Court		Bernal Dwelling Tenants Assoc  Comm Rm	3128 Kamille Ct	Btw 26th St & Cesar Chavez Ave	4.3% Slope	7921   	Pct 7921	7921   		17  
2018NOVGEN	1761	7924 - 26th St & Hampshire St		Rolph Playground - Clubhouse	26th St & Hampshire St	At 26th St & Hampshire St	5.% Slope	7924   	Pct 7924	7924   		17  
2018NOVGEN	1762	7336 - 1051 Taylor Street		Church - Grace Cathedral	1051 Taylor St	Enter Off Taylor Btw California & Sacramento	5.9% Slope	7336   	Pct 7336	7336   		11  
2018NOVGEN	1767	9449 - 40th Avenue And Vicente		South Sunset Playground- Community Room	40th Avenue And Vicente	Corner Of 40th Avenue & Vincente	6.2% Slope	9449   	Pct 9449	9449   		23  
2018NOVGEN	1797	1153 - 720 Moscow Street		Firehouse #43	720 Moscow St	Between Italy & France	3.9% slope	1153   	Pct 1153	1153   		3  
2018NOVGEN	1802	7501 - 2222 Bush Street		Unity Center - Lobby	2222 Bush Street	Btw Steiner & Fillmore	1.3% Slope	7501   	Pct 7501	7501   		12  
2018NOVGEN	1810	9241- 2001 Van Ness Ave		K-1 Fitness	2001 Van Ness Ave	Between Pacific & Jackson	8.3% Slope	9241   	Pct 9241	9241   		21  
2018NOVGEN	1827	9515 - 1290 16th Avenue		Firehouse #22	1290 16th Avenue	Corner Of 16th Ave & Irving St	6.0% slope	9515   	Pct 9515	9515   		26  
2018NOVGEN	1840	1112 - 1000 Ocean Avenue (loc 9751)		Firehouse #15	1000 Ocean Ave	Enter Ocean Ave Btw Phelan & Harold	5% Slope	1112   	Pct 1112	1112   		2  
2018NOVGEN	1859	9521 - 1290 5th Avenue		St John Of God Catholic Church	1290 5th Avenue	Btw Irving St And Hugo St	8.2% Slope Ramped Access	9521   	Pct 9521	9521   		26  
2018NOVGEN	1861	7869 - 209 Randall Street		Garage	209 Randall St	Enter Off Randall Btw Whitney & Sanchez Sts	4.9% Slope	7869   	Pct 7869	7869   		16  
2018NOVGEN	1871	7029 - 5 Commer Ct		Bayview Apartments - Community Room	5 Commer Ct	Btw Garlington & La Salle	6.1% Slope Ramped Access	7029   	Pct 7029	7029   		5  
2018NOVGEN	1879	9747 - 800 Head St		Garage	800 Head St- Enter On Holloway	Corner Of Head St & Holloway Ave	3.4% Slope	9747   	Pct 9747	9747   		30  
2018NOVGEN	1883	7030 - 201 Williams Avenue		Bayview Police Station - Community Rm	201 Williams Ave	Enter Newhall Btw Williams & Armstrong	3.4% Slope	7030   	Pct 7030	7030   		5  
2018NOVGEN	1910	7619 - 1500 Howard St		The Arc San Francisco	1500 Howard Street	Between 11th & 12th Streets	5.8% Slope	7619   	Pct 7619	7619   		13  
2018NOVGEN	1917	9128 - 441 12th Ave		Firehouse #31	441 12th Ave	Between Geary Blvd & Anza St.	2.6% Slope	9128   	Pct 9128	9128   		20  
2018NOVGEN	1919	9424 - 3601 Noriega St		Hope Evangelical Free Church	3601 Noriega St	Btw 43rd & 44th Ave	4.2% Slope	9424   	Pct 9424	9424   		23  
2018NOVGEN	1921	7905 - 2929 19th St		Mission Language & Vocational - 2nd Floor Classroom	2929 19th St.	Enter On Florida	0.6% slope at entrance	7905   	Pct 7905	7905   		17  
2018NOVGEN	1965	7329 - 530 Sansome St		Firehouse #13	530 Sansome St	Btw Clay & Washington Sts	1.8% Slope	7329   	Pct 7329	7329   		10  
2018NOVGEN	1976	7636 - 36 Bluxome Street		Firehouse #8 - Chief's Bay	36 Bluxome Street	Between 4th & 5th Streets	5.5% slope	7636   	Pct 7636	7636   		13  
2018NOVGEN	2001	7048 - 243 Rey Street		Community Room	243 Rey Street	Corner Of Rey & Towerside	2.8% Slope	7048   	Pct 7048	7048   		6  
2018NOVGEN	2021	7017 - 1 Cashmere Street		Felton F S A - Multipurpose Rm.	1 Cashmere Street	At Cashmere & Hudson	6.9% Slope	7017   	Pct 7017	7017   		5  
2018NOVGEN	2022	7524 - 926 Fillmore Street		Junipero Serra House	926 Fillmore St	Enter Off Fulton Btw Fillmore & Webster Sts	5.0% Slope	7524   	Pct 7524	7524   		12  
2018NOVGEN	2030	7901 - 1575 15th Street		Marshall Elementary School - Cafeteria	1575 15th St	Enter Capp St Btw 15th & 16th Streets	5% Slope	7901   	Pct 7901	7901   		17  
2018NOVGEN	2036	1101 - 1 Sgt John V Young		Ingleside Police Station - Community Rm	1 Sgt John V Young	Enter At The Corner Of San Jose Avenue	8.3% Slope Ramped Access	1101   	Pct 1101	1101   		1  
2018NOVGEN	2044	9753 - 50 Phelan Ave		City College - Diego Rivera Theatre - Lobby	50 Frida Kahlo Way ( Phelan )	Enter On Judson Btw Gennessee & Forester	8.3% Slope - Ramped Access	9753   	Pct 9753	9753   		30  
2018NOVGEN	2046	9129 - 4301 Geary Blvd		Church - Park Presidio United Methodist	4301 Geary Blvd	At The Corner Of 7th Avenue	6.8% Slope - Ramped Access	9129   	Pct 9129	9129   		20  
2018NOVGEN	2055	1116 - 345 Randolph Street		Ocean View Library	345 Randolph St	Btw Victoria & Ramsell St	2.1% Slope	1116   	Pct 1116	1116   		2  
2018NOVGEN	2092	7609 - 246 Eddy Street		Boeddeker Park & Clubhouse - Meeting Room	246 Eddy St	Btw Jones & Taylor Sts	8.2% Slope - Ramped Access	7609   	Pct 7609	7609   		13  
2018NOVGEN	2094	9743 - 50 Chumasero Drive		Villas Park Merced - Lobby	50 Chumasero Drive	Between Font & Galindo	7.8% Slope	9743   	Pct 9743	9743   		30  
2018NOVGEN	2097	9423 - 3925 Noriega Street		Sunset Neighborhood Beacon Ctr	3925 Noriega Street	Between 46th & 47th Avenue	3.0% Slope	9423   	Pct 9423	9423   		23  
2018NOVGEN	2112	7621 - 26 7th Street		Odd Fellows Building	26 7th Street	Between Market & Mission	7.1% Slope	7621   	Pct 7621	7621   		13  
2018NOVGEN	2148	7325 - 1145 Pacific Avenue		Garage	1145 Pacific Ave	Btw Jones &Taylor	4.3% Slope	7325   	Pct 7325	7325   		10  
2018NOVGEN	2155	9133 - 1 Loraine Ct		Columbarium	1 Loraine Ct	Off Anza Btw Stanyan St & Arguello Blvd	2.4% Slope	9133   	Pct 9133	9133   		20  
2018NOVGEN	2168	7012 - 700 Pennsylvania Ave		Muni Barn - Room D106	700 Pennsylvania Ave	Btw 22nd & 23rd Sts	4.0% Slope	7012   	Pct 7012	7012   		5  
2018NOVGEN	2170	7852 - 5157 Diamond Heights Blvd		Casa De Vida Apartments - Garage	5157 Diamond Heights Blvd	Btw Clipper & Duncan Sts	8% Slope	7852   	Pct 7852	7852   		16  
2018NOVGEN	2171	7849 - 21 Jersey Street		Garage	21 Jersey Street	Btw Dolores St & Chattanooga Ave	6.7% Slope	7849   	Pct 7849	7849   		16  
2018NOVGEN	2172	9703 - 1689 17th Ave		Garage	1689 17th Ave	Between Moraga and Lawton	2% Slope	9703   	Pct 9703	9703   		29  
2018NOVGEN	2175	7815 - 3058 Market St		Garage	3058 Market St	Btw Hattie & Danvers Sts	5% Slope	7815   	Pct 7815	7815   		16  
2018NOVGEN	2177	7825 - 3750 18th St		School - Mission High - Cafeteria	3750 18th St	Enter Dolores St Between 17th & 18th Sts	6.2% Slope	7825   	Pct 7825	7825   		16  
2018NOVGEN	2178	7802 - 463-473 Buena Vista Avenue E		Garage	463-473 Buena Vista  Ave E	Btw Upper Terrace & Park Hill	4.3% Slope	7802   	Pct 7802	7802   		16  
2018NOVGEN	2192	7032 - 2111 Jennings St		United Council Of Human Serv - Serenity Rm	2111 Jennings St	Between Van Dyke & Wallace	0.3% Slope	7032   	Pct 7032	7032   		5  
2018NOVGEN	2194	9404 - 3030 Judah St		SF Korean United Methodist Fellowship	3030 Judah St	Enter On 36th Ave Between Judah And Irving	5.4% Slope	9404   	Pct 9404	9404   		23  
2018NOVGEN	2195	9416 - 3733 Lawton St		Garage	3733 Lawton St	Between 43rd & 44th Avenues	8.3% Slope	9416   	Pct 9416	9416   		23  
2018NOVGEN	2207	7959 - 1850 Mission St		Arriba Juntos - Computer Lab	1850 Mission St	Between 14th And 15th Sts.	1.8% Slope	7959   	Pct 7959	7959   		17  
2018NOVGEN	2227	7641 - 10 King St		Steamboat Point Apartments - Community Room	10 King St	Corner Embarcadero & King	4.6% Slope	7641   	Pct 7641	7641   		13  
2018NOVGEN	2228	7612 - 711 Eddy Street		Eastern Park Apartments - Comm Ctr	711 Eddy St	Between Van Ness & Polk Sts	4% Cross Slope For 40 Feet - Curbisde Voting Avail.	7612   	Pct 7612	7612   		13  
2018NOVGEN	2233	1128 - 8 Sala Terrace		Garage	8 Sala Terrace	Between Ellington & Huron	2.3% Slope	1128   	Pct 1128	1128   		2  
2018NOVGEN	2236	7345 - 1051 Taylor Street (loc 7336)		Church - Grace Cathedral	1051 Taylor St	Btw Sacramento & California	5.9% Slope	7345   	Pct 7345	7345   		11  
2018NOVGEN	2241	7948 - 225 Pioche Street		Church - Portola Baptist	225 Pioche St	Btw Harvard & Oxford Sts	4% Slope	7948   	Pct 7948	7948   		17  
2018NOVGEN	2249	7002 - 299 Vermont Street		Firehouse #29 - Left Bay	299 Vermont St	Enter 16th Near Corner Of Vermont	5.8% Slope	7002   	Pct 7002	7002   		5  
2018NOVGEN	2250	9749 - 218 Granada Avenue		New Providence Baptist Church	218 Granada Avenue	Between Ocean Ave & Holloway	6% Slope	9749   	Pct 9749	9749   		30  
2018NOVGEN	2252	7045 - 500 Raymond Avenue		John King Senior Community	500 Raymond Avenue	Entrance at corner Raymond & Sawyer	8.3% Slope - Ramped Access	7045   	Pct 7045	7045   		6  
2018NOVGEN	2254	9255 - 2640 Geary Blvd		Muni Barn Classroom C	2640 Geary Blvd	Btw Masonic Ave & Presidio Ave	8.3% Slope	9255   	Pct 9255	9255   		21  
2018NOVGEN	2255	9422 - 1601 19th Avenue		Cypress At Golden Gate - Lobby	1601 19th Avenue	Enter 19th Ave btw Lawton & Moraga	6% slope	9422   	Pct 9422	9422   		23  
2018NOVGEN	2256	9716 - 2560 18th Avenue		Collins Center	2560 18th Avenue	Enter 18th Ave Btw Ulloa & Vicente	8.3% Slope - Ramped Access	9716   	Pct 9716	9716   		29  
2018NOVGEN	2257	7952 - 2430 San Bruno Avenue		Firehouse #42	2430 San Bruno Ave	Btw Silliman St & Silver Ave	4.7% Slope	7952   	Pct 7952	7952   		17  
2018NOVGEN	2260	7343 - 1199 Bush Street		Saint Francis Medical - Lower Level Conf Room	1199 Bush St	Enter Btw Hyde & Leavenworth - Do Not Enter Main Hospital	5.9% Slope For 3 Feet	7343   	Pct 7343	7343   		11  
2018NOVGEN	2267	7916 - 1387 Valencia Street		School - Synergy	1387 Valencia St	Btw 24th & 25th Sts	1.7% slope	7916   	Pct 7916	7916   		17  
2018NOVGEN	2268	1109 - 1099 Capitol Ave		Farragut Center	1099 Capitol Ave	Capitol At Corner Of Holloway	4.3% Slope	1109   	Pct 1109	1109   		2  
2018NOVGEN	2269	7647 - 850 Ave I  Bldg 497		Shipshape Community Center	850 Ave I  Bldg 497	Between 9th and 10th Streets and Avenues I & M	5.0% slope	7647   	Pct 7647	7647   		13  
2018NOVGEN	2270	1118 - 650 Capitol Ave		Minnie & Lovie Rec Center - Ping Pong Room	650 Capitol Ave	Capitol Btw Minerva & Montana	8.3% Slope Ramped Access	1118   	Pct 1118	1118   		2  
2018NOVGEN	2272	7644 - 225 King Street		Rich Sorro Commons-lobby	225 King Street	Between 3rd & 4th Streets	1% Slope	7644   	Pct 7644	7644   		13  
2018NOVGEN	2273	7003 - 500 De Haro Street		Church - St Gregory - Rotunda	500 De Haro Street	Btw 18th & Mariposa	5.9% Slope	7003   	Pct 7003	7003   		5  
2018NOVGEN	2276	7942 - 1000 Tompkins Ave - Bldg  A		Market Heights Apts - Garage	1000 Tompkins Ave - Bldg  A	Btw Putnam & Bradford Sts	8.3% Slope - Ramped Access	7942   	Pct 7942	7942   		17  
2018NOVGEN	2278	7624 - 125 6th Street		The Rose Hotel - Library	125 6th Street	Btw Minna & Mission Sts	1.5% Slope	7624   	Pct 7624	7624   		13  
2018NOVGEN	2280	9453 - 20 Crestlake Drive		Garage	20 Crestlake Drive	Btw Sloat Blvd & Crestlake Dr	3.0% Slope	9453   	Pct 9453	9453   		25  
2018NOVGEN	2288	7903 - 36 Hoff St		Dunleavy Plaza	36 Hoff St	Btw 16th & 17th Sts	1.5% Slope	7903   	Pct 7903	7903   		17  
2018NOVGEN	2296	9103 - 450 30th Ave		School - Presidio Middle - Audit Lobby	450 30th Ave	Enter Off 30th Ave Btw Clement St & Geary Blvd	5% Slope	9103   	Pct 9103	9103   		20  
2018NOVGEN	2302	7301 - 455 Bay St		Northbeach Place - Community Room	455 Bay St	Btw Mason & Taylor	4.5% Slope	7301   	Pct 7301	7301   		10  
2018NOVGEN	2306	7836 - 885 Corbett Ave		Garage - Enter Through Glass Door	885 Corbett Ave	Near Corner Of Hopkins	4.9% Slope	7836   	Pct 7836	7836   		16  
2018NOVGEN	2310	7607- 555 Ellis St		555 Ellis St Family Apartments	555 Ellis St	Enter Ellis btw Hyde & Leavenworth Sts	0.2% Slope	7607   	Pct 7607	7607   		13  
2018NOVGEN	2312	7915 - 2700 22nd St		Garage	2700 22nd St	Corner Of York & 22nd Sts	8.3% Slope	7915   	Pct 7915	7915   		17  
2018NOVGEN	2324	7911 - 2291 Bryant St		Garage	2291 Bryant St	Btw 21st & 20th Sts	2.4% Slope	7911   	Pct 7911	7911   		17  
2018NOVGEN	2334	7642 - 600 The Embarcadero		Delancey Street - Store Space	600 The Embarcadero	Between Brannan & Townsend	4.1% slope	7642   	Pct 7642	7642   		13  
2018NOVGEN	2340	7521 - 710 Masonic Ave		Garage	710 Masonic Ave	Btw Grove & Hayes Sts	5.2% slope	7521   	Pct 7521	7521   		12  
2018NOVGEN	2353	7548 - 1250 Waller St		School - Chinese Immersion - Room 200	1250 Waller St	Enter Off Waller Btw Central & Masonic	6% Slope	7548   	Pct 7548	7548   		12  
2018NOVGEN	2354	9131 - 450 7th Ave		Richmond Police Station - Community Room	450 7th Ave	Btw Geary Blvd & Anza St	5.6% Slope	9131   	Pct 9131	9131   		20  
2018NOVGEN	2362	7949- 1100 Felton St		Garage	1100 Felton St	Corner Of Princeton & Felton Sts	7.7% Slope	7949   	Pct 7949	7949   		17  
2018NOVGEN	2366	7554 - 1145 Stanyan St		Firehouse #12	1145 Stanyan St	Btw Grattan & Alma Sts	4.6% Slope	7554   	Pct 7554	7554   		12  
2018NOVGEN	2378	7203- 2412 Polk St		Garage	2412 Polk St	Btw Union & Filbert St	1.7% Slope	7203   	Pct 7203	7203   		8  
2018NOVGEN	2380	9248 - 1765 Van Ness Ave		Store-Relax The Back	1765 Van Ness Ave	Between Clay & Sacramento	3.0% slope	9248   	Pct 9248	9248   		21  
2018NOVGEN	2383	9209 - 3632 Fillmore St		Garage	3632 Fillmore St	Btw Northpoint & Bay St	4% Slope	9209   	Pct 9209	9209   		21  
2018NOVGEN	2392	9431 - 1935 32nd Ave		Firehouse #18	1935 32nd Ave	Between Pacheco & Ortega	4.4% slope	9431   	Pct 9431	9431   		23  
2018NOVGEN	2397	9252 - 20 Cook St		SFUSD Office - Assembly Room	20 Cook St	Off Geary Blvd.	8.3% slope	9252   	Pct 9252	9252   		21  
2018NOVGEN	2400	7872 - 742 Chenery St		Garage	742 Chenery St	Btw Lippard & Brompton Aves	1% slope	7872   	Pct 7872	7872   		16  
2018NOVGEN	2404	9723 - 207 Skyline Blvd		Pomeroy Recreation & Rehabilitation Ctr.	207 Skyline Blvd	Enter Off Herbst Btw Skyline Blvd & Armory Dr	4.2% Slope	9723   	Pct 9723	9723   		30  
2018NOVGEN	2413	1111 - 437 Holloway Ave		Garage	437 Holloway Ave	Btw Granada & Miramar	6.3% Slope	1111   	Pct 1111	1111   		2  
2018NOVGEN	2414	9104 - 463 28th Ave		Garage	463 28th Ave	Between Geary Blvd & Clement St	1.1% Slope	9104   	Pct 9104	9104   		20  
2018NOVGEN	2427	7534 - 1563 Page St		Urban School Of Sf - Conference Room	1563 Page St	Between Masonic & Ashbury	8.3% slope	7534   	Pct 7534	7534   		12  
2018NOVGEN	2434	7536 - 1168 Page St		Garage	1168 Page St	Btw Baker & Broderick St	7% Slope	7536   	Pct 7536	7536   		12  
2018NOVGEN	2437	7925 - 1580 Valencia St		Monteagle Building - Lobby	1580 Valencia St	Btw Cesar Chavez & Duncan Aves	3% Slope	7925   	Pct 7925	7925   		17  
2018NOVGEN	2441	7809 - 462 Duboce Ave		Community Room	462 Duboce Ave	Btw Steiner & Fillmore Sts	1.4% Slope	7809   	Pct 7809	7809   		16  
2018NOVGEN	2443	1127 - 483 Ellington Ave		Garage	483 Ellington Ave	Btw Whipple & Naglee	2.3% Slope	1127   	Pct 1127	1127   		2  
2018NOVGEN	2446	7639 - 698 2nd St		S F F D Headquarters	698 2nd St	Corner Of 2nd & Townsend St	8.3% Slope Ramped Access	7639   	Pct 7639	7639   		13  
2018NOVGEN	2452	7931 - 514 Peralta Ave		Garage	514 Peralta Ave	Btw Ripley St & Esmeralda Ave	7.5% Slope	7931   	Pct 7931	7931   		17  
2018NOVGEN	2453	1136 - 990 Rolph St		Garage	990 Rolph St	End Of Cul DE Sac On Rolph St. - Enter From South Hill	7% slope	1136   	Pct 1136	1136   		2  
2018NOVGEN	2460	7308 - 1227 Montgomery St		Garage	1227 Montgomery St	Corner Of Montgomery & Montague	6.0% Slope	7308   	Pct 7308	7308   		10  
2018NOVGEN	2461	7904 - 240 Shotwell St		Mission Neighborhood Health - Confer Rm	240 Shotwell St - 2nd Floor	Btw 16th & 17th Sts	1.6% Slope	7904   	Pct 7904	7904   		17  
2018NOVGEN	2462	7847 - 358 Jersey St		Garage	358 Jersey St	Btw Noe & Castro Sts	5% Slope	7847   	Pct 7847	7847   		16  
2018NOVGEN	2468	9223 - 2001 Union St		Union St Plaza - 2nd Floor Lobby	2001 Union St	Btw Buchanan & Webster	8.3% Slope - Ramped Access	9223   	Pct 9223	9223   		21  
2018NOVGEN	2470	7535 - 1316 Page St		Garage	1316 Page St	Enter Btw Lyon St & Central Ave	1.6% Slope	7535   	Pct 7535	7535   		12  
2018NOVGEN	2479	1141 - 263 Maynard St		Garage	263 Maynard St	Btw Congdon St & Gladstone Dr	3% Slope	1141   	Pct 1141	1141   		3  
2018NOVGEN	2491	9204 - 3760 Webster St		Garage	3760 Webster St	Btw Jefferson St. & Marina Blvd	4.8% slope	9204   	Pct 9204	9204   		21  
2018NOVGEN	2494	7707 - 366 Marietta Dr		Garage	366 Marietta Dr	Btw Arroyo Way & Teresita Blvd	3.6% Slope	7707   	Pct 7707	7707   		15  
2018NOVGEN	2496	7839 - 3753 21st St		Garage	3753 21st St	Btw Noe & Sanchez Sts	8.3% Slope	7839   	Pct 7839	7839   		16  
2018NOVGEN	2500	9203 - 1867 Jefferson St		Garage	1867 Jefferson St	Btw Divisadero & Scott	2.7% Slope	9203   	Pct 9203	9203   		21  
2018NOVGEN	2515	7918 - 2774 Folsom St		Garage	2774 Folsom St	Btw 23rd & 24th St	2% Slope	7918   	Pct 7918	7918   		17  
2018NOVGEN	2517	9512 - 850 Broderick St		Zygmunt Arendt House-Community Rm	850 Broderick St	Enter on Broderick near corner of Golden Gate	1% slope	9512   	Pct 9512	9512   		26  
2018NOVGEN	2524	9401 - 1296 La Playa St		Garage	1296 La Playa St	Btw Irving & Lincoln	7.9% Slope	9401   	Pct 9401	9401   		23  
2018NOVGEN	2525	9148 - 2650 Fulton St - Enter 3rd Ave		Cultural Integration Fellowship	2650 Fulton St	Enter On 3rd Ave Btw Fulton & Cabrillo Sts	5.4% Slope	9148   	Pct 9148	9148   		20  
2018NOVGEN	2528	1117 - 231 Montana St		Garage	231 Montana St	Montana Btw Capital & Orizaba	3% Slope	1117   	Pct 1117	1117   		2  
2018NOVGEN	2532	7821 - 128 Eureka St		Garage	128 Eureka St	Btw 18th & 19th Sts	5.4% Slope	7821   	Pct 7821	7821   		16  
2018NOVGEN	2533	7705 - 99 Saint Germain Ave		Garage	99 Saint Germain Ave	Corner Of Saint Germain & Glenbrook Aves	3.3% Slope	7705   	Pct 7705	7705   		14  
2018NOVGEN	2545	7311 - 2200 Larkin St		Garage	2200 Larkin St	Corner Of Larkin & Green	7.1% Slope	7311   	Pct 7311	7311   		10  
2018NOVGEN	2558	9123 - 551 26th Ave		Firehouse #14	551 26th Ave	Btw Anza St & Geary Blvd	5% Slope	9123   	Pct 9123	9123   		20  
2018NOVGEN	2559	9235 - 3220 Sacramento St		S F University High School- Parking Garage	3220 Sacramento St	Between Lyon St. & Presidio St.	6.0% Slope	9235   	Pct 9235	9235   		21  
2018NOVGEN	2560	9113 - 4620 California St		St James Episcopal	4620 California St	Between 8th & 9th Aves	7.5% Slope	9113   	Pct 9113	9113   		20  
2018NOVGEN	2563	9238 - 2340 Jackson St		S F Public Montessori School - Auditorium	2340 Jackson St	Enter Off Jackson St  Btw Webster And Fillmore	8.3% Slope - Ramped Access	9238   	Pct 9238	9238   		21  
2018NOVGEN	2565	7817 - 3527 16th St		Garage	3527 16th St	Btw Prosper & Sanchez Sts	4.2% Slope	7817   	Pct 7817	7817   		16  
2018NOVGEN	2574	9726- 390 Buckingham Way		Firehouse #19	390 Buckingham Way	Corner of Winston Dr. & Buckingham Way	5.4% Slope	9726   	Pct 9726	9726   		30  
2018NOVGEN	2583	9239 - 1905 Broadway St		Garage	1905 Broadway St	Between Laguna and Octavia Streets	8% Slope	9239   	Pct 9239	9239   		21  
2018NOVGEN	2584	7829 - 65 Grand View Ave		Garage	65 Grand View Ave	Romain And Grand View Terrace	8.3% Slope	7829   	Pct 7829	7829   		16  
2018NOVGEN	2586	7844 - 3549 23rd Street		Garage	3549 23rd St	Btw Guerrero & San Jose Aves	1% Slope	7844   	Pct 7844	7844   		16  
2018NOVGEN	2593	9445- 2316 Vicente St		Church - Living Water Fellowship	2316 Vicente St	Btw 34th & 35th Ave	5.0% Slope	9445   	Pct 9445	9445   		23  
2018NOVGEN	2594	9702 - 731 Judah St		Garage	731 Judah St	Btw 12th Ave & Funston	5.2% slope	9702   	Pct 9702	9702   		28  
2018NOVGEN	2596	7645 - Pier 40 A - the Embarcadero		Southbeach Harbor Pier 40 A- Community Room	Pier 40 A - The Embarcadero	Embarcadero & King St.	3.1% Slope	7645   	Pct 7645	7645   		13  
2018NOVGEN	2603	7907 - 2300 Folsom St		Firehouse #7	2300 Folsom St	Corner Folsom & 19th Sts	2.2% slope	7907   	Pct 7907	7907   		17  
2018NOVGEN	2604	9729- 32 San Jacinto Way		Garage	32 San Jacinto Way	Btw Santa Paula & San Felipe	6% Slope	9729   	Pct 9729	9729   		30  
2018NOVGEN	2613	9752 - 526 Flood Ave		Garage	526 Flood Ave	Btw Gennesse & Phelan	5.1% Slope	9752   	Pct 9752	9752   		30  
2018NOVGEN	2619	7615 - 111 Jones St		Community Room	111 Jones St	Corner of Jones and Golden Gate Ave	8.3%  Slope - Ramped Access	7615   	Pct 7615	7615   		13  
2018NOVGEN	2623	1148 - 542 Moscow St		Garage	542 Moscow St	Btw Russia & Persia	2.5% Slope	1148   	Pct 1148	1148   		3  
2018NOVGEN	2624	7019 - 1887 Palou Ave		Garage	1887 Palou Ave	Btw Quint & Phelps	6.1% Slope	7019   	Pct 7019	7019   		5  
2018NOVGEN	2627	9711 - 1816 Funston Ave		Garage	1816 Funston Ave	Btw Pacheco & Aerial	6.3% Slope	9711   	Pct 9711	9711   		29  
2018NOVGEN	2628	9434 - 2074 47th Ave		Garage	2074 47th Ave	Btw Quintara & Pacheco	0.8% Slope	9434   	Pct 9434	9434   		23  
2018NOVGEN	2631	9243 - 3150 Sacramento St		Presidio Library - Program Room	3150 Sacramento St	Btw Lyon & Baker	8.3% Slope - Ramped Access	9243   	Pct 9243	9243   		21  
2018NOVGEN	2632	7005 - 1490 19th St		Church - Saint Teresa Of Avila - Sammon Hall	1490 19th St - Enter On Connecticut	Enter On Connecticut Btw 18th & 19th St.	4.2% Slope	7005   	Pct 7005	7005   		5  
2018NOVGEN	2633	1115 - 446 Randolph St		I.t. Bookman Comm Ctr - Mult Purpose Rm	446 Randolph St	Corner Of Arch & Randolph St	8.3% Slope - Ramped Access	1115   	Pct 1115	1115   		2  
2018NOVGEN	2636	9413 - 1342 41st Ave		Garage	1342 41st Ave	Btw Irving & Judah	3.8% slope	9413   	Pct 9413	9413   		23  
2018NOVGEN	2637	9139 - 741 30th Ave		Richmond Dist Neighborhood Ctr	741 30th Ave - Enter On 31st Ave	Btw Balboa & Cabrillo Sts	9.5% Slope; 3% Cross Slope - Curbside Voting Avail	9139   	Pct 9139	9139   		20  
2018NOVGEN	2651	7522 - 715 Scott St		Garage	715 Scott St	Btw Grove & Fulton Sts.	2.6% Slope	7522   	Pct 7522	7522   		12  
2018NOVGEN	2660	7841 - 3531 22nd St		School - Edison Charter- Auditorium	3531 22nd St	Enter 22nd St Btw Dolores Ave & Chattanooga St	1.5% Slope	7841   	Pct 7841	7841   		16  
2018NOVGEN	2662	7339 - 1300 Polk St		Church - First Congregational Of S F	1300 Polk St	Corner Of Bush & Polk	2.0% Slope	7339   	Pct 7339	7339   		11  
2018NOVGEN	2663	9442 - 3595 Taraval St		Bnai Emunah	3595 Taraval St	Corner Of Taraval & 46th Ave	5.9% Slope	9442   	Pct 9442	9442   		23  
2018NOVGEN	2673	7537 - 305 Scott St		Garage	305 Scott St	Between Page & Oak	3.2% slope	7537   	Pct 7537	7537   		12  
2018NOVGEN	2674	9737 - 390 Melrose Ave		Garage	390 Melrose Ave	Corner Of Gennessee & Melrose	6.4% Slope	9737   	Pct 9737	9737   		30  
2018NOVGEN	2676	7937 - 1419 Cortland Ave		Garage	1419 Cortland Ave	Btw Bradford & Nebraska Sts	6.6% slope	7937   	Pct 7937	7937   		17  
2018NOVGEN	2677	7801 - 245 Upper Terrace		Garage	245 Upper Terrace	South West Of Clifford Terrace	0.8% Slope	7801   	Pct 7801	7801   		16  
2018NOVGEN	2679	7902 - 1855 Folsom St		U C S F Mission Center - Confer Rm #126	1855 Folsom St	Entrance On 15th St Btw Folsom & Harrison Sts	8.3% Slope - Ramped Access	7902   	Pct 7902	7902   		17  
2018NOVGEN	2682	9436 - 2831 Rivera St		Garage	2831 Rivera St	Btw 39th Ave & 38th Ave	8.3% Slope	9436   	Pct 9436	9436   		23  
2018NOVGEN	2685	7539 - 628 Haight St		Garage	628 Haight St	Btwn Steiner St & Pierce St	5.6% Slope	7539   	Pct 7539	7539   		12  
2018NOVGEN	2692	9242 - 1901 Franklin St		Golden Gate Church - Garage	1901 Franklin St	Enter Off Clay St Btw Franklin & Gough	8.3% Slope	9242   	Pct 9242	9242   		21  
2018NOVGEN	2694	9212 - 1800 Chestnut St		Moscone Rec Ctr - Community Room	1800 Chestnut St	Intersection of Chestnut & Buchanan	7.4% Slope - Ramped Access	9212   	Pct 9212	9212   		21  
2018NOVGEN	2695	7205 - 1166 Filbert St		Garage	1166 Filbert St	Btw Hyde & Leavenworth	4.6% Slope	7205   	Pct 7205	7205   		8  
2018NOVGEN	2699	9448 - 2477 21st Ave		Garage	2477 21st Ave	Btw Ulloa & Taraval St	5.1% slope	9448   	Pct 9448	9448   		23  
2018NOVGEN	2700	7708 - 33 Bella Vista Way		Garage	33 Bella Vista Way	Enter Btw Teresita & Gaviota	2.5% Slope	7708   	Pct 7708	7708   		15  
2018NOVGEN	2710	7845 - 4323 23rd St		Garage	4323 23rd St	Btw Hoffman & Douglass St	7.1% Slope	7845   	Pct 7845	7845   		16  
2018NOVGEN	2717	9408 - 1319 20th Ave		Northern Tiger Kenpo - Studio	1319 20th Ave	Btw Irving & Judah	8.1% Slope	9408   	Pct 9408	9408   		23  
2018NOVGEN	2718	9755 - 122 Hearst Ave		Garage	122 Hearst Ave	Btw Baden & Congo	3.2% Slope	9755   	Pct 9755	9755   		31  
2018NOVGEN	2719	9231 - 28 6th Ave		Garage	28 6th Ave	Cross street Lake Street	5.2% Slope For 2 Feet	9231   	Pct 9231	9231   		21  
2018NOVGEN	2724	7013 - 654 Minnesota St		U C S F - Lobby	654 Minnesota St	Btw 18th & 19th Sts	4.5% Slope	7013   	Pct 7013	7013   		5  
2018NOVGEN	2725	7646 - 1505 4th St		U C S F Housing - Comm Room	1505 4th St	Enter off Nelson Rising Lane Btw 3rd & 4th Sts	4.9% Slope	7646   	Pct 7646	7646   		13  
2018NOVGEN	2728	7814 - 390 Valencia St		Valencia Gardens - Community Room	390 Valencia St	Enter off Valencia at the corner of 15th St	2% slope	7814   	Pct 7814	7814   		16  
2018NOVGEN	2735	7643 - 225 Berry St		Mission Creek Senior - Comm Room	225 Berry St	Enter off Berry St btw 4th & 5th Sts	2.6% Slope	7643   	Pct 7643	7643   		13  
2018NOVGEN	2741	9114 - 350 10th Ave		Library - Richmond Branch - Program Room	350 10th Ave	Enter Off 10th Btw Geary & Clement Sts	3.2% Slope	9114   	Pct 9114	9114   		20  
2018NOVGEN	2742	9125 - 484 21st Ave		Garage	484 21st Ave	Btw Anza & Geary	8% Slope	9125   	Pct 9125	9125   		20  
2018NOVGEN	2751	7632 - 934 Brannan St		Soma Arts Cultural Center - Kitchen Space	934 Brannan St	Btw 8th and 9th Sts	8.3% Slope - Ramped Access	7632   	Pct 7632	7632   		13  
2018NOVGEN	2763	7315 - 1630 Stockton St		S F Italian Athletic Club - Upstairs Function Room	1630 Stockton St	Btw Union & Filbert St	1.1% Slope	7315   	Pct 7315	7315   		10  
2018NOVGEN	2764	7525 - 608 Hayes St		Church -Neighborhood Baptist - Confer Rm	608 Hayes St	Btw Laguna & Buchanan Sts	2.6% Slope	7525   	Pct 7525	7525   		12  
2018NOVGEN	2768	9258 - 270 Masonic Ave		Blood Centers Of The Pacific	270 Masonic Ave	Corner Of Masonic & Turk	8.3% Slope - Ramped Access	9258   	Pct 9258	9258   		21  
2018NOVGEN	2773	7028 - 1601 Lane St		Ymca - Gym	1601 Lane St	Enter Corner Of Revere & Lane Sts	4.4% Slope	7028   	Pct 7028	7028   		5  
2018NOVGEN	2777	7947 - 300 Gaven St		The San Francisco School - Flex Room	300 Gaven St	Btw Boylston & Bowdoin Sts	6.0% Slope	7947   	Pct 7947	7947   		17  
2018NOVGEN	2779	7604 - 516 Ofarrell St		Hotel - Crosby - Activity Room	516 O'Farrell St	Btw Jones & Leavenworth	7.9% Slope	7604   	Pct 7604	7604   		13  
2018NOVGEN	2780	9143 - 626 20th Ave		Garage	626 20th Ave	Btw Balboa and Cabrillo Streets	1% slope	9143   	Pct 9143	9143   		20  
2018NOVGEN	2781	9233- 3820 Washington St		Garage	3820 Washington St	Btwn Maple and Cherry Streets	1% Slope	9233   	Pct 9233	9233   		21  
2018NOVGEN	2787	9145 - 1125 Cabrillo St		Garage	1125 Cabrillo St	Btw Funston St & 12th Ave	5.7% Slope	9145   	Pct 9145	9145   		20  
2018NOVGEN	2792	7816 - 4092 17th Street		Garage	4092 17th St	Btw Castro & Diamond Sts	3.8% slope	7816   	Pct 7816	7816   		16  
2018NOVGEN	2795	7332 - 1751 Sacramento St		Church - Old First Presbyterian - Fellowship Hall	1751 Sacramento St	Btw Polk St & Van Ness Ave	8.3% Slope	7332   	Pct 7332	7332   		11  
2018NOVGEN	2796	7853 - 829 Duncan St		Garage	829 Duncan St	Btw Diamond Heights Blvd & Douglass St	8.2% Slope	7853   	Pct 7853	7853   		16  
2018NOVGEN	2799	7326 - 1135 Powell St		Library - Chinatown - Comm Room	1135 Powell St	Btw Jackson St. & Washington St.	6.2% Slope	7326   	Pct 7326	7326   		10  
2018NOVGEN	2801	9519 - 233 Judah St		Garage	233 Judah St	Btw 7th and 8th Avenues	8.3% Slope	9519   	Pct 9519	9519   		26  
2018NOVGEN	2805	7316 - 1630 Stockton St (loc 7315)		S F Italian Athletic Club - Upstairs Function Room	1630 Stockton St	Btw Union & Filbert St	1.1% Slope	7316   	Pct 7316	7316   		10  
2018NOVGEN	2806	7551 - 165 Grattan St (loc 7555)		School - Grattan - Auditorium	165 Grattan St	Between Cole & Shrader Sts	5.6% Slope - Ramped Access	7551   	Pct 7551	7551   		12  
2018NOVGEN	2817	9202 - 218 Lincoln Blvd		Firehouse #51	218 Lincoln Blvd	Enter Off Graham Between Lincoln And French Court	5.0% Slope	9202   	Pct 9202	9202   		21  
2018NOVGEN	2818	9701 - 1439 18th Avenue		Garage	1439 18th Ave	Between Judah And Kirkham	5% Slope At Entrance	9701   	Pct 9701	9701   		28  
2018NOVGEN	2822	7038 - 1701 Visitacion Ave		Coffman Pool - Lobby	1701 Visitacion Ave	Enter Off Visitacion Near The Corner Of Hahn	3.0% Slope	7038   	Pct 7038	7038   		6  
2018NOVGEN	2823	9151- 178 Ewing Terrace		Garage	178 Ewing Terrace	Off Masonic Btw Anza & Turk Sts	8% Slope	9151   	Pct 9151	9151   		20  
2018NOVGEN	2830	1134 - 301 Rolph St		Cordova Market	301 Rolph St	Btw Naples & Cordova	2.2% Slope	1134   	Pct 1134	1134   		2  
2018NOVGEN	2831	7914 - 2859 22nd St		Church - Monte Sinai Iglesia De Dios	2859 22nd St	Btw Alabama & Harrison Sts	1.5% Slope	7914   	Pct 7914	7914   		17  
2018NOVGEN	2835	9451 - 2715 35th Ave		Garage	2715 35th Ave	Btw Wawona & Yorba	3% Slope	9451   	Pct 9451	9451   		23  
2018NOVGEN	2854	9518 - 1199 9th Ave (loc 9514)		County Fair Building - Gallery	1199 9th Ave	Between Lincoln & MLK Drive	4.9% Slope	9518   	Pct 9518	9518   		26  
2018NOVGEN	2864	7606 - 650 Eddy St		Apartments - Arnet Watson - Lobby	650 Eddy St	Btw Larkin & Polk Sts	1.3% Slope	7606   	Pct 7606	7606   		13  
2018NOVGEN	2865	7618 - 170 Otis St		Human Services Agency - Born Auditorium	170 Otis St	Enter Off Otis Btw Duboce And McCoppin	6.1% Slope	7618   	Pct 7618	7618   		13  
2018NOVGEN	2866	7623 - 175 7th Street		West Bay Pilipino Multi Service Center	175 7th Street	Between Mission And Howard	1.9% Slope	7623   	Pct 7623	7623   		13  
2018NOVGEN	2869	7854 - 4132 26th St		Garage	4132 26th St	Btw Noe & Castro Sts	6.6% Slope	7854   	Pct 7854	7854   		16  
2018NOVGEN	2870	7712 - 236 Monterey Blvd		Sunnyside Conservatory	236 Monterey Blvd	Btw Baden & Congo Sts	8.3% Slope - Ramped Access	7712   	Pct 7712	7712   		14  
2018NOVGEN	2873	9406 - 2625 Lincoln Way		Garage	2625 Lincoln Way	Btw 27th And 28th Aves	8.0% Ramped Access	9406   	Pct 9406	9406   		23  
2018NOVGEN	2878	9418 - 3240 Lawton St		Garage	3240 Lawton St	Btw 38th Ave And 39th Ave	7.6% Slope	9418   	Pct 9418	9418   		23  
2018NOVGEN	2884	7866 - 43 Ora Way		Goldmine Hill Homeowners Assoc - Rec Rm	43 Ora Way	Btw Goldmine & Topaz	5% Slope	7866   	Pct 7866	7866   		16  
2018NOVGEN	2893	7912 - 3134 22nd St		Hua Zang Si - Temple	3134 22nd St	Btw S Van Ness Ave & Capp St	7.6% Slope - Ramped Access	7912   	Pct 7912	7912   		17  
2018NOVGEN	2900	1124 - 155 Sadowa St		Garage	155 Sadowa St	Btw Capital & Plymouth	7.6% Slope	1124   	Pct 1124	1124   		2  
2018NOVGEN	2903	7627 - 88 Howard St		Carmel Rincon	88 Howard St	Btw Spear & Steuart	0.5% Slope	7627   	Pct 7627	7627   		13  
2018NOVGEN	2904	7506 - 1480 Ellis St - (loc 7507)		Church - Full Gospel S F	1480 Ellis St	At Webster	7.9% Slope Ramped Access	7506   	Pct 7506	7506   		12  
2018NOVGEN	2905	7617 - 44 Mcallister St		Civic Center Residence - Front Lobby	44 McAllister St	Enter Btw Jones And Leavenworth	1.6% Slope	7617   	Pct 7617	7617   		13  
2018NOVGEN	2906	9415 - 2151 Judah St		Garage	2151 Judah St	Enter On 27th Ave. Btw Judah & Kirkham	7.9% Slope	9415   	Pct 9415	9415   		23  
2018NOVGEN	2907	7035 - 729 Kirkwood Ave		Wu Yee Children's Services	729 Kirkwood Ave	Btw Earl & Dormitory - Enter Ramp On Right	8.3% Slope - Ramped Access	7035   	Pct 7035	7035   		5  
2018NOVGEN	2908	7906 -2248 Mission St		Beauty Salon	2248 Mission St	Btw 18th & 19th Sts	5.8% Slope	7906   	Pct 7906	7906   		17  
2018NOVGEN	2912	1126 - 2850 Alemany Blvd		Spanish Cultural Center	2850 Alemany Blvd	Enter Off Farragut At Alemany	8.3% Slope	1126   	Pct 1126	1126   		2  
2018NOVGEN	2916	9152 - 2335 Golden Gate Ave		Memorial Gym - North Lobby	2335 Golden Gate Ave	Btw Kittredge & Roselyn Ter	4.5% Slope	9152   	Pct 9152	9152   		20  
2018NOVGEN	2926	9102 - 300 34th Ave		Clubhouse - Lincoln Park Golf Course	300 34th Ave	Off Clement St	8.3% Slope - Ramped Access	9102   	Pct 9102	9102   		20  
2018NOVGEN	2929	9229 - 38 20th Ave		Garage	38 20th Ave	Off Lake St	6.0% Slope	9229   	Pct 9229	9229   		21  
2018NOVGEN	2931	7052 - 333 Tunnel Ave		Church - Korean First Presbyterian	333 Tunnel Ave	Cross Street Lathrop Ave	3.5 %slope	7052   	Pct 7052	7052   		6  
2018NOVGEN	2934	1119 - 24 Josiah Ave		Garage	24 Josiah Ave	Btw Howth St & Lakeview Ave	4.7% Slope	1119   	Pct 1119	1119   		2  
2018NOVGEN	2939	7001 - 2450 17th St		S G I - U S A Soka Gakkai - Rm 1a	2450 17th St	Enter Off Hampshire Near 17th St.	8.3% Slope - Ramped Access	7001   	Pct 7001	7001   		5  
2018NOVGEN	2940	7004 - 655 De Haro Street		Sf International High School - Lobby	655 De Haro St	Enter Off DE Haro Between 18th & 19th St	6.4% Slope	7004   	Pct 7004	7004   		5  
2018NOVGEN	2941	7006 - 2641 25th Street		School - Bryant - Front Lobby	2641 25th St	Btw San Bruno & Utah	1.0 % Slope	7006   	Pct 7006	7006   		5  
2018NOVGEN	2942	7042 - 3560 San Bruno Ave		Church - New Greater Prosperity - Sanctuary	3560 San Bruno Ave	Btw Harkness Ave & Wilde Ave	6.4% Slope	7042   	Pct 7042	7042   		5  
2018NOVGEN	2948	7313 - 840 Broadway St		School - Jean Parker - Multi Purpose Room	840 Broadway St	Btw Powell & Mason	8.3% Slope - Ramped Access	7313   	Pct 7313	7313   		10  
2018NOVGEN	2952	7337 - 1199 Mason St		Chinese Recreation Center - Lobby	1199 Mason St	Enter At Corner Of Mason And Washington	2.7% Slope	7337   	Pct 7337	7337   		11  
2018NOVGEN	2957	7622 - 1010 Mission Street		Bayanihan Community Center - Hall	1010 Mission Street	Between 6th St And 7th St	5.5% Slope	7622   	Pct 7622	7622   		13  
2018NOVGEN	2963	7858 - 1220 Valencia St		Templo Da La Fe - Church Lobby	1220 Valencia St	Btw 23rd & 24th Sts	1% Slope	7858   	Pct 7858	7858   		16  
2018NOVGEN	2969	9118 - 550 37th Ave		Library - Anza Branch - Program Room	550 37th Ave	Btw Geary Blvd & Anza St	5.6% Slope	9118   	Pct 9118	9118   		20  
2018NOVGEN	2974	9256 - 2520 Bush St (loc 9254)		7th Day Adventist Church - Imani Center	2520 Bush Street	Between Divisadero St & Scott St	1.3% Slope	9256   	Pct 9256	9256   		22  
2018NOVGEN	2985	7848 - 990 Church St		School - Theresa Mahler - Room 4	990 Church St	Btw 22nd St & Hill Sts	8.0 % Slope	7848   	Pct 7848	7848   		16  
2018NOVGEN	2988	1131 - 666 Morse St		Garage	666 Morse St	Btw Lowell & Guttenberg	6.3% Slope	1131   	Pct 1131	1131   		2  
2018NOVGEN	2992	7546 -1525 Waller St		Waller Center	1525 Waller St	Btw Clayton & Belvedere	5.5% Slope	7546   	Pct 7546	7546   		12  
2018NOVGEN	2994	7823 - 577 Castro St		Garage	577 Castro St	Enter Off Castro Btw 18th & 19th Sts	4% Slope	7823   	Pct 7823	7823   		16  
2018NOVGEN	3001	7873 - 126 Chenery St		Garage	126 Chenery St	Btw Randell & Fairmont Sts	4.2% Slope	7873   	Pct 7873	7873   		16  
2018NOVGEN	3009	7628 - 1346 Folsom St		Tenderloin Neighborhood Develop - Lobby	1346 Folsom St	Btw 9th St And Dore St	2.2% Slope	7628   	Pct 7628	7628   		13  
2018NOVGEN	3015	9503/04 - 1550 Scott St		Western Addition Library - Program Rm	1550 Scott St	Btw Post St & Geary Blvd	4.3% Slope	9503   	Pct 9503/9504	9503   		26  
2018NOVGEN	3015	9503/04 - 1550 Scott St		Western Addition Library - Program Rm	1550 Scott St	Btw Post St & Geary Blvd	4.3% Slope	9503   	Pct 9503/9504	9504   		26  
2018NOVGEN	3018	7334 - 1751 Sacramento St (loc 7332)		Church - Old First Presbyterian - Fellowship Hall	1751 Sacramento St	Btw Polk St & Van Ness Ave	8.3% Slope	7334   	Pct 7334	7334   		11  
2018NOVGEN	3020	9751 - 1298 Ocean Ave		Ingleside Branch Library - Program Room	1298 Ocean Ave	Btw Plymouth And Brighton Aves	1.7% Slope	9751   	Pct 9751	9751   		30  
2018NOVGEN	3026	7346 - 1082 Post St		Apartment - Lobby	1082 Post St	Btw Polk & Larkin Sts	1.2% Slope	7346   	Pct 7346	7346   		11  
2018NOVGEN	3027	1121 - 2850 Alemany Blvd (loc 1126)		Spanish Cultural Center	2850 Alemany Blvd	Enter Off Farragut At Alemany	8.3% Slope	1121   	Pct 1121	1121   		2  
2018NOVGEN	3028	7637 - 425 1st Street		Rincon Hill Apartment Bldg - Lobby	425 1st Street	At Harrison Street	0.8% Slope	7637   	Pct 7637	7637   		13  
2018NOVGEN	3029	9137 - 6220 Fulton St		Garage	6220 Fulton St	Btw 38th & 39th Aves	3.8% Slope	9137   	Pct 9137	9137   		20  
2018NOVGEN	3030	1146 - 5051 Mission St		5151 Mission - Lobby	5051 Mission St	Between Amazon & Italy	2.4% Slope	1146   	Pct 1146	1146   		3  
2018NOVGEN	3035	7926- 28 Mirabel Avenue		Garage	28 Mirabel Ave	Btw Coso Ave & Shotwell St	8.3% Slope	7926   	Pct 7926	7926   		17  
2018NOVGEN	3037	9141 - 855 27th Ave		Fulton Playground - Fieldhouse	855 27th Ave	Btw Fulton & Cabrillo Sts	4.6% Slope	9141   	Pct 9141	9141   		20  
2018NOVGEN	3039	9426 - 1867 32nd Avenue		Garage	1867 32nd Ave	Btw Ortega & Noriega	3.1% Slope	9426   	Pct 9426	9426   		23  
2018NOVGEN	3052	7348 - 450 Sutter Street		Office Building - Mayan Room 310	450 Sutter St	Btw Powell & Stockton	3.6% Slope	7348   	Pct 7348	7348   		11  
2018NOVGEN	3054	9101 - 452 44th Ave		Garage	452 44th Ave	Btw Point Lobos Ave & Clement St.	5.0% Slope	9101   	Pct 9101	9101   		20  
2018NOVGEN	3055	9421 - 2201 Lawton St.		Sunset Recreation Ctr. - Club Room B	2201 Lawton St.	Enter At Corner Of Lawton & 28th Ave	5.4% Slope	9421   	Pct 9421	9421   		23  
2018NOVGEN	3059	7024 - 1101 Fairfax Ave		Hunters View - Community Room	1101 Fairfax Ave	Enter On Fairfax Ave Near Acacia Ave	2.9 % Slope	7024   	Pct 7024	7024   		5  
2018NOVGEN	3068	1145 - 950 Avalon Ave		Swaminarayan Temple - Lobby	950 Avalon Ave	At Corner Of LA Grande Ave	2.0 % Slope	1145   	Pct 1145	1145   		3  
2018NOVGEN	3077	7635 - 615 7th Street		Flower Shop - Display Area	615 7th St	Between Townsend And Brannan	8.3% Ramped Access	7635   	Pct 7635	7635   		13  
2018NOVGEN	3084	9149 - 278 Willard North St		Garage	276 Willard North St	Btw Golden Gate Ave & Mcallister St	6.4% Slope	9149   	Pct 9149	9149   		20  
2018NOVGEN	3093	9717 - 2243 14th Ave		Garage	2243 14th Ave	Btw Rivera And Santiago	7.5% Slope At Entrance	9717   	Pct 9717	9717   		29  
2018NOVGEN	3095	9735 - 112 Robinhood Drive		Garage	112 Robinhood Drive	Cross Street Lansdale Ave	3.9% Slope	9735   	Pct 9735	9735   		30  
2018NOVGEN	3106	7053 - 150 Executive Park Blvd		Office Building - 1st Floor Conf Room	150 Executive Park Blvd	Enter Rear Parking Lot Btw Thomas Mellon & Candlestick Cove	7.2% Slope	7053   	Pct 7053	7053   		5  
2018NOVGEN	3110	1108 - 583 Victoria Street		Garage	583 Victoria St	Enter Btw Holloway & Garfield	7.1% Slope	1108   	Pct 1108	1108   		2  
2018NOVGEN	3124	7834 - 3590 19th St.		Apartamentos De La Esperanza - Comm Room	3590 19th St.	Btw Guerrero St & Linda St	2.7% Slope	7834   	Pct 7834	7834   		16  
2018NOVGEN	3139	9444 - 2650 42nd Ave (loc 9443)		School - Ulloa - Gymnasium	2650 42nd Ave	Enter Off Vicente Between 41st & 42nd Ave.	8.3% Slope - Ramped Access	9444   	Pct 9444	9444   		23  
2018NOVGEN	3143	9414 - 1570 31st Ave (loc 9419)		Lawton School - Auditorium	1570 31st Ave	Enter Off Lawton Between 30th And 31st Ave	5.0% Slope	9414   	Pct 9414	9414   		23  
2018NOVGEN	3145	1107 - 801 Shields St (loc. 1106)		Merced Heights Playground - Clubhouse	801 Shields St	Corner Of Byxbee & Shields St - Enter Off Byxbee	8.3% Slope - Ramped Access	1107   	Pct 1107	1107   		2  
2018NOVGEN	3146	7209 - 1395 Van Ness Ave		Nissan Infiniti	1395 Van Ness Ave	Between Bush And Sutter Streets	3.4% Slope	7209   	Pct 7209	7209   		9  
2018NOVGEN	3153	7303 - 850 Columbus Ave - (loc 7307)		Library - North Beach - Community Room	850 Columbus Ave	Enter Columbus Btw Lombard & Greenwich	0.6 % Slope	7303   	Pct 7303	7303   		10  
2018NOVGEN	3154	7347 - 450 Sutter Street (loc 7348)		Office Building - Mayan Room 310	450 Sutter St	Btw Powell & Stockton	3.6% Slope	7347   	Pct 7347	7347   		11  
2018NOVGEN	3162	9213 - 1259 Bay Street		Garage	1259 Bay St	Enter Between Gough And Franklin	0.8% Slope At Entrance	9213   	Pct 9213	9213   		21  
2018NOVGEN	3163	9227 - 211 27th Avenue		Garage (on Left Side)	211 27th Ave	Between Lake And California	6.8% Slope	9227   	Pct 9227	9227   		21  
2018NOVGEN	3167	9405 - 1330 29th Ave		Garage	1330 29th Ave	Btw Irving & Judah	5% Slope	9405   	Pct 9405	9405   		23  
2018NOVGEN	3171	9712 - 250 Laguna Honda Blvd		Church Lobby	250 Laguna Honda Blvd	Enter Off Laguna Honda Between Plaza And Clarendon	8.3% Slope - Ramped Access	9712   	Pct 9712	9712   		30  
2018NOVGEN	3176	7556/57 - 1278 Stanyan St		Garage	1278 Stanyan St	Btw 17th St & Belgrave Sts	3.9% Slope	7556   	Pct 7556/7557	7556   		12  
2018NOVGEN	3176	7556/57 - 1278 Stanyan St		Garage	1278 Stanyan St	Btw 17th St & Belgrave Sts	3.9% Slope	7556   	Pct 7556/7557	7557   		12  
2018NOVGEN	3181	1103 - 2 San Gabriel Avenue		Garage	2 San Gabriel Ave	Btw Capistrano And Santa Rosa	5.0% Slope	1103   	Pct 1103	1103   		1  
2018NOVGEN	3187	7934 - 3469 Mission St		S F Taekwondo Center	3469 Mission St	Btw Kingston St & Cortland Ave	5.7% Slope	7934   	Pct 7934	7934   		17  
2018NOVGEN	3188	7875 - 68 Park St		Garage	68 Park St	Btw Mission & Dead End Of Park	5.6% Slope	7875   	Pct 7875	7875   		16  
2018NOVGEN	3189	7626 - 201 3rd St.		Starbucks Cafe	201 3rd St.	Between Howard And Folsom	4.4% Slope	7626   	Pct 7626	7626   		13  
2018NOVGEN	3190	9736 - 166 Burlwood Dr (loc 9737)		Garage	166 Burlwood Dr	Btw Belle Vista & Los Polmos	5.3% Slope	9736   	Pct 9736	9736   		30  
2018NOVGEN	3191	9119 - 687 40th Ave		Garage	687 40th Ave	Btw Balboa & Anza Sts	4.2% Slope	9119   	Pct 9119	9119   		20  
2018NOVGEN	3193	9438 - 2162 24th Ave (loc. 9439)		Abraham Lincoln School - Teachers Lounge	2162 24th Ave	Between Rivera & Quintara	4.4% Slope	9438   	Pct 9438	9438   		23  
2018NOVGEN	3201	9741 - 800 Font Blvd		Seven Hills Conf Center - Russian Hill Rm	800 Font Blvd	Enter From Font Btw Mary Ward Hall & Dining Center	4.5% Slope	9741   	Pct 9741	9741   		30  
2018NOVGEN	3208	9452 - 2695 19th Ave		Sava Pool - Multipurpose Room	2695 19th Ave	Corner Of 19th Ave & Wawona	5.0 % Slope	9452   	Pct 9452	9452   		23  
2018NOVGEN	3209	9205 - 1526 Francisco		Garage	1526 Francisco St	Btw Octavia & Laguna Sts	1.5% Slope	9205   	Pct 9205	9205   		21  
2018NOVGEN	3210	7552 - 845 Ashbury St		Garage	845 Ashbury St	Btw Frederick & Piedmont	8.0% Slope	7552   	Pct 7552	7552   		12  
2018NOVGEN	3211	9109 - 249 17th Ave (loc 9108)		Garage	249 17th Ave	Between California And Clement	0.6% Slope	9109   	Pct 9109	9109   		20  
2018NOVGEN	3212	7803 - 38 Ord St		Garage	38 Ord St	Btw 17th St And Ord CT	1.8% Slope	7803   	Pct 7803	7803   		16  
2018NOVGEN	3214	7629 - 1028 Howard St (loc 7623)		Mercy Housing - Community Room	1028 Howard St	Btw Russ St & 6th St	2.5% Slope	7629   	Pct 7629	7629   		13  
2018NOVGEN	3216	7874 - 130 Milton St		Garage	130 Milton St.	Btw Bosworth St. & Mirando Way	6.5 % Slope	7874   	Pct 7874	7874   		16  
2018NOVGEN	3220	1125 - 8 Capitol Ave		Firehouse #33	8 Capitol Ave	Btw Sagamore And End Of Capitol Ave	7.8% Slope Ramped Access	1125   	Pct 1125	1125   		2  
2018NOVGEN	3222	7529 - 1035 Hayes St		Garage	1035 Hayes St	Btw Steiner St. And Pierce St.	8.1% Slope At Right Side Of Garage	7529   	Pct 7529	7529   		12  
2018NOVGEN	3225	9506 - 1927 Ellis St		Garage	1927 Ellis St	Btw Divisadero And Scott	7.7% Slope	9506   	Pct 9506	9506   		26  
2018NOVGEN	3226	7031 - 1728 Bancroft Ave		3rd St Youth Center	1728 Bancroft Ave	Enter Bancroft Btw 3rd St & Mendell St	2.6% Slope	7031   	Pct 7031	7031   		5  
2018NOVGEN	3231	7625 - 701 Mission St		Yerba Buena Center For The Arts - Grand Lobby	701 Mission St	Enter Mission St. Near 3rd St	7.9% Slope - Ramped Access	7625   	Pct 7625	7625   		13  
2018NOVGEN	3234	7709 - 682 Monterey Blvd		Garage	682 Monterey Blvd	Btw Foerster St & Gennessee St	7.1% Slope	7709   	Pct 7709	7709   		15  
2018NOVGEN	3235	9127 - 533 16th Ave		Garage	533 16th Ave	Btw Anza St. And Balboa St.	1.6% Slope	9127   	Pct 9127	9127   		20  
2018NOVGEN	3240	9211 - 3201 Baker St (loc 9206)		Garage	3201 Baker St	Corner Of Francisco St. And Baker St.	5.8% Slope	9211   	Pct 9211	9211   		21  
2018NOVGEN	3242	7321 - 1430 Mason St		True Sunshine Episcopal Church - Garage	1430 Mason St.	Btw Broadway And Pacific Ave	8.3% Slope For 4 feet	7321   	Pct 7321	7321   		10  
2018NOVGEN	3244	9221 - 2835 Broadway St		Garage	2835 Broadway St	Btw Baker St. And Broderick St.	8.3% Slope	9221   	Pct 9221	9221   		21  
2018NOVGEN	3246	7051 - 201 Leland Ave		Visitacion Valley Branch Library	201 Leland Ave	Btw Cora St. And Rutland St.	8.3% Slope - Ramped Access	7051   	Pct 7051	7051   		6  
2018NOVGEN	3249	9228 - 511 El Camino Del Mar		Garage	511 El Camino Del Mar	Near Corner Of 28th Ave	3.5% Slope	9228   	Pct 9228	9228   		21  
2018NOVGEN	3250	7835 - 264 Glenview Dr		Garage	264 Glenview Dr	Near Corner Of Burnett Ave	8.3% Slope	7835   	Pct 7835	7835   		16  
2018NOVGEN	3252	7862 - 1456 Church St.		Garage	1456 Church St	Btw Cesar Chavez St And 27th St	2% Slope	7862   	Pct 7862	7862   		16  
2018NOVGEN	3258	9215 - 3155 Scott St		Edward I I Youth Housing - Program Room	3155 Scott St	Enter Scott St. Near Corner Of Lombard St.	0.4% Slope	9215   	Pct 9215	9215   		21  
2018NOVGEN	3261	7811 - 30 Pearl St		Garage	30 Pearl St	Btw Pink Alley And Market St.	0.5% Slope	7811   	Pct 7811	7811   		16  
2018NOVGEN	3262	7638 - 375 Beale St		Metropolitan Transportation Commission - Lobby	375 Beale St	Btw Harrison St. And Folsom St.	1.5% Slope	7638   	Pct 7638	7638   		13  
2018NOVGEN	3263	7941 - 612 Moultrie St		Garage	612 Moultrie St	Btw Ogden Ave And Tompkins Ave	1% Slope	7941   	Pct 7941	7941   		17  
2018NOVGEN	3267	9403 - 3330 Judah St		Garage	3330 Judah St	Btw 38th Ave And 39th Ave	0.9% Slope	9403   	Pct 9403	9403   		23  
2018NOVGEN	3269	9705 - 1539 10th Ave		Garage	1539 10th Ave	Btw Kirkham St. And Lawton St.	7.9% Slope	9705   	Pct 9705	9705   		29  
2018NOVGEN	3270	9509 - 1750 Mcallister St (loc 9511)		Mcallister Towers - Social Rm	1750 Mcallister St	Between Baker St. & Broderick St.	7.4% Slope	9509   	Pct 9509	9509   		26  
2018NOVGEN	3271	9134 - 740 Anza St		Garage	740 Anza St.	Between Beaumont & Parker	4.2% Slope	9134   	Pct 9134	9134   		20  
2018NOVGEN	3273	7929 - 39 Coleridge St		Garage	39 Coleridge St	Btw Fair Ave And Powers Ave	3.1% Slope	7929   	Pct 7929	7929   		17  
2018NOVGEN	3280	9441 - 2618 45th Ave		Garage	2618 45th Ave	Between Vicente & Wawona	5.0% Slope	9441   	Pct 9441	9441   		23  
2018NOVGEN	3281	9708 - 1831 8th Ave		Garage	1831 8th Ave	Btw Noriega & Ortega	6.2% Slope	9708   	Pct 9708	9708   		29  
2018NOVGEN	3290	7813 - 71 Landers St		Garage	71 Landers St	Btw 14th St & 15th St	5.7% Slope	7813   	Pct 7813	7813   		16  
2018NOVGEN	3291	9237 - 2938 Washington St		Waldorf School - Dakin Hall Lobby	2938 Washington St	Between Broderick And Divisadero	1.3% Slope	9237   	Pct 9237	9237   		21  
2018NOVGEN	3292	9216 - 2444 Greenwich St		Garage	2444 Greenwich St	Between Pierce And Scott	3.6% Slope	9216   	Pct 9216	9216   		21  
2018NOVGEN	3293	7547 - 1525 Waller St (loc 7546)		Waller Center	1525 Waller St	Between Clayton & Belvedere	5.5% Slope	7547   	Pct 7547	7547   		12  
2018NOVGEN	3294	9429 - 1986 36th Ave		Garage	1986 36th Ave	Between Ortega & Pacheco	0.4% Slope	9429   	Pct 9429	9429   		23  
2018NOVGEN	3295	7323 - 1755 Clay St		St Luke's Episcopal Church - Sanctuary	1755 Clay St	Enter Van Ness Ave Btw Clay & Sacramento	Wheelchair Lift Access 2.6% Slope	7323   	Pct 7323	7323   		11  
2018NOVGEN	3296	9144 - 1437 Cabrillo St		Garage	1437 Cabrillo St	Between 15th Ave & 16th Ave	7.1% Slope	9144   	Pct 9144	9144   		20  
2018NOVGEN	3302	9246 - 2340 Jackson St (loc 9238)		S F Public Montessori School - Auditorium	2340 Jackson St	Between Webster And Fillmore	8.3% Slope - Ramped Access	9246   	Pct 9246	9246   		21  
2018NOVGEN	3303	9245 - 2262 California St		Congr. Sherith Israel - Newman Lobby	2262 California St	Between Webster & Buchanan St	8.3% Slope	9245   	Pct 9245	9245   		21  
2018NOVGEN	3305	7867 - 5587 Diamond Heights Blvd		Garage	5587 Diamond Heights Blvd	Btw Diamond St & Berkeley Way	5.3% Slope	7867   	Pct 7867	7867   		16  
2018NOVGEN	3306	9719 - 29 Rockaway Ave		St Brendan's Parish - Parish Hall	29 Rockaway Ave	Enter On Ulloa Btwn Rockaway & Waithman Way	7.1% Slope Ramped Access	9719   	Pct 9719	9719   		30  
2018NOVGEN	3307	7319 - 1965 Larkin St		Helen Wills Park - Kitchen	1965 Larkin St	Enter At Corner Of Larkin & Broadway	5.4% Slope	7319   	Pct 7319	7319   		11  
2018NOVGEN	3308	1142 - 260 Madrid St (loc 1144)		School - Monroe - Multipurpose Room	260 Madrid St	Btw Avalon & Excelsior Ave	2.0% Slope	1142   	Pct 1142	1142   		3  
2018NOVGEN	3309	7605 - 330 Ellis St		Glide Church - Freedom Hall	330 Ellis St	Enter On Taylor Btwn Ellis & O' Farrell	8.0% Slope - Ramped Access	7605   	Pct 7605	7605   		13  
2018NOVGEN	3310	7938 - 176 Highland Ave		Garage	176 Highland Ave	Between Holly Park & Patton	5.9% Slope	7938   	Pct 7938	7938   		17  
2018NOVGEN	3311	7309 - 2041 Larkin St (loc 7318)		Church - Fellowship Of All Peoples	2041 Larkin St	Btwn Broadway & Vallejo	3.2% Slope	7309   	Pct 7309	7309   		10  
2018NOVGEN	3313	7711 - 236 Monterey Blvd (loc 7712)		Sunnyside Conservatory	236 Monterey Blvd	Btw Baden & Congo Sts	8.3% Slope - Ramped Access	7711   	Pct 7711	7711   		14  
2018NOVGEN	3314	7335 - 1325 Leavenworth Street (loc 7333)		Firehouse #41	1325 Leavenworth St	Btw Washington & Clay	1.8% Slope	7335   	Pct 7335	7335   		11  
2018NOVGEN	3315	7857 - 400 Fair Oaks		Garage	400 Fair Oaks St	Between 25th St & 26th St	4.7% Slope	7857   	Pct 7857	7857   		16  
2018NOVGEN	3316	7842 - 3531 22nd St (loc 7841)		School - Edison Charter- Auditorium	3531 22nd St	Enter 22nd St Btw Dolores Ave & Chattanooga St	1.5% Slope	7842   	Pct 7842	7842   		16  
2018NOVGEN	3317	9433 - 1201 Ortega St		Lycee Francais School	1201 Ortega St	Enter On 19th Ave. Between Ortega & Pacheco	5% Slope	9433   	Pct 9433	9433   		23  
2018NOVGEN	3318	7328 - 808 Kearny St		C C S F - Chinatown North Beach Campus - Lobby	808 Kearny St	Between Washington & Jackson	1.6% Slope	7328   	Pct 7328	7328   		10  
2018NOVGEN	3319	7833 - 3590 19th St (loc 7834)		Apartamentos De La Esperanza - Garage	3590 19th St	Btw Guerrero St & Linda St	2.7% Slope	7833   	Pct 7833	7833   		16  
2018NOVGEN	3320	9411 - 4242 Lawton St		Garage	4242 Lawton St	Between 48th Ave & Great Hwy	4.8% Slope	9411   	Pct 9411	9411   		23  
2018NOVGEN	3321	7932 - 685 Peralta Ave		Garage	685 Peralta Ave	Between Powhattan & Esmerelda	5.6% Slope	7932   	Pct 7932	7932   		17  
2018NOVGEN	3327	7036 - 1654 Sunnydale Ave (loc 7037)		Sunnydale Development Community Room	1654 Sunnydale Ave	Corner Of  Santos	8.3% Slope Ramped Access	7036   	Pct 7036	7036   		6  
2018NOVGEN	3328	7935 - 246 Bocana St		Garage	246 Bocana St	Between Cortland & Eugenia	2% Slope	7935   	Pct 7935	7935   		17  
2018NOVGEN	3333	7603 - 517 O'Farrell (loc 7604)		The T L  Cafe & Laundromat	517 O' Farrell	Between Leavenworth And Jones St	7.1% Slope	7603   	Pct 7603	7603   		13  
2018NOVGEN	3336	9207 - 3500 Fillmore St (loc 9208)		Marina Middle School - Auditorium Lobby	3500 Fillmore St	Between Bay And Fillmore Streets	8.3% Slope - Ramped Access	9207   	Pct 9207	9207   		21  
2018NOVGEN	3342	7055 - 1111 8th St		California College Of The Arts - Student Lounge	1111 8th St	Btw Irwin & Hooper	3.5% Slope	7055   	Pct 7055	7055   		5  
2018NOVGEN	3343	7649 - 758 Natoma St		Hostwell Warehouse	758 Natoma St	Btw 8th St & 9th St	8.3% Slope	7649   	Pct 7649	7649   		13  
2018NOVGEN	3344	7651 - 44 Tehama St		Galvanize	44 Tehama St	Between 1st And 2nd Street	2.8% Slope	7651   	Pct 7651	7651   		13  
2018NOVGEN	3345	7652 - 25 Essex St		Rene Cazenave Apartments - Program Rm	25 Essex St	Btw Folsom & Harrison	0.4% Slope	7652   	Pct 7652	7652   		13  
2018NOVGEN	3346	7653 - 1180 4th St		Apartments - Community Room	1180 4th St	Enter On Channel St Near 4th St	4.6% Slope	7653   	Pct 7653	7653   		13  
2018NOVGEN	3347	7876 - 1800 Market St		The S F  L G B T Center	1800 Market St	Between Octavia Blvd & Laguna St	1.2% Slope	7876   	Pct 7876	7876   		16  
2018NOVGEN	3349	7044 - 2600 Arelious Walker Dr		Alice Griffith Opportunity Center - Multi-purpose Room	2600 Arelious Walker Dr	Enter Egbert At Arelious Walker	2% Slope	7044   	Pct 7044	7044   		5  
2018NOVGEN	3350	9754 - 250 Foerster St		Sunnyside Elementary - Main Hallway	250 Foerster St	Btw Hearst & Flood	8.3% - Ramped Access	9754   	Pct 9754	9754   		31  
2018NOVGEN	3351	7008 - 465 Missouri St		Daniel Webster Elementary - Flex Room	465 Missouri St	Btw 19th And 20th Streets	8.3% Slope - Ramped Access	7008   	Pct 7008	7008   		5  
2018NOVGEN	3354	7022 - 4705 3rd St		Bayview Opera House - Auditorium	4705 3rd St	Enter Off Newcomb Between 3rd St & Mendell	1.9% Slope	7022   	Pct 7022	7022   		5  
2018NOVGEN	3355	7512 - 1025 Fillmore Street		El Bethel Arms	1025 Fillmore St	Btw Mcallister & Golden Gate Ave	5.0% Slope	7512   	Pct 7512	7512   		12  
2018NOVGEN	3357	9412 - 1558 47th Ave		Garage	1558 47th Ave	Between Lawton And Kirkham St	0.9% Slope	9412   	Pct 9412	9412   		23  
2018NOVGEN	3360	7514 - 1050 Mcallister St		Ella Hill Hutch Center - Conference Room	1050 Mcallister St	Btw Webster & Laguna	7.3% Slope - Ramped Access	7514   	Pct 7514	7514   		12  
2018NOVGEN	3362	7526 - 624 Laguna St		The Village At Hayes Valley - Rooftop Lounge	624 Laguna St	Between Grove And Ivy St	3% Slope	7526   	Pct 7526	7526   		12  
2018NOVGEN	3364	7614 - 220 Golden Gate Ave		Kelly Cullen Community - 2nd Floor Auditorium	220 Golden Gate Ave	Btw Leavenworth & Hyde	2.2% Slope	7614   	Pct 7614	7614   		13  
2018NOVGEN	3365	7616 - 150 Van Ness Ave		Apartment Lobby	150 Van Ness Ave	Enter Hayes Btw Polk & Van Ness Ave	0.7% Slope	7616   	Pct 7616	7616   		13  
2018NOVGEN	3367	9217 - 3150 Steiner St (loc 9216)		Garage	3150 Steiner St	Between Greenwich & Pixley	8.2% Slope	9217   	Pct 9217	9217   		21  
2018NOVGEN	3372	9756 - 306 Saint Charles Ave		Garage	306 Saint Charles Ave	Near Corner Of Belle Ave	4.1% Slope	9756   	Pct 9756	9756   		30  
2018NOVGEN	3373	1122 - 721 Delano Ave		Garage	721 Delano Ave	Between Geneva And Seminole Ave	5.1% Slope	1122   	Pct 1122	1122   		2  
2018NOVGEN	3374	1132 - 55 Newton St		Garage	55 Newton St	Btw Morse St & Rolph St	7.1% Slope	1132   	Pct 1132	1132   		2  
2018NOVGEN	3375	1147 - 437 Lisbon St		Garage	437 Lisbon St	Btw Russia Ave & Persia Ave	3.9% Slope	1147   	Pct 1147	1147   		3  
2018NOVGEN	3376	7206 - 2356 Pine St		Pacific Heights Health Club - Gym	2356 Pine St	Btw Fillmore & Steiner	6.3% Slope	7206   	Pct 7206	7206   		9  
2018NOVGEN	3378	7538 - 678 Waller St		Garage	678 Waller St	Btw Scott & Carmelita	4.9% Slope	7538   	Pct 7538	7538   		12  
2018NOVGEN	3379	7541 - 254 Laussat St		Garage	254 Laussat St	Btw Fillmore & Steiner	0.1% Slope	7541   	Pct 7541	7541   		12  
2018NOVGEN	3382	7945 - 734 Andover St		Garage	734 Andover St	Between Crescent & Benton St	4.4% Slope	7945   	Pct 7945	7945   		17  
2018NOVGEN	3383	9138 - 877 36th Ave		Garage	877 36th Ave	Btw Fulton & Cabrillo	4.6% Slope	9138   	Pct 9138	9138   		20  
2018NOVGEN	3384	9218 - 3020 Laguna St		Garage	3020 Laguna St	Between Greenwich St And Harris Pl	2.6% Slope	9218   	Pct 9218	9218   		21  
2018NOVGEN	3385	9226 - 1745 Vallejo St		Garage	1745 Vallejo St	Btw Franklin & Gough	1.8% Slope	9226   	Pct 9226	9226   		21  
2018NOVGEN	3388	9432 - 1851 Noriega St		Adath Israel Synagogue	1851 Noriega St	Btw 25th Ave & 26th Ave	1.9% Slope	9432   	Pct 9432	9432   		23  
2018NOVGEN	3390	9724 - 84 Middlefield Dr		Garage	84 Middlefield Dr	Btw Ocean & Sloat	0.9% Slope	9724   	Pct 9724	9724   		30  
2018NOVGEN	3394	7047 - 66 Raymond Ave (loc 7051)		Asian Pacific American Community Center - Room 3	66 Raymond Ave	Btw Alpha St & Bayshore Blvd	8.3% Slope - Ramped Access	7047   	Pct 7047	7047   		6  
2018NOVGEN	3396	7851 - 124 Turquoise Way		Garage	124 Turquoise Way	Btw Amber & Quartz Way	4.8% Slope	7851   	Pct 7851	7851   		16  
2018NOVGEN	3397	9801 - 31 Cayuga Ave		Garage	31 Cayuga Ave	Cross Street Rousseau	3.3% Slope	9801   	Pct 9801	9801   		32  
2018NOVGEN	3398	9517 - 1364 12th Ave		Garage	1364 12th Ave	Btw Irving & Judah	4.2% Slope	9517   	Pct 9517	9517   		26  
2018NOVGEN	3399	9738 - 1300 Junipero Serra Blvd		Saint Thomas More Church - Scanlan Hall	1300 Junipero Serra Blvd	Entrance Btw Thomas More Way & Junipero Serra	6.6% Slope - Ramped Access	9738   	Pct 9738	9738   		30  
2018NOVGEN	3401	9435 - 3045 Santiago St		S F U S D Special Ed Center - Multi Purpose Rm	3045 Santiago St	Btw 41st Ave & 42nd Ave	3.9% Slope - Ramped Access	9435   	Pct 9435	9435   		23  
2018NOVGEN	3404	7549 - 321 Carl St		Garage	321 Carl St	Between Willard St & Hillway Ave	5.0% Slope	7549   	Pct 7549	7549   		12  
2018NOVGEN	3408	7832 - 4046 20th St		Garage	4046 20th St	Between Sanchez And Noe St.	2.2% Slope	7832   	Pct 7832	7832   		16  
2018NOVGEN	3411	9214 - 3002 Baker St		Garage	3002 Baker St	Enter On Lombard Near Corner Of Baker St.	2.7% Slope	9214   	Pct 9214	9214   		21  
2018NOVGEN	3414	9124 - 677 24th Ave		Garage	677 24th Ave	Btw Balboa & Anza	2.1% Slope	9124   	Pct 9124	9124   		20  
2018NOVGEN	3416	7953 - 363 Princeton St		Garage	363 Princeton St	Princeton St Near Bacon St	4.8% Slope	7953   	Pct 7953	7953   		17  
2018NOVGEN	3418	9428 - 1754 25th Ave		Garage	1754 25th Ave	Between Noriega & Moraga St	4.0% Slope	9428   	Pct 9428	9428   		23  
2018NOVGEN	3420	7023 - 5 Richards Cir		Garage	5 Richards Cir	Corner Of Richards Cir & Whitney Young Cir	7.1% Slope	7023   	Pct 7023	7023   		5  
2018NOVGEN	3422	7531 - 634 Oak St		Garage	634 Oak St	Between Fillmore And Webster St	4.3% Slope	7531   	Pct 7531	7531   		12  
2018NOVGEN	3423	9132 - 560 4th Ave		Garage	560 4th Ave	Btw Anza & Balboa	5.3% Slope	9132   	Pct 9132	9132   		20  
2018NOVGEN	3424	7519 - 1854 Grove St		Garage	1854 Grove St	Between Masonic Ave & Ashbury St	4.5% Slope	7519   	Pct 7519	7519   		12  
2018NOVGEN	3426	7011 - 524 Connecticut St		Garage	524 Connecticut St	Btw 20th St & Dead End	2.9% Slope	7011   	Pct 7011	7011   		5  
2018NOVGEN	3428	7861 - 422 Day St		Garage	422 Day St	Btw Noe & Day	4.7% Slope	7861   	Pct 7861	7861   		16  
2018NOVGEN	3429	9437 - 2271 35th Ave		Garage	2271 35th Ave	Btw Santiago & Rivera St	6.5% Slope	9437   	Pct 9437	9437   		23  
2018NOVGEN	3434	7014 - 904 22nd St		Rickshaw Bagworks	904 22nd St	Between Minnesota And Indiana St	2.8% Slope	7014   	Pct 7014	7014   		5  
2018NOVGEN	3437	9135 - 897 47th Ave		Garage	897 47th Ave	Corner Of 47th Ave And Fulton St	0.6% Slope	9135   	Pct 9135	9135   		20  
2018NOVGEN	3438	9446 - 2550 25th Ave		Elementary School - Cafeteria Hallway	2550 25th Ave	Between Vicente & Ulloa	8.3% Slope - Ramped Access	9446   	Pct 9446	9446   		23  
2018NOVGEN	3439	9746 - 399 Moncada Way		Garage	399 Moncada Way	Corner Of Moncada Way & Junipero Serra Blvd	3.6% Slope	9746   	Pct 9746	9746   		30  
2018NOVGEN	3440	9748 - 168 Dorado Ter		Garage	168 Dorado Ter	Between Dorado Terrace And Dead End	7.7% Slope	9748   	Pct 9748	9748   		30  
2018NOVGEN	3442	1133 - 494 Pope St		Garage	494 Pope St	Corner Of Pope St And Bellevue Ave	4.8% Slope	1133   	Pct 1133	1133   		2  
2018NOVGEN	3443	7805 - 46 Beaver St		Garage	46 Beaver St	Between Castro & Noe	6.0% Slope	7805   	Pct 7805	7805   		16  
2018NOVGEN	3444	9722 - 261 Wawona St		Garage	261 Wawona St	Between 14th Ave And Vicente St.	6.4% Slope	9722   	Pct 9722	9722   		30  
2018NOVGEN	3445	7859 - 1527 Diamond St		Garage	1527 Diamond St	Between Duncan And 28th St.	8.3% Slope	7859   	Pct 7859	7859   		16  
2018NOVGEN	3446	7922 - 3013 24th St		Mission Girls Center - Club Room	3013 24th St	Between Harrison And Balmy St	5.9% Slope	7922   	Pct 7922	7922   		17  
2018NOVGEN	3447	9709 - 1877 17th Ave		Garage	1877 17th Ave	Between Noriega And Ortega St	2.6% Slope	9709   	Pct 9709	9709   		29  
2018NOVGEN	3448	9734 - 19 Maywood Dr		Garage	19 Maywood Dr	Between Yerba Buena And Ravenwood	5.9% Slope	9734   	Pct 9734	9734   		30  
2018NOVGEN	3449	7955 - 515 Holyoke St		Garage	515 Holyoke St	Between Woolsey & Wayland St	5.9% Slope	7955   	Pct 7955	7955   		17  
2018NOVGEN	3450	9707 - 1831 14th Ave		Garage	1831 14th Ave	Btw Mount & Pacheco St.	8% Slope	9707   	Pct 9707	9707   		29  
2018NOVGEN	3452	9425 - 3223 Ortega St		Ortega Branch Library - Program Room	3223 Ortega St	Between 39th And 40th Ave	3.0% Slope	9425   	Pct 9425	9425   		23  
