https://sfgov.org/elections/sites/default/files/Documents/ElectionsArchives/2018/Nov/PODJ011_PollingPlaces_20181001.txt	PODJ011
https://sfgov.org/elections/sites/default/files/Documents/ElectionsArchives/2018/Nov/ConsolDistBT_20180817_NoDups.txt	ConsolDistBT
https://sfgov.org/elections/sites/default/files/Documents/ElectionsArchives/2018/Nov/CFMJ001_ContestCandidateData.txt	CFMJ001_ContestCandidateData
https://sfgov.org/elections/sites/default/files/Documents/ElectionsArchives/2018/Nov/CFMContestData.txt	CFMJ001_ContestData
https://sfgov.org/elections/sites/default/files/Documents/ElectionsArchives/2018/Nov/CFMJ008_MeasureData.txt	CFMJ008
https://sfgov.org/elections/sites/default/files/Documents/ElectionsArchives/OpenData/PDMJ001_DistPctExtract.txt	PDMJ001
https://sfgov.org/elections/sites/default/files/Documents/ElectionsArchives/OpenData/SGMJ001_StreetExtract_10-16-2018.txt	SGMJ001
