"QuickHash v2.8.4 - The easy and convenient way to hash data in Linux, OSX and Windows. Log generated: 3/31/2020 9:39:09",File Name,Path,Hash Value,File Size (on Disk),Duplicate?
,,,,,
1,summary.pdf,D:\RESULTS\20200326\,56CB1E0BA2761C5B817152754BD896E9A8783BB813BC750B667DCB7976B64C5E7F8F568E9737146E73471D4C20BD21718A432CCD503983D1B81C199E54DD7A86,225009 bytes (219.74 KiB),
2,summary.xlsx,D:\RESULTS\20200326\,F7635D5B431252E5A8D356E191261B5A6308DFBDE0FB681A795D174350D8EF9ED42EB848DC1911D7BA371724A9CD66BE9B04343D95083E274F082C4B1C8D4095,28798 bytes (28.12 KiB),
3,summary.xml,D:\RESULTS\20200326\,84D40DFE176182B50C9D0853EA51A3192BF6C771D1472A37DF27B0469C50489511FBA3EF2836FC37904EE515706026DA43D42AC5ED4224DA1E33FBEF19A957C5,195089 bytes (190.52 KiB),
4,20200326_BallotGroupTurnout.txt,D:\RESULTS\20200326\,26B8B8DB775DF6A4C17EBBB36912DA961049EDD3D5C87E676F15814576307D97503B11C27229D144CE4255C769FFCA9F715324C899E5276220865684A955F09C,7416 bytes (7.24 KiB),
5,20200326_BallotGroupTurnout.xlsx,D:\RESULTS\20200326\,45B4003BA1416646E92CD4E555B5A0421E5A51002008B7FB4C3FFBE556ADBF93C564027A5294DB26F0033ECB9B828113A0958DD99C23497DAB0111A94D65C8C1,22110 bytes (21.59 KiB),
6,20200326_sov.xlsx,D:\RESULTS\20200326\,F14B168565433E9E20181360117CCBB653D7FF4665AA6061BB6A923EEFCBC8541BD31CA3F1037793C3BCC4ECB57D44C8C661E1B65EDBDD520E2C9B02C0C6417C,5207306 bytes (4.97 MiB),
7,20200326_sov.pdf,D:\RESULTS\20200326\,6153442EB41058324FD7EA166BD36AC1A6418A2BB7C86D0FB837BCBF0784893963932EE49F53AE055E385A023DA52A07DB124BF2F8B4FAAB6CAC7F453F77509E,30902031 bytes (29.47 MiB),
8,20200326_sov.xml,D:\RESULTS\20200326\,A85376B10536AC1DCDB5AD994C03588F0AEBD7E67F11F58E04D0A435D5117677204689577B2E93287DDAE5B775D101056FED158F1C1066E9FF6EB5ACF93926EA,75269207 bytes (71.78 MiB),
9,20200326_dsov.xlsx,D:\RESULTS\20200326\,11AEFEC4CF4FAA567B13192B77E34AE60AE2DC2647B19306D198C958E86E5FFC62A0170A251D88EC6AB186B67B2695B270313CBF367526E6A3FEBD028364C96D,613365 bytes (598.99 KiB),
10,20200326_dsov.pdf,D:\RESULTS\20200326\,8AA4E2CE50B86C089AFF71C6BF2C5DCDB8E025B50F37C67A28212E645EE471F15675DABE72D74049348BB4041E383CF1713C0620701EFB0189568CA41E689E10,3363785 bytes (3.21 MiB),
11,CVR_Export_20200326124513.zip,D:\RESULTS\20200326\,C6B8954B5981040C085443F235F247A0B09F4D58C76429CF6883D32BD910FF507E862E49A70028D2D889B4A44D919A7FCF84824D0EDE72F8224A636EDC04F84A,71670886 bytes (68.35 MiB),
12,M20_ICC_Logs.zip,D:\RESULTS\20200326\,508B4EBDF293E709A16A3248763B409C4EA1F8ADF673328BABFC1CE92E6A8C12E1B1046FE14E7EB562496FB35204A6CE6DAA3E51FD3E8C959DCAB0FA24869352,17533425 bytes (16.72 MiB),
13,20200326_cvr.pdf,D:\RESULTS\20200326\,E89DF4EF421F0BDC91A67CA0D647EA6B21B80332E0AE538F5AE48169805D8842CECF12C7DFBBBEDDAAC49FE540E2435BA2E56830795D2E80F9B2AF790CE99AAB,58916 bytes (57.54 KiB),
14,20200326_pv.pdf,D:\RESULTS\20200326\,4B8D96BF2FABAF896428C0668B1643D5A23D3091C037236147FB0EE3A8AF35F1AA5548D5F622EFC471692F75B4C86EBA5A72E19D110BB457DD26C26ABBB4B7A8,61895 bytes (60.44 KiB),
15,20200326_vbm.pdf,D:\RESULTS\20200326\,262CE2BDD21FCB24C13A82FE25F65D9C95A1ED31A526858001E134446D2B9F24DF4E21988FA49659A8FD930299161F1FA642D87B36C4C1A0484B55502EE06C99,64118 bytes (62.62 KiB),
16,Registration_20200303.txt,D:\RESULTS\20200326\,9EC5EC6D997783CF0AC4AF35FA3CE8DF2872D5F50FE4F15E8FAFCDB8F3C15D2F5C2F81FFCBDC922D6BA3335FE01C4EFDE6D409681A8A907B90B272D56CBE2BA6,154304 bytes (150.69 KiB),
17,Registration_20200303.xlsx,D:\RESULTS\20200326\,74762F61AF6553E6CC3FA7BEE4889BE6E2FA3051A34298AF6ED0739CEFC2FDD9FBF926288CF37C5E7F2F9E2D470567389BE9261B738CD078D33B54847812B773,140202 bytes (136.92 KiB),
18,D01.zip,D:\RESULTS\20200326\M20_BallotImages\,45875383BC534A975AA2FEADBFB29974479937D4A96BFAE063B37508BB7E8BD94C412DA7BB2068090D3706D6176749A79301E54467142342BAA0537D4D84BAA4,7965257055 bytes (7.42 GiB),
19,D02.zip,D:\RESULTS\20200326\M20_BallotImages\,84B0B4532657ECB968D8198F837195BF0FDF59424C01F8AD6EF43BEB0578CEC515C44C4A7CEB3079927C5876C0515D2789DA1BF44504BEDF338C4A5A8069124A,9526943801 bytes (8.87 GiB),
20,D03.zip,D:\RESULTS\20200326\M20_BallotImages\,36A9EE8C627281CB01066423171A595F4B6EEFEA425F73EC4384559C088AF1F6A3B8104DBBD2779906FF1992E0C788C9335B805E45BB616BA9F86CA0D91385BE,6932759809 bytes (6.46 GiB),
21,D04.zip,D:\RESULTS\20200326\M20_BallotImages\,1382BA3E7576F659D6E7029D0AA8A6AB1980D15FE41BE7F8AC3C5673A41B63DD4A14BE5E55EA7EB1B82B87DD667205BD6C1FE2AB5E0FA073D4711546660360F0,7464940327 bytes (6.95 GiB),
22,D05.zip,D:\RESULTS\20200326\M20_BallotImages\,521452A6768ADD2AB7AB0099D82763CB4EF91F5D843AF2F8E8626DFAEB5DB83A0968FD1A45ABF46A980EEB63883CA9D85292144992C0B5D7B8D3A4816F08821D,11010358220 bytes (10.25 GiB),
23,D06.zip,D:\RESULTS\20200326\M20_BallotImages\,0F802922D016A6A2E2C32F7B86562211DE6CD9A4D9C2BB523785AFC40743CA66FD45650C72D46B57191C820A58C1E07169DA163E0453B2A4D47E95158B2FAB4E,6994527260 bytes (6.51 GiB),
24,D09.zip,D:\RESULTS\20200326\M20_BallotImages\,CEE2F73C38F2E85863D159F26BA0EDE93A1F310A1C41312EB4CCE5CD2DF95AC053E9541AB570FBAE18F47B7F27132DCE5C3FAAD11D59F5682C717CB7D1B65444,8593487748 bytes (8 GiB),
25,D07.zip,D:\RESULTS\20200326\M20_BallotImages\,5796DD67C2F6EAF01E666BDDCC840DFC6EC3B377E8BFDE76ED225C28344356E36AF33903DDADD0CB6163A275B57FE4B588738CA263C8B4A988D82D044B6C3558,9349204510 bytes (8.71 GiB),
26,D08.zip,D:\RESULTS\20200326\M20_BallotImages\,5023F660E3BAE8677887A3C39969069FB1DAB948C06AAAB7321501525507CB34588B2E3C2B8CFE971EDD0356A756444A81331369DE68DAF0FEE4205C77DD5E79,13708794091 bytes (12.77 GiB),
27,D10.zip,D:\RESULTS\20200326\M20_BallotImages\,687ED2FBB5290970D700E14671592D0C7656C7C13FB4D1DA4CC13A2EB5A4BFEEB40183C6A4F3826F7859B6D899227DDE8E0F369A0D63C6885D87E28E279D3E77,6484253387 bytes (6.04 GiB),
28,D11.zip,D:\RESULTS\20200326\M20_BallotImages\,09BBE0139022C4412B15F37408B7F92277D811A4D59599CEF8507D2DF34690D08CDC68A8E4BA8D44220CE31B42E29496474A1536A63AA6C185BEE6836F931697,5757568969 bytes (5.36 GiB),
