https://www.sfelections.org/results/20200303/data/20200312/summary.pdf	summary.pdf
https://www.sfelections.org/results/20200303/data/20200312/summary.xlsx	summary.xlsx
https://www.sfelections.org/results/20200303/data/20200312/summary.xml	summary.xml
https://www.sfelections.org/results/20200303/data/20200312/20200312_psov.pdf	psov.pdf
https://www.sfelections.org/results/20200303/data/20200312/20200312_psov.xlsx	psov.xlsx
https://www.sfelections.org/results/20200303/data/20200312/20200312_dpsov.pdf	dpsov.pdf
https://www.sfelections.org/results/20200303/data/20200312/20200312_dpsov.xlsx	dpsov.xlsx
https://www.sfelections.org/results/20200303/data/20200312/20200312_BallotGroupTurnout.txt	BallotGroupTurnout.txt
https://www.sfelections.org/results/20200303/data/20200312/20200312_BallotGroupTurnout.xlsx	BallotGroupTurnout.xlsx
https://www.sfelections.org/results/20200303/data/Registration_20200303.txt	Registration_20200303.txt
https://www.sfelections.org/results/20200303/data/20200312/CVR_Export_20200312155245.zip	CVR_Export_20200312155245.zip
https://www.sfelections.org/results/20200303/data/20200312/20200312_sha512.csv	sha512.csv
