https://www.sfelections.org/results/20200303/data/20200309/summary.pdf	summary.pdf
https://www.sfelections.org/results/20200303/data/20200309/summary.xlsx	summary.xlsx
https://www.sfelections.org/results/20200303/data/20200309/summary.xml	summary.xml
https://www.sfelections.org/results/20200303/data/20200309/20200309_psov.pdf	psov.pdf
https://www.sfelections.org/results/20200303/data/20200309/20200309_psov.xlsx	psov.xlsx
https://www.sfelections.org/results/20200303/data/20200309/20200309_dpsov.pdf	dpsov.pdf
https://www.sfelections.org/results/20200303/data/20200309/20200309_dpsov.xlsx	dpsov.xlsx
https://www.sfelections.org/results/20200303/data/20200309/20200309_BallotGroupTurnout.txt	BallotGroupTurnout.txt
https://www.sfelections.org/results/20200303/data/20200309/20200309_BallotGroupTurnout.xlsx	BallotGroupTurnout.xlsx
https://www.sfelections.org/results/20200303/data/Registration_20200303.txt	Registration_20200303.txt
https://www.sfelections.org/results/20200303/data/20200309/CVR_Export_20200309153958.zip	CVR_Export_20200309153958.zip
https://www.sfelections.org/results/20200303/data/20200309/20200309_sha512.csv	sha512.csv
