https://www.sfelections.org/results/20200303/data/20200326/summary.pdf	summary.pdf
https://www.sfelections.org/results/20200303/data/20200326/summary.xlsx	summary.xlsx
https://www.sfelections.org/results/20200303/data/20200326/summary.xml	summary.xml
https://www.sfelections.org/results/20200303/data/20200326/CertificationLetterMar32020.pdf	CertificationLetterMar32020.pdf
https://www.sfelections.org/results/20200303/data/20200326/20200326_sov.pdf	sov.pdf
https://www.sfelections.org/results/20200303/data/20200326/20200326_sov.xlsx	sov.xlsx
https://www.sfelections.org/results/20200303/data/20200326/20200326_dsov.pdf	dsov.pdf
https://www.sfelections.org/results/20200303/data/20200326/20200326_dsov.xlsx	dsov.xlsx
https://www.sfelections.org/results/20200303/data/20200326/20200326_BallotGroupTurnout.txt	BallotGroupTurnout.txt
https://www.sfelections.org/results/20200303/data/20200326/20200326_BallotGroupTurnout.xlsx	BallotGroupTurnout.xlsx
https://www.sfelections.org/results/20200303/data/Registration_20200303.txt	Registration.txt
https://www.sfelections.org/results/20200303/data/20200326/CVR_Export_20200326124513.zip	CVR_Export_20200326124513.zip
https://www.sfelections.org/results/20200303/data/20200326/20200326_vbm.pdf	vbm.pdf
https://www.sfelections.org/results/20200303/data/20200326/20200326_pv.pdf	pv.pdf
https://www.sfelections.org/results/20200303/data/20200326/20200326_cvr.pdf	cvr.pdf
https://www.sfelections.org/results/20200303/data/20200326/M20_ICC_Logs.zip	M20_ICC_Logs.zip
https://www.sfelections.org/results/20200303/data/20200326/20200326_sha512.csv	sha512.csv
