https://www.sfelections.org/results/20200303/data/20200313/summary.pdf	summary.pdf
https://www.sfelections.org/results/20200303/data/20200313/summary.xlsx	summary.xlsx
https://www.sfelections.org/results/20200303/data/20200313/summary.xml	summary.xml
https://www.sfelections.org/results/20200303/data/20200313/20200313_psov.pdf	psov.pdf
https://www.sfelections.org/results/20200303/data/20200313/20200313_psov.xlsx	psov.xlsx
https://www.sfelections.org/results/20200303/data/20200313/20200313_dpsov.pdf	dpsov.pdf
https://www.sfelections.org/results/20200303/data/20200313/20200313_dpsov.xlsx	dpsov.xlsx
https://www.sfelections.org/results/20200303/data/20200313/20200313_BallotGroupTurnout.txt	BallotGroupTurnout.txt
https://www.sfelections.org/results/20200303/data/20200313/20200313_BallotGroupTurnout.xlsx	BallotGroupTurnout.xlsx
https://www.sfelections.org/results/20200303/data/Registration_20200303.txt	Registration_20200303.txt
https://www.sfelections.org/results/20200303/data/20200313/CVR_Export_20200313160902.zip	CVR_Export_20200313160902.zip
https://www.sfelections.org/results/20200303/data/20200313/20200313_sha512.csv	sha512.csv
