https://www.sfelections.org/results/20200303/data/20200221/summary0.pdf	summary0.pdf
https://www.sfelections.org/results/20200303/data/20200221/summary0.xlsx	summary0.xlsx
https://www.sfelections.org/results/20200303/data/20200221/summary0.xml	summary0.xml
https://www.sfelections.org/results/20200303/data/20200221/psov.pdf	psov.pdf
https://www.sfelections.org/results/20200303/data/20200221/psov.xlsx	psov.xlsx
https://www.sfelections.org/results/20200303/data/20200221/CVR_Export_20200228153453.zip	CVR_Export_20200228153453.zip
