https://www.sfelections.org/results/20200303/data/20200303_4/summary.pdf	summary.pdf
https://www.sfelections.org/results/20200303/data/20200303_4/summary.xlsx	summary.xlsx
https://www.sfelections.org/results/20200303/data/20200303_4/summary.xml	summary.xml
https://www.sfelections.org/results/20200303/data/20200303_4/20200303_4_psov.pdf	psov.pdf
https://www.sfelections.org/results/20200303/data/20200303_4/20200303_4_psov.xlsx	psov.xlsx
https://www.sfelections.org/results/20200303/data/20200303_4/20200303_4_dpsov.pdf	dpsov.pdf
https://www.sfelections.org/results/20200303/data/20200303_4/20200303_4_dpsov.xlsx	dpsov.xlsx
https://www.sfelections.org/results/20200303/data/20200303_4/20200303_4_BallotGroupTurnout.txt	BallotGroupTurnout.txt
https://www.sfelections.org/results/20200303/data/20200303_4/20200303_4_BallotGroupTurnout.xlsx	BallotGroupTurnout.xlsx
https://www.sfelections.org/results/20200303/data/20200303_4/CVR_Export_20200304000255.zip	CVR_Export_20200304000255.zip
https://www.sfelections.org/results/20200303/data/20200303_4/20200303_4_sha512.csv	sha512.csv
