https://www.sfelections.org/results/20200303/data/20200307/summary.pdf	summary.pdf
https://www.sfelections.org/results/20200303/data/20200307/summary.xlsx	summary.xlsx
https://www.sfelections.org/results/20200303/data/20200307/summary.xml	summary.xml
https://www.sfelections.org/results/20200303/data/20200307/20200307_psov.pdf	psov.pdf
https://www.sfelections.org/results/20200303/data/20200307/20200307_psov.xlsx	psov.xlsx
https://www.sfelections.org/results/20200303/data/20200307/20200307_dpsov.pdf	dpsov.pdf
https://www.sfelections.org/results/20200303/data/20200307/20200307_dpsov.xlsx	dpsov.xlsx
https://www.sfelections.org/results/20200303/data/20200307/20200307_BallotGroupTurnout.txt	BallotGroupTurnout.txt
https://www.sfelections.org/results/20200303/data/20200307/20200307_BallotGroupTurnout.xlsx	BallotGroupTurnout.xlsx
https://www.sfelections.org/results/20200303/data/Registration_20200303.txt	Registration_20200303.txt
https://www.sfelections.org/results/20200303/data/20200307/CVR_Export_20200307154822.zip	CVR_Export_20200307154822.zip
https://www.sfelections.org/results/20200303/data/20200307/20200307_sha512.csv	sha512.csv
