https://www.sfelections.org/results/20200303/data/20200306/summary.pdf	summary.pdf
https://www.sfelections.org/results/20200303/data/20200306/summary.xlsx	summary.xlsx
https://www.sfelections.org/results/20200303/data/20200306/summary.xml	summary.xml
https://www.sfelections.org/results/20200303/data/20200306/20200306_psov.pdf	psov.pdf
https://www.sfelections.org/results/20200303/data/20200306/20200306_psov.xlsx	psov.xlsx
https://www.sfelections.org/results/20200303/data/20200306/20200306_dpsov.pdf	dpsov.pdf
https://www.sfelections.org/results/20200303/data/20200306/20200306_dpsov.xlsx	dpsov.xlsx
https://www.sfelections.org/results/20200303/data/20200306/20200306_BallotGroupTurnout.txt	BallotGroupTurnout.txt
https://www.sfelections.org/results/20200303/data/20200306/20200306_BallotGroupTurnout.xlsx	BallotGroupTurnout.xlsx
https://www.sfelections.org/results/20200303/data/Registration_20200303.txt	Registration_20200303.txt
https://www.sfelections.org/results/20200303/data/20200306/CVR_Export_20200306160116.zip	CVR_Export_20200306160116.zip
https://www.sfelections.org/results/20200303/data/20200306/20200306_sha512.csv	sha512.csv
