area_id	subtotal_type	RSReg	RSCst	RSRej	RSOvr	RSUnd	RSTot	095:DAVID CHIU	096:ALEJANDRO FERNANDEZ
ALL	TO	291063	0	0	0	0	0	0	0
ALL	ED	291063	0	0	0	0	0	0	0
ALL	MV	291063	0	0	0	0	0	0	0
PCT1141	ED	1041	0	0	0	0	0	0	0
PCT1141	MV	1041	0	0	0	0	0	0	0
PCT1142	ED	861	0	0	0	0	0	0	0
PCT1142	MV	861	0	0	0	0	0	0	0
PCT1143	ED	1034	0	0	0	0	0	0	0
PCT1143	MV	1034	0	0	0	0	0	0	0
PCT1144	ED	907	0	0	0	0	0	0	0
PCT1144	MV	907	0	0	0	0	0	0	0
PCT1145	ED	888	0	0	0	0	0	0	0
PCT1145	MV	888	0	0	0	0	0	0	0
PCT1146	ED	1011	0	0	0	0	0	0	0
PCT1146	MV	1011	0	0	0	0	0	0	0
PCT1147	ED	877	0	0	0	0	0	0	0
PCT1147	MV	877	0	0	0	0	0	0	0
PCT1148	ED	962	0	0	0	0	0	0	0
PCT1148	MV	962	0	0	0	0	0	0	0
PCT1149	ED	907	0	0	0	0	0	0	0
PCT1149	MV	907	0	0	0	0	0	0	0
PCT1152	ED	864	0	0	0	0	0	0	0
PCT1152	MV	864	0	0	0	0	0	0	0
PCT1153	ED	951	0	0	0	0	0	0	0
PCT1153	MV	951	0	0	0	0	0	0	0
PCT7001	ED	776	0	0	0	0	0	0	0
PCT7001	MV	776	0	0	0	0	0	0	0
PCT7002	ED	706	0	0	0	0	0	0	0
PCT7002	MV	706	0	0	0	0	0	0	0
PCT7003	ED	884	0	0	0	0	0	0	0
PCT7003	MV	884	0	0	0	0	0	0	0
PCT7004	ED	881	0	0	0	0	0	0	0
PCT7004	MV	881	0	0	0	0	0	0	0
PCT7005	ED	847	0	0	0	0	0	0	0
PCT7005	MV	847	0	0	0	0	0	0	0
PCT7006	ED	917	0	0	0	0	0	0	0
PCT7006	MV	917	0	0	0	0	0	0	0
PCT7007	ED	949	0	0	0	0	0	0	0
PCT7007	MV	949	0	0	0	0	0	0	0
PCT7008	ED	932	0	0	0	0	0	0	0
PCT7008	MV	932	0	0	0	0	0	0	0
PCT7009	ED	905	0	0	0	0	0	0	0
PCT7009	MV	905	0	0	0	0	0	0	0
PCT7011	ED	985	0	0	0	0	0	0	0
PCT7011	MV	985	0	0	0	0	0	0	0
PCT7012	ED	1109	0	0	0	0	0	0	0
PCT7012	MV	1109	0	0	0	0	0	0	0
PCT7013	ED	956	0	0	0	0	0	0	0
PCT7013	MV	956	0	0	0	0	0	0	0
PCT7014	ED	1460	0	0	0	0	0	0	0
PCT7014	MV	1460	0	0	0	0	0	0	0
PCT7015	MV	95	0	0	0	0	0	0	0
PCT7016	ED	918	0	0	0	0	0	0	0
PCT7016	MV	918	0	0	0	0	0	0	0
PCT7017	ED	754	0	0	0	0	0	0	0
PCT7017	MV	754	0	0	0	0	0	0	0
PCT7018	ED	977	0	0	0	0	0	0	0
PCT7018	MV	977	0	0	0	0	0	0	0
PCT7019	ED	899	0	0	0	0	0	0	0
PCT7019	MV	899	0	0	0	0	0	0	0
PCT7021	ED	947	0	0	0	0	0	0	0
PCT7021	MV	947	0	0	0	0	0	0	0
PCT7022	ED	945	0	0	0	0	0	0	0
PCT7022	MV	945	0	0	0	0	0	0	0
PCT7023	ED	928	0	0	0	0	0	0	0
PCT7023	MV	928	0	0	0	0	0	0	0
PCT7024	ED	414	0	0	0	0	0	0	0
PCT7024	MV	414	0	0	0	0	0	0	0
PCT7025	ED	477	0	0	0	0	0	0	0
PCT7025	MV	477	0	0	0	0	0	0	0
PCT7026	ED	1011	0	0	0	0	0	0	0
PCT7026	MV	1011	0	0	0	0	0	0	0
PCT7027	ED	869	0	0	0	0	0	0	0
PCT7027	MV	869	0	0	0	0	0	0	0
PCT7028	ED	850	0	0	0	0	0	0	0
PCT7028	MV	850	0	0	0	0	0	0	0
PCT7029	ED	901	0	0	0	0	0	0	0
PCT7029	MV	901	0	0	0	0	0	0	0
PCT7030	ED	759	0	0	0	0	0	0	0
PCT7030	MV	759	0	0	0	0	0	0	0
PCT7031	ED	641	0	0	0	0	0	0	0
PCT7031	MV	641	0	0	0	0	0	0	0
PCT7032	ED	904	0	0	0	0	0	0	0
PCT7032	MV	904	0	0	0	0	0	0	0
PCT7033	ED	798	0	0	0	0	0	0	0
PCT7033	MV	798	0	0	0	0	0	0	0
PCT7034	ED	958	0	0	0	0	0	0	0
PCT7034	MV	958	0	0	0	0	0	0	0
PCT7035	ED	606	0	0	0	0	0	0	0
PCT7035	MV	606	0	0	0	0	0	0	0
PCT7036	ED	921	0	0	0	0	0	0	0
PCT7036	MV	921	0	0	0	0	0	0	0
PCT7037	ED	735	0	0	0	0	0	0	0
PCT7037	MV	735	0	0	0	0	0	0	0
PCT7038	ED	911	0	0	0	0	0	0	0
PCT7038	MV	911	0	0	0	0	0	0	0
PCT7039	ED	784	0	0	0	0	0	0	0
PCT7039	MV	784	0	0	0	0	0	0	0
PCT7041	MV	61	0	0	0	0	0	0	0
PCT7042	ED	639	0	0	0	0	0	0	0
PCT7042	MV	639	0	0	0	0	0	0	0
PCT7043	ED	957	0	0	0	0	0	0	0
PCT7043	MV	957	0	0	0	0	0	0	0
PCT7044	ED	827	0	0	0	0	0	0	0
PCT7044	MV	827	0	0	0	0	0	0	0
PCT7045	ED	779	0	0	0	0	0	0	0
PCT7045	MV	779	0	0	0	0	0	0	0
PCT7046	ED	402	0	0	0	0	0	0	0
PCT7046	MV	402	0	0	0	0	0	0	0
PCT7047	ED	823	0	0	0	0	0	0	0
PCT7047	MV	823	0	0	0	0	0	0	0
PCT7048	ED	858	0	0	0	0	0	0	0
PCT7048	MV	858	0	0	0	0	0	0	0
PCT7049	ED	792	0	0	0	0	0	0	0
PCT7049	MV	792	0	0	0	0	0	0	0
PCT7051	ED	861	0	0	0	0	0	0	0
PCT7051	MV	861	0	0	0	0	0	0	0
PCT7052	ED	852	0	0	0	0	0	0	0
PCT7052	MV	852	0	0	0	0	0	0	0
PCT7053	ED	548	0	0	0	0	0	0	0
PCT7053	MV	548	0	0	0	0	0	0	0
PCT7054	ED	1073	0	0	0	0	0	0	0
PCT7054	MV	1073	0	0	0	0	0	0	0
PCT7055	ED	808	0	0	0	0	0	0	0
PCT7055	MV	808	0	0	0	0	0	0	0
PCT7101	MV	155	0	0	0	0	0	0	0
PCT7201	ED	936	0	0	0	0	0	0	0
PCT7201	MV	936	0	0	0	0	0	0	0
PCT7202	ED	850	0	0	0	0	0	0	0
PCT7202	MV	850	0	0	0	0	0	0	0
PCT7203	ED	921	0	0	0	0	0	0	0
PCT7203	MV	921	0	0	0	0	0	0	0
PCT7204	ED	918	0	0	0	0	0	0	0
PCT7204	MV	918	0	0	0	0	0	0	0
PCT7205	ED	875	0	0	0	0	0	0	0
PCT7205	MV	875	0	0	0	0	0	0	0
PCT7206	ED	378	0	0	0	0	0	0	0
PCT7206	MV	378	0	0	0	0	0	0	0
PCT7207	ED	812	0	0	0	0	0	0	0
PCT7207	MV	812	0	0	0	0	0	0	0
PCT7208	ED	600	0	0	0	0	0	0	0
PCT7208	MV	600	0	0	0	0	0	0	0
PCT7209	ED	626	0	0	0	0	0	0	0
PCT7209	MV	626	0	0	0	0	0	0	0
PCT7301	ED	1016	0	0	0	0	0	0	0
PCT7301	MV	1016	0	0	0	0	0	0	0
PCT7302	ED	814	0	0	0	0	0	0	0
PCT7302	MV	814	0	0	0	0	0	0	0
PCT7303	ED	1042	0	0	0	0	0	0	0
PCT7303	MV	1042	0	0	0	0	0	0	0
PCT7304	ED	1002	0	0	0	0	0	0	0
PCT7304	MV	1002	0	0	0	0	0	0	0
PCT7305	ED	871	0	0	0	0	0	0	0
PCT7305	MV	871	0	0	0	0	0	0	0
PCT7306	ED	1056	0	0	0	0	0	0	0
PCT7306	MV	1056	0	0	0	0	0	0	0
PCT7307	ED	767	0	0	0	0	0	0	0
PCT7307	MV	767	0	0	0	0	0	0	0
PCT7308	ED	603	0	0	0	0	0	0	0
PCT7308	MV	603	0	0	0	0	0	0	0
PCT7309	ED	884	0	0	0	0	0	0	0
PCT7309	MV	884	0	0	0	0	0	0	0
PCT7311	ED	917	0	0	0	0	0	0	0
PCT7311	MV	917	0	0	0	0	0	0	0
PCT7312	ED	821	0	0	0	0	0	0	0
PCT7312	MV	821	0	0	0	0	0	0	0
PCT7313	ED	968	0	0	0	0	0	0	0
PCT7313	MV	968	0	0	0	0	0	0	0
PCT7314	ED	787	0	0	0	0	0	0	0
PCT7314	MV	787	0	0	0	0	0	0	0
PCT7315	ED	760	0	0	0	0	0	0	0
PCT7315	MV	760	0	0	0	0	0	0	0
PCT7316	ED	853	0	0	0	0	0	0	0
PCT7316	MV	853	0	0	0	0	0	0	0
PCT7317	ED	904	0	0	0	0	0	0	0
PCT7317	MV	904	0	0	0	0	0	0	0
PCT7318	ED	727	0	0	0	0	0	0	0
PCT7318	MV	727	0	0	0	0	0	0	0
PCT7319	ED	1079	0	0	0	0	0	0	0
PCT7319	MV	1079	0	0	0	0	0	0	0
PCT7321	ED	671	0	0	0	0	0	0	0
PCT7321	MV	671	0	0	0	0	0	0	0
PCT7322	ED	874	0	0	0	0	0	0	0
PCT7322	MV	874	0	0	0	0	0	0	0
PCT7323	ED	950	0	0	0	0	0	0	0
PCT7323	MV	950	0	0	0	0	0	0	0
PCT7324	ED	755	0	0	0	0	0	0	0
PCT7324	MV	755	0	0	0	0	0	0	0
PCT7325	ED	904	0	0	0	0	0	0	0
PCT7325	MV	904	0	0	0	0	0	0	0
PCT7326	ED	876	0	0	0	0	0	0	0
PCT7326	MV	876	0	0	0	0	0	0	0
PCT7327	ED	699	0	0	0	0	0	0	0
PCT7327	MV	699	0	0	0	0	0	0	0
PCT7328	ED	973	0	0	0	0	0	0	0
PCT7328	MV	973	0	0	0	0	0	0	0
PCT7329	ED	640	0	0	0	0	0	0	0
PCT7329	MV	640	0	0	0	0	0	0	0
PCT7331	ED	852	0	0	0	0	0	0	0
PCT7331	MV	852	0	0	0	0	0	0	0
PCT7332	ED	834	0	0	0	0	0	0	0
PCT7332	MV	834	0	0	0	0	0	0	0
PCT7333	ED	1044	0	0	0	0	0	0	0
PCT7333	MV	1044	0	0	0	0	0	0	0
PCT7334	ED	881	0	0	0	0	0	0	0
PCT7334	MV	881	0	0	0	0	0	0	0
PCT7335	ED	970	0	0	0	0	0	0	0
PCT7335	MV	970	0	0	0	0	0	0	0
PCT7336	ED	955	0	0	0	0	0	0	0
PCT7336	MV	955	0	0	0	0	0	0	0
PCT7337	ED	851	0	0	0	0	0	0	0
PCT7337	MV	851	0	0	0	0	0	0	0
PCT7338	ED	915	0	0	0	0	0	0	0
PCT7338	MV	915	0	0	0	0	0	0	0
PCT7339	ED	669	0	0	0	0	0	0	0
PCT7339	MV	669	0	0	0	0	0	0	0
PCT7341	ED	908	0	0	0	0	0	0	0
PCT7341	MV	908	0	0	0	0	0	0	0
PCT7342	ED	947	0	0	0	0	0	0	0
PCT7342	MV	947	0	0	0	0	0	0	0
PCT7343	ED	731	0	0	0	0	0	0	0
PCT7343	MV	731	0	0	0	0	0	0	0
PCT7344	ED	1110	0	0	0	0	0	0	0
PCT7344	MV	1110	0	0	0	0	0	0	0
PCT7345	ED	1141	0	0	0	0	0	0	0
PCT7345	MV	1141	0	0	0	0	0	0	0
PCT7346	ED	920	0	0	0	0	0	0	0
PCT7346	MV	920	0	0	0	0	0	0	0
PCT7347	ED	1040	0	0	0	0	0	0	0
PCT7347	MV	1040	0	0	0	0	0	0	0
PCT7348	ED	861	0	0	0	0	0	0	0
PCT7348	MV	861	0	0	0	0	0	0	0
PCT7349	ED	957	0	0	0	0	0	0	0
PCT7349	MV	957	0	0	0	0	0	0	0
PCT7501	ED	565	0	0	0	0	0	0	0
PCT7501	MV	565	0	0	0	0	0	0	0
PCT7502	ED	784	0	0	0	0	0	0	0
PCT7502	MV	784	0	0	0	0	0	0	0
PCT7503	ED	764	0	0	0	0	0	0	0
PCT7503	MV	764	0	0	0	0	0	0	0
PCT7504	ED	503	0	0	0	0	0	0	0
PCT7504	MV	503	0	0	0	0	0	0	0
PCT7505	ED	869	0	0	0	0	0	0	0
PCT7505	MV	869	0	0	0	0	0	0	0
PCT7506	ED	999	0	0	0	0	0	0	0
PCT7506	MV	999	0	0	0	0	0	0	0
PCT7507	ED	955	0	0	0	0	0	0	0
PCT7507	MV	955	0	0	0	0	0	0	0
PCT7508	ED	727	0	0	0	0	0	0	0
PCT7508	MV	727	0	0	0	0	0	0	0
PCT7509	ED	932	0	0	0	0	0	0	0
PCT7509	MV	932	0	0	0	0	0	0	0
PCT7512	ED	612	0	0	0	0	0	0	0
PCT7512	MV	612	0	0	0	0	0	0	0
PCT7513	ED	818	0	0	0	0	0	0	0
PCT7513	MV	818	0	0	0	0	0	0	0
PCT7514	ED	874	0	0	0	0	0	0	0
PCT7514	MV	874	0	0	0	0	0	0	0
PCT7515	ED	869	0	0	0	0	0	0	0
PCT7515	MV	869	0	0	0	0	0	0	0
PCT7516	ED	922	0	0	0	0	0	0	0
PCT7516	MV	922	0	0	0	0	0	0	0
PCT7517	ED	863	0	0	0	0	0	0	0
PCT7517	MV	863	0	0	0	0	0	0	0
PCT7518	ED	950	0	0	0	0	0	0	0
PCT7518	MV	950	0	0	0	0	0	0	0
PCT7519	ED	737	0	0	0	0	0	0	0
PCT7519	MV	737	0	0	0	0	0	0	0
PCT7521	ED	812	0	0	0	0	0	0	0
PCT7521	MV	812	0	0	0	0	0	0	0
PCT7522	ED	764	0	0	0	0	0	0	0
PCT7522	MV	764	0	0	0	0	0	0	0
PCT7523	ED	747	0	0	0	0	0	0	0
PCT7523	MV	747	0	0	0	0	0	0	0
PCT7524	ED	615	0	0	0	0	0	0	0
PCT7524	MV	615	0	0	0	0	0	0	0
PCT7525	ED	800	0	0	0	0	0	0	0
PCT7525	MV	800	0	0	0	0	0	0	0
PCT7526	ED	1011	0	0	0	0	0	0	0
PCT7526	MV	1011	0	0	0	0	0	0	0
PCT7527	ED	725	0	0	0	0	0	0	0
PCT7527	MV	725	0	0	0	0	0	0	0
PCT7529	ED	948	0	0	0	0	0	0	0
PCT7529	MV	948	0	0	0	0	0	0	0
PCT7531	ED	865	0	0	0	0	0	0	0
PCT7531	MV	865	0	0	0	0	0	0	0
PCT7532	ED	852	0	0	0	0	0	0	0
PCT7532	MV	852	0	0	0	0	0	0	0
PCT7533	ED	1015	0	0	0	0	0	0	0
PCT7533	MV	1015	0	0	0	0	0	0	0
PCT7534	ED	936	0	0	0	0	0	0	0
PCT7534	MV	936	0	0	0	0	0	0	0
PCT7535	ED	767	0	0	0	0	0	0	0
PCT7535	MV	767	0	0	0	0	0	0	0
PCT7536	ED	863	0	0	0	0	0	0	0
PCT7536	MV	863	0	0	0	0	0	0	0
PCT7537	ED	752	0	0	0	0	0	0	0
PCT7537	MV	752	0	0	0	0	0	0	0
PCT7538	ED	771	0	0	0	0	0	0	0
PCT7538	MV	771	0	0	0	0	0	0	0
PCT7539	ED	922	0	0	0	0	0	0	0
PCT7539	MV	922	0	0	0	0	0	0	0
PCT7541	ED	805	0	0	0	0	0	0	0
PCT7541	MV	805	0	0	0	0	0	0	0
PCT7542	ED	821	0	0	0	0	0	0	0
PCT7542	MV	821	0	0	0	0	0	0	0
PCT7543	ED	909	0	0	0	0	0	0	0
PCT7543	MV	909	0	0	0	0	0	0	0
PCT7544	ED	898	0	0	0	0	0	0	0
PCT7544	MV	898	0	0	0	0	0	0	0
PCT7545	ED	918	0	0	0	0	0	0	0
PCT7545	MV	918	0	0	0	0	0	0	0
PCT7546	ED	982	0	0	0	0	0	0	0
PCT7546	MV	982	0	0	0	0	0	0	0
PCT7547	ED	1029	0	0	0	0	0	0	0
PCT7547	MV	1029	0	0	0	0	0	0	0
PCT7548	ED	1073	0	0	0	0	0	0	0
PCT7548	MV	1073	0	0	0	0	0	0	0
PCT7549	ED	811	0	0	0	0	0	0	0
PCT7549	MV	811	0	0	0	0	0	0	0
PCT7551	ED	741	0	0	0	0	0	0	0
PCT7551	MV	741	0	0	0	0	0	0	0
PCT7552	ED	727	0	0	0	0	0	0	0
PCT7552	MV	727	0	0	0	0	0	0	0
PCT7553	MV	180	0	0	0	0	0	0	0
PCT7554	ED	808	0	0	0	0	0	0	0
PCT7554	MV	808	0	0	0	0	0	0	0
PCT7555	ED	886	0	0	0	0	0	0	0
PCT7555	MV	886	0	0	0	0	0	0	0
PCT7556	ED	969	0	0	0	0	0	0	0
PCT7556	MV	969	0	0	0	0	0	0	0
PCT7601	ED	767	0	0	0	0	0	0	0
PCT7601	MV	767	0	0	0	0	0	0	0
PCT7602	ED	901	0	0	0	0	0	0	0
PCT7602	MV	901	0	0	0	0	0	0	0
PCT7603	ED	830	0	0	0	0	0	0	0
PCT7603	MV	830	0	0	0	0	0	0	0
PCT7604	ED	954	0	0	0	0	0	0	0
PCT7604	MV	954	0	0	0	0	0	0	0
PCT7605	ED	648	0	0	0	0	0	0	0
PCT7605	MV	648	0	0	0	0	0	0	0
PCT7606	ED	924	0	0	0	0	0	0	0
PCT7606	MV	924	0	0	0	0	0	0	0
PCT7607	ED	960	0	0	0	0	0	0	0
PCT7607	MV	960	0	0	0	0	0	0	0
PCT7608	ED	392	0	0	0	0	0	0	0
PCT7608	MV	392	0	0	0	0	0	0	0
PCT7609	ED	926	0	0	0	0	0	0	0
PCT7609	MV	926	0	0	0	0	0	0	0
PCT7611	ED	755	0	0	0	0	0	0	0
PCT7611	MV	755	0	0	0	0	0	0	0
PCT7612	ED	583	0	0	0	0	0	0	0
PCT7612	MV	583	0	0	0	0	0	0	0
PCT7613	ED	908	0	0	0	0	0	0	0
PCT7613	MV	908	0	0	0	0	0	0	0
PCT7614	ED	1029	0	0	0	0	0	0	0
PCT7614	MV	1029	0	0	0	0	0	0	0
PCT7615	ED	762	0	0	0	0	0	0	0
PCT7615	MV	762	0	0	0	0	0	0	0
PCT7616	ED	1203	0	0	0	0	0	0	0
PCT7616	MV	1203	0	0	0	0	0	0	0
PCT7617	ED	768	0	0	0	0	0	0	0
PCT7617	MV	768	0	0	0	0	0	0	0
PCT7618	ED	862	0	0	0	0	0	0	0
PCT7618	MV	862	0	0	0	0	0	0	0
PCT7619	ED	1063	0	0	0	0	0	0	0
PCT7619	MV	1063	0	0	0	0	0	0	0
PCT7621	ED	1320	0	0	0	0	0	0	0
PCT7621	MV	1320	0	0	0	0	0	0	0
PCT7622	ED	988	0	0	0	0	0	0	0
PCT7622	MV	988	0	0	0	0	0	0	0
PCT7623	ED	746	0	0	0	0	0	0	0
PCT7623	MV	746	0	0	0	0	0	0	0
PCT7624	ED	859	0	0	0	0	0	0	0
PCT7624	MV	859	0	0	0	0	0	0	0
PCT7625	ED	822	0	0	0	0	0	0	0
PCT7625	MV	822	0	0	0	0	0	0	0
PCT7626	ED	1114	0	0	0	0	0	0	0
PCT7626	MV	1114	0	0	0	0	0	0	0
PCT7627	ED	1187	0	0	0	0	0	0	0
PCT7627	MV	1187	0	0	0	0	0	0	0
PCT7628	ED	960	0	0	0	0	0	0	0
PCT7628	MV	960	0	0	0	0	0	0	0
PCT7629	ED	809	0	0	0	0	0	0	0
PCT7629	MV	809	0	0	0	0	0	0	0
PCT7631	ED	1155	0	0	0	0	0	0	0
PCT7631	MV	1155	0	0	0	0	0	0	0
PCT7632	ED	1124	0	0	0	0	0	0	0
PCT7632	MV	1124	0	0	0	0	0	0	0
PCT7633	ED	741	0	0	0	0	0	0	0
PCT7633	MV	741	0	0	0	0	0	0	0
PCT7634	ED	900	0	0	0	0	0	0	0
PCT7634	MV	900	0	0	0	0	0	0	0
PCT7635	ED	840	0	0	0	0	0	0	0
PCT7635	MV	840	0	0	0	0	0	0	0
PCT7636	ED	938	0	0	0	0	0	0	0
PCT7636	MV	938	0	0	0	0	0	0	0
PCT7637	ED	809	0	0	0	0	0	0	0
PCT7637	MV	809	0	0	0	0	0	0	0
PCT7638	ED	1467	0	0	0	0	0	0	0
PCT7638	MV	1467	0	0	0	0	0	0	0
PCT7639	ED	1011	0	0	0	0	0	0	0
PCT7639	MV	1011	0	0	0	0	0	0	0
PCT7641	ED	972	0	0	0	0	0	0	0
PCT7641	MV	972	0	0	0	0	0	0	0
PCT7642	ED	937	0	0	0	0	0	0	0
PCT7642	MV	937	0	0	0	0	0	0	0
PCT7643	ED	920	0	0	0	0	0	0	0
PCT7643	MV	920	0	0	0	0	0	0	0
PCT7644	ED	1175	0	0	0	0	0	0	0
PCT7644	MV	1175	0	0	0	0	0	0	0
PCT7645	ED	640	0	0	0	0	0	0	0
PCT7645	MV	640	0	0	0	0	0	0	0
PCT7646	ED	1100	0	0	0	0	0	0	0
PCT7646	MV	1100	0	0	0	0	0	0	0
PCT7647	ED	1075	0	0	0	0	0	0	0
PCT7647	MV	1075	0	0	0	0	0	0	0
PCT7648	MV	1	0	0	0	0	0	0	0
PCT7649	ED	891	0	0	0	0	0	0	0
PCT7649	MV	891	0	0	0	0	0	0	0
PCT7651	ED	677	0	0	0	0	0	0	0
PCT7651	MV	677	0	0	0	0	0	0	0
PCT7652	ED	628	0	0	0	0	0	0	0
PCT7652	MV	628	0	0	0	0	0	0	0
PCT7653	ED	1280	0	0	0	0	0	0	0
PCT7653	MV	1280	0	0	0	0	0	0	0
PCT7701	ED	1064	0	0	0	0	0	0	0
PCT7701	MV	1064	0	0	0	0	0	0	0
PCT7702	ED	748	0	0	0	0	0	0	0
PCT7702	MV	748	0	0	0	0	0	0	0
PCT7703	MV	171	0	0	0	0	0	0	0
PCT7704	ED	1008	0	0	0	0	0	0	0
PCT7704	MV	1008	0	0	0	0	0	0	0
PCT7705	ED	568	0	0	0	0	0	0	0
PCT7705	MV	568	0	0	0	0	0	0	0
PCT7706	ED	840	0	0	0	0	0	0	0
PCT7706	MV	840	0	0	0	0	0	0	0
PCT7707	ED	857	0	0	0	0	0	0	0
PCT7707	MV	857	0	0	0	0	0	0	0
PCT7708	ED	871	0	0	0	0	0	0	0
PCT7708	MV	871	0	0	0	0	0	0	0
PCT7709	ED	391	0	0	0	0	0	0	0
PCT7709	MV	391	0	0	0	0	0	0	0
PCT7711	ED	766	0	0	0	0	0	0	0
PCT7711	MV	766	0	0	0	0	0	0	0
PCT7712	ED	529	0	0	0	0	0	0	0
PCT7712	MV	529	0	0	0	0	0	0	0
PCT7801	ED	1001	0	0	0	0	0	0	0
PCT7801	MV	1001	0	0	0	0	0	0	0
PCT7802	ED	788	0	0	0	0	0	0	0
PCT7802	MV	788	0	0	0	0	0	0	0
PCT7803	ED	828	0	0	0	0	0	0	0
PCT7803	MV	828	0	0	0	0	0	0	0
PCT7804	ED	893	0	0	0	0	0	0	0
PCT7804	MV	893	0	0	0	0	0	0	0
PCT7805	ED	825	0	0	0	0	0	0	0
PCT7805	MV	825	0	0	0	0	0	0	0
PCT7806	ED	716	0	0	0	0	0	0	0
PCT7806	MV	716	0	0	0	0	0	0	0
PCT7807	ED	844	0	0	0	0	0	0	0
PCT7807	MV	844	0	0	0	0	0	0	0
PCT7808	ED	655	0	0	0	0	0	0	0
PCT7808	MV	655	0	0	0	0	0	0	0
PCT7809	ED	781	0	0	0	0	0	0	0
PCT7809	MV	781	0	0	0	0	0	0	0
PCT7811	ED	783	0	0	0	0	0	0	0
PCT7811	MV	783	0	0	0	0	0	0	0
PCT7812	ED	877	0	0	0	0	0	0	0
PCT7812	MV	877	0	0	0	0	0	0	0
PCT7813	ED	1064	0	0	0	0	0	0	0
PCT7813	MV	1064	0	0	0	0	0	0	0
PCT7814	ED	936	0	0	0	0	0	0	0
PCT7814	MV	936	0	0	0	0	0	0	0
PCT7815	ED	954	0	0	0	0	0	0	0
PCT7815	MV	954	0	0	0	0	0	0	0
PCT7816	ED	865	0	0	0	0	0	0	0
PCT7816	MV	865	0	0	0	0	0	0	0
PCT7817	ED	823	0	0	0	0	0	0	0
PCT7817	MV	823	0	0	0	0	0	0	0
PCT7818	ED	860	0	0	0	0	0	0	0
PCT7818	MV	860	0	0	0	0	0	0	0
PCT7819	ED	793	0	0	0	0	0	0	0
PCT7819	MV	793	0	0	0	0	0	0	0
PCT7821	ED	985	0	0	0	0	0	0	0
PCT7821	MV	985	0	0	0	0	0	0	0
PCT7822	ED	908	0	0	0	0	0	0	0
PCT7822	MV	908	0	0	0	0	0	0	0
PCT7823	ED	879	0	0	0	0	0	0	0
PCT7823	MV	879	0	0	0	0	0	0	0
PCT7824	ED	768	0	0	0	0	0	0	0
PCT7824	MV	768	0	0	0	0	0	0	0
PCT7825	ED	597	0	0	0	0	0	0	0
PCT7825	MV	597	0	0	0	0	0	0	0
PCT7826	ED	684	0	0	0	0	0	0	0
PCT7826	MV	684	0	0	0	0	0	0	0
PCT7827	ED	831	0	0	0	0	0	0	0
PCT7827	MV	831	0	0	0	0	0	0	0
PCT7828	ED	1018	0	0	0	0	0	0	0
PCT7828	MV	1018	0	0	0	0	0	0	0
PCT7829	ED	907	0	0	0	0	0	0	0
PCT7829	MV	907	0	0	0	0	0	0	0
PCT7831	ED	882	0	0	0	0	0	0	0
PCT7831	MV	882	0	0	0	0	0	0	0
PCT7832	ED	780	0	0	0	0	0	0	0
PCT7832	MV	780	0	0	0	0	0	0	0
PCT7833	ED	747	0	0	0	0	0	0	0
PCT7833	MV	747	0	0	0	0	0	0	0
PCT7834	ED	867	0	0	0	0	0	0	0
PCT7834	MV	867	0	0	0	0	0	0	0
PCT7835	ED	847	0	0	0	0	0	0	0
PCT7835	MV	847	0	0	0	0	0	0	0
PCT7836	ED	1023	0	0	0	0	0	0	0
PCT7836	MV	1023	0	0	0	0	0	0	0
PCT7837	ED	911	0	0	0	0	0	0	0
PCT7837	MV	911	0	0	0	0	0	0	0
PCT7838	ED	926	0	0	0	0	0	0	0
PCT7838	MV	926	0	0	0	0	0	0	0
PCT7839	ED	842	0	0	0	0	0	0	0
PCT7839	MV	842	0	0	0	0	0	0	0
PCT7841	ED	937	0	0	0	0	0	0	0
PCT7841	MV	937	0	0	0	0	0	0	0
PCT7842	ED	903	0	0	0	0	0	0	0
PCT7842	MV	903	0	0	0	0	0	0	0
PCT7843	ED	767	0	0	0	0	0	0	0
PCT7843	MV	767	0	0	0	0	0	0	0
PCT7844	ED	663	0	0	0	0	0	0	0
PCT7844	MV	663	0	0	0	0	0	0	0
PCT7845	ED	849	0	0	0	0	0	0	0
PCT7845	MV	849	0	0	0	0	0	0	0
PCT7846	ED	904	0	0	0	0	0	0	0
PCT7846	MV	904	0	0	0	0	0	0	0
PCT7847	ED	929	0	0	0	0	0	0	0
PCT7847	MV	929	0	0	0	0	0	0	0
PCT7848	ED	834	0	0	0	0	0	0	0
PCT7848	MV	834	0	0	0	0	0	0	0
PCT7849	ED	929	0	0	0	0	0	0	0
PCT7849	MV	929	0	0	0	0	0	0	0
PCT7851	ED	513	0	0	0	0	0	0	0
PCT7851	MV	513	0	0	0	0	0	0	0
PCT7852	ED	647	0	0	0	0	0	0	0
PCT7852	MV	647	0	0	0	0	0	0	0
PCT7853	ED	850	0	0	0	0	0	0	0
PCT7853	MV	850	0	0	0	0	0	0	0
PCT7854	ED	894	0	0	0	0	0	0	0
PCT7854	MV	894	0	0	0	0	0	0	0
PCT7855	ED	986	0	0	0	0	0	0	0
PCT7855	MV	986	0	0	0	0	0	0	0
PCT7856	ED	800	0	0	0	0	0	0	0
PCT7856	MV	800	0	0	0	0	0	0	0
PCT7857	ED	933	0	0	0	0	0	0	0
PCT7857	MV	933	0	0	0	0	0	0	0
PCT7858	ED	775	0	0	0	0	0	0	0
PCT7858	MV	775	0	0	0	0	0	0	0
PCT7859	ED	891	0	0	0	0	0	0	0
PCT7859	MV	891	0	0	0	0	0	0	0
PCT7861	ED	859	0	0	0	0	0	0	0
PCT7861	MV	859	0	0	0	0	0	0	0
PCT7862	ED	866	0	0	0	0	0	0	0
PCT7862	MV	866	0	0	0	0	0	0	0
PCT7863	ED	907	0	0	0	0	0	0	0
PCT7863	MV	907	0	0	0	0	0	0	0
PCT7864	ED	807	0	0	0	0	0	0	0
PCT7864	MV	807	0	0	0	0	0	0	0
PCT7865	ED	823	0	0	0	0	0	0	0
PCT7865	MV	823	0	0	0	0	0	0	0
PCT7866	ED	836	0	0	0	0	0	0	0
PCT7866	MV	836	0	0	0	0	0	0	0
PCT7867	ED	955	0	0	0	0	0	0	0
PCT7867	MV	955	0	0	0	0	0	0	0
PCT7868	ED	881	0	0	0	0	0	0	0
PCT7868	MV	881	0	0	0	0	0	0	0
PCT7869	ED	867	0	0	0	0	0	0	0
PCT7869	MV	867	0	0	0	0	0	0	0
PCT7871	ED	900	0	0	0	0	0	0	0
PCT7871	MV	900	0	0	0	0	0	0	0
PCT7872	ED	862	0	0	0	0	0	0	0
PCT7872	MV	862	0	0	0	0	0	0	0
PCT7873	ED	861	0	0	0	0	0	0	0
PCT7873	MV	861	0	0	0	0	0	0	0
PCT7874	ED	477	0	0	0	0	0	0	0
PCT7874	MV	477	0	0	0	0	0	0	0
PCT7875	ED	623	0	0	0	0	0	0	0
PCT7875	MV	623	0	0	0	0	0	0	0
PCT7876	ED	498	0	0	0	0	0	0	0
PCT7876	MV	498	0	0	0	0	0	0	0
PCT7901	ED	522	0	0	0	0	0	0	0
PCT7901	MV	522	0	0	0	0	0	0	0
PCT7902	ED	968	0	0	0	0	0	0	0
PCT7902	MV	968	0	0	0	0	0	0	0
PCT7903	ED	840	0	0	0	0	0	0	0
PCT7903	MV	840	0	0	0	0	0	0	0
PCT7904	ED	877	0	0	0	0	0	0	0
PCT7904	MV	877	0	0	0	0	0	0	0
PCT7905	ED	851	0	0	0	0	0	0	0
PCT7905	MV	851	0	0	0	0	0	0	0
PCT7906	ED	787	0	0	0	0	0	0	0
PCT7906	MV	787	0	0	0	0	0	0	0
PCT7907	ED	950	0	0	0	0	0	0	0
PCT7907	MV	950	0	0	0	0	0	0	0
PCT7908	ED	949	0	0	0	0	0	0	0
PCT7908	MV	949	0	0	0	0	0	0	0
PCT7909	ED	733	0	0	0	0	0	0	0
PCT7909	MV	733	0	0	0	0	0	0	0
PCT7911	ED	860	0	0	0	0	0	0	0
PCT7911	MV	860	0	0	0	0	0	0	0
PCT7912	ED	1065	0	0	0	0	0	0	0
PCT7912	MV	1065	0	0	0	0	0	0	0
PCT7913	ED	913	0	0	0	0	0	0	0
PCT7913	MV	913	0	0	0	0	0	0	0
PCT7914	ED	883	0	0	0	0	0	0	0
PCT7914	MV	883	0	0	0	0	0	0	0
PCT7915	ED	831	0	0	0	0	0	0	0
PCT7915	MV	831	0	0	0	0	0	0	0
PCT7916	ED	888	0	0	0	0	0	0	0
PCT7916	MV	888	0	0	0	0	0	0	0
PCT7917	ED	1015	0	0	0	0	0	0	0
PCT7917	MV	1015	0	0	0	0	0	0	0
PCT7918	ED	836	0	0	0	0	0	0	0
PCT7918	MV	836	0	0	0	0	0	0	0
PCT7919	ED	895	0	0	0	0	0	0	0
PCT7919	MV	895	0	0	0	0	0	0	0
PCT7921	ED	917	0	0	0	0	0	0	0
PCT7921	MV	917	0	0	0	0	0	0	0
PCT7922	ED	831	0	0	0	0	0	0	0
PCT7922	MV	831	0	0	0	0	0	0	0
PCT7923	ED	885	0	0	0	0	0	0	0
PCT7923	MV	885	0	0	0	0	0	0	0
PCT7924	ED	842	0	0	0	0	0	0	0
PCT7924	MV	842	0	0	0	0	0	0	0
PCT7925	ED	567	0	0	0	0	0	0	0
PCT7925	MV	567	0	0	0	0	0	0	0
PCT7926	ED	795	0	0	0	0	0	0	0
PCT7926	MV	795	0	0	0	0	0	0	0
PCT7927	ED	747	0	0	0	0	0	0	0
PCT7927	MV	747	0	0	0	0	0	0	0
PCT7928	ED	931	0	0	0	0	0	0	0
PCT7928	MV	931	0	0	0	0	0	0	0
PCT7929	ED	864	0	0	0	0	0	0	0
PCT7929	MV	864	0	0	0	0	0	0	0
PCT7931	ED	738	0	0	0	0	0	0	0
PCT7931	MV	738	0	0	0	0	0	0	0
PCT7932	ED	551	0	0	0	0	0	0	0
PCT7932	MV	551	0	0	0	0	0	0	0
PCT7933	MV	6	0	0	0	0	0	0	0
PCT7934	ED	890	0	0	0	0	0	0	0
PCT7934	MV	890	0	0	0	0	0	0	0
PCT7935	ED	970	0	0	0	0	0	0	0
PCT7935	MV	970	0	0	0	0	0	0	0
PCT7936	ED	856	0	0	0	0	0	0	0
PCT7936	MV	856	0	0	0	0	0	0	0
PCT7937	ED	886	0	0	0	0	0	0	0
PCT7937	MV	886	0	0	0	0	0	0	0
PCT7938	ED	788	0	0	0	0	0	0	0
PCT7938	MV	788	0	0	0	0	0	0	0
PCT7939	ED	688	0	0	0	0	0	0	0
PCT7939	MV	688	0	0	0	0	0	0	0
PCT7941	ED	751	0	0	0	0	0	0	0
PCT7941	MV	751	0	0	0	0	0	0	0
PCT7942	ED	914	0	0	0	0	0	0	0
PCT7942	MV	914	0	0	0	0	0	0	0
PCT7943	ED	872	0	0	0	0	0	0	0
PCT7943	MV	872	0	0	0	0	0	0	0
PCT7944	ED	801	0	0	0	0	0	0	0
PCT7944	MV	801	0	0	0	0	0	0	0
PCT7945	ED	915	0	0	0	0	0	0	0
PCT7945	MV	915	0	0	0	0	0	0	0
PCT7946	ED	945	0	0	0	0	0	0	0
PCT7946	MV	945	0	0	0	0	0	0	0
PCT7947	ED	946	0	0	0	0	0	0	0
PCT7947	MV	946	0	0	0	0	0	0	0
PCT7948	ED	928	0	0	0	0	0	0	0
PCT7948	MV	928	0	0	0	0	0	0	0
PCT7949	ED	569	0	0	0	0	0	0	0
PCT7949	MV	569	0	0	0	0	0	0	0
PCT7951	ED	854	0	0	0	0	0	0	0
PCT7951	MV	854	0	0	0	0	0	0	0
PCT7952	ED	866	0	0	0	0	0	0	0
PCT7952	MV	866	0	0	0	0	0	0	0
PCT7953	ED	824	0	0	0	0	0	0	0
PCT7953	MV	824	0	0	0	0	0	0	0
PCT7955	ED	902	0	0	0	0	0	0	0
PCT7955	MV	902	0	0	0	0	0	0	0
PCT7956	ED	823	0	0	0	0	0	0	0
PCT7956	MV	823	0	0	0	0	0	0	0
PCT7957	ED	646	0	0	0	0	0	0	0
PCT7957	MV	646	0	0	0	0	0	0	0
PCT7958	MV	290	0	0	0	0	0	0	0
PCT7959	ED	727	0	0	0	0	0	0	0
PCT7959	MV	727	0	0	0	0	0	0	0
CONG12	TO	291063	0	0	0	0	0	0	0
ASSM17	TO	291063	0	0	0	0	0	0	0
BART7	TO	38460	0	0	0	0	0	0	0
BART8	TO	37971	0	0	0	0	0	0	0
BART9	TO	214632	0	0	0	0	0	0	0
SUPV1	TO	155	0	0	0	0	0	0	0
SUPV2	TO	6916	0	0	0	0	0	0	0
SUPV3	TO	39799	0	0	0	0	0	0	0
SUPV5	TO	40465	0	0	0	0	0	0	0
SUPV6	TO	43321	0	0	0	0	0	0	0
SUPV7	TO	7813	0	0	0	0	0	0	0
SUPV8	TO	57714	0	0	0	0	0	0	0
SUPV9	TO	42988	0	0	0	0	0	0	0
SUPV10	TO	41589	0	0	0	0	0	0	0
SUPV11	TO	10303	0	0	0	0	0	0	0
NEIG1	TO	19914	0	0	0	0	0	0	0
NEIG2	TO	17446	0	0	0	0	0	0	0
NEIG3	TO	28644	0	0	0	0	0	0	0
NEIG4	TO	7002	0	0	0	0	0	0	0
NEIG5	TO	10303	0	0	0	0	0	0	0
NEIG6	TO	14982	0	0	0	0	0	0	0
NEIG8	TO	1799	0	0	0	0	0	0	0
NEIG11	TO	9961	0	0	0	0	0	0	0
NEIG12	TO	31129	0	0	0	0	0	0	0
NEIG13	TO	16964	0	0	0	0	0	0	0
NEIG14	TO	8795	0	0	0	0	0	0	0
NEIG15	TO	7019	0	0	0	0	0	0	0
NEIG26	TO	9293	0	0	0	0	0	0	0
NEIG16	TO	16814	0	0	0	0	0	0	0
NEIG19	TO	9419	0	0	0	0	0	0	0
NEIG20	TO	24674	0	0	0	0	0	0	0
NEIG22	TO	18966	0	0	0	0	0	0	0
NEIG23	TO	7866	0	0	0	0	0	0	0
NEIG24	TO	7284	0	0	0	0	0	0	0
NEIG25	TO	22789	0	0	0	0	0	0	0
