iContestID	szBallotHeading	szSubHeading	szOfficeTitle	szOfficeAbbr1	szOfficeAbbr2	sGoesIntoExtension	iNumToVoteFor	iOfficeOnBallot	iNumQualified	iNumCandidates	iCandidateID	szCandidateName	szBallotDesignation	iIncumbent	dtQualified	dtSigsInLieuFiled_dt	dtSigsInLieuIssued_dt	dtDecOfIntentIssued_dt	dtDecOfIntentFiled_dt	dtNOMIssued_dt	dtNomFiled_dt	dtFilingFeePaid_dt	dtCandStmtFiled_dt	dtCandStmtIssued_dt	dtDecOfCandIssued_dt	dtDecOfCandFiled_dt	dtCodeFairCampFiled_dt	sUserCode1	sUserCode2	szResAddress1	szResAddress2	szResAddress3	szMailAddr1	szMailAddr2	szMailAddr3	szMailAddr4	sPhone	sAltPhone	sFaxNo	szEmailAddress	sPartyAbbr	szPartyName	sCampaignPhone	sCampaignFax	sCampaignMobile	szWebAddress	sElectronicCandStmt
1010	UNITED STATES SENATOR		United States Senator	United States Senator		N	1	1	31	31	3	DIANNE FEINSTEIN*	United States Senator	1	3/9/2018																																No
1010	UNITED STATES SENATOR		United States Senator	United States Senator		N	1	1	31	31	13	COLLEEN SHEA FERNALD	Constitutional Solutions Advocate	0	3/9/2018 4:38:00 PM																																No
1010	UNITED STATES SENATOR		United States Senator	United States Senator		N	1	1	31	31	14	RASH BIHARI GHOSH	Water Scientist/Professor	0	3/9/2018 4:38:00 PM																																No
1010	UNITED STATES SENATOR		United States Senator	United States Senator		N	1	1	31	31	15	TIM GILDERSLEEVE	Paratransit Operator	0	3/9/2018 4:44:00 PM																																No
1010	UNITED STATES SENATOR		United States Senator	United States Senator		N	1	1	31	31	31	MICHAEL FAHMY GIRGIS	Real Estate Broker	0	3/9/2018 9:48:00 AM																																No
1010	UNITED STATES SENATOR		United States Senator	United States Senator		N	1	1	31	31	2	DON J GRUNDMANN	Doctor of Chiropractic	0	2/16/2018																																No
1010	UNITED STATES SENATOR		United States Senator	United States Senator		N	1	1	31	31	21	JASON M HANANIA	Attorney/Engineer	0	3/9/2018 9:22:00 AM																																No
1010	UNITED STATES SENATOR		United States Senator	United States Senator		N	1	1	31	31	17	PAT HARRIS	Civil Rights Attorney	0	3/9/2018 9:13:00 AM																																No
1010	UNITED STATES SENATOR		United States Senator	United States Senator		N	1	1	31	31	20	ALISON HARTSON	National Political Director	0	3/9/2018 9:18:00 AM																																No
1010	UNITED STATES SENATOR		United States Senator	United States Senator		N	1	1	31	31	4	DAVID HILDEBRAND	Policy Analyst	0	2/15/2018																																No
1010	UNITED STATES SENATOR		United States Senator	United States Senator		N	1	1	31	31	28	JERRY JOSEPH LAWS		0	3/9/2018 9:36:00 AM																																No
1010	UNITED STATES SENATOR		United States Senator	United States Senator		N	1	1	31	31	30	PATRICK LITTLE	Civil Rights Advocate	0	3/9/2018 9:40:00 AM																																No
1010	UNITED STATES SENATOR		United States Senator	United States Senator		N	1	1	31	31	5	DAVID MOORE	Special Education Teacher	0	3/9/2018 3:40:00 PM																																No
1010	UNITED STATES SENATOR		United States Senator	United States Senator		N	1	1	31	31	23	KEVIN MOTTUS	Wireless Safety Advocate	0	3/9/2018 9:30:00 AM																																No
1010	UNITED STATES SENATOR		United States Senator	United States Senator		N	1	1	31	31	25	MARIO NABLIBA	Scientist	0	3/9/2018 9:32:00 AM																																No
1010	UNITED STATES SENATOR		United States Senator	United States Senator		N	1	1	31	31	22	LEE OLSON	Aerospace Systems Engineer	0	3/9/2018 9:25:00 AM																																No
1010	UNITED STATES SENATOR		United States Senator	United States Senator		N	1	1	31	31	27	TOM PALZER	Retired Urban Planner	0	3/9/2018 9:34:00 AM																																No
1010	UNITED STATES SENATOR		United States Senator	United States Senator		N	1	1	31	31	1	JOHN THOMPSON PARKER		0	3/8/2018																																No
1010	UNITED STATES SENATOR		United States Senator	United States Senator		N	1	1	31	31	29	HERBERT G PETERS	Retired Aerospace Engineer	0	3/9/2018 9:39:00 AM																																No
1010	UNITED STATES SENATOR		United States Senator	United States Senator		N	1	1	31	31	26	GERALD PLUMMER	Construction Project Manager	0	3/9/2018 9:33:00 AM																																No
1010	UNITED STATES SENATOR		United States Senator	United States Senator		N	1	1	31	31	16	DERRICK MICHAEL REID	Retired Attorney	0	3/9/2018 9:05:00 AM																																No
1010	UNITED STATES SENATOR		United States Senator	United States Senator		N	1	1	31	31	32	LING LING SHI	Author	0	3/9/2018 9:50:00 AM																																No
1010	UNITED STATES SENATOR		United States Senator	United States Senator		N	1	1	31	31	18	PAUL A TAYLOR	Small Business Owner	0	3/9/2018 9:14:00 AM																																No
1010	UNITED STATES SENATOR		United States Senator	United States Senator		N	1	1	31	31	19	DONNIE O TURNER	Retired USAF Sergeant	0	3/9/2018 9:15:00 AM																																No
1010	UNITED STATES SENATOR		United States Senator	United States Senator		N	1	1	31	31	6	ARUN K BHUMITRA	Teacher/Engineer/Businessman	0	3/9/2018 3:36:00 PM																																No
1010	UNITED STATES SENATOR		United States Senator	United States Senator		N	1	1	31	31	7	JAMES P BRADLEY	Chief Financial Officer	0	3/9/2018 3:36:00 PM																																No
1010	UNITED STATES SENATOR		United States Senator	United States Senator		N	1	1	31	31	8	JOHN "JACK" CREW	Bus Driver	0	3/9/2018 3:56:00 PM																																No
1010	UNITED STATES SENATOR		United States Senator	United States Senator		N	1	1	31	31	9	ERIN CRUZ	Published Author	0	3/9/2018 3:59:00 PM																																No
1010	UNITED STATES SENATOR		United States Senator	United States Senator		N	1	1	31	31	10	ROQUE "ROCKY" DE LA FUENTE	Businessman/Land Developer	0	3/9/2018 4:05:00 PM																																No
1010	UNITED STATES SENATOR		United States Senator	United States Senator		N	1	1	31	31	11	KEVIN DE LEON	California Senator	0	3/9/2018 4:08:00 PM																																No
1010	UNITED STATES SENATOR		United States Senator	United States Senator		N	1	1	31	31	12	ADRIENNE NICOLE EDWARDS	Community Advocate	0	3/9/2018 4:22:00 PM																																No
1020	UNITED STATES REPRESENTATIVE		US House of Representative, District 12	US House of Rep	District 12	N	1	1	7	7	1	NANCY PELOSI*	Member of Congress	1	2/27/2018					2/12/2018	2/21/2018	2/12/2018	2/21/2018	2/12/2018	2/12/2018	2/21/2018																					No
1020	UNITED STATES REPRESENTATIVE		US House of Representative, District 12	US House of Rep	District 12	N	1	1	7	7	7	LISA A. REMMER		0	3/10/2018																																No
1020	UNITED STATES REPRESENTATIVE		US House of Representative, District 12	US House of Rep	District 12	N	1	1	7	7	5	SHAHID BUTTAR	Lawyer/Advocate/Artist	0	3/10/2018					2/21/2018		2/21/2018		2/22/2018	2/22/2018																						No
1020	UNITED STATES REPRESENTATIVE		US House of Representative, District 12	US House of Rep	District 12	N	1	1	7	7	6	MICHAEL GOLDSTEIN	Lawyer/Author	0	3/9/2018					2/26/2018		2/26/2018			2/26/2018																						No
1020	UNITED STATES REPRESENTATIVE		US House of Representative, District 12	US House of Rep	District 12	N	1	1	7	7	3	BARRY HERMANSON	Retired Entrepreneur	0	3/10/2018							2/13/2018		2/13/2018	2/13/2018																						No
1020	UNITED STATES REPRESENTATIVE		US House of Representative, District 12	US House of Rep	District 12	N	1	1	7	7	2	STEPHEN JAFFE	Civil Rights Attorney	0	3/9/2018 10:01:00 AM																																No
1020	UNITED STATES REPRESENTATIVE		US House of Representative, District 12	US House of Rep	District 12	N	1	1	7	7	4	RYAN A. KHOJASTEH	Immigrant Rights Commissioner	0	3/9/2018 10:01:00 AM		2/7/2018																														No
1040	UNITED STATES REPRESENTATIVE		US House of Representative, District 14	US House of Rep	District 14	N	1	1	2	2	1	JACKIE SPEIER*	Congresswoman	1	3/2/2018 1:04:00 PM								3/2/2018																								No
1040	UNITED STATES REPRESENTATIVE		US House of Representative, District 14	US House of Rep	District 14	N	1	1	2	2	2	CRISTINA OSMENA	Solar Industry Executive	0	3/9/2018 1:20:00 PM								3/9/2018																								No
1210	MEMBER OF THE STATE ASSEMBLY		Member, State Assembly, District 19	Member, State Assembly	District 19	N	1	1	3	3	1	PHIL TING*	Assemblymember	1	3/6/2018																																No
1210	MEMBER OF THE STATE ASSEMBLY		Member, State Assembly, District 19	Member, State Assembly	District 19	N	1	1	3	3	2	KEITH BOGDON	Biotech Marketing Consultant	0	3/9/2018 10:07:00 AM																																No
1210	MEMBER OF THE STATE ASSEMBLY		Member, State Assembly, District 19	Member, State Assembly	District 19	N	1	1	3	3	3	DAVID ERNST	Liquid Democracy Advocate	0	3/9/2018 10:32:00 AM																																No
1310	MEMBER OF THE STATE ASSEMBLY		Member, State Assembly, District 17	Member, State Assembly	District 17	N	1	1	2	2	1	DAVID CHIU*	Assemblymember	1	3/8/2018																																No
1310	MEMBER OF THE STATE ASSEMBLY		Member, State Assembly, District 17	Member, State Assembly	District 17	N	1	1	2	2	2	ALEJANDRO FERNANDEZ	Small Business Entrepreneur	0	3/9/2018 10:04:00 AM																																No
2230	JUDICIAL		Superior Court Judge, Seat 4	Superior Court Judge	Seat 4	N	1	1	2	2	1	ANDREW Y. S. CHENG	City and County of San Francisco Superior Court Judge	1	3/7/2018		12/14/2017																														No
2230	JUDICIAL		Superior Court Judge, Seat 4	Superior Court Judge	Seat 4	N	1	1	2	2	2	PHOENIX STREETS	City and County of San Francisco Public Defender's Office, Attorney	0	3/9/2018																																No
2280	JUDICIAL		Superior Court Judge, Seat 7	Superior Court Judge	Seat 7	N	1	1	2	2	1	CURTIS KARNOW	City and County of San Francisco Superior Court Judge	1	3/7/2018		1/19/2018																														No
2280	JUDICIAL		Superior Court Judge, Seat 7	Superior Court Judge	Seat 7	N	1	1	2	2	2	MARIA EVANGELISTA	City and County of San Francisco Public Defender's Office, Attorney	0	3/9/2018																																No
2302	JUDICIAL		Superior Court Judge, Seat 9	Superior Court Judge	Seat 9	N	1	1	3	3	1	CYNTHIA MING-MEI LEE	City and County of San Francisco Superior Court Judge	1	3/7/2018																																No
2302	JUDICIAL		Superior Court Judge, Seat 9	Superior Court Judge	Seat 9	N	1	1	3	3	3	KWIXUAN H MALOOF	City and County of San Francisco Public Defender's Office, Attorney	0	3/9/2018																																No
2302	JUDICIAL		Superior Court Judge, Seat 9	Superior Court Judge	Seat 9	N	1	1	3	3	2	ELIZABETH ZAREH	City and County of San Francisco Assessment Appeals Board Commissioner/ Attorney	0	3/7/2018																																No
2306	JUDICIAL		Superior Court Judge, Seat 11	Superior Court Judge	Seat 11	N	1	1	2	2	1	JEFFREY S. ROSS	City and County of San Francisco Superior Court Judge	1	3/7/2018		12/15/2017																														No
2306	JUDICIAL		Superior Court Judge, Seat 11	Superior Court Judge	Seat 11	N	1	1	2	2	2	NIKI JUDITH SOLIS	City and County of San Francisco Public Defender's Office, Attorney	0	3/9/2018																																No
4000	STATE		Governor	Governor		N	1	1	29	30	31	AKINYEMI AGBEDE	Mathematician	0	3/9/2018 9:44:00 AM																																No
4000	STATE		Governor	Governor		N	1	1	29	30	30	TRAVIS ALLEN	California Assemblyman/Businessman	0	3/9/2018 9:37:00 AM																																No
4000	STATE		Governor	Governor		N	1	1	29	30	5	MICHAEL BRACAMONTES		0	3/9/2018																																No
4000	STATE		Governor	Governor		N	1	1	29	30	23	J BRIBIESCA	Retired Medical Doctor	0	3/9/2018 9:20:00 AM																																No
4000	STATE		Governor	Governor		N	1	1	29	30	10	THOMAS JEFFERSON CARES	Blockchain Startup CEO	0	3/9/2018 8:58:00 AM																																No
4000	STATE		Governor	Governor		N	1	1	29	30	37	CHRISTOPHER N CARLSON	Puppeteer/Musician	0	3/9/2018 9:57:00 AM																																No
4000	STATE		Governor	Governor		N	1	1	29	30	15	JOHN CHIANG	California State Treasurer	0	3/9/2018 9:59:00 AM																																No
4000	STATE		Governor	Governor		N	1	1	29	30	12	JOHN H COX	Businessman/Taxpayer Advocate	0	3/9/2018 8:45:00 AM																																No
4000	STATE		Governor	Governor		N	1	1	29	30	14	DELAINE EASTIN	Educator/Youth Advocate	0	3/9/2018 8:50:00 AM																																No
4000	STATE		Governor	Governor		N	1	1	29	30	27	YVONNE GIRARD	Judicial Assistant	0	3/9/2018 9:27:00 AM																																No
4000	STATE		Governor	Governor		N	1	1	29	30	29	SHUBHAM GOEL	Virtual Reality Manager	0	3/9/2018 9:31:00 AM																																No
4000	STATE		Governor	Governor		N	1	1	29	30	28	ROBERT DAVIDSON GRIFFIS	Entrepreneur/Economist/Father	0	3/9/2018 9:28:00 AM																																No
4000	STATE		Governor	Governor		N	1	1	29	30	9	ZOLTAN I GYURKO		0	3/8/2018																																No
4000	STATE		Governor	Governor		N	1	1	29	30	36	ZOLTAN ISTVAN	Entrepreneur/Transhumanist Lecturer	0	3/9/2018 9:53:00 AM																																No
4000	STATE		Governor	Governor		N	1	1	29	30	22	JOSH JONES	Author	0	3/9/2018 9:18:00 AM																																No
4000	STATE		Governor	Governor		N	1	1	29	30	1	GLORIA ESTELA LA RIVA	Graphic Artist	0	3/9/2018 9:35:00 AM																																No
4000	STATE		Governor	Governor		N	1	1	29	30	25	PETER Y LIU		0	3/9/2018 9:23:00 AM																																No
4000	STATE		Governor	Governor		N	1	1	29	30	20	ALBERT CAESAR MEZZETTI	Retired Educator	0	3/9/2018 9:01:00 AM																																No
4000	STATE		Governor	Governor		N	1	1	29	30	18	HAKAN "HAWK" MIKADO	CEO/Business Owner	0	3/9/2018 8:58:00 AM																																No
4000	STATE		Governor	Governor		N	1	1	29	30	21	ROBERT C NEWMAN	Research Clinical Psychologist	0	3/9/2018 9:10:00 AM																																No
4000	STATE		Governor	Governor		N	1	1	29	30	8	GAVIN NEWSOM	Lieutenent Governor/Businessman	0	3/9/2018 9:02:00 AM																																No
4000	STATE		Governor	Governor		N	1	1	29	30	13	AMANDA RENTERIA	COO, Justice Department	0	3/9/2018 8:49:00 AM																																No
4000	STATE		Governor	Governor		N	1	1	29	30	35	MICHAEL SHELLENBERGER	Environmental Organization Executive	0	3/9/2018 9:52:00 AM																																No
4000	STATE		Governor	Governor		N	1	1	29	30	34	DESMOND SILVEIRA	Senior Software Engineer	0	3/9/2018 9:50:00 AM																																No
4000	STATE		Governor	Governor		N	1	1	29	30	19	JEFFREY EDWARD TAYLOR	Marketplace Minister	0	3/9/2018 8:59:00 AM																																No
4000	STATE		Governor	Governor		N	1	1	29	30	17	KLEMENT TINAJ	CEO/Educator/Artist	0	3/9/2018 8:55:00 AM																																No
4000	STATE		Governor	Governor		N	1	1	29	30	26	ANTONIO VILLARAIGOSA	Public Policy Advisor	0	3/9/2018 9:25:00 AM																																No
4000	STATE		Governor	Governor		N	1	1	29	30	32	JOHNNY WATTENBURG	Bussiness Owner	0	3/9/2018 9:46:00 AM																																No
4000	STATE		Governor	Governor		N	1	1	29	30	33	NICKOLAS WILDSTAR	Recording Artist	0	3/9/2018 9:48:00 AM																																No
4010	STATE		Lieutenant Governor	Lieutenant Governor		N	1	1	11	12	10	JEFF BLEICH	Attorney/Educator	0	3/9/2018 9:22:31 AM																																No
4010	STATE		Lieutenant Governor	Lieutenant Governor		N	1	1	11	12	14	DAVID FENNELL	Entrepreneur	0	3/9/2018 9:29:33 AM																																No
4010	STATE		Lieutenant Governor	Lieutenant Governor		N	1	1	11	12	13	TIM FERREIRA	Strategist/Programmer/Entrepreneur	0	3/9/2018 9:26:48 AM																																No
4010	STATE		Lieutenant Governor	Lieutenant Governor		N	1	1	11	12	12	CAMERON GHARABIKLOU	Attorney	0	3/9/2018 9:25:39 AM																																No
4010	STATE		Lieutenant Governor	Lieutenant Governor		N	1	1	11	12	5	COLE HARRIS	Father/Entrepreneur/Businessman	0	3/9/2018 9:14:27 AM																																No
4010	STATE		Lieutenant Governor	Lieutenant Governor		N	1	1	11	12	7	DAVID R HERNANDEZ	Retired Business Owner	0	3/9/2018																																No
4010	STATE		Lieutenant Governor	Lieutenant Governor		N	1	1	11	12	6	ED HERNANDEZ	State Senator/Businessman	0	3/9/2018 9:15:39 AM																																No
4010	STATE		Lieutenant Governor	Lieutenant Governor		N	1	1	11	12	2	ELENI KOUNALAKIS		0	3/9/2018					3/1/2018	3/9/2018																										No
4010	STATE		Lieutenant Governor	Lieutenant Governor		N	1	1	11	12	9	GAYLE MCLAUGHLIN	Community Organizer/ Educator	0	2/16/2018 11:27:00 AM																																No
4010	STATE		Lieutenant Governor	Lieutenant Governor		N	1	1	11	12	8	LYDIA ORTEGA	Economist/Businesswoman/Educator	0	3/9/2018 9:18:37 AM																																No
4010	STATE		Lieutenant Governor	Lieutenant Governor		N	1	1	11	12	4	DANNY THOMAS	Dentist/Dental Surgeon	0	3/9/2018																																No
4020	STATE		Secretary of State	Secretary of State		N	1	1	8	8	3	ALEX PADILLA	Secretary of State	1	3/9/2018 8:45:00 AM																																No
4020	STATE		Secretary of State	Secretary of State		N	1	1	8	8	6	RAUL RODRIGUEZ JR	Retired Warehousing Employee	0	3/9/2018 8:55:27 AM																																No
4020	STATE		Secretary of State	Secretary of State		N	1	1	8	8	5	ERIK RYDBERG	Community Organizer	0	3/9/2018 8:52:17 AM																																No
4020	STATE		Secretary of State	Secretary of State		N	1	1	8	8	1	C T. WEBER	Retired Government Analyst	0	3/9/2018 10:04:00 AM																																No
4020	STATE		Secretary of State	Secretary of State		N	1	1	8	8	7	MICHAEL FEINSTEIN	Electoral Reform Consultant	0	3/9/2018 8:59:27 AM																																No
4020	STATE		Secretary of State	Secretary of State		N	1	1	8	8	4	GAIL K LIGHTFOOT	Retired Nurse	0	3/9/2018 8:50:21 AM																																No
4020	STATE		Secretary of State	Secretary of State		N	1	1	8	8	8	RUBEN MAJOR	Paramedic/Educator/Businessperson	0	3/9/2018 9:09:59 AM																																No
4020	STATE		Secretary of State	Secretary of State		N	1	1	8	8	9	MARK P MEUSER	Election Law Attorney	0	3/9/2018 9:12:06 AM																																No
4030	STATE		Controller	Controller		N	1	1	3	3	2	BETTY T YEE	California State Controller	1	3/9/2018 9:17:00 AM																																No
4030	STATE		Controller	Controller		N	1	1	3	3	1	MARY LOU FINLEY	Retired Educator	0	3/9/2018 10:08:00 AM																																No
4030	STATE		Controller	Controller		N	1	1	3	3	3	KONSTANTINOS RODITIS	Entrepreneur	0	3/9/2018 9:19:00 AM																																No
4040	STATE		Treasurer	Treasurer		N	1	1	5	7	4	KEVIN AKIN	Retired Steam Engineer	0	3/8/2018																																No
4040	STATE		Treasurer	Treasurer		N	1	1	5	7	7	GREG CONLON	Businessman/CPA	0	3/9/2018 9:24:45 AM																																No
4040	STATE		Treasurer	Treasurer		N	1	1	5	7	6	JACK M GUERRERO	CPA/Councilmember/Economist	0	3/9/2018 9:21:45 AM																																No
4040	STATE		Treasurer	Treasurer		N	1	1	5	7	1	FIONA MA	CPA/Taxpayer Representative	0	3/9/2018																																No
4040	STATE		Treasurer	Treasurer		N	1	1	5	7	5	VIVEK VISWANATHAN	Governor's Office, Advisor	0	3/7/2018																																No
4050	STATE		Attorney General	Attorney General		N	1	1	4	4	5	XAVIER BECERRA	Appointed Attorney General of the State of California	1	3/9/2018 10:28:00 AM																																No
4050	STATE		Attorney General	Attorney General		N	1	1	4	4	4	ERIC EARLY	Attorney/Business Owner	0	3/9/2018 9:37:38 AM																																No
4050	STATE		Attorney General	Attorney General		N	1	1	4	4	3	DAVE JONES	California Insurance Commissioner	0	3/9/2018 9:31:32 AM																																No
4050	STATE		Attorney General	Attorney General		N	1	1	4	4	2	STEVEN BAILEY	Retired California Judge	0	2/9/2018																																No
4060	STATE		Insurance Commissioner	Insurance Commissioner		N	1	1	4	7	5	NATHALIE HRIZI	Public School Teacher	0	3/7/2018																																No
4060	STATE		Insurance Commissioner	Insurance Commissioner		N	1	1	4	7	3	RICARDO LARA	California Senator	0	3/5/2018																																No
4060	STATE		Insurance Commissioner	Insurance Commissioner		N	1	1	4	7	7	ASIF MAHMOOD	Physician, Internal Medicine	0	3/9/2018 9:49:00 AM																																No
4060	STATE		Insurance Commissioner	Insurance Commissioner		N	1	1	4	7	6	STEVE POIZNER	Businessman/Non-Profit Director	0	3/9/2018 9:40:00 AM																																No
4070	STATE		Board of Equalization Member District 2	Board of Equalization Me		N	1	1	4	5	5	MARK BURNS	Realtor/Businessman	0	3/9/2018																																No
4070	STATE		Board of Equalization Member District 2	Board of Equalization Me		N	1	1	4	5	1	BARRY CHANG	Councilmember/Business Owner	0	3/6/2018																																No
4070	STATE		Board of Equalization Member District 2	Board of Equalization Me		N	1	1	4	5	2	MALIA MICHELLE COHEN	Supervisor, City and County of San Francisco	0	3/6/2018																																No
4070	STATE		Board of Equalization Member District 2	Board of Equalization Me		N	1	1	4	5	3	CATHLEEN GALGIANI	State Senator	0	3/1/2018																																No
4080	STATE		Superintendent of Public Instruction	Superintendent of Public		N	1	1	4	5	5	STEVEN IRELAND	Parent	0	3/9/2018 9:48:47 AM																																No
4080	STATE		Superintendent of Public Instruction	Superintendent of Public		N	1	1	4	5	4	LILY (ESPINOZA) PLOSKI	Educational Administrator/Instructor	0	3/9/2018 9:45:00 AM																																No
4080	STATE		Superintendent of Public Instruction	Superintendent of Public		N	1	1	4	5	2	TONY K. THURMOND	Educator/State Legislator	0	3/6/2018																																No
4080	STATE		Superintendent of Public Instruction	Superintendent of Public		N	1	1	4	5	3	MARSHALL TUCK	Schools Improvement Diretor	0	3/9/2018 9:44:00 AM																																No
5000	SAN FRANCISCO COUNTY		Mayor	Mayor		N	1	1	8	26	2	ANGELA ALIOTO	Civil Rights Attorney	0	1/4/2018 9:42:00 AM			12/18/2017	12/18/2017	12/18/2017	1/4/2018	1/4/2018	1/4/2018	1/4/2018	1/4/2018	1/4/2018	1/4/2018																				No
5000	SAN FRANCISCO COUNTY		Mayor	Mayor		N	1	1	8	26	15	MICHELLE BRAVO	Holistic Health Practitioner	0	1/8/2018 9:58:00 AM			1/4/2018	1/4/2018	1/4/2018				1/4/2018			1/4/2018																				No
5000	SAN FRANCISCO COUNTY		Mayor	Mayor		N	1	1	8	26	1	RICHIE GREENBERG	Small Business Advisor	0	1/8/2018 9:46:00 AM	12/22/2017	12/14/2017	12/14/2017	12/14/2017																												No
5000	SAN FRANCISCO COUNTY		Mayor	Mayor		N	1	1	8	26	7	JANE KIM	Supervisor	0	1/9/2018 9:47:00 AM		12/20/2017	12/20/2017	12/20/2017	12/20/2017				12/20/2017	12/20/2017																						No
5000	SAN FRANCISCO COUNTY		Mayor	Mayor		N	1	1	8	26	3	MARK LENO	Small Businessperson	0	1/8/2018 9:50:00 AM		12/14/2017	12/14/2017	12/14/2017																												No
5000	SAN FRANCISCO COUNTY		Mayor	Mayor		N	1	1	8	26	4	AMY FARAH WEISS	Nonprofit Executive Director	0	1/8/2018 9:51:00 AM	12/26/2017	12/15/2017	12/15/2017	12/15/2017																												No
5000	SAN FRANCISCO COUNTY		Mayor	Mayor		N	1	1	8	26	9	ELLEN LEE ZHOU	Family Social Worker	0	1/5/2018 9:55:00 AM	12/26/2017	12/20/2017	12/20/2017	12/20/2017																												No
5000	SAN FRANCISCO COUNTY		Mayor	Mayor		N	1	1	8	26	24	LONDON BREED	Acting Mayor / Supervisor	0	1/9/2018 9:44:00 AM			1/5/2018	1/5/2018	1/5/2018				1/5/2018			1/5/2018																				No
5108	SAN FRANCISCO COUNTY		Board of Supervisors, District 8	Board of Supervisors	District 8	N	1	1	3	6	4	RAFAEL MANDELMAN	City College Trustee/Attorney	0	1/9/2018 10:06:00 AM			4/19/2017	4/19/2017																												No
5108	SAN FRANCISCO COUNTY		Board of Supervisors, District 8	Board of Supervisors	District 8	N	1	1	3	6	1	JEFF SHEEHY	Appointed San Francisco Supervisor	0	1/5/2018 10:04:00 AM		10/31/2017	3/13/2017	3/13/2017																												No
5108	SAN FRANCISCO COUNTY		Board of Supervisors, District 8	Board of Supervisors	District 8	N	1	1	3	6	6	LAWRENCE "STARK" DAGESSE	Theatrical Technician	0	1/8/2018 10:08:00 AM		12/14/2017																														No
