iMeasureID	sDesignation	szMeasureAbbr1	szMeasureAbbr2	iBallotPosition1	iBallotPosition2	dtDateReceived	szReceivedBy	szRemarks	szFilerTitle	szFilerName	szFilerFirm	szFilerAddr1	szFilerAddr2	szFilerAddr3	szFilerAddr4	szFilerPhone	szFilerFax	szFilerEmail	szContactTitle	szContactName	szContactAddr1	szContactAddr2	szContactAddr3	szContactAddr4	szContactPhone	szContactFax	szContactEmail	szAttorneyTitle	szAttorneyName	szAttorneyAddr1	szAttorneyAddr2	szAttorneyAddr3	szAttorneyAddr4	szAttorneyPhone	szAttorneyFax	szAttorneyEmail	szResponseTitle1	szResponseTitle2	iSize	sStyle	szLegalNoticePubDesc	szDeliveryMethodDesc	szGroupHdg	szBallotHeading	szSubHeading	sDistrictID	szDistrictName	szElectionDesc	dtElectionDate
1801	3	Regional Measure 3		1	2	3/29/2018																															Yes	No	0				MEASURES SUBMITTED TO THE VOTERS	MEASURE SUBMITTED TO THE VOTERS	CITY OF SAN FRANCISCO	*0	County Wide	June 5 2018 Statewide Direct Primary Election	6/5/2018
1802	A	Public Utilities Revenue Bonds		1	2	3/29/2018																															Yes	No	0				MEASURES SUBMITTED TO THE VOTERS	MEASURE SUBMITTED TO THE VOTERS	CITY OF SAN FRANCISCO	*0	County Wide	June 5 2018 Statewide Direct Primary Election	6/5/2018
1803	B	Prohibiting Appointed Commissioners from Running for Office		1	2	3/29/2018																															Yes	No	0				MEASURES SUBMITTED TO THE VOTERS	MEASURE SUBMITTED TO THE VOTERS	CITY OF SAN FRANCISCO	*0	County Wide	June 5 2018 Statewide Direct Primary Election	6/5/2018
1804	C	Additional Tax on Commercial Rents Mostly to Fund Child Care and Education		1	2	3/29/2018																															Yes	No	0				MEASURES SUBMITTED TO THE VOTERS	MEASURE SUBMITTED TO THE VOTERS	CITY OF SAN FRANCISCO	*0	County Wide	June 5 2018 Statewide Direct Primary Election	6/5/2018
1805	D	Additional Tax on Commercial Rents Mostly to Fund Housing and Homelessness Services		1	2	3/29/2018																															Yes	No	0				MEASURES SUBMITTED TO THE VOTERS	MEASURE SUBMITTED TO THE VOTERS	CITY OF SAN FRANCISCO	*0	County Wide	June 5 2018 Statewide Direct Primary Election	6/5/2018
1806	E	Prohibiting Tobacco Retailers from Selling Flavored Tobacco Products		1	2	3/29/2018																															Yes	No	0				MEASURES SUBMITTED TO THE VOTERS	MEASURE SUBMITTED TO THE VOTERS	CITY OF SAN FRANCISCO	*0	County Wide	June 5 2018 Statewide Direct Primary Election	6/5/2018
1807	F	City-Funded Legal Representation for Residential Tenants in Eviction Lawsuits		1	2	3/29/2018																															Yes	No	0				MEASURES SUBMITTED TO THE VOTERS	MEASURE SUBMITTED TO THE VOTERS	CITY OF SAN FRANCISCO	*0	County Wide	June 5 2018 Statewide Direct Primary Election	6/5/2018
1808	G	Parcel Tax for San Francisco Unified School District		1	2	3/29/2018																															Yes	No	0				MEASURES SUBMITTED TO THE VOTERS	MEASURE SUBMITTED TO THE VOTERS	CITY OF SAN FRANCISCO	*0	County Wide	June 5 2018 Statewide Direct Primary Election	6/5/2018
1809	H	Policy for the Use of Tasers by San Francisco Police Officers		1	2	3/29/2018																															Yes	No	0				MEASURES SUBMITTED TO THE VOTERS	MEASURE SUBMITTED TO THE VOTERS	CITY OF SAN FRANCISCO	*0	County Wide	June 5 2018 Statewide Direct Primary Election	6/5/2018
1810	I	Relocation of Professional Sports Teams		1	2	3/29/2018																															Yes	No	0				MEASURES SUBMITTED TO THE VOTERS	MEASURE SUBMITTED TO THE VOTERS	CITY OF SAN FRANCISCO	*0	County Wide	June 5 2018 Statewide Direct Primary Election	6/5/2018
