ELECTION	CONTESTID	CONTESTTITLE1	CONTESTTITLE2	NUMTOVOTFOR	TERMOFOFFICE	FILINGFEE	NUMOFCANDS	NUMQUALIFIEDCANDS	NUMTOVOTFOR	DECOFINTENT	FILINGEXTENSION	CANDSTMT	DISTRICTID	SUBDISTRICT	CONTESTPARTY
June 5 2018 Statewide Direct Primary Election	1010	United States Senator		1	6	3480	31	31	1	0	0	1	*0	0	
June 5 2018 Statewide Direct Primary Election	1020	US House of Rep	District 12	1	2	1740	7	7	1	0	0	1	CONG12	0	
June 5 2018 Statewide Direct Primary Election	1040	US House of Rep	District 14	1	2	1740	2	2	1	0	0	1	CONG14	0	
June 5 2018 Statewide Direct Primary Election	1210	Member, State Assembly	District 19	1	2	952.91	3	3	1	0	0	1	ASSM19	0	
June 5 2018 Statewide Direct Primary Election	1310	Member, State Assembly	District 17	1	2	952.91	2	2	1	0	0	1	ASSM17	0	
June 5 2018 Statewide Direct Primary Election	2230	Superior Court Judge	Seat 4	1	6	1788	2	2	1	0	0	0	CITY1	0	
June 5 2018 Statewide Direct Primary Election	2280	Superior Court Judge	Seat 7	1	6	1788	2	2	1	0	0	0	CITY1	0	
June 5 2018 Statewide Direct Primary Election	2302	Superior Court Judge	Seat 9	1	6	1788	3	3	1	0	0	0	CITY1	0	
June 5 2018 Statewide Direct Primary Election	2306	Superior Court Judge	Seat 11	1	6	1788	2	2	1	0	0	0	CITY1	0	
June 5 2018 Statewide Direct Primary Election	4000	Governor		1	4	3479.74	30	29	1	0	0	1	CITY1	0	
June 5 2018 Statewide Direct Primary Election	4010	Lieutenant Governor		1	4	0	12	11	1	0	0	1	CITY1	0	
June 5 2018 Statewide Direct Primary Election	4020	Secretary of State		1	4	2609.8	8	8	1	0	0	1	CITY1	0	
June 5 2018 Statewide Direct Primary Election	4030	Controller		1	4	2783.79	3	3	1	0	0	1	CITY1	0	
June 5 2018 Statewide Direct Primary Election	4040	Treasurer		1	4	0	7	5	1	0	0	1	CITY1	0	
June 5 2018 Statewide Direct Primary Election	4050	Attorney General		1	4	3022.54	4	4	1	0	0	1	CITY1	0	
June 5 2018 Statewide Direct Primary Election	4060	Insurance Commissioner		1	4	2783.79	7	4	1	0	0	1	CITY1	0	
June 5 2018 Statewide Direct Primary Election	4070	Board of Equalization Member District 2		1	4	0	5	4	1	0	0	1	EQUAL2	0	
June 5 2018 Statewide Direct Primary Election	4080	Superintendent of Public Instruction		1	4	3022.54	5	4	1	0	0	1	CITY1	0	
June 5 2018 Statewide Direct Primary Election	5000	Mayor		1	4	5706.38	26	8	1	0	0	1	CITY1	0	
June 5 2018 Statewide Direct Primary Election	5108	Board of Supervisors	District 8	1	4	500	6	3	1	0	0	1	SUPV8	0	
