https://sfgov.org/elections/sites/default/files/Documents/ElectionsArchives/2018/Jun/PODJ011_PollingPlaces_20180509.txt	PODJ011
https://sfgov.org/elections/sites/default/files/Documents/ElectionsArchives/2018/Jun/ConsolDistBT_20180312_NoDups.txt	ConsolDistBT
https://sfgov.org/elections/sites/default/files/Documents/ElectionsArchives/2018/Jun/CFMJ001_ContestCandidateData.txt	CFMJ001_ContestCandidateData
https://sfgov.org/elections/sites/default/files/Documents/ElectionsArchives/2018/Jun/CFMContestData.txt	CFMJ001_ContestData
https://sfgov.org/elections/sites/default/files/Documents/ElectionsArchives/2018/Jun/CFMJ008_MeasureData.txt	CFMJ008
https://sfgov.org/elections/sites/default/files/Documents/ElectionsArchives/OpenData/PDMJ001_DistPctExtract.txt	PDMJ001
https://sfgov.org/elections/sites/default/files/Documents/ElectionsArchives/OpenData/SGMJ001_StreetExtract_10-16-2018.txt	SGMJ001
