﻿<?xml version="1.0" encoding="utf-8"?><Report xsi:schemaLocation="RcvDetailedReport http://emsserver/ReportServer?%2FEMSApplicationServerReports%2FRcvDetailedReport&amp;rs%3ACommand=Render&amp;rs%3AFormat=XML&amp;rs%3ASessionID=ip2roybgpetsh345uiuxtnrn&amp;rc%3ASchema=True" Name="RcvDetailedReport" xmlns:xsi="http://www.w3.org/2001/XMLSchema-instance" xmlns="RcvDetailedReport"><Title><Report Name="Title" Textbox11="RCV Detailed Report" Textbox3="General Election" Textbox2="City and County of San Francisco" Textbox9="2019-11-05T00:00:00" Textbox12="" Textbox8="RCV Detail Report 6&#xA;City and County of San Francisco&#xA;November 5, 2019, Consolidated Municipal Election" /></Title><RcvStaticData><Report Name="RcvStaticData"><Tablix2 Textbox24="MEMBER, BOARD OF SUPERVISORS, DISTRICT 5" Textbox21="Official results" Textbox53="Number of positions to elect is 1." state="All Positions Filled" timeStamp="2019-11-07T15:27:11.373" /><Tablix3 Textbox36="IRV" Textbox41="True" winnersByThreshold="False" usesDistricts="True" previousRoundsEvaluation="None" eliminationType="Single" fixedPrecisionDecimals="0" performEliminationTransferInLastRound="False" skipOvervotedRankings="False" votesToInThresholdCalculation="Continuing ballots per round" useFirstRoundSuspension="False" /></Report></RcvStaticData><Tablix6><precinctGroup_Collection><precinctGroup Textbox35="City and County of San Francisco"><Tablix10><roundGroup_Collection><roundGroup><Tablix5 Textbox86="Round 1" continuingVotes="18757.00000000000" points1="0.00000000000" nonTransferableVotes="712.00000000000" nonTransferablePoints="0.00000000000" surplus="0.00000000000"><choiceGroup_Collection><choiceGroup choiceName2="RYAN LAM" votes="802.00000000000" Textbox17="0.042757370581649517513461641" points="0.00000000000" /><choiceGroup choiceName2="DEAN PRESTON" votes="8819.00000000000" Textbox17="0.4701711361091859039291997654" points="0.00000000000" /><choiceGroup choiceName2="NOMVULA O'MEARA" votes="224.00000000000" Textbox17="0.0119422082422562243429119795" points="0.00000000000" /><choiceGroup choiceName2="VALLIE BROWN" votes="8912.00000000000" Textbox17="0.4751292850669083542144266141" points="0.00000000000" /><choiceGroup choiceName2="Blanks" votes="681.00000000000" Textbox17="0.0363064455936450391853707949" points="0.00000000000" /><choiceGroup choiceName2="Exhausted" votes="0.00000000000" Textbox17="0" points="0.00000000000" /><choiceGroup choiceName2="Overvotes" votes="31.00000000000" Textbox17="0.0016527163192408167617422829" points="0.00000000000" /><choiceGroup choiceName2="Remainder Points" votes="0.00000000000" Textbox17="0" points="0.00000000000" /></choiceGroup_Collection><nonTransferableGroup_Collection><nonTransferableGroup choiceName3="RYAN LAM" votes1="802.00000000000" points2="0.00000000000" /><nonTransferableGroup choiceName3="DEAN PRESTON" votes1="8819.00000000000" points2="0.00000000000" /><nonTransferableGroup choiceName3="NOMVULA O'MEARA" votes1="224.00000000000" points2="0.00000000000" /><nonTransferableGroup choiceName3="VALLIE BROWN" votes1="8912.00000000000" points2="0.00000000000" /><nonTransferableGroup choiceName3="Blanks" votes1="681.00000000000" points2="0.00000000000" /><nonTransferableGroup choiceName3="Exhausted" votes1="0.00000000000" points2="0.00000000000" /><nonTransferableGroup choiceName3="Overvotes" votes1="31.00000000000" points2="0.00000000000" /><nonTransferableGroup choiceName3="Remainder Points" votes1="0.00000000000" points2="0.00000000000" /></nonTransferableGroup_Collection></Tablix5><Tablix9><TieReason_Collection><TieReason Textbox14="A tie occurred during " /><TieReason Textbox14="A tie occurred during " /><TieReason Textbox14="A tie occurred during " /><TieReason Textbox14="A tie occurred during " /><TieReason Textbox14="A tie occurred during " /><TieReason Textbox14="A tie occurred during " /><TieReason Textbox14="A tie occurred during " /><TieReason Textbox14="A tie occurred during " /></TieReason_Collection><DetailsTie_Collection><DetailsTie choiceName4="RYAN LAM" /><DetailsTie choiceName4="DEAN PRESTON" /><DetailsTie choiceName4="NOMVULA O'MEARA" /><DetailsTie choiceName4="VALLIE BROWN" /><DetailsTie choiceName4="Blanks" /><DetailsTie choiceName4="Exhausted" /><DetailsTie choiceName4="Overvotes" /><DetailsTie choiceName4="Remainder Points" /></DetailsTie_Collection><TieSelection_Collection><TieSelection Textbox2="The tie is broken by selecting RYAN LAM." /><TieSelection Textbox2="The tie is broken by selecting DEAN PRESTON." /><TieSelection Textbox2="The tie is broken by selecting NOMVULA O'MEARA." /><TieSelection Textbox2="The tie is broken by selecting VALLIE BROWN." /><TieSelection Textbox2="The tie is broken by selecting Blanks." /><TieSelection Textbox2="The tie is broken by selecting Exhausted." /><TieSelection Textbox2="The tie is broken by selecting Overvotes." /><TieSelection Textbox2="The tie is broken by selecting Remainder Points." /></TieSelection_Collection><StatusGroup_Collection><StatusGroup Textbox21="RYAN LAM is  because " /><StatusGroup Textbox21="DEAN PRESTON is  because " /><StatusGroup Textbox21="NOMVULA O'MEARA is eliminated because the candidate had the least amount of votes." /><StatusGroup Textbox21="VALLIE BROWN is  because " /><StatusGroup Textbox21="Blanks is  because " /><StatusGroup Textbox21="Exhausted is  because " /><StatusGroup Textbox21="Overvotes is  because " /><StatusGroup Textbox21="Remainder Points is  because " /></StatusGroup_Collection><sourceChoiceId_Collection><sourceChoiceId Textbox44=" transfer for candidate ." Textbox47=" ballots have been transferred in the following manner:"><choiceId_Collection><choiceId choiceName="Blanks" /><choiceId choiceName="Overvotes" /><choiceId choiceName="Remainder Points" /></choiceId_Collection></sourceChoiceId><sourceChoiceId Textbox44="Elimination transfer for candidate NOMVULA O'MEARA." Textbox47="224 ballots have been transferred in the following manner:"><choiceId_Collection><choiceId sourceChoiceName="NOMVULA O'MEARA" choiceName="RYAN LAM" ballotsTransferred3="69" transferFraction3="1.00000000000" votes5="69.00000000000" /><choiceId sourceChoiceName="NOMVULA O'MEARA" choiceName="DEAN PRESTON" ballotsTransferred3="59" transferFraction3="1.00000000000" votes5="59.00000000000" /><choiceId sourceChoiceName="NOMVULA O'MEARA" choiceName="NOMVULA O'MEARA" ballotsTransferred3="224" transferFraction3="1.00000000000" votes5="-224.00000000000" /><choiceId sourceChoiceName="NOMVULA O'MEARA" choiceName="VALLIE BROWN" ballotsTransferred3="35" transferFraction3="1.00000000000" votes5="35.00000000000" /><choiceId sourceChoiceName="NOMVULA O'MEARA" choiceName="Exhausted" ballotsTransferred3="61" transferFraction3="1.00000000000" votes5="61.00000000000" /></choiceId_Collection></sourceChoiceId></sourceChoiceId_Collection></Tablix9></roundGroup><roundGroup><Tablix5 Textbox86="Round 2" continuingVotes="18696.00000000000" points1="0.00000000000" nonTransferableVotes="773.00000000000" nonTransferablePoints="0.00000000000" surplus="0.00000000000"><choiceGroup_Collection><choiceGroup choiceName2="RYAN LAM" votes="871.00000000000" Textbox17="0.0465875053487376979032948224" points="0.00000000000" /><choiceGroup choiceName2="DEAN PRESTON" votes="8878.00000000000" Textbox17="0.4748609328198545143346170304" points="0.00000000000" /><choiceGroup choiceName2="NOMVULA O'MEARA" votes="0.00000000000" Textbox17="0" points="0.00000000000" /><choiceGroup choiceName2="VALLIE BROWN" votes="8947.00000000000" Textbox17="0.4785515618314077877620881472" points="0.00000000000" /><choiceGroup choiceName2="Blanks" votes="681.00000000000" Textbox17="0.0364249037227214377406931964" points="0.00000000000" /><choiceGroup choiceName2="Exhausted" votes="61.00000000000" Textbox17="0.0032627299957210098416773641" points="0.00000000000" /><choiceGroup choiceName2="Overvotes" votes="31.00000000000" Textbox17="0.0016581086863500213949507916" points="0.00000000000" /><choiceGroup choiceName2="Remainder Points" votes="0.00000000000" Textbox17="0" points="0.00000000000" /></choiceGroup_Collection><nonTransferableGroup_Collection><nonTransferableGroup choiceName3="RYAN LAM" votes1="871.00000000000" points2="0.00000000000" /><nonTransferableGroup choiceName3="DEAN PRESTON" votes1="8878.00000000000" points2="0.00000000000" /><nonTransferableGroup choiceName3="NOMVULA O'MEARA" votes1="0.00000000000" points2="0.00000000000" /><nonTransferableGroup choiceName3="VALLIE BROWN" votes1="8947.00000000000" points2="0.00000000000" /><nonTransferableGroup choiceName3="Blanks" votes1="681.00000000000" points2="0.00000000000" /><nonTransferableGroup choiceName3="Exhausted" votes1="61.00000000000" points2="0.00000000000" /><nonTransferableGroup choiceName3="Overvotes" votes1="31.00000000000" points2="0.00000000000" /><nonTransferableGroup choiceName3="Remainder Points" votes1="0.00000000000" points2="0.00000000000" /></nonTransferableGroup_Collection></Tablix5><Tablix9><TieReason_Collection><TieReason Textbox14="A tie occurred during " /><TieReason Textbox14="A tie occurred during " /><TieReason Textbox14="A tie occurred during " /><TieReason Textbox14="A tie occurred during " /><TieReason Textbox14="A tie occurred during " /><TieReason Textbox14="A tie occurred during " /><TieReason Textbox14="A tie occurred during " /><TieReason Textbox14="A tie occurred during " /></TieReason_Collection><DetailsTie_Collection><DetailsTie choiceName4="RYAN LAM" /><DetailsTie choiceName4="DEAN PRESTON" /><DetailsTie choiceName4="NOMVULA O'MEARA" /><DetailsTie choiceName4="VALLIE BROWN" /><DetailsTie choiceName4="Blanks" /><DetailsTie choiceName4="Exhausted" /><DetailsTie choiceName4="Overvotes" /><DetailsTie choiceName4="Remainder Points" /></DetailsTie_Collection><TieSelection_Collection><TieSelection Textbox2="The tie is broken by selecting RYAN LAM." /><TieSelection Textbox2="The tie is broken by selecting DEAN PRESTON." /><TieSelection Textbox2="The tie is broken by selecting NOMVULA O'MEARA." /><TieSelection Textbox2="The tie is broken by selecting VALLIE BROWN." /><TieSelection Textbox2="The tie is broken by selecting Blanks." /><TieSelection Textbox2="The tie is broken by selecting Exhausted." /><TieSelection Textbox2="The tie is broken by selecting Overvotes." /><TieSelection Textbox2="The tie is broken by selecting Remainder Points." /></TieSelection_Collection><StatusGroup_Collection><StatusGroup Textbox21="RYAN LAM is eliminated because the candidate had the least amount of votes." /><StatusGroup Textbox21="DEAN PRESTON is  because " /><StatusGroup Textbox21="NOMVULA O'MEARA is  because " /><StatusGroup Textbox21="VALLIE BROWN is  because " /><StatusGroup Textbox21="Blanks is  because " /><StatusGroup Textbox21="Exhausted is  because " /><StatusGroup Textbox21="Overvotes is  because " /><StatusGroup Textbox21="Remainder Points is  because " /></StatusGroup_Collection><sourceChoiceId_Collection><sourceChoiceId Textbox44=" transfer for candidate ." Textbox47=" ballots have been transferred in the following manner:"><choiceId_Collection><choiceId choiceName="NOMVULA O'MEARA" /><choiceId choiceName="Blanks" /><choiceId choiceName="Remainder Points" /></choiceId_Collection></sourceChoiceId><sourceChoiceId Textbox44="Elimination transfer for candidate RYAN LAM." Textbox47="871 ballots have been transferred in the following manner:"><choiceId_Collection><choiceId sourceChoiceName="RYAN LAM" choiceName="RYAN LAM" ballotsTransferred3="871" transferFraction3="1.00000000000" votes5="-871.00000000000" /><choiceId sourceChoiceName="RYAN LAM" choiceName="DEAN PRESTON" ballotsTransferred3="343" transferFraction3="1.00000000000" votes5="343.00000000000" /><choiceId sourceChoiceName="RYAN LAM" choiceName="VALLIE BROWN" ballotsTransferred3="239" transferFraction3="1.00000000000" votes5="239.00000000000" /><choiceId sourceChoiceName="RYAN LAM" choiceName="Exhausted" ballotsTransferred3="284" transferFraction3="1.00000000000" votes5="284.00000000000" /><choiceId sourceChoiceName="RYAN LAM" choiceName="Overvotes" ballotsTransferred3="5" transferFraction3="1.00000000000" votes5="5.00000000000" /></choiceId_Collection></sourceChoiceId></sourceChoiceId_Collection></Tablix9></roundGroup><roundGroup><Tablix5 Textbox86="Round 3" continuingVotes="18407.00000000000" points1="0.00000000000" nonTransferableVotes="1062.00000000000" nonTransferablePoints="0.00000000000" surplus="0.00000000000"><choiceGroup_Collection><choiceGroup choiceName2="RYAN LAM" votes="0.00000000000" Textbox17="0" points="0.00000000000" /><choiceGroup choiceName2="DEAN PRESTON" votes="9221.00000000000" Textbox17="0.5009507252675612538708100179" points="0.00000000000" /><choiceGroup choiceName2="NOMVULA O'MEARA" votes="0.00000000000" Textbox17="0" points="0.00000000000" /><choiceGroup choiceName2="VALLIE BROWN" votes="9186.00000000000" Textbox17="0.4990492747324387461291899821" points="0.00000000000" /><choiceGroup choiceName2="Blanks" votes="681.00000000000" Textbox17="0.0369967946976693649155212691" points="0.00000000000" /><choiceGroup choiceName2="Exhausted" votes="345.00000000000" Textbox17="0.0187428695604932905959689249" points="0.00000000000" /><choiceGroup choiceName2="Overvotes" votes="36.00000000000" Textbox17="0.0019557776932688651056663226" points="0.00000000000" /><choiceGroup choiceName2="Remainder Points" votes="0.00000000000" Textbox17="0" points="0.00000000000" /></choiceGroup_Collection><nonTransferableGroup_Collection><nonTransferableGroup choiceName3="RYAN LAM" votes1="0.00000000000" points2="0.00000000000" /><nonTransferableGroup choiceName3="DEAN PRESTON" votes1="9221.00000000000" points2="0.00000000000" /><nonTransferableGroup choiceName3="NOMVULA O'MEARA" votes1="0.00000000000" points2="0.00000000000" /><nonTransferableGroup choiceName3="VALLIE BROWN" votes1="9186.00000000000" points2="0.00000000000" /><nonTransferableGroup choiceName3="Blanks" votes1="681.00000000000" points2="0.00000000000" /><nonTransferableGroup choiceName3="Exhausted" votes1="345.00000000000" points2="0.00000000000" /><nonTransferableGroup choiceName3="Overvotes" votes1="36.00000000000" points2="0.00000000000" /><nonTransferableGroup choiceName3="Remainder Points" votes1="0.00000000000" points2="0.00000000000" /></nonTransferableGroup_Collection></Tablix5><Tablix9><TieReason_Collection><TieReason Textbox14="A tie occurred during " /><TieReason Textbox14="A tie occurred during " /><TieReason Textbox14="A tie occurred during " /><TieReason Textbox14="A tie occurred during " /><TieReason Textbox14="A tie occurred during " /><TieReason Textbox14="A tie occurred during " /><TieReason Textbox14="A tie occurred during " /><TieReason Textbox14="A tie occurred during " /></TieReason_Collection><DetailsTie_Collection><DetailsTie choiceName4="RYAN LAM" /><DetailsTie choiceName4="DEAN PRESTON" /><DetailsTie choiceName4="NOMVULA O'MEARA" /><DetailsTie choiceName4="VALLIE BROWN" /><DetailsTie choiceName4="Blanks" /><DetailsTie choiceName4="Exhausted" /><DetailsTie choiceName4="Overvotes" /><DetailsTie choiceName4="Remainder Points" /></DetailsTie_Collection><TieSelection_Collection><TieSelection Textbox2="The tie is broken by selecting RYAN LAM." /><TieSelection Textbox2="The tie is broken by selecting DEAN PRESTON." /><TieSelection Textbox2="The tie is broken by selecting NOMVULA O'MEARA." /><TieSelection Textbox2="The tie is broken by selecting VALLIE BROWN." /><TieSelection Textbox2="The tie is broken by selecting Blanks." /><TieSelection Textbox2="The tie is broken by selecting Exhausted." /><TieSelection Textbox2="The tie is broken by selecting Overvotes." /><TieSelection Textbox2="The tie is broken by selecting Remainder Points." /></TieSelection_Collection><StatusGroup_Collection><StatusGroup Textbox21="RYAN LAM is  because " /><StatusGroup Textbox21="DEAN PRESTON is elected because all other candidates have been eliminated." /><StatusGroup Textbox21="NOMVULA O'MEARA is  because " /><StatusGroup Textbox21="VALLIE BROWN is eliminated because the candidate was not elected in the last round." /><StatusGroup Textbox21="Blanks is  because " /><StatusGroup Textbox21="Exhausted is  because " /><StatusGroup Textbox21="Overvotes is  because " /><StatusGroup Textbox21="Remainder Points is  because " /></StatusGroup_Collection><sourceChoiceId_Collection><sourceChoiceId Textbox44=" transfer for candidate ." Textbox47=" ballots have been transferred in the following manner:"><choiceId_Collection><choiceId choiceName="RYAN LAM" /><choiceId choiceName="DEAN PRESTON" /><choiceId choiceName="NOMVULA O'MEARA" /><choiceId choiceName="VALLIE BROWN" /><choiceId choiceName="Blanks" /><choiceId choiceName="Exhausted" /><choiceId choiceName="Overvotes" /><choiceId choiceName="Remainder Points" /></choiceId_Collection></sourceChoiceId></sourceChoiceId_Collection></Tablix9></roundGroup></roundGroup_Collection></Tablix10></precinctGroup></precinctGroup_Collection></Tablix6></Report>