﻿<?xml version="1.0" encoding="utf-8"?><Report xsi:schemaLocation="RcvDetailedReport http://emsserver/ReportServer?%2FEMSApplicationServerReports%2FRcvDetailedReport&amp;rs%3ACommand=Render&amp;rs%3AFormat=XML&amp;rs%3ASessionID=uqrupw55hpz124j5t3m3raae&amp;rc%3ASchema=True" Name="RcvDetailedReport" xmlns:xsi="http://www.w3.org/2001/XMLSchema-instance" xmlns="RcvDetailedReport"><Title><Report Name="Title" Textbox11="RCV Detailed Report" Textbox3="General Election" Textbox2="City and County of San Francisco" Textbox9="2019-11-05T00:00:00" Textbox12="" Textbox8="RCV Detail Report 10&#xA;City and County of San Francisco&#xA;November 5, 2019, Consolidated Municipal Election" /></Title><RcvStaticData><Report Name="RcvStaticData"><Tablix2 Textbox24="MEMBER, BOARD OF SUPERVISORS, DISTRICT 5" Textbox21="Official results" Textbox53="Number of positions to elect is 1." state="All Positions Filled" timeStamp="2019-11-12T15:46:05.2" /><Tablix3 Textbox36="IRV" Textbox41="True" winnersByThreshold="False" usesDistricts="True" previousRoundsEvaluation="None" eliminationType="Single" fixedPrecisionDecimals="0" performEliminationTransferInLastRound="False" skipOvervotedRankings="False" votesToInThresholdCalculation="Continuing ballots per round" useFirstRoundSuspension="False" /></Report></RcvStaticData><Tablix6><precinctGroup_Collection><precinctGroup Textbox35="City and County of San Francisco"><Tablix10><roundGroup_Collection><roundGroup><Tablix5 Textbox86="Round 1" continuingVotes="23672.00000000000" points1="0.00000000000" nonTransferableVotes="1088.00000000000" nonTransferablePoints="0.00000000000" surplus="0.00000000000"><choiceGroup_Collection><choiceGroup choiceName2="RYAN LAM" votes="949.00000000000" Textbox17="0.0400895572828658330517066577" points="0.00000000000" /><choiceGroup choiceName2="DEAN PRESTON" votes="11239.00000000000" Textbox17="0.4747803311929705981750591416" points="0.00000000000" /><choiceGroup choiceName2="NOMVULA O'MEARA" votes="278.00000000000" Textbox17="0.0117438323758026360256843528" points="0.00000000000" /><choiceGroup choiceName2="VALLIE BROWN" votes="11206.00000000000" Textbox17="0.4733862791483609327475498479" points="0.00000000000" /><choiceGroup choiceName2="Blanks" votes="1048.00000000000" Textbox17="0.0442717134166948293342345387" points="0.00000000000" /><choiceGroup choiceName2="Exhausted" votes="0.00000000000" Textbox17="0" points="0.00000000000" /><choiceGroup choiceName2="Overvotes" votes="40.00000000000" Textbox17="0.0016897600540723217303142954" points="0.00000000000" /><choiceGroup choiceName2="Remainder Points" votes="0.00000000000" Textbox17="0" points="0.00000000000" /></choiceGroup_Collection><nonTransferableGroup_Collection><nonTransferableGroup choiceName3="RYAN LAM" votes1="949.00000000000" points2="0.00000000000" /><nonTransferableGroup choiceName3="DEAN PRESTON" votes1="11239.00000000000" points2="0.00000000000" /><nonTransferableGroup choiceName3="NOMVULA O'MEARA" votes1="278.00000000000" points2="0.00000000000" /><nonTransferableGroup choiceName3="VALLIE BROWN" votes1="11206.00000000000" points2="0.00000000000" /><nonTransferableGroup choiceName3="Blanks" votes1="1048.00000000000" points2="0.00000000000" /><nonTransferableGroup choiceName3="Exhausted" votes1="0.00000000000" points2="0.00000000000" /><nonTransferableGroup choiceName3="Overvotes" votes1="40.00000000000" points2="0.00000000000" /><nonTransferableGroup choiceName3="Remainder Points" votes1="0.00000000000" points2="0.00000000000" /></nonTransferableGroup_Collection></Tablix5><Tablix9><TieReason_Collection><TieReason Textbox14="A tie occurred during " /><TieReason Textbox14="A tie occurred during " /><TieReason Textbox14="A tie occurred during " /><TieReason Textbox14="A tie occurred during " /><TieReason Textbox14="A tie occurred during " /><TieReason Textbox14="A tie occurred during " /><TieReason Textbox14="A tie occurred during " /><TieReason Textbox14="A tie occurred during " /></TieReason_Collection><DetailsTie_Collection><DetailsTie choiceName4="RYAN LAM" /><DetailsTie choiceName4="DEAN PRESTON" /><DetailsTie choiceName4="NOMVULA O'MEARA" /><DetailsTie choiceName4="VALLIE BROWN" /><DetailsTie choiceName4="Blanks" /><DetailsTie choiceName4="Exhausted" /><DetailsTie choiceName4="Overvotes" /><DetailsTie choiceName4="Remainder Points" /></DetailsTie_Collection><TieSelection_Collection><TieSelection Textbox2="The tie is broken by selecting RYAN LAM." /><TieSelection Textbox2="The tie is broken by selecting DEAN PRESTON." /><TieSelection Textbox2="The tie is broken by selecting NOMVULA O'MEARA." /><TieSelection Textbox2="The tie is broken by selecting VALLIE BROWN." /><TieSelection Textbox2="The tie is broken by selecting Blanks." /><TieSelection Textbox2="The tie is broken by selecting Exhausted." /><TieSelection Textbox2="The tie is broken by selecting Overvotes." /><TieSelection Textbox2="The tie is broken by selecting Remainder Points." /></TieSelection_Collection><StatusGroup_Collection><StatusGroup Textbox21="RYAN LAM is  because " /><StatusGroup Textbox21="DEAN PRESTON is  because " /><StatusGroup Textbox21="NOMVULA O'MEARA is eliminated because the candidate had the least amount of votes." /><StatusGroup Textbox21="VALLIE BROWN is  because " /><StatusGroup Textbox21="Blanks is  because " /><StatusGroup Textbox21="Exhausted is  because " /><StatusGroup Textbox21="Overvotes is  because " /><StatusGroup Textbox21="Remainder Points is  because " /></StatusGroup_Collection><sourceChoiceId_Collection><sourceChoiceId Textbox44=" transfer for candidate ." Textbox47=" ballots have been transferred in the following manner:"><choiceId_Collection><choiceId choiceName="Blanks" /><choiceId choiceName="Remainder Points" /></choiceId_Collection></sourceChoiceId><sourceChoiceId Textbox44="Elimination transfer for candidate NOMVULA O'MEARA." Textbox47="278 ballots have been transferred in the following manner:"><choiceId_Collection><choiceId sourceChoiceName="NOMVULA O'MEARA" choiceName="RYAN LAM" ballotsTransferred3="85" transferFraction3="1.00000000000" votes5="85.00000000000" /><choiceId sourceChoiceName="NOMVULA O'MEARA" choiceName="DEAN PRESTON" ballotsTransferred3="70" transferFraction3="1.00000000000" votes5="70.00000000000" /><choiceId sourceChoiceName="NOMVULA O'MEARA" choiceName="NOMVULA O'MEARA" ballotsTransferred3="278" transferFraction3="1.00000000000" votes5="-278.00000000000" /><choiceId sourceChoiceName="NOMVULA O'MEARA" choiceName="VALLIE BROWN" ballotsTransferred3="51" transferFraction3="1.00000000000" votes5="51.00000000000" /><choiceId sourceChoiceName="NOMVULA O'MEARA" choiceName="Exhausted" ballotsTransferred3="71" transferFraction3="1.00000000000" votes5="71.00000000000" /><choiceId sourceChoiceName="NOMVULA O'MEARA" choiceName="Overvotes" ballotsTransferred3="1" transferFraction3="1.00000000000" votes5="1.00000000000" /></choiceId_Collection></sourceChoiceId></sourceChoiceId_Collection></Tablix9></roundGroup><roundGroup><Tablix5 Textbox86="Round 2" continuingVotes="23600.00000000000" points1="0.00000000000" nonTransferableVotes="1160.00000000000" nonTransferablePoints="0.00000000000" surplus="0.00000000000"><choiceGroup_Collection><choiceGroup choiceName2="RYAN LAM" votes="1034.00000000000" Textbox17="0.0438135593220338983050847458" points="0.00000000000" /><choiceGroup choiceName2="DEAN PRESTON" votes="11309.00000000000" Textbox17="0.4791949152542372881355932203" points="0.00000000000" /><choiceGroup choiceName2="NOMVULA O'MEARA" votes="0.00000000000" Textbox17="0" points="0.00000000000" /><choiceGroup choiceName2="VALLIE BROWN" votes="11257.00000000000" Textbox17="0.4769915254237288135593220339" points="0.00000000000" /><choiceGroup choiceName2="Blanks" votes="1048.00000000000" Textbox17="0.0444067796610169491525423729" points="0.00000000000" /><choiceGroup choiceName2="Exhausted" votes="71.00000000000" Textbox17="0.0030084745762711864406779661" points="0.00000000000" /><choiceGroup choiceName2="Overvotes" votes="41.00000000000" Textbox17="0.0017372881355932203389830508" points="0.00000000000" /><choiceGroup choiceName2="Remainder Points" votes="0.00000000000" Textbox17="0" points="0.00000000000" /></choiceGroup_Collection><nonTransferableGroup_Collection><nonTransferableGroup choiceName3="RYAN LAM" votes1="1034.00000000000" points2="0.00000000000" /><nonTransferableGroup choiceName3="DEAN PRESTON" votes1="11309.00000000000" points2="0.00000000000" /><nonTransferableGroup choiceName3="NOMVULA O'MEARA" votes1="0.00000000000" points2="0.00000000000" /><nonTransferableGroup choiceName3="VALLIE BROWN" votes1="11257.00000000000" points2="0.00000000000" /><nonTransferableGroup choiceName3="Blanks" votes1="1048.00000000000" points2="0.00000000000" /><nonTransferableGroup choiceName3="Exhausted" votes1="71.00000000000" points2="0.00000000000" /><nonTransferableGroup choiceName3="Overvotes" votes1="41.00000000000" points2="0.00000000000" /><nonTransferableGroup choiceName3="Remainder Points" votes1="0.00000000000" points2="0.00000000000" /></nonTransferableGroup_Collection></Tablix5><Tablix9><TieReason_Collection><TieReason Textbox14="A tie occurred during " /><TieReason Textbox14="A tie occurred during " /><TieReason Textbox14="A tie occurred during " /><TieReason Textbox14="A tie occurred during " /><TieReason Textbox14="A tie occurred during " /><TieReason Textbox14="A tie occurred during " /><TieReason Textbox14="A tie occurred during " /><TieReason Textbox14="A tie occurred during " /></TieReason_Collection><DetailsTie_Collection><DetailsTie choiceName4="RYAN LAM" /><DetailsTie choiceName4="DEAN PRESTON" /><DetailsTie choiceName4="NOMVULA O'MEARA" /><DetailsTie choiceName4="VALLIE BROWN" /><DetailsTie choiceName4="Blanks" /><DetailsTie choiceName4="Exhausted" /><DetailsTie choiceName4="Overvotes" /><DetailsTie choiceName4="Remainder Points" /></DetailsTie_Collection><TieSelection_Collection><TieSelection Textbox2="The tie is broken by selecting RYAN LAM." /><TieSelection Textbox2="The tie is broken by selecting DEAN PRESTON." /><TieSelection Textbox2="The tie is broken by selecting NOMVULA O'MEARA." /><TieSelection Textbox2="The tie is broken by selecting VALLIE BROWN." /><TieSelection Textbox2="The tie is broken by selecting Blanks." /><TieSelection Textbox2="The tie is broken by selecting Exhausted." /><TieSelection Textbox2="The tie is broken by selecting Overvotes." /><TieSelection Textbox2="The tie is broken by selecting Remainder Points." /></TieSelection_Collection><StatusGroup_Collection><StatusGroup Textbox21="RYAN LAM is eliminated because the candidate had the least amount of votes." /><StatusGroup Textbox21="DEAN PRESTON is  because " /><StatusGroup Textbox21="NOMVULA O'MEARA is  because " /><StatusGroup Textbox21="VALLIE BROWN is  because " /><StatusGroup Textbox21="Blanks is  because " /><StatusGroup Textbox21="Exhausted is  because " /><StatusGroup Textbox21="Overvotes is  because " /><StatusGroup Textbox21="Remainder Points is  because " /></StatusGroup_Collection><sourceChoiceId_Collection><sourceChoiceId Textbox44=" transfer for candidate ." Textbox47=" ballots have been transferred in the following manner:"><choiceId_Collection><choiceId choiceName="NOMVULA O'MEARA" /><choiceId choiceName="Blanks" /><choiceId choiceName="Remainder Points" /></choiceId_Collection></sourceChoiceId><sourceChoiceId Textbox44="Elimination transfer for candidate RYAN LAM." Textbox47="1034 ballots have been transferred in the following manner:"><choiceId_Collection><choiceId sourceChoiceName="RYAN LAM" choiceName="RYAN LAM" ballotsTransferred3="1034" transferFraction3="1.00000000000" votes5="-1034.00000000000" /><choiceId sourceChoiceName="RYAN LAM" choiceName="DEAN PRESTON" ballotsTransferred3="414" transferFraction3="1.00000000000" votes5="414.00000000000" /><choiceId sourceChoiceName="RYAN LAM" choiceName="VALLIE BROWN" ballotsTransferred3="279" transferFraction3="1.00000000000" votes5="279.00000000000" /><choiceId sourceChoiceName="RYAN LAM" choiceName="Exhausted" ballotsTransferred3="334" transferFraction3="1.00000000000" votes5="334.00000000000" /><choiceId sourceChoiceName="RYAN LAM" choiceName="Overvotes" ballotsTransferred3="7" transferFraction3="1.00000000000" votes5="7.00000000000" /></choiceId_Collection></sourceChoiceId></sourceChoiceId_Collection></Tablix9></roundGroup><roundGroup><Tablix5 Textbox86="Round 3" continuingVotes="23259.00000000000" points1="0.00000000000" nonTransferableVotes="1501.00000000000" nonTransferablePoints="0.00000000000" surplus="0.00000000000"><choiceGroup_Collection><choiceGroup choiceName2="RYAN LAM" votes="0.00000000000" Textbox17="0" points="0.00000000000" /><choiceGroup choiceName2="DEAN PRESTON" votes="11723.00000000000" Textbox17="0.5040199492669504277913925792" points="0.00000000000" /><choiceGroup choiceName2="NOMVULA O'MEARA" votes="0.00000000000" Textbox17="0" points="0.00000000000" /><choiceGroup choiceName2="VALLIE BROWN" votes="11536.00000000000" Textbox17="0.4959800507330495722086074208" points="0.00000000000" /><choiceGroup choiceName2="Blanks" votes="1048.00000000000" Textbox17="0.0450578270776903564211702997" points="0.00000000000" /><choiceGroup choiceName2="Exhausted" votes="405.00000000000" Textbox17="0.017412614471817361021540049" points="0.00000000000" /><choiceGroup choiceName2="Overvotes" votes="48.00000000000" Textbox17="0.0020637172707339094544047465" points="0.00000000000" /><choiceGroup choiceName2="Remainder Points" votes="0.00000000000" Textbox17="0" points="0.00000000000" /></choiceGroup_Collection><nonTransferableGroup_Collection><nonTransferableGroup choiceName3="RYAN LAM" votes1="0.00000000000" points2="0.00000000000" /><nonTransferableGroup choiceName3="DEAN PRESTON" votes1="11723.00000000000" points2="0.00000000000" /><nonTransferableGroup choiceName3="NOMVULA O'MEARA" votes1="0.00000000000" points2="0.00000000000" /><nonTransferableGroup choiceName3="VALLIE BROWN" votes1="11536.00000000000" points2="0.00000000000" /><nonTransferableGroup choiceName3="Blanks" votes1="1048.00000000000" points2="0.00000000000" /><nonTransferableGroup choiceName3="Exhausted" votes1="405.00000000000" points2="0.00000000000" /><nonTransferableGroup choiceName3="Overvotes" votes1="48.00000000000" points2="0.00000000000" /><nonTransferableGroup choiceName3="Remainder Points" votes1="0.00000000000" points2="0.00000000000" /></nonTransferableGroup_Collection></Tablix5><Tablix9><TieReason_Collection><TieReason Textbox14="A tie occurred during " /><TieReason Textbox14="A tie occurred during " /><TieReason Textbox14="A tie occurred during " /><TieReason Textbox14="A tie occurred during " /><TieReason Textbox14="A tie occurred during " /><TieReason Textbox14="A tie occurred during " /><TieReason Textbox14="A tie occurred during " /><TieReason Textbox14="A tie occurred during " /></TieReason_Collection><DetailsTie_Collection><DetailsTie choiceName4="RYAN LAM" /><DetailsTie choiceName4="DEAN PRESTON" /><DetailsTie choiceName4="NOMVULA O'MEARA" /><DetailsTie choiceName4="VALLIE BROWN" /><DetailsTie choiceName4="Blanks" /><DetailsTie choiceName4="Exhausted" /><DetailsTie choiceName4="Overvotes" /><DetailsTie choiceName4="Remainder Points" /></DetailsTie_Collection><TieSelection_Collection><TieSelection Textbox2="The tie is broken by selecting RYAN LAM." /><TieSelection Textbox2="The tie is broken by selecting DEAN PRESTON." /><TieSelection Textbox2="The tie is broken by selecting NOMVULA O'MEARA." /><TieSelection Textbox2="The tie is broken by selecting VALLIE BROWN." /><TieSelection Textbox2="The tie is broken by selecting Blanks." /><TieSelection Textbox2="The tie is broken by selecting Exhausted." /><TieSelection Textbox2="The tie is broken by selecting Overvotes." /><TieSelection Textbox2="The tie is broken by selecting Remainder Points." /></TieSelection_Collection><StatusGroup_Collection><StatusGroup Textbox21="RYAN LAM is  because " /><StatusGroup Textbox21="DEAN PRESTON is elected because all other candidates have been eliminated." /><StatusGroup Textbox21="NOMVULA O'MEARA is  because " /><StatusGroup Textbox21="VALLIE BROWN is eliminated because the candidate was not elected in the last round." /><StatusGroup Textbox21="Blanks is  because " /><StatusGroup Textbox21="Exhausted is  because " /><StatusGroup Textbox21="Overvotes is  because " /><StatusGroup Textbox21="Remainder Points is  because " /></StatusGroup_Collection><sourceChoiceId_Collection><sourceChoiceId Textbox44=" transfer for candidate ." Textbox47=" ballots have been transferred in the following manner:"><choiceId_Collection><choiceId choiceName="RYAN LAM" /><choiceId choiceName="DEAN PRESTON" /><choiceId choiceName="NOMVULA O'MEARA" /><choiceId choiceName="VALLIE BROWN" /><choiceId choiceName="Blanks" /><choiceId choiceName="Exhausted" /><choiceId choiceName="Overvotes" /><choiceId choiceName="Remainder Points" /></choiceId_Collection></sourceChoiceId></sourceChoiceId_Collection></Tablix9></roundGroup></roundGroup_Collection></Tablix10></precinctGroup></precinctGroup_Collection></Tablix6></Report>