﻿<?xml version="1.0" encoding="utf-8"?><Report xsi:schemaLocation="RcvDetailedReport http://emsserver/ReportServer?%2FEMSApplicationServerReports%2FRcvDetailedReport&amp;rs%3ACommand=Render&amp;rs%3AFormat=XML&amp;rs%3ASessionID=o5khwm45ab2z42bsm005gjfj&amp;rc%3ASchema=True" Name="RcvDetailedReport" xmlns:xsi="http://www.w3.org/2001/XMLSchema-instance" xmlns="RcvDetailedReport"><Title><Report Name="Title" Textbox11="RCV Detailed Report" Textbox3="General Election" Textbox2="City and County of San Francisco" Textbox9="2019-11-05T00:00:00" Textbox12="" Textbox8="RCV Detail Report&#xA;City and County of San Francisco&#xA;November 5, 2019, Consolidated Municipal Election" /></Title><RcvStaticData><Report Name="RcvStaticData"><Tablix2 Textbox24="MEMBER, BOARD OF SUPERVISORS, DISTRICT 5" Textbox21="Official results" Textbox53="Number of positions to elect is 1." state="All Positions Filled" timeStamp="2019-11-05T23:58:21.787" /><Tablix3 Textbox36="IRV" Textbox41="True" winnersByThreshold="False" usesDistricts="True" previousRoundsEvaluation="None" eliminationType="Single" fixedPrecisionDecimals="0" performEliminationTransferInLastRound="False" skipOvervotedRankings="False" votesToInThresholdCalculation="Continuing ballots per round" useFirstRoundSuspension="False" /></Report></RcvStaticData><Tablix6><precinctGroup_Collection><precinctGroup Textbox35="City and County of San Francisco"><Tablix10><roundGroup_Collection><roundGroup><Tablix5 Textbox86="Round 1" continuingVotes="12938.00000000000" points1="0.00000000000" nonTransferableVotes="457.00000000000" nonTransferablePoints="0.00000000000" surplus="0.00000000000"><choiceGroup_Collection><choiceGroup choiceName2="RYAN LAM" votes="612.00000000000" Textbox17="0.0473025197093832122430051013" points="0.00000000000" /><choiceGroup choiceName2="DEAN PRESTON" votes="6137.00000000000" Textbox17="0.4743391559746483227701344876" points="0.00000000000" /><choiceGroup choiceName2="NOMVULA O'MEARA" votes="183.00000000000" Textbox17="0.0141443808934920389550162313" points="0.00000000000" /><choiceGroup choiceName2="VALLIE BROWN" votes="6006.00000000000" Textbox17="0.4642139434224764260318441799" points="0.00000000000" /><choiceGroup choiceName2="Blanks" votes="432.00000000000" Textbox17="0.0333900139125057968774153656" points="0.00000000000" /><choiceGroup choiceName2="Exhausted" votes="0.00000000000" Textbox17="0" points="0.00000000000" /><choiceGroup choiceName2="Overvotes" votes="25.00000000000" Textbox17="0.0019322924717885299118874633" points="0.00000000000" /><choiceGroup choiceName2="Remainder Points" votes="0.00000000000" Textbox17="0" points="0.00000000000" /></choiceGroup_Collection><nonTransferableGroup_Collection><nonTransferableGroup choiceName3="RYAN LAM" votes1="612.00000000000" points2="0.00000000000" /><nonTransferableGroup choiceName3="DEAN PRESTON" votes1="6137.00000000000" points2="0.00000000000" /><nonTransferableGroup choiceName3="NOMVULA O'MEARA" votes1="183.00000000000" points2="0.00000000000" /><nonTransferableGroup choiceName3="VALLIE BROWN" votes1="6006.00000000000" points2="0.00000000000" /><nonTransferableGroup choiceName3="Blanks" votes1="432.00000000000" points2="0.00000000000" /><nonTransferableGroup choiceName3="Exhausted" votes1="0.00000000000" points2="0.00000000000" /><nonTransferableGroup choiceName3="Overvotes" votes1="25.00000000000" points2="0.00000000000" /><nonTransferableGroup choiceName3="Remainder Points" votes1="0.00000000000" points2="0.00000000000" /></nonTransferableGroup_Collection></Tablix5><Tablix9><TieReason_Collection><TieReason Textbox14="A tie occurred during " /><TieReason Textbox14="A tie occurred during " /><TieReason Textbox14="A tie occurred during " /><TieReason Textbox14="A tie occurred during " /><TieReason Textbox14="A tie occurred during " /><TieReason Textbox14="A tie occurred during " /><TieReason Textbox14="A tie occurred during " /><TieReason Textbox14="A tie occurred during " /></TieReason_Collection><DetailsTie_Collection><DetailsTie choiceName4="RYAN LAM" /><DetailsTie choiceName4="DEAN PRESTON" /><DetailsTie choiceName4="NOMVULA O'MEARA" /><DetailsTie choiceName4="VALLIE BROWN" /><DetailsTie choiceName4="Blanks" /><DetailsTie choiceName4="Exhausted" /><DetailsTie choiceName4="Overvotes" /><DetailsTie choiceName4="Remainder Points" /></DetailsTie_Collection><TieSelection_Collection><TieSelection Textbox2="The tie is broken by selecting RYAN LAM." /><TieSelection Textbox2="The tie is broken by selecting DEAN PRESTON." /><TieSelection Textbox2="The tie is broken by selecting NOMVULA O'MEARA." /><TieSelection Textbox2="The tie is broken by selecting VALLIE BROWN." /><TieSelection Textbox2="The tie is broken by selecting Blanks." /><TieSelection Textbox2="The tie is broken by selecting Exhausted." /><TieSelection Textbox2="The tie is broken by selecting Overvotes." /><TieSelection Textbox2="The tie is broken by selecting Remainder Points." /></TieSelection_Collection><StatusGroup_Collection><StatusGroup Textbox21="RYAN LAM is  because " /><StatusGroup Textbox21="DEAN PRESTON is  because " /><StatusGroup Textbox21="NOMVULA O'MEARA is eliminated because the candidate had the least amount of votes." /><StatusGroup Textbox21="VALLIE BROWN is  because " /><StatusGroup Textbox21="Blanks is  because " /><StatusGroup Textbox21="Exhausted is  because " /><StatusGroup Textbox21="Overvotes is  because " /><StatusGroup Textbox21="Remainder Points is  because " /></StatusGroup_Collection><sourceChoiceId_Collection><sourceChoiceId Textbox44=" transfer for candidate ." Textbox47=" ballots have been transferred in the following manner:"><choiceId_Collection><choiceId choiceName="Blanks" /><choiceId choiceName="Overvotes" /><choiceId choiceName="Remainder Points" /></choiceId_Collection></sourceChoiceId><sourceChoiceId Textbox44="Elimination transfer for candidate NOMVULA O'MEARA." Textbox47="183 ballots have been transferred in the following manner:"><choiceId_Collection><choiceId sourceChoiceName="NOMVULA O'MEARA" choiceName="RYAN LAM" ballotsTransferred3="60" transferFraction3="1.00000000000" votes5="60.00000000000" /><choiceId sourceChoiceName="NOMVULA O'MEARA" choiceName="DEAN PRESTON" ballotsTransferred3="42" transferFraction3="1.00000000000" votes5="42.00000000000" /><choiceId sourceChoiceName="NOMVULA O'MEARA" choiceName="NOMVULA O'MEARA" ballotsTransferred3="183" transferFraction3="1.00000000000" votes5="-183.00000000000" /><choiceId sourceChoiceName="NOMVULA O'MEARA" choiceName="VALLIE BROWN" ballotsTransferred3="30" transferFraction3="1.00000000000" votes5="30.00000000000" /><choiceId sourceChoiceName="NOMVULA O'MEARA" choiceName="Exhausted" ballotsTransferred3="51" transferFraction3="1.00000000000" votes5="51.00000000000" /></choiceId_Collection></sourceChoiceId></sourceChoiceId_Collection></Tablix9></roundGroup><roundGroup><Tablix5 Textbox86="Round 2" continuingVotes="12887.00000000000" points1="0.00000000000" nonTransferableVotes="508.00000000000" nonTransferablePoints="0.00000000000" surplus="0.00000000000"><choiceGroup_Collection><choiceGroup choiceName2="RYAN LAM" votes="672.00000000000" Textbox17="0.0521455730581205866376969039" points="0.00000000000" /><choiceGroup choiceName2="DEAN PRESTON" votes="6179.00000000000" Textbox17="0.4794754403662605726701326919" points="0.00000000000" /><choiceGroup choiceName2="NOMVULA O'MEARA" votes="0.00000000000" Textbox17="0" points="0.00000000000" /><choiceGroup choiceName2="VALLIE BROWN" votes="6036.00000000000" Textbox17="0.4683789865756188406921704043" points="0.00000000000" /><choiceGroup choiceName2="Blanks" votes="432.00000000000" Textbox17="0.0335221541087918056956622953" points="0.00000000000" /><choiceGroup choiceName2="Exhausted" votes="51.00000000000" Textbox17="0.0039574765267323659501823543" points="0.00000000000" /><choiceGroup choiceName2="Overvotes" votes="25.00000000000" Textbox17="0.0019399394738884146814619384" points="0.00000000000" /><choiceGroup choiceName2="Remainder Points" votes="0.00000000000" Textbox17="0" points="0.00000000000" /></choiceGroup_Collection><nonTransferableGroup_Collection><nonTransferableGroup choiceName3="RYAN LAM" votes1="672.00000000000" points2="0.00000000000" /><nonTransferableGroup choiceName3="DEAN PRESTON" votes1="6179.00000000000" points2="0.00000000000" /><nonTransferableGroup choiceName3="NOMVULA O'MEARA" votes1="0.00000000000" points2="0.00000000000" /><nonTransferableGroup choiceName3="VALLIE BROWN" votes1="6036.00000000000" points2="0.00000000000" /><nonTransferableGroup choiceName3="Blanks" votes1="432.00000000000" points2="0.00000000000" /><nonTransferableGroup choiceName3="Exhausted" votes1="51.00000000000" points2="0.00000000000" /><nonTransferableGroup choiceName3="Overvotes" votes1="25.00000000000" points2="0.00000000000" /><nonTransferableGroup choiceName3="Remainder Points" votes1="0.00000000000" points2="0.00000000000" /></nonTransferableGroup_Collection></Tablix5><Tablix9><TieReason_Collection><TieReason Textbox14="A tie occurred during " /><TieReason Textbox14="A tie occurred during " /><TieReason Textbox14="A tie occurred during " /><TieReason Textbox14="A tie occurred during " /><TieReason Textbox14="A tie occurred during " /><TieReason Textbox14="A tie occurred during " /><TieReason Textbox14="A tie occurred during " /><TieReason Textbox14="A tie occurred during " /></TieReason_Collection><DetailsTie_Collection><DetailsTie choiceName4="RYAN LAM" /><DetailsTie choiceName4="DEAN PRESTON" /><DetailsTie choiceName4="NOMVULA O'MEARA" /><DetailsTie choiceName4="VALLIE BROWN" /><DetailsTie choiceName4="Blanks" /><DetailsTie choiceName4="Exhausted" /><DetailsTie choiceName4="Overvotes" /><DetailsTie choiceName4="Remainder Points" /></DetailsTie_Collection><TieSelection_Collection><TieSelection Textbox2="The tie is broken by selecting RYAN LAM." /><TieSelection Textbox2="The tie is broken by selecting DEAN PRESTON." /><TieSelection Textbox2="The tie is broken by selecting NOMVULA O'MEARA." /><TieSelection Textbox2="The tie is broken by selecting VALLIE BROWN." /><TieSelection Textbox2="The tie is broken by selecting Blanks." /><TieSelection Textbox2="The tie is broken by selecting Exhausted." /><TieSelection Textbox2="The tie is broken by selecting Overvotes." /><TieSelection Textbox2="The tie is broken by selecting Remainder Points." /></TieSelection_Collection><StatusGroup_Collection><StatusGroup Textbox21="RYAN LAM is eliminated because the candidate had the least amount of votes." /><StatusGroup Textbox21="DEAN PRESTON is  because " /><StatusGroup Textbox21="NOMVULA O'MEARA is  because " /><StatusGroup Textbox21="VALLIE BROWN is  because " /><StatusGroup Textbox21="Blanks is  because " /><StatusGroup Textbox21="Exhausted is  because " /><StatusGroup Textbox21="Overvotes is  because " /><StatusGroup Textbox21="Remainder Points is  because " /></StatusGroup_Collection><sourceChoiceId_Collection><sourceChoiceId Textbox44=" transfer for candidate ." Textbox47=" ballots have been transferred in the following manner:"><choiceId_Collection><choiceId choiceName="NOMVULA O'MEARA" /><choiceId choiceName="Blanks" /><choiceId choiceName="Remainder Points" /></choiceId_Collection></sourceChoiceId><sourceChoiceId Textbox44="Elimination transfer for candidate RYAN LAM." Textbox47="672 ballots have been transferred in the following manner:"><choiceId_Collection><choiceId sourceChoiceName="RYAN LAM" choiceName="RYAN LAM" ballotsTransferred3="672" transferFraction3="1.00000000000" votes5="-672.00000000000" /><choiceId sourceChoiceName="RYAN LAM" choiceName="DEAN PRESTON" ballotsTransferred3="260" transferFraction3="1.00000000000" votes5="260.00000000000" /><choiceId sourceChoiceName="RYAN LAM" choiceName="VALLIE BROWN" ballotsTransferred3="185" transferFraction3="1.00000000000" votes5="185.00000000000" /><choiceId sourceChoiceName="RYAN LAM" choiceName="Exhausted" ballotsTransferred3="222" transferFraction3="1.00000000000" votes5="222.00000000000" /><choiceId sourceChoiceName="RYAN LAM" choiceName="Overvotes" ballotsTransferred3="5" transferFraction3="1.00000000000" votes5="5.00000000000" /></choiceId_Collection></sourceChoiceId></sourceChoiceId_Collection></Tablix9></roundGroup><roundGroup><Tablix5 Textbox86="Round 3" continuingVotes="12660.00000000000" points1="0.00000000000" nonTransferableVotes="735.00000000000" nonTransferablePoints="0.00000000000" surplus="0.00000000000"><choiceGroup_Collection><choiceGroup choiceName2="RYAN LAM" votes="0.00000000000" Textbox17="0" points="0.00000000000" /><choiceGroup choiceName2="DEAN PRESTON" votes="6439.00000000000" Textbox17="0.5086097946287519747235387046" points="0.00000000000" /><choiceGroup choiceName2="NOMVULA O'MEARA" votes="0.00000000000" Textbox17="0" points="0.00000000000" /><choiceGroup choiceName2="VALLIE BROWN" votes="6221.00000000000" Textbox17="0.4913902053712480252764612954" points="0.00000000000" /><choiceGroup choiceName2="Blanks" votes="432.00000000000" Textbox17="0.0341232227488151658767772512" points="0.00000000000" /><choiceGroup choiceName2="Exhausted" votes="273.00000000000" Textbox17="0.0215639810426540284360189573" points="0.00000000000" /><choiceGroup choiceName2="Overvotes" votes="30.00000000000" Textbox17="0.0023696682464454976303317536" points="0.00000000000" /><choiceGroup choiceName2="Remainder Points" votes="0.00000000000" Textbox17="0" points="0.00000000000" /></choiceGroup_Collection><nonTransferableGroup_Collection><nonTransferableGroup choiceName3="RYAN LAM" votes1="0.00000000000" points2="0.00000000000" /><nonTransferableGroup choiceName3="DEAN PRESTON" votes1="6439.00000000000" points2="0.00000000000" /><nonTransferableGroup choiceName3="NOMVULA O'MEARA" votes1="0.00000000000" points2="0.00000000000" /><nonTransferableGroup choiceName3="VALLIE BROWN" votes1="6221.00000000000" points2="0.00000000000" /><nonTransferableGroup choiceName3="Blanks" votes1="432.00000000000" points2="0.00000000000" /><nonTransferableGroup choiceName3="Exhausted" votes1="273.00000000000" points2="0.00000000000" /><nonTransferableGroup choiceName3="Overvotes" votes1="30.00000000000" points2="0.00000000000" /><nonTransferableGroup choiceName3="Remainder Points" votes1="0.00000000000" points2="0.00000000000" /></nonTransferableGroup_Collection></Tablix5><Tablix9><TieReason_Collection><TieReason Textbox14="A tie occurred during " /><TieReason Textbox14="A tie occurred during " /><TieReason Textbox14="A tie occurred during " /><TieReason Textbox14="A tie occurred during " /><TieReason Textbox14="A tie occurred during " /><TieReason Textbox14="A tie occurred during " /><TieReason Textbox14="A tie occurred during " /><TieReason Textbox14="A tie occurred during " /></TieReason_Collection><DetailsTie_Collection><DetailsTie choiceName4="RYAN LAM" /><DetailsTie choiceName4="DEAN PRESTON" /><DetailsTie choiceName4="NOMVULA O'MEARA" /><DetailsTie choiceName4="VALLIE BROWN" /><DetailsTie choiceName4="Blanks" /><DetailsTie choiceName4="Exhausted" /><DetailsTie choiceName4="Overvotes" /><DetailsTie choiceName4="Remainder Points" /></DetailsTie_Collection><TieSelection_Collection><TieSelection Textbox2="The tie is broken by selecting RYAN LAM." /><TieSelection Textbox2="The tie is broken by selecting DEAN PRESTON." /><TieSelection Textbox2="The tie is broken by selecting NOMVULA O'MEARA." /><TieSelection Textbox2="The tie is broken by selecting VALLIE BROWN." /><TieSelection Textbox2="The tie is broken by selecting Blanks." /><TieSelection Textbox2="The tie is broken by selecting Exhausted." /><TieSelection Textbox2="The tie is broken by selecting Overvotes." /><TieSelection Textbox2="The tie is broken by selecting Remainder Points." /></TieSelection_Collection><StatusGroup_Collection><StatusGroup Textbox21="RYAN LAM is  because " /><StatusGroup Textbox21="DEAN PRESTON is elected because all other candidates have been eliminated." /><StatusGroup Textbox21="NOMVULA O'MEARA is  because " /><StatusGroup Textbox21="VALLIE BROWN is eliminated because the candidate was not elected in the last round." /><StatusGroup Textbox21="Blanks is  because " /><StatusGroup Textbox21="Exhausted is  because " /><StatusGroup Textbox21="Overvotes is  because " /><StatusGroup Textbox21="Remainder Points is  because " /></StatusGroup_Collection><sourceChoiceId_Collection><sourceChoiceId Textbox44=" transfer for candidate ." Textbox47=" ballots have been transferred in the following manner:"><choiceId_Collection><choiceId choiceName="RYAN LAM" /><choiceId choiceName="DEAN PRESTON" /><choiceId choiceName="NOMVULA O'MEARA" /><choiceId choiceName="VALLIE BROWN" /><choiceId choiceName="Blanks" /><choiceId choiceName="Exhausted" /><choiceId choiceName="Overvotes" /><choiceId choiceName="Remainder Points" /></choiceId_Collection></sourceChoiceId></sourceChoiceId_Collection></Tablix9></roundGroup></roundGroup_Collection></Tablix10></precinctGroup></precinctGroup_Collection></Tablix6></Report>