﻿<?xml version="1.0" encoding="utf-8"?><Report xsi:schemaLocation="RcvDetailedReport http://emsserver/ReportServer?%2FEMSApplicationServerReports%2FRcvDetailedReport&amp;rs%3ACommand=Render&amp;rs%3AFormat=XML&amp;rs%3ASessionID=z5lu0f55zdfc5245djqhw345&amp;rc%3ASchema=True" Name="RcvDetailedReport" xmlns:xsi="http://www.w3.org/2001/XMLSchema-instance" xmlns="RcvDetailedReport"><Title><Report Name="Title" Textbox11="RCV Detailed Report" Textbox3="General Election" Textbox2="City and County of San Francisco" Textbox9="2019-11-05T00:00:00" Textbox12="" Textbox8="RCV Detail Report 9&#xA;City and County of San Francisco&#xA;November 5, 2019, Consolidated Municipal Election" /></Title><RcvStaticData><Report Name="RcvStaticData"><Tablix2 Textbox24="MEMBER, BOARD OF SUPERVISORS, DISTRICT 5" Textbox21="Official results" Textbox53="Number of positions to elect is 1." state="All Positions Filled" timeStamp="2019-11-10T15:09:02.957" /><Tablix3 Textbox36="IRV" Textbox41="True" winnersByThreshold="False" usesDistricts="True" previousRoundsEvaluation="None" eliminationType="Single" fixedPrecisionDecimals="0" performEliminationTransferInLastRound="False" skipOvervotedRankings="False" votesToInThresholdCalculation="Continuing ballots per round" useFirstRoundSuspension="False" /></Report></RcvStaticData><Tablix6><precinctGroup_Collection><precinctGroup Textbox35="City and County of San Francisco"><Tablix10><roundGroup_Collection><roundGroup><Tablix5 Textbox86="Round 1" continuingVotes="23671.00000000000" points1="0.00000000000" nonTransferableVotes="1088.00000000000" nonTransferablePoints="0.00000000000" surplus="0.00000000000"><choiceGroup_Collection><choiceGroup choiceName2="RYAN LAM" votes="949.00000000000" Textbox17="0.0400912508977229521355244814" points="0.00000000000" /><choiceGroup choiceName2="DEAN PRESTON" votes="11239.00000000000" Textbox17="0.4748003886612310422035401969" points="0.00000000000" /><choiceGroup choiceName2="NOMVULA O'MEARA" votes="278.00000000000" Textbox17="0.0117443285032318026276878881" points="0.00000000000" /><choiceGroup choiceName2="VALLIE BROWN" votes="11205.00000000000" Textbox17="0.4733640319378142030332474336" points="0.00000000000" /><choiceGroup choiceName2="Blanks" votes="1048.00000000000" Textbox17="0.0442735837100249250137298804" points="0.00000000000" /><choiceGroup choiceName2="Exhausted" votes="0.00000000000" Textbox17="0" points="0.00000000000" /><choiceGroup choiceName2="Overvotes" votes="40.00000000000" Textbox17="0.0016898314393139284356385451" points="0.00000000000" /><choiceGroup choiceName2="Remainder Points" votes="0.00000000000" Textbox17="0" points="0.00000000000" /></choiceGroup_Collection><nonTransferableGroup_Collection><nonTransferableGroup choiceName3="RYAN LAM" votes1="949.00000000000" points2="0.00000000000" /><nonTransferableGroup choiceName3="DEAN PRESTON" votes1="11239.00000000000" points2="0.00000000000" /><nonTransferableGroup choiceName3="NOMVULA O'MEARA" votes1="278.00000000000" points2="0.00000000000" /><nonTransferableGroup choiceName3="VALLIE BROWN" votes1="11205.00000000000" points2="0.00000000000" /><nonTransferableGroup choiceName3="Blanks" votes1="1048.00000000000" points2="0.00000000000" /><nonTransferableGroup choiceName3="Exhausted" votes1="0.00000000000" points2="0.00000000000" /><nonTransferableGroup choiceName3="Overvotes" votes1="40.00000000000" points2="0.00000000000" /><nonTransferableGroup choiceName3="Remainder Points" votes1="0.00000000000" points2="0.00000000000" /></nonTransferableGroup_Collection></Tablix5><Tablix9><TieReason_Collection><TieReason Textbox14="A tie occurred during " /><TieReason Textbox14="A tie occurred during " /><TieReason Textbox14="A tie occurred during " /><TieReason Textbox14="A tie occurred during " /><TieReason Textbox14="A tie occurred during " /><TieReason Textbox14="A tie occurred during " /><TieReason Textbox14="A tie occurred during " /><TieReason Textbox14="A tie occurred during " /></TieReason_Collection><DetailsTie_Collection><DetailsTie choiceName4="RYAN LAM" /><DetailsTie choiceName4="DEAN PRESTON" /><DetailsTie choiceName4="NOMVULA O'MEARA" /><DetailsTie choiceName4="VALLIE BROWN" /><DetailsTie choiceName4="Blanks" /><DetailsTie choiceName4="Exhausted" /><DetailsTie choiceName4="Overvotes" /><DetailsTie choiceName4="Remainder Points" /></DetailsTie_Collection><TieSelection_Collection><TieSelection Textbox2="The tie is broken by selecting RYAN LAM." /><TieSelection Textbox2="The tie is broken by selecting DEAN PRESTON." /><TieSelection Textbox2="The tie is broken by selecting NOMVULA O'MEARA." /><TieSelection Textbox2="The tie is broken by selecting VALLIE BROWN." /><TieSelection Textbox2="The tie is broken by selecting Blanks." /><TieSelection Textbox2="The tie is broken by selecting Exhausted." /><TieSelection Textbox2="The tie is broken by selecting Overvotes." /><TieSelection Textbox2="The tie is broken by selecting Remainder Points." /></TieSelection_Collection><StatusGroup_Collection><StatusGroup Textbox21="RYAN LAM is  because " /><StatusGroup Textbox21="DEAN PRESTON is  because " /><StatusGroup Textbox21="NOMVULA O'MEARA is eliminated because the candidate had the least amount of votes." /><StatusGroup Textbox21="VALLIE BROWN is  because " /><StatusGroup Textbox21="Blanks is  because " /><StatusGroup Textbox21="Exhausted is  because " /><StatusGroup Textbox21="Overvotes is  because " /><StatusGroup Textbox21="Remainder Points is  because " /></StatusGroup_Collection><sourceChoiceId_Collection><sourceChoiceId Textbox44=" transfer for candidate ." Textbox47=" ballots have been transferred in the following manner:"><choiceId_Collection><choiceId choiceName="Blanks" /><choiceId choiceName="Remainder Points" /></choiceId_Collection></sourceChoiceId><sourceChoiceId Textbox44="Elimination transfer for candidate NOMVULA O'MEARA." Textbox47="278 ballots have been transferred in the following manner:"><choiceId_Collection><choiceId sourceChoiceName="NOMVULA O'MEARA" choiceName="RYAN LAM" ballotsTransferred3="85" transferFraction3="1.00000000000" votes5="85.00000000000" /><choiceId sourceChoiceName="NOMVULA O'MEARA" choiceName="DEAN PRESTON" ballotsTransferred3="70" transferFraction3="1.00000000000" votes5="70.00000000000" /><choiceId sourceChoiceName="NOMVULA O'MEARA" choiceName="NOMVULA O'MEARA" ballotsTransferred3="278" transferFraction3="1.00000000000" votes5="-278.00000000000" /><choiceId sourceChoiceName="NOMVULA O'MEARA" choiceName="VALLIE BROWN" ballotsTransferred3="51" transferFraction3="1.00000000000" votes5="51.00000000000" /><choiceId sourceChoiceName="NOMVULA O'MEARA" choiceName="Exhausted" ballotsTransferred3="71" transferFraction3="1.00000000000" votes5="71.00000000000" /><choiceId sourceChoiceName="NOMVULA O'MEARA" choiceName="Overvotes" ballotsTransferred3="1" transferFraction3="1.00000000000" votes5="1.00000000000" /></choiceId_Collection></sourceChoiceId></sourceChoiceId_Collection></Tablix9></roundGroup><roundGroup><Tablix5 Textbox86="Round 2" continuingVotes="23599.00000000000" points1="0.00000000000" nonTransferableVotes="1160.00000000000" nonTransferablePoints="0.00000000000" surplus="0.00000000000"><choiceGroup_Collection><choiceGroup choiceName2="RYAN LAM" votes="1034.00000000000" Textbox17="0.0438154159074537056654943006" points="0.00000000000" /><choiceGroup choiceName2="DEAN PRESTON" votes="11309.00000000000" Textbox17="0.4792152209839399974575193864" points="0.00000000000" /><choiceGroup choiceName2="NOMVULA O'MEARA" votes="0.00000000000" Textbox17="0" points="0.00000000000" /><choiceGroup choiceName2="VALLIE BROWN" votes="11256.00000000000" Textbox17="0.476969363108606296876986313" points="0.00000000000" /><choiceGroup choiceName2="Blanks" votes="1048.00000000000" Textbox17="0.0444086613839569473282766219" points="0.00000000000" /><choiceGroup choiceName2="Exhausted" votes="71.00000000000" Textbox17="0.0030086020594092970041103437" points="0.00000000000" /><choiceGroup choiceName2="Overvotes" votes="41.00000000000" Textbox17="0.0017373617526166362981482266" points="0.00000000000" /><choiceGroup choiceName2="Remainder Points" votes="0.00000000000" Textbox17="0" points="0.00000000000" /></choiceGroup_Collection><nonTransferableGroup_Collection><nonTransferableGroup choiceName3="RYAN LAM" votes1="1034.00000000000" points2="0.00000000000" /><nonTransferableGroup choiceName3="DEAN PRESTON" votes1="11309.00000000000" points2="0.00000000000" /><nonTransferableGroup choiceName3="NOMVULA O'MEARA" votes1="0.00000000000" points2="0.00000000000" /><nonTransferableGroup choiceName3="VALLIE BROWN" votes1="11256.00000000000" points2="0.00000000000" /><nonTransferableGroup choiceName3="Blanks" votes1="1048.00000000000" points2="0.00000000000" /><nonTransferableGroup choiceName3="Exhausted" votes1="71.00000000000" points2="0.00000000000" /><nonTransferableGroup choiceName3="Overvotes" votes1="41.00000000000" points2="0.00000000000" /><nonTransferableGroup choiceName3="Remainder Points" votes1="0.00000000000" points2="0.00000000000" /></nonTransferableGroup_Collection></Tablix5><Tablix9><TieReason_Collection><TieReason Textbox14="A tie occurred during " /><TieReason Textbox14="A tie occurred during " /><TieReason Textbox14="A tie occurred during " /><TieReason Textbox14="A tie occurred during " /><TieReason Textbox14="A tie occurred during " /><TieReason Textbox14="A tie occurred during " /><TieReason Textbox14="A tie occurred during " /><TieReason Textbox14="A tie occurred during " /></TieReason_Collection><DetailsTie_Collection><DetailsTie choiceName4="RYAN LAM" /><DetailsTie choiceName4="DEAN PRESTON" /><DetailsTie choiceName4="NOMVULA O'MEARA" /><DetailsTie choiceName4="VALLIE BROWN" /><DetailsTie choiceName4="Blanks" /><DetailsTie choiceName4="Exhausted" /><DetailsTie choiceName4="Overvotes" /><DetailsTie choiceName4="Remainder Points" /></DetailsTie_Collection><TieSelection_Collection><TieSelection Textbox2="The tie is broken by selecting RYAN LAM." /><TieSelection Textbox2="The tie is broken by selecting DEAN PRESTON." /><TieSelection Textbox2="The tie is broken by selecting NOMVULA O'MEARA." /><TieSelection Textbox2="The tie is broken by selecting VALLIE BROWN." /><TieSelection Textbox2="The tie is broken by selecting Blanks." /><TieSelection Textbox2="The tie is broken by selecting Exhausted." /><TieSelection Textbox2="The tie is broken by selecting Overvotes." /><TieSelection Textbox2="The tie is broken by selecting Remainder Points." /></TieSelection_Collection><StatusGroup_Collection><StatusGroup Textbox21="RYAN LAM is eliminated because the candidate had the least amount of votes." /><StatusGroup Textbox21="DEAN PRESTON is  because " /><StatusGroup Textbox21="NOMVULA O'MEARA is  because " /><StatusGroup Textbox21="VALLIE BROWN is  because " /><StatusGroup Textbox21="Blanks is  because " /><StatusGroup Textbox21="Exhausted is  because " /><StatusGroup Textbox21="Overvotes is  because " /><StatusGroup Textbox21="Remainder Points is  because " /></StatusGroup_Collection><sourceChoiceId_Collection><sourceChoiceId Textbox44=" transfer for candidate ." Textbox47=" ballots have been transferred in the following manner:"><choiceId_Collection><choiceId choiceName="NOMVULA O'MEARA" /><choiceId choiceName="Blanks" /><choiceId choiceName="Remainder Points" /></choiceId_Collection></sourceChoiceId><sourceChoiceId Textbox44="Elimination transfer for candidate RYAN LAM." Textbox47="1034 ballots have been transferred in the following manner:"><choiceId_Collection><choiceId sourceChoiceName="RYAN LAM" choiceName="RYAN LAM" ballotsTransferred3="1034" transferFraction3="1.00000000000" votes5="-1034.00000000000" /><choiceId sourceChoiceName="RYAN LAM" choiceName="DEAN PRESTON" ballotsTransferred3="414" transferFraction3="1.00000000000" votes5="414.00000000000" /><choiceId sourceChoiceName="RYAN LAM" choiceName="VALLIE BROWN" ballotsTransferred3="279" transferFraction3="1.00000000000" votes5="279.00000000000" /><choiceId sourceChoiceName="RYAN LAM" choiceName="Exhausted" ballotsTransferred3="334" transferFraction3="1.00000000000" votes5="334.00000000000" /><choiceId sourceChoiceName="RYAN LAM" choiceName="Overvotes" ballotsTransferred3="7" transferFraction3="1.00000000000" votes5="7.00000000000" /></choiceId_Collection></sourceChoiceId></sourceChoiceId_Collection></Tablix9></roundGroup><roundGroup><Tablix5 Textbox86="Round 3" continuingVotes="23258.00000000000" points1="0.00000000000" nonTransferableVotes="1501.00000000000" nonTransferablePoints="0.00000000000" surplus="0.00000000000"><choiceGroup_Collection><choiceGroup choiceName2="RYAN LAM" votes="0.00000000000" Textbox17="0" points="0.00000000000" /><choiceGroup choiceName2="DEAN PRESTON" votes="11723.00000000000" Textbox17="0.504041620087711755095021068" points="0.00000000000" /><choiceGroup choiceName2="NOMVULA O'MEARA" votes="0.00000000000" Textbox17="0" points="0.00000000000" /><choiceGroup choiceName2="VALLIE BROWN" votes="11535.00000000000" Textbox17="0.495958379912288244904978932" points="0.00000000000" /><choiceGroup choiceName2="Blanks" votes="1048.00000000000" Textbox17="0.0450597643821480780806604179" points="0.00000000000" /><choiceGroup choiceName2="Exhausted" votes="405.00000000000" Textbox17="0.0174133631438644767391865165" points="0.00000000000" /><choiceGroup choiceName2="Overvotes" votes="48.00000000000" Textbox17="0.002063806002235789835755439" points="0.00000000000" /><choiceGroup choiceName2="Remainder Points" votes="0.00000000000" Textbox17="0" points="0.00000000000" /></choiceGroup_Collection><nonTransferableGroup_Collection><nonTransferableGroup choiceName3="RYAN LAM" votes1="0.00000000000" points2="0.00000000000" /><nonTransferableGroup choiceName3="DEAN PRESTON" votes1="11723.00000000000" points2="0.00000000000" /><nonTransferableGroup choiceName3="NOMVULA O'MEARA" votes1="0.00000000000" points2="0.00000000000" /><nonTransferableGroup choiceName3="VALLIE BROWN" votes1="11535.00000000000" points2="0.00000000000" /><nonTransferableGroup choiceName3="Blanks" votes1="1048.00000000000" points2="0.00000000000" /><nonTransferableGroup choiceName3="Exhausted" votes1="405.00000000000" points2="0.00000000000" /><nonTransferableGroup choiceName3="Overvotes" votes1="48.00000000000" points2="0.00000000000" /><nonTransferableGroup choiceName3="Remainder Points" votes1="0.00000000000" points2="0.00000000000" /></nonTransferableGroup_Collection></Tablix5><Tablix9><TieReason_Collection><TieReason Textbox14="A tie occurred during " /><TieReason Textbox14="A tie occurred during " /><TieReason Textbox14="A tie occurred during " /><TieReason Textbox14="A tie occurred during " /><TieReason Textbox14="A tie occurred during " /><TieReason Textbox14="A tie occurred during " /><TieReason Textbox14="A tie occurred during " /><TieReason Textbox14="A tie occurred during " /></TieReason_Collection><DetailsTie_Collection><DetailsTie choiceName4="RYAN LAM" /><DetailsTie choiceName4="DEAN PRESTON" /><DetailsTie choiceName4="NOMVULA O'MEARA" /><DetailsTie choiceName4="VALLIE BROWN" /><DetailsTie choiceName4="Blanks" /><DetailsTie choiceName4="Exhausted" /><DetailsTie choiceName4="Overvotes" /><DetailsTie choiceName4="Remainder Points" /></DetailsTie_Collection><TieSelection_Collection><TieSelection Textbox2="The tie is broken by selecting RYAN LAM." /><TieSelection Textbox2="The tie is broken by selecting DEAN PRESTON." /><TieSelection Textbox2="The tie is broken by selecting NOMVULA O'MEARA." /><TieSelection Textbox2="The tie is broken by selecting VALLIE BROWN." /><TieSelection Textbox2="The tie is broken by selecting Blanks." /><TieSelection Textbox2="The tie is broken by selecting Exhausted." /><TieSelection Textbox2="The tie is broken by selecting Overvotes." /><TieSelection Textbox2="The tie is broken by selecting Remainder Points." /></TieSelection_Collection><StatusGroup_Collection><StatusGroup Textbox21="RYAN LAM is  because " /><StatusGroup Textbox21="DEAN PRESTON is elected because all other candidates have been eliminated." /><StatusGroup Textbox21="NOMVULA O'MEARA is  because " /><StatusGroup Textbox21="VALLIE BROWN is eliminated because the candidate was not elected in the last round." /><StatusGroup Textbox21="Blanks is  because " /><StatusGroup Textbox21="Exhausted is  because " /><StatusGroup Textbox21="Overvotes is  because " /><StatusGroup Textbox21="Remainder Points is  because " /></StatusGroup_Collection><sourceChoiceId_Collection><sourceChoiceId Textbox44=" transfer for candidate ." Textbox47=" ballots have been transferred in the following manner:"><choiceId_Collection><choiceId choiceName="RYAN LAM" /><choiceId choiceName="DEAN PRESTON" /><choiceId choiceName="NOMVULA O'MEARA" /><choiceId choiceName="VALLIE BROWN" /><choiceId choiceName="Blanks" /><choiceId choiceName="Exhausted" /><choiceId choiceName="Overvotes" /><choiceId choiceName="Remainder Points" /></choiceId_Collection></sourceChoiceId></sourceChoiceId_Collection></Tablix9></roundGroup></roundGroup_Collection></Tablix10></precinctGroup></precinctGroup_Collection></Tablix6></Report>