﻿<?xml version="1.0" encoding="utf-8"?><Report xsi:schemaLocation="RcvDetailedReport http://emsserver/ReportServer?%2FEMSApplicationServerReports%2FRcvDetailedReport&amp;rs%3ACommand=Render&amp;rs%3AFormat=XML&amp;rs%3ASessionID=hu0xhbekm3k21f2fsnt1kh55&amp;rc%3ASchema=True" Name="RcvDetailedReport" xmlns:xsi="http://www.w3.org/2001/XMLSchema-instance" xmlns="RcvDetailedReport"><Title><Report Name="Title" Textbox11="RCV Detailed Report" Textbox3="General Election" Textbox2="City and County of San Francisco" Textbox9="2019-11-05T00:00:00" Textbox12="" Textbox8="Final RCV Detail Report&#xA;City and County of San Francisco&#xA;November 5, 2019, Consolidated Municipal Election" /></Title><RcvStaticData><Report Name="RcvStaticData"><Tablix2 Textbox24="MEMBER, BOARD OF SUPERVISORS, DISTRICT 5" Textbox21="Official results" Textbox53="Number of positions to elect is 1." state="All Positions Filled" timeStamp="2019-11-25T15:56:02.773" /><Tablix3 Textbox36="IRV" Textbox41="True" winnersByThreshold="False" usesDistricts="True" previousRoundsEvaluation="None" eliminationType="Single" fixedPrecisionDecimals="0" performEliminationTransferInLastRound="False" skipOvervotedRankings="False" votesToInThresholdCalculation="Continuing ballots per round" useFirstRoundSuspension="False" /></Report></RcvStaticData><Tablix6><precinctGroup_Collection><precinctGroup Textbox35="City and County of San Francisco"><Tablix10><roundGroup_Collection><roundGroup><Tablix5 Textbox86="Round 1" continuingVotes="23675.00000000000" points1="0.00000000000" nonTransferableVotes="1090.00000000000" nonTransferablePoints="0.00000000000" surplus="0.00000000000"><choiceGroup_Collection><choiceGroup choiceName2="RYAN LAM" votes="950.00000000000" Textbox17="0.0401267159450897571277719113" points="0.00000000000" /><choiceGroup choiceName2="DEAN PRESTON" votes="11239.00000000000" Textbox17="0.4747201689545934530095036959" points="0.00000000000" /><choiceGroup choiceName2="NOMVULA O'MEARA" votes="278.00000000000" Textbox17="0.0117423442449841605068637804" points="0.00000000000" /><choiceGroup choiceName2="VALLIE BROWN" votes="11208.00000000000" Textbox17="0.4734107708553326293558606125" points="0.00000000000" /><choiceGroup choiceName2="Blanks" votes="1050.00000000000" Textbox17="0.0443505807814149947201689546" points="0.00000000000" /><choiceGroup choiceName2="Exhausted" votes="0.00000000000" Textbox17="0" points="0.00000000000" /><choiceGroup choiceName2="Overvotes" votes="40.00000000000" Textbox17="0.0016895459345300950369588173" points="0.00000000000" /><choiceGroup choiceName2="Remainder Points" votes="0.00000000000" Textbox17="0" points="0.00000000000" /></choiceGroup_Collection><nonTransferableGroup_Collection><nonTransferableGroup choiceName3="RYAN LAM" votes1="950.00000000000" points2="0.00000000000" /><nonTransferableGroup choiceName3="DEAN PRESTON" votes1="11239.00000000000" points2="0.00000000000" /><nonTransferableGroup choiceName3="NOMVULA O'MEARA" votes1="278.00000000000" points2="0.00000000000" /><nonTransferableGroup choiceName3="VALLIE BROWN" votes1="11208.00000000000" points2="0.00000000000" /><nonTransferableGroup choiceName3="Blanks" votes1="1050.00000000000" points2="0.00000000000" /><nonTransferableGroup choiceName3="Exhausted" votes1="0.00000000000" points2="0.00000000000" /><nonTransferableGroup choiceName3="Overvotes" votes1="40.00000000000" points2="0.00000000000" /><nonTransferableGroup choiceName3="Remainder Points" votes1="0.00000000000" points2="0.00000000000" /></nonTransferableGroup_Collection></Tablix5><Tablix9><TieReason_Collection><TieReason Textbox14="A tie occurred during " /><TieReason Textbox14="A tie occurred during " /><TieReason Textbox14="A tie occurred during " /><TieReason Textbox14="A tie occurred during " /><TieReason Textbox14="A tie occurred during " /><TieReason Textbox14="A tie occurred during " /><TieReason Textbox14="A tie occurred during " /><TieReason Textbox14="A tie occurred during " /></TieReason_Collection><DetailsTie_Collection><DetailsTie choiceName4="RYAN LAM" /><DetailsTie choiceName4="DEAN PRESTON" /><DetailsTie choiceName4="NOMVULA O'MEARA" /><DetailsTie choiceName4="VALLIE BROWN" /><DetailsTie choiceName4="Blanks" /><DetailsTie choiceName4="Exhausted" /><DetailsTie choiceName4="Overvotes" /><DetailsTie choiceName4="Remainder Points" /></DetailsTie_Collection><TieSelection_Collection><TieSelection Textbox2="The tie is broken by selecting RYAN LAM." /><TieSelection Textbox2="The tie is broken by selecting DEAN PRESTON." /><TieSelection Textbox2="The tie is broken by selecting NOMVULA O'MEARA." /><TieSelection Textbox2="The tie is broken by selecting VALLIE BROWN." /><TieSelection Textbox2="The tie is broken by selecting Blanks." /><TieSelection Textbox2="The tie is broken by selecting Exhausted." /><TieSelection Textbox2="The tie is broken by selecting Overvotes." /><TieSelection Textbox2="The tie is broken by selecting Remainder Points." /></TieSelection_Collection><StatusGroup_Collection><StatusGroup Textbox21="RYAN LAM is  because " /><StatusGroup Textbox21="DEAN PRESTON is  because " /><StatusGroup Textbox21="NOMVULA O'MEARA is eliminated because the candidate had the least amount of votes." /><StatusGroup Textbox21="VALLIE BROWN is  because " /><StatusGroup Textbox21="Blanks is  because " /><StatusGroup Textbox21="Exhausted is  because " /><StatusGroup Textbox21="Overvotes is  because " /><StatusGroup Textbox21="Remainder Points is  because " /></StatusGroup_Collection><sourceChoiceId_Collection><sourceChoiceId Textbox44=" transfer for candidate ." Textbox47=" ballots have been transferred in the following manner:"><choiceId_Collection><choiceId choiceName="Blanks" /><choiceId choiceName="Remainder Points" /></choiceId_Collection></sourceChoiceId><sourceChoiceId Textbox44="Elimination transfer for candidate NOMVULA O'MEARA." Textbox47="278 ballots have been transferred in the following manner:"><choiceId_Collection><choiceId sourceChoiceName="NOMVULA O'MEARA" choiceName="RYAN LAM" ballotsTransferred3="85" transferFraction3="1.00000000000" votes5="85.00000000000" /><choiceId sourceChoiceName="NOMVULA O'MEARA" choiceName="DEAN PRESTON" ballotsTransferred3="70" transferFraction3="1.00000000000" votes5="70.00000000000" /><choiceId sourceChoiceName="NOMVULA O'MEARA" choiceName="NOMVULA O'MEARA" ballotsTransferred3="278" transferFraction3="1.00000000000" votes5="-278.00000000000" /><choiceId sourceChoiceName="NOMVULA O'MEARA" choiceName="VALLIE BROWN" ballotsTransferred3="51" transferFraction3="1.00000000000" votes5="51.00000000000" /><choiceId sourceChoiceName="NOMVULA O'MEARA" choiceName="Exhausted" ballotsTransferred3="71" transferFraction3="1.00000000000" votes5="71.00000000000" /><choiceId sourceChoiceName="NOMVULA O'MEARA" choiceName="Overvotes" ballotsTransferred3="1" transferFraction3="1.00000000000" votes5="1.00000000000" /></choiceId_Collection></sourceChoiceId></sourceChoiceId_Collection></Tablix9></roundGroup><roundGroup><Tablix5 Textbox86="Round 2" continuingVotes="23603.00000000000" points1="0.00000000000" nonTransferableVotes="1162.00000000000" nonTransferablePoints="0.00000000000" surplus="0.00000000000"><choiceGroup_Collection><choiceGroup choiceName2="RYAN LAM" votes="1035.00000000000" Textbox17="0.0438503580053383044528237936" points="0.00000000000" /><choiceGroup choiceName2="DEAN PRESTON" votes="11309.00000000000" Textbox17="0.4791340083887641401516756345" points="0.00000000000" /><choiceGroup choiceName2="NOMVULA O'MEARA" votes="0.00000000000" Textbox17="0" points="0.00000000000" /><choiceGroup choiceName2="VALLIE BROWN" votes="11259.00000000000" Textbox17="0.477015633605897555395500572" points="0.00000000000" /><choiceGroup choiceName2="Blanks" votes="1050.00000000000" Textbox17="0.0444858704401982798796763123" points="0.00000000000" /><choiceGroup choiceName2="Exhausted" votes="71.00000000000" Textbox17="0.0030080921916705503537685887" points="0.00000000000" /><choiceGroup choiceName2="Overvotes" votes="41.00000000000" Textbox17="0.0017370673219505995000635512" points="0.00000000000" /><choiceGroup choiceName2="Remainder Points" votes="0.00000000000" Textbox17="0" points="0.00000000000" /></choiceGroup_Collection><nonTransferableGroup_Collection><nonTransferableGroup choiceName3="RYAN LAM" votes1="1035.00000000000" points2="0.00000000000" /><nonTransferableGroup choiceName3="DEAN PRESTON" votes1="11309.00000000000" points2="0.00000000000" /><nonTransferableGroup choiceName3="NOMVULA O'MEARA" votes1="0.00000000000" points2="0.00000000000" /><nonTransferableGroup choiceName3="VALLIE BROWN" votes1="11259.00000000000" points2="0.00000000000" /><nonTransferableGroup choiceName3="Blanks" votes1="1050.00000000000" points2="0.00000000000" /><nonTransferableGroup choiceName3="Exhausted" votes1="71.00000000000" points2="0.00000000000" /><nonTransferableGroup choiceName3="Overvotes" votes1="41.00000000000" points2="0.00000000000" /><nonTransferableGroup choiceName3="Remainder Points" votes1="0.00000000000" points2="0.00000000000" /></nonTransferableGroup_Collection></Tablix5><Tablix9><TieReason_Collection><TieReason Textbox14="A tie occurred during " /><TieReason Textbox14="A tie occurred during " /><TieReason Textbox14="A tie occurred during " /><TieReason Textbox14="A tie occurred during " /><TieReason Textbox14="A tie occurred during " /><TieReason Textbox14="A tie occurred during " /><TieReason Textbox14="A tie occurred during " /><TieReason Textbox14="A tie occurred during " /></TieReason_Collection><DetailsTie_Collection><DetailsTie choiceName4="RYAN LAM" /><DetailsTie choiceName4="DEAN PRESTON" /><DetailsTie choiceName4="NOMVULA O'MEARA" /><DetailsTie choiceName4="VALLIE BROWN" /><DetailsTie choiceName4="Blanks" /><DetailsTie choiceName4="Exhausted" /><DetailsTie choiceName4="Overvotes" /><DetailsTie choiceName4="Remainder Points" /></DetailsTie_Collection><TieSelection_Collection><TieSelection Textbox2="The tie is broken by selecting RYAN LAM." /><TieSelection Textbox2="The tie is broken by selecting DEAN PRESTON." /><TieSelection Textbox2="The tie is broken by selecting NOMVULA O'MEARA." /><TieSelection Textbox2="The tie is broken by selecting VALLIE BROWN." /><TieSelection Textbox2="The tie is broken by selecting Blanks." /><TieSelection Textbox2="The tie is broken by selecting Exhausted." /><TieSelection Textbox2="The tie is broken by selecting Overvotes." /><TieSelection Textbox2="The tie is broken by selecting Remainder Points." /></TieSelection_Collection><StatusGroup_Collection><StatusGroup Textbox21="RYAN LAM is eliminated because the candidate had the least amount of votes." /><StatusGroup Textbox21="DEAN PRESTON is  because " /><StatusGroup Textbox21="NOMVULA O'MEARA is  because " /><StatusGroup Textbox21="VALLIE BROWN is  because " /><StatusGroup Textbox21="Blanks is  because " /><StatusGroup Textbox21="Exhausted is  because " /><StatusGroup Textbox21="Overvotes is  because " /><StatusGroup Textbox21="Remainder Points is  because " /></StatusGroup_Collection><sourceChoiceId_Collection><sourceChoiceId Textbox44=" transfer for candidate ." Textbox47=" ballots have been transferred in the following manner:"><choiceId_Collection><choiceId choiceName="NOMVULA O'MEARA" /><choiceId choiceName="Blanks" /><choiceId choiceName="Remainder Points" /></choiceId_Collection></sourceChoiceId><sourceChoiceId Textbox44="Elimination transfer for candidate RYAN LAM." Textbox47="1035 ballots have been transferred in the following manner:"><choiceId_Collection><choiceId sourceChoiceName="RYAN LAM" choiceName="RYAN LAM" ballotsTransferred3="1035" transferFraction3="1.00000000000" votes5="-1035.00000000000" /><choiceId sourceChoiceName="RYAN LAM" choiceName="DEAN PRESTON" ballotsTransferred3="414" transferFraction3="1.00000000000" votes5="414.00000000000" /><choiceId sourceChoiceName="RYAN LAM" choiceName="VALLIE BROWN" ballotsTransferred3="279" transferFraction3="1.00000000000" votes5="279.00000000000" /><choiceId sourceChoiceName="RYAN LAM" choiceName="Exhausted" ballotsTransferred3="335" transferFraction3="1.00000000000" votes5="335.00000000000" /><choiceId sourceChoiceName="RYAN LAM" choiceName="Overvotes" ballotsTransferred3="7" transferFraction3="1.00000000000" votes5="7.00000000000" /></choiceId_Collection></sourceChoiceId></sourceChoiceId_Collection></Tablix9></roundGroup><roundGroup><Tablix5 Textbox86="Round 3" continuingVotes="23261.00000000000" points1="0.00000000000" nonTransferableVotes="1504.00000000000" nonTransferablePoints="0.00000000000" surplus="0.00000000000"><choiceGroup_Collection><choiceGroup choiceName2="RYAN LAM" votes="0.00000000000" Textbox17="0" points="0.00000000000" /><choiceGroup choiceName2="DEAN PRESTON" votes="11723.00000000000" Textbox17="0.5039766132152529985813163665" points="0.00000000000" /><choiceGroup choiceName2="NOMVULA O'MEARA" votes="0.00000000000" Textbox17="0" points="0.00000000000" /><choiceGroup choiceName2="VALLIE BROWN" votes="11538.00000000000" Textbox17="0.4960233867847470014186836335" points="0.00000000000" /><choiceGroup choiceName2="Blanks" votes="1050.00000000000" Textbox17="0.0451399337947637676798074029" points="0.00000000000" /><choiceGroup choiceName2="Exhausted" votes="406.00000000000" Textbox17="0.0174541077339753235028588625" points="0.00000000000" /><choiceGroup choiceName2="Overvotes" votes="48.00000000000" Textbox17="0.0020635398306177722367911956" points="0.00000000000" /><choiceGroup choiceName2="Remainder Points" votes="0.00000000000" Textbox17="0" points="0.00000000000" /></choiceGroup_Collection><nonTransferableGroup_Collection><nonTransferableGroup choiceName3="RYAN LAM" votes1="0.00000000000" points2="0.00000000000" /><nonTransferableGroup choiceName3="DEAN PRESTON" votes1="11723.00000000000" points2="0.00000000000" /><nonTransferableGroup choiceName3="NOMVULA O'MEARA" votes1="0.00000000000" points2="0.00000000000" /><nonTransferableGroup choiceName3="VALLIE BROWN" votes1="11538.00000000000" points2="0.00000000000" /><nonTransferableGroup choiceName3="Blanks" votes1="1050.00000000000" points2="0.00000000000" /><nonTransferableGroup choiceName3="Exhausted" votes1="406.00000000000" points2="0.00000000000" /><nonTransferableGroup choiceName3="Overvotes" votes1="48.00000000000" points2="0.00000000000" /><nonTransferableGroup choiceName3="Remainder Points" votes1="0.00000000000" points2="0.00000000000" /></nonTransferableGroup_Collection></Tablix5><Tablix9><TieReason_Collection><TieReason Textbox14="A tie occurred during " /><TieReason Textbox14="A tie occurred during " /><TieReason Textbox14="A tie occurred during " /><TieReason Textbox14="A tie occurred during " /><TieReason Textbox14="A tie occurred during " /><TieReason Textbox14="A tie occurred during " /><TieReason Textbox14="A tie occurred during " /><TieReason Textbox14="A tie occurred during " /></TieReason_Collection><DetailsTie_Collection><DetailsTie choiceName4="RYAN LAM" /><DetailsTie choiceName4="DEAN PRESTON" /><DetailsTie choiceName4="NOMVULA O'MEARA" /><DetailsTie choiceName4="VALLIE BROWN" /><DetailsTie choiceName4="Blanks" /><DetailsTie choiceName4="Exhausted" /><DetailsTie choiceName4="Overvotes" /><DetailsTie choiceName4="Remainder Points" /></DetailsTie_Collection><TieSelection_Collection><TieSelection Textbox2="The tie is broken by selecting RYAN LAM." /><TieSelection Textbox2="The tie is broken by selecting DEAN PRESTON." /><TieSelection Textbox2="The tie is broken by selecting NOMVULA O'MEARA." /><TieSelection Textbox2="The tie is broken by selecting VALLIE BROWN." /><TieSelection Textbox2="The tie is broken by selecting Blanks." /><TieSelection Textbox2="The tie is broken by selecting Exhausted." /><TieSelection Textbox2="The tie is broken by selecting Overvotes." /><TieSelection Textbox2="The tie is broken by selecting Remainder Points." /></TieSelection_Collection><StatusGroup_Collection><StatusGroup Textbox21="RYAN LAM is  because " /><StatusGroup Textbox21="DEAN PRESTON is elected because all other candidates have been eliminated." /><StatusGroup Textbox21="NOMVULA O'MEARA is  because " /><StatusGroup Textbox21="VALLIE BROWN is eliminated because the candidate was not elected in the last round." /><StatusGroup Textbox21="Blanks is  because " /><StatusGroup Textbox21="Exhausted is  because " /><StatusGroup Textbox21="Overvotes is  because " /><StatusGroup Textbox21="Remainder Points is  because " /></StatusGroup_Collection><sourceChoiceId_Collection><sourceChoiceId Textbox44=" transfer for candidate ." Textbox47=" ballots have been transferred in the following manner:"><choiceId_Collection><choiceId choiceName="RYAN LAM" /><choiceId choiceName="DEAN PRESTON" /><choiceId choiceName="NOMVULA O'MEARA" /><choiceId choiceName="VALLIE BROWN" /><choiceId choiceName="Blanks" /><choiceId choiceName="Exhausted" /><choiceId choiceName="Overvotes" /><choiceId choiceName="Remainder Points" /></choiceId_Collection></sourceChoiceId></sourceChoiceId_Collection></Tablix9></roundGroup></roundGroup_Collection></Tablix10></precinctGroup></precinctGroup_Collection></Tablix6></Report>