﻿<?xml version="1.0" encoding="utf-8"?><Report xsi:schemaLocation="RcvShortReport http://emsserver/ReportServer?%2FEMSApplicationServerReports%2FRcvShortReport&amp;rs%3ACommand=Render&amp;rs%3AFormat=XML&amp;rs%3ASessionID=iaimvqbxbedloy45z4frr045&amp;rc%3ASchema=True" Name="RcvShortReport" xmlns:xsi="http://www.w3.org/2001/XMLSchema-instance" xmlns="RcvShortReport"><Title><Report Name="Title" Textbox11="RCV Short Report" Textbox3="General Election" Textbox2="City and County of San Francisco" Textbox9="2019-11-05T00:00:00" Textbox12="" Textbox8="RCV Short Report 10&#xA;City and County of San Francisco&#xA;November 5, 2019, Consolidated Municipal Election" /></Title><RcvStaticData><Report Name="RcvStaticData"><Tablix2 Textbox24="MEMBER, BOARD OF SUPERVISORS, DISTRICT 5" Textbox21="Official results" Textbox53="Number of positions to elect is 1." state="All Positions Filled" timeStamp="2019-11-12T15:46:05.2" /><Tablix3 Textbox36="IRV" Textbox41="True" winnersByThreshold="False" usesDistricts="True" previousRoundsEvaluation="None" eliminationType="Single" fixedPrecisionDecimals="0" performEliminationTransferInLastRound="False" skipOvervotedRankings="False" votesToInThresholdCalculation="Continuing ballots per round" useFirstRoundSuspension="False" /></Report></RcvStaticData><Tablix1><precinctGroup_Collection><precinctGroup precinctName="City and County of San Francisco"><Tablix5><choiceGroup_Collection><choiceGroup><Textbox70 choiceName="RYAN LAM" /><roundGroup_Collection><roundGroup roundIndex="Round 1"><Textbox9 votes="949.00000000000" /><Textbox16 Textbox17="0.0400895572828658330517066577" /><Textbox10 points3="0.00000000000" /><transferType transferType="Transfer&#xD;&#xA;(Elimination)" voteTransfer="85.00000000000" /></roundGroup><roundGroup roundIndex="Round 2"><Textbox9 votes="1034.00000000000" /><Textbox16 Textbox17="0.0438135593220338983050847458" /><Textbox10 points3="0.00000000000" /><transferType transferType="Transfer&#xD;&#xA;(Elimination)" voteTransfer="-1034.00000000000" /></roundGroup><roundGroup roundIndex="Round 3"><Textbox9 votes="0.00000000000" /><Textbox16 Textbox17="0" /><Textbox10 points3="0.00000000000" /><transferType transferType="Transfer" voteTransfer="0" /></roundGroup></roundGroup_Collection></choiceGroup><choiceGroup><Textbox70 choiceName="DEAN PRESTON" /><roundGroup_Collection><roundGroup roundIndex="Round 1"><Textbox9 votes="11239.00000000000" /><Textbox16 Textbox17="0.4747803311929705981750591416" /><Textbox10 points3="0.00000000000" /><transferType transferType="Transfer&#xD;&#xA;(Elimination)" voteTransfer="70.00000000000" /></roundGroup><roundGroup roundIndex="Round 2"><Textbox9 votes="11309.00000000000" /><Textbox16 Textbox17="0.4791949152542372881355932203" /><Textbox10 points3="0.00000000000" /><transferType transferType="Transfer&#xD;&#xA;(Elimination)" voteTransfer="414.00000000000" /></roundGroup><roundGroup roundIndex="Round 3"><Textbox9 votes="11723.00000000000" /><Textbox16 Textbox17="0.5040199492669504277913925792" /><Textbox10 points3="0.00000000000" /><transferType transferType="Transfer" voteTransfer="0" /></roundGroup></roundGroup_Collection></choiceGroup><choiceGroup><Textbox70 choiceName="NOMVULA O'MEARA" /><roundGroup_Collection><roundGroup roundIndex="Round 1"><Textbox9 votes="278.00000000000" /><Textbox16 Textbox17="0.0117438323758026360256843528" /><Textbox10 points3="0.00000000000" /><transferType transferType="Transfer&#xD;&#xA;(Elimination)" voteTransfer="-278.00000000000" /></roundGroup><roundGroup roundIndex="Round 2"><Textbox9 votes="0.00000000000" /><Textbox16 Textbox17="0" /><Textbox10 points3="0.00000000000" /><transferType transferType="Transfer&#xD;&#xA;(Elimination)" voteTransfer="0" /></roundGroup><roundGroup roundIndex="Round 3"><Textbox9 votes="0.00000000000" /><Textbox16 Textbox17="0" /><Textbox10 points3="0.00000000000" /><transferType transferType="Transfer" voteTransfer="0" /></roundGroup></roundGroup_Collection></choiceGroup><choiceGroup><Textbox70 choiceName="VALLIE BROWN" /><roundGroup_Collection><roundGroup roundIndex="Round 1"><Textbox9 votes="11206.00000000000" /><Textbox16 Textbox17="0.4733862791483609327475498479" /><Textbox10 points3="0.00000000000" /><transferType transferType="Transfer&#xD;&#xA;(Elimination)" voteTransfer="51.00000000000" /></roundGroup><roundGroup roundIndex="Round 2"><Textbox9 votes="11257.00000000000" /><Textbox16 Textbox17="0.4769915254237288135593220339" /><Textbox10 points3="0.00000000000" /><transferType transferType="Transfer&#xD;&#xA;(Elimination)" voteTransfer="279.00000000000" /></roundGroup><roundGroup roundIndex="Round 3"><Textbox9 votes="11536.00000000000" /><Textbox16 Textbox17="0.4959800507330495722086074208" /><Textbox10 points3="0.00000000000" /><transferType transferType="Transfer" voteTransfer="0" /></roundGroup></roundGroup_Collection></choiceGroup><choiceGroup><Textbox70 choiceName="Blanks" /><roundGroup_Collection><roundGroup roundIndex="Round 1"><Textbox9 votes="1048.00000000000" /><Textbox16 Textbox17="0.0442717134166948293342345387" /><Textbox10 points3="0.00000000000" /><transferType transferType="Transfer&#xD;&#xA;(Elimination)" voteTransfer="0" /></roundGroup><roundGroup roundIndex="Round 2"><Textbox9 votes="1048.00000000000" /><Textbox16 Textbox17="0.0444067796610169491525423729" /><Textbox10 points3="0.00000000000" /><transferType transferType="Transfer&#xD;&#xA;(Elimination)" voteTransfer="0" /></roundGroup><roundGroup roundIndex="Round 3"><Textbox9 votes="1048.00000000000" /><Textbox16 Textbox17="0.0450578270776903564211702997" /><Textbox10 points3="0.00000000000" /><transferType transferType="Transfer" voteTransfer="0" /></roundGroup></roundGroup_Collection></choiceGroup><choiceGroup><Textbox70 choiceName="Exhausted" /><roundGroup_Collection><roundGroup roundIndex="Round 1"><Textbox9 votes="0.00000000000" /><Textbox16 Textbox17="0" /><Textbox10 points3="0.00000000000" /><transferType transferType="Transfer&#xD;&#xA;(Elimination)" voteTransfer="71.00000000000" /></roundGroup><roundGroup roundIndex="Round 2"><Textbox9 votes="71.00000000000" /><Textbox16 Textbox17="0.0030084745762711864406779661" /><Textbox10 points3="0.00000000000" /><transferType transferType="Transfer&#xD;&#xA;(Elimination)" voteTransfer="334.00000000000" /></roundGroup><roundGroup roundIndex="Round 3"><Textbox9 votes="405.00000000000" /><Textbox16 Textbox17="0.017412614471817361021540049" /><Textbox10 points3="0.00000000000" /><transferType transferType="Transfer" voteTransfer="0" /></roundGroup></roundGroup_Collection></choiceGroup><choiceGroup><Textbox70 choiceName="Overvotes" /><roundGroup_Collection><roundGroup roundIndex="Round 1"><Textbox9 votes="40.00000000000" /><Textbox16 Textbox17="0.0016897600540723217303142954" /><Textbox10 points3="0.00000000000" /><transferType transferType="Transfer&#xD;&#xA;(Elimination)" voteTransfer="1.00000000000" /></roundGroup><roundGroup roundIndex="Round 2"><Textbox9 votes="41.00000000000" /><Textbox16 Textbox17="0.0017372881355932203389830508" /><Textbox10 points3="0.00000000000" /><transferType transferType="Transfer&#xD;&#xA;(Elimination)" voteTransfer="7.00000000000" /></roundGroup><roundGroup roundIndex="Round 3"><Textbox9 votes="48.00000000000" /><Textbox16 Textbox17="0.0020637172707339094544047465" /><Textbox10 points3="0.00000000000" /><transferType transferType="Transfer" voteTransfer="0" /></roundGroup></roundGroup_Collection></choiceGroup><choiceGroup><Textbox70 choiceName="Remainder Points" /><roundGroup_Collection><roundGroup roundIndex="Round 1"><Textbox9 votes="0.00000000000" /><Textbox16 Textbox17="0" /><Textbox10 points3="0.00000000000" /><transferType transferType="Transfer&#xD;&#xA;(Elimination)" voteTransfer="0" /></roundGroup><roundGroup roundIndex="Round 2"><Textbox9 votes="0.00000000000" /><Textbox16 Textbox17="0" /><Textbox10 points3="0.00000000000" /><transferType transferType="Transfer&#xD;&#xA;(Elimination)" voteTransfer="0" /></roundGroup><roundGroup roundIndex="Round 3"><Textbox9 votes="0.00000000000" /><Textbox16 Textbox17="0" /><Textbox10 points3="0.00000000000" /><transferType transferType="Transfer" voteTransfer="0" /></roundGroup></roundGroup_Collection></choiceGroup></choiceGroup_Collection><Textbox70 /><roundGroup_Collection><roundGroup roundIndex="Round 1"><Textbox9 continuingVotes="23672.00000000000" /><Textbox16 /><Textbox10 continuingPoints="0.00000000000" /><transferType transferType="Transfer&#xD;&#xA;(Elimination)" /></roundGroup><roundGroup roundIndex="Round 2"><Textbox9 continuingVotes="23600.00000000000" /><Textbox16 /><Textbox10 continuingPoints="0.00000000000" /><transferType transferType="Transfer&#xD;&#xA;(Elimination)" /></roundGroup><roundGroup roundIndex="Round 3"><Textbox9 continuingVotes="23259.00000000000" /><Textbox16 /><Textbox10 continuingPoints="0.00000000000" /><transferType transferType="Transfer" /></roundGroup></roundGroup_Collection><nonTransferableGroup_Collection><nonTransferableGroup><Textbox70 choiceName3="RYAN LAM" /><roundGroup_Collection><roundGroup roundIndex="Round 1"><Textbox9 votes4="949.00000000000" /><Textbox16 /><Textbox10 points4="0.00000000000" /><transferType transferType="Transfer&#xD;&#xA;(Elimination)" voteTransfer2="85.00000000000" /></roundGroup><roundGroup roundIndex="Round 2"><Textbox9 votes4="1034.00000000000" /><Textbox16 /><Textbox10 points4="0.00000000000" /><transferType transferType="Transfer&#xD;&#xA;(Elimination)" voteTransfer2="-1034.00000000000" /></roundGroup><roundGroup roundIndex="Round 3"><Textbox9 votes4="0.00000000000" /><Textbox16 /><Textbox10 points4="0.00000000000" /><transferType transferType="Transfer" voteTransfer2="0" /></roundGroup></roundGroup_Collection></nonTransferableGroup><nonTransferableGroup><Textbox70 choiceName3="DEAN PRESTON" /><roundGroup_Collection><roundGroup roundIndex="Round 1"><Textbox9 votes4="11239.00000000000" /><Textbox16 /><Textbox10 points4="0.00000000000" /><transferType transferType="Transfer&#xD;&#xA;(Elimination)" voteTransfer2="70.00000000000" /></roundGroup><roundGroup roundIndex="Round 2"><Textbox9 votes4="11309.00000000000" /><Textbox16 /><Textbox10 points4="0.00000000000" /><transferType transferType="Transfer&#xD;&#xA;(Elimination)" voteTransfer2="414.00000000000" /></roundGroup><roundGroup roundIndex="Round 3"><Textbox9 votes4="11723.00000000000" /><Textbox16 /><Textbox10 points4="0.00000000000" /><transferType transferType="Transfer" voteTransfer2="0" /></roundGroup></roundGroup_Collection></nonTransferableGroup><nonTransferableGroup><Textbox70 choiceName3="NOMVULA O'MEARA" /><roundGroup_Collection><roundGroup roundIndex="Round 1"><Textbox9 votes4="278.00000000000" /><Textbox16 /><Textbox10 points4="0.00000000000" /><transferType transferType="Transfer&#xD;&#xA;(Elimination)" voteTransfer2="-278.00000000000" /></roundGroup><roundGroup roundIndex="Round 2"><Textbox9 votes4="0.00000000000" /><Textbox16 /><Textbox10 points4="0.00000000000" /><transferType transferType="Transfer&#xD;&#xA;(Elimination)" voteTransfer2="0" /></roundGroup><roundGroup roundIndex="Round 3"><Textbox9 votes4="0.00000000000" /><Textbox16 /><Textbox10 points4="0.00000000000" /><transferType transferType="Transfer" voteTransfer2="0" /></roundGroup></roundGroup_Collection></nonTransferableGroup><nonTransferableGroup><Textbox70 choiceName3="VALLIE BROWN" /><roundGroup_Collection><roundGroup roundIndex="Round 1"><Textbox9 votes4="11206.00000000000" /><Textbox16 /><Textbox10 points4="0.00000000000" /><transferType transferType="Transfer&#xD;&#xA;(Elimination)" voteTransfer2="51.00000000000" /></roundGroup><roundGroup roundIndex="Round 2"><Textbox9 votes4="11257.00000000000" /><Textbox16 /><Textbox10 points4="0.00000000000" /><transferType transferType="Transfer&#xD;&#xA;(Elimination)" voteTransfer2="279.00000000000" /></roundGroup><roundGroup roundIndex="Round 3"><Textbox9 votes4="11536.00000000000" /><Textbox16 /><Textbox10 points4="0.00000000000" /><transferType transferType="Transfer" voteTransfer2="0" /></roundGroup></roundGroup_Collection></nonTransferableGroup><nonTransferableGroup><Textbox70 choiceName3="Blanks" /><roundGroup_Collection><roundGroup roundIndex="Round 1"><Textbox9 votes4="1048.00000000000" /><Textbox16 /><Textbox10 points4="0.00000000000" /><transferType transferType="Transfer&#xD;&#xA;(Elimination)" voteTransfer2="0" /></roundGroup><roundGroup roundIndex="Round 2"><Textbox9 votes4="1048.00000000000" /><Textbox16 /><Textbox10 points4="0.00000000000" /><transferType transferType="Transfer&#xD;&#xA;(Elimination)" voteTransfer2="0" /></roundGroup><roundGroup roundIndex="Round 3"><Textbox9 votes4="1048.00000000000" /><Textbox16 /><Textbox10 points4="0.00000000000" /><transferType transferType="Transfer" voteTransfer2="0" /></roundGroup></roundGroup_Collection></nonTransferableGroup><nonTransferableGroup><Textbox70 choiceName3="Exhausted" /><roundGroup_Collection><roundGroup roundIndex="Round 1"><Textbox9 votes4="0.00000000000" /><Textbox16 /><Textbox10 points4="0.00000000000" /><transferType transferType="Transfer&#xD;&#xA;(Elimination)" voteTransfer2="71.00000000000" /></roundGroup><roundGroup roundIndex="Round 2"><Textbox9 votes4="71.00000000000" /><Textbox16 /><Textbox10 points4="0.00000000000" /><transferType transferType="Transfer&#xD;&#xA;(Elimination)" voteTransfer2="334.00000000000" /></roundGroup><roundGroup roundIndex="Round 3"><Textbox9 votes4="405.00000000000" /><Textbox16 /><Textbox10 points4="0.00000000000" /><transferType transferType="Transfer" voteTransfer2="0" /></roundGroup></roundGroup_Collection></nonTransferableGroup><nonTransferableGroup><Textbox70 choiceName3="Overvotes" /><roundGroup_Collection><roundGroup roundIndex="Round 1"><Textbox9 votes4="40.00000000000" /><Textbox16 /><Textbox10 points4="0.00000000000" /><transferType transferType="Transfer&#xD;&#xA;(Elimination)" voteTransfer2="1.00000000000" /></roundGroup><roundGroup roundIndex="Round 2"><Textbox9 votes4="41.00000000000" /><Textbox16 /><Textbox10 points4="0.00000000000" /><transferType transferType="Transfer&#xD;&#xA;(Elimination)" voteTransfer2="7.00000000000" /></roundGroup><roundGroup roundIndex="Round 3"><Textbox9 votes4="48.00000000000" /><Textbox16 /><Textbox10 points4="0.00000000000" /><transferType transferType="Transfer" voteTransfer2="0" /></roundGroup></roundGroup_Collection></nonTransferableGroup><nonTransferableGroup><Textbox70 choiceName3="Remainder Points" /><roundGroup_Collection><roundGroup roundIndex="Round 1"><Textbox9 votes4="0.00000000000" /><Textbox16 /><Textbox10 points4="0.00000000000" /><transferType transferType="Transfer&#xD;&#xA;(Elimination)" voteTransfer2="0" /></roundGroup><roundGroup roundIndex="Round 2"><Textbox9 votes4="0.00000000000" /><Textbox16 /><Textbox10 points4="0.00000000000" /><transferType transferType="Transfer&#xD;&#xA;(Elimination)" voteTransfer2="0" /></roundGroup><roundGroup roundIndex="Round 3"><Textbox9 votes4="0.00000000000" /><Textbox16 /><Textbox10 points4="0.00000000000" /><transferType transferType="Transfer" voteTransfer2="0" /></roundGroup></roundGroup_Collection></nonTransferableGroup></nonTransferableGroup_Collection><Textbox70_1 /><roundGroup_Collection_1><roundGroup roundIndex="Round 1"><Textbox9 nonTransferableVotes="1088.00000000000" /><Textbox16 /><Textbox10 points2="0.00000000000" /><transferType transferType="Transfer&#xD;&#xA;(Elimination)" /></roundGroup><roundGroup roundIndex="Round 2"><Textbox9 nonTransferableVotes="1160.00000000000" /><Textbox16 /><Textbox10 points2="0.00000000000" /><transferType transferType="Transfer&#xD;&#xA;(Elimination)" /></roundGroup><roundGroup roundIndex="Round 3"><Textbox9 nonTransferableVotes="1501.00000000000" /><Textbox16 /><Textbox10 points2="0.00000000000" /><transferType transferType="Transfer" /></roundGroup></roundGroup_Collection_1><Textbox70_2 /><roundGroup_Collection_2><roundGroup roundIndex="Round 1"><Textbox9 votes2="11837.00000000000" /><Textbox16 /><Textbox10 /><transferType transferType="Transfer&#xD;&#xA;(Elimination)" /></roundGroup><roundGroup roundIndex="Round 2"><Textbox9 votes2="11801.00000000000" /><Textbox16 /><Textbox10 /><transferType transferType="Transfer&#xD;&#xA;(Elimination)" /></roundGroup><roundGroup roundIndex="Round 3"><Textbox9 votes2="11630.00000000000" /><Textbox16 /><Textbox10 /><transferType transferType="Transfer" /></roundGroup></roundGroup_Collection_2><Textbox70_3 /><roundGroup_Collection_3><roundGroup roundIndex="Round 1"><Textbox9 surplus="0.00000000000" /><Textbox16 /><Textbox10 /><transferType transferType="Transfer&#xD;&#xA;(Elimination)" /></roundGroup><roundGroup roundIndex="Round 2"><Textbox9 surplus="0.00000000000" /><Textbox16 /><Textbox10 /><transferType transferType="Transfer&#xD;&#xA;(Elimination)" /></roundGroup><roundGroup roundIndex="Round 3"><Textbox9 surplus="0.00000000000" /><Textbox16 /><Textbox10 /><transferType transferType="Transfer" /></roundGroup></roundGroup_Collection_3></Tablix5></precinctGroup></precinctGroup_Collection></Tablix1></Report>