﻿<?xml version="1.0" encoding="utf-8"?><Report xsi:schemaLocation="RcvDetailedReport http://emsserver/ReportServer?%2FEMSApplicationServerReports%2FRcvDetailedReport&amp;rs%3ACommand=Render&amp;rs%3AFormat=XML&amp;rs%3ASessionID=duquhu55jcx10f45kootxe45&amp;rc%3ASchema=True" Name="RcvDetailedReport" xmlns:xsi="http://www.w3.org/2001/XMLSchema-instance" xmlns="RcvDetailedReport"><Title><Report Name="Title" Textbox11="RCV Detailed Report" Textbox3="General Election" Textbox2="City and County of San Francisco" Textbox9="2019-11-05T00:00:00" Textbox12="" Textbox8="RCV Detail Report 9&#xA;City and County of San Francisco&#xA;November 5, 2019, Consolidated Municipal Election" /></Title><RcvStaticData><Report Name="RcvStaticData"><Tablix2 Textbox24="DISTRICT ATTORNEY" Textbox21="Official results" Textbox53="Number of positions to elect is 1." state="All Positions Filled" timeStamp="2019-11-10T15:09:33.343" /><Tablix3 Textbox36="IRV" Textbox41="True" winnersByThreshold="False" usesDistricts="True" previousRoundsEvaluation="None" eliminationType="Single" fixedPrecisionDecimals="0" performEliminationTransferInLastRound="False" skipOvervotedRankings="False" votesToInThresholdCalculation="Continuing ballots per round" useFirstRoundSuspension="False" /></Report></RcvStaticData><Tablix6><precinctGroup_Collection><precinctGroup Textbox35="City and County of San Francisco"><Tablix10><roundGroup_Collection><roundGroup><Tablix5 Textbox86="Round 1" continuingVotes="193112.00000000000" points1="0.00000000000" nonTransferableVotes="12908.00000000000" nonTransferablePoints="0.00000000000" surplus="0.00000000000"><choiceGroup_Collection><choiceGroup choiceName2="SUZY LOFTUS" votes="59988.00000000000" Textbox17="0.3106383860143336509383155889" points="0.00000000000" /><choiceGroup choiceName2="LEIF DAUTCH" votes="27020.00000000000" Textbox17="0.1399188035958407556236795228" points="0.00000000000" /><choiceGroup choiceName2="NANCY TUNG" votes="37330.00000000000" Textbox17="0.1933075106673847301048096441" points="0.00000000000" /><choiceGroup choiceName2="CHESA BOUDIN" votes="68774.00000000000" Textbox17="0.3561352997224408633331952442" points="0.00000000000" /><choiceGroup choiceName2="Blanks" votes="12383.00000000000" Textbox17="0.06412341024897468826380546" points="0.00000000000" /><choiceGroup choiceName2="Exhausted" votes="0.00000000000" Textbox17="0" points="0.00000000000" /><choiceGroup choiceName2="Overvotes" votes="525.00000000000" Textbox17="0.0027186296035461286714445503" points="0.00000000000" /><choiceGroup choiceName2="Remainder Points" votes="0.00000000000" Textbox17="0" points="0.00000000000" /></choiceGroup_Collection><nonTransferableGroup_Collection><nonTransferableGroup choiceName3="SUZY LOFTUS" votes1="59988.00000000000" points2="0.00000000000" /><nonTransferableGroup choiceName3="LEIF DAUTCH" votes1="27020.00000000000" points2="0.00000000000" /><nonTransferableGroup choiceName3="NANCY TUNG" votes1="37330.00000000000" points2="0.00000000000" /><nonTransferableGroup choiceName3="CHESA BOUDIN" votes1="68774.00000000000" points2="0.00000000000" /><nonTransferableGroup choiceName3="Blanks" votes1="12383.00000000000" points2="0.00000000000" /><nonTransferableGroup choiceName3="Exhausted" votes1="0.00000000000" points2="0.00000000000" /><nonTransferableGroup choiceName3="Overvotes" votes1="525.00000000000" points2="0.00000000000" /><nonTransferableGroup choiceName3="Remainder Points" votes1="0.00000000000" points2="0.00000000000" /></nonTransferableGroup_Collection></Tablix5><Tablix9><TieReason_Collection><TieReason Textbox14="A tie occurred during " /><TieReason Textbox14="A tie occurred during " /><TieReason Textbox14="A tie occurred during " /><TieReason Textbox14="A tie occurred during " /><TieReason Textbox14="A tie occurred during " /><TieReason Textbox14="A tie occurred during " /><TieReason Textbox14="A tie occurred during " /><TieReason Textbox14="A tie occurred during " /></TieReason_Collection><DetailsTie_Collection><DetailsTie choiceName4="SUZY LOFTUS" /><DetailsTie choiceName4="LEIF DAUTCH" /><DetailsTie choiceName4="NANCY TUNG" /><DetailsTie choiceName4="CHESA BOUDIN" /><DetailsTie choiceName4="Blanks" /><DetailsTie choiceName4="Exhausted" /><DetailsTie choiceName4="Overvotes" /><DetailsTie choiceName4="Remainder Points" /></DetailsTie_Collection><TieSelection_Collection><TieSelection Textbox2="The tie is broken by selecting SUZY LOFTUS." /><TieSelection Textbox2="The tie is broken by selecting LEIF DAUTCH." /><TieSelection Textbox2="The tie is broken by selecting NANCY TUNG." /><TieSelection Textbox2="The tie is broken by selecting CHESA BOUDIN." /><TieSelection Textbox2="The tie is broken by selecting Blanks." /><TieSelection Textbox2="The tie is broken by selecting Exhausted." /><TieSelection Textbox2="The tie is broken by selecting Overvotes." /><TieSelection Textbox2="The tie is broken by selecting Remainder Points." /></TieSelection_Collection><StatusGroup_Collection><StatusGroup Textbox21="SUZY LOFTUS is  because " /><StatusGroup Textbox21="LEIF DAUTCH is eliminated because the candidate had the least amount of votes." /><StatusGroup Textbox21="NANCY TUNG is  because " /><StatusGroup Textbox21="CHESA BOUDIN is  because " /><StatusGroup Textbox21="Blanks is  because " /><StatusGroup Textbox21="Exhausted is  because " /><StatusGroup Textbox21="Overvotes is  because " /><StatusGroup Textbox21="Remainder Points is  because " /></StatusGroup_Collection><sourceChoiceId_Collection><sourceChoiceId Textbox44=" transfer for candidate ." Textbox47=" ballots have been transferred in the following manner:"><choiceId_Collection><choiceId choiceName="Blanks" /><choiceId choiceName="Remainder Points" /></choiceId_Collection></sourceChoiceId><sourceChoiceId Textbox44="Elimination transfer for candidate LEIF DAUTCH." Textbox47="27020 ballots have been transferred in the following manner:"><choiceId_Collection><choiceId sourceChoiceName="LEIF DAUTCH" choiceName="SUZY LOFTUS" ballotsTransferred3="6499" transferFraction3="1.00000000000" votes5="6499.00000000000" /><choiceId sourceChoiceName="LEIF DAUTCH" choiceName="LEIF DAUTCH" ballotsTransferred3="27020" transferFraction3="1.00000000000" votes5="-27020.00000000000" /><choiceId sourceChoiceName="LEIF DAUTCH" choiceName="NANCY TUNG" ballotsTransferred3="9270" transferFraction3="1.00000000000" votes5="9270.00000000000" /><choiceId sourceChoiceName="LEIF DAUTCH" choiceName="CHESA BOUDIN" ballotsTransferred3="4745" transferFraction3="1.00000000000" votes5="4745.00000000000" /><choiceId sourceChoiceName="LEIF DAUTCH" choiceName="Exhausted" ballotsTransferred3="6437" transferFraction3="1.00000000000" votes5="6437.00000000000" /><choiceId sourceChoiceName="LEIF DAUTCH" choiceName="Overvotes" ballotsTransferred3="69" transferFraction3="1.00000000000" votes5="69.00000000000" /></choiceId_Collection></sourceChoiceId></sourceChoiceId_Collection></Tablix9></roundGroup><roundGroup><Tablix5 Textbox86="Round 2" continuingVotes="186606.00000000000" points1="0.00000000000" nonTransferableVotes="19414.00000000000" nonTransferablePoints="0.00000000000" surplus="0.00000000000"><choiceGroup_Collection><choiceGroup choiceName2="SUZY LOFTUS" votes="66487.00000000000" Textbox17="0.3562961533927097735335412581" points="0.00000000000" /><choiceGroup choiceName2="LEIF DAUTCH" votes="0.00000000000" Textbox17="0" points="0.00000000000" /><choiceGroup choiceName2="NANCY TUNG" votes="46600.00000000000" Textbox17="0.2497240174485279144293323902" points="0.00000000000" /><choiceGroup choiceName2="CHESA BOUDIN" votes="73519.00000000000" Textbox17="0.3939798291587623120371263518" points="0.00000000000" /><choiceGroup choiceName2="Blanks" votes="12383.00000000000" Textbox17="0.0663590666966764198364468452" points="0.00000000000" /><choiceGroup choiceName2="Exhausted" votes="6437.00000000000" Textbox17="0.0344951394917633945317942617" points="0.00000000000" /><choiceGroup choiceName2="Overvotes" votes="594.00000000000" Textbox17="0.0031831773897945403684768978" points="0.00000000000" /><choiceGroup choiceName2="Remainder Points" votes="0.00000000000" Textbox17="0" points="0.00000000000" /></choiceGroup_Collection><nonTransferableGroup_Collection><nonTransferableGroup choiceName3="SUZY LOFTUS" votes1="66487.00000000000" points2="0.00000000000" /><nonTransferableGroup choiceName3="LEIF DAUTCH" votes1="0.00000000000" points2="0.00000000000" /><nonTransferableGroup choiceName3="NANCY TUNG" votes1="46600.00000000000" points2="0.00000000000" /><nonTransferableGroup choiceName3="CHESA BOUDIN" votes1="73519.00000000000" points2="0.00000000000" /><nonTransferableGroup choiceName3="Blanks" votes1="12383.00000000000" points2="0.00000000000" /><nonTransferableGroup choiceName3="Exhausted" votes1="6437.00000000000" points2="0.00000000000" /><nonTransferableGroup choiceName3="Overvotes" votes1="594.00000000000" points2="0.00000000000" /><nonTransferableGroup choiceName3="Remainder Points" votes1="0.00000000000" points2="0.00000000000" /></nonTransferableGroup_Collection></Tablix5><Tablix9><TieReason_Collection><TieReason Textbox14="A tie occurred during " /><TieReason Textbox14="A tie occurred during " /><TieReason Textbox14="A tie occurred during " /><TieReason Textbox14="A tie occurred during " /><TieReason Textbox14="A tie occurred during " /><TieReason Textbox14="A tie occurred during " /><TieReason Textbox14="A tie occurred during " /><TieReason Textbox14="A tie occurred during " /></TieReason_Collection><DetailsTie_Collection><DetailsTie choiceName4="SUZY LOFTUS" /><DetailsTie choiceName4="LEIF DAUTCH" /><DetailsTie choiceName4="NANCY TUNG" /><DetailsTie choiceName4="CHESA BOUDIN" /><DetailsTie choiceName4="Blanks" /><DetailsTie choiceName4="Exhausted" /><DetailsTie choiceName4="Overvotes" /><DetailsTie choiceName4="Remainder Points" /></DetailsTie_Collection><TieSelection_Collection><TieSelection Textbox2="The tie is broken by selecting SUZY LOFTUS." /><TieSelection Textbox2="The tie is broken by selecting LEIF DAUTCH." /><TieSelection Textbox2="The tie is broken by selecting NANCY TUNG." /><TieSelection Textbox2="The tie is broken by selecting CHESA BOUDIN." /><TieSelection Textbox2="The tie is broken by selecting Blanks." /><TieSelection Textbox2="The tie is broken by selecting Exhausted." /><TieSelection Textbox2="The tie is broken by selecting Overvotes." /><TieSelection Textbox2="The tie is broken by selecting Remainder Points." /></TieSelection_Collection><StatusGroup_Collection><StatusGroup Textbox21="SUZY LOFTUS is  because " /><StatusGroup Textbox21="LEIF DAUTCH is  because " /><StatusGroup Textbox21="NANCY TUNG is eliminated because the candidate had the least amount of votes." /><StatusGroup Textbox21="CHESA BOUDIN is  because " /><StatusGroup Textbox21="Blanks is  because " /><StatusGroup Textbox21="Exhausted is  because " /><StatusGroup Textbox21="Overvotes is  because " /><StatusGroup Textbox21="Remainder Points is  because " /></StatusGroup_Collection><sourceChoiceId_Collection><sourceChoiceId Textbox44=" transfer for candidate ." Textbox47=" ballots have been transferred in the following manner:"><choiceId_Collection><choiceId choiceName="LEIF DAUTCH" /><choiceId choiceName="Blanks" /><choiceId choiceName="Remainder Points" /></choiceId_Collection></sourceChoiceId><sourceChoiceId Textbox44="Elimination transfer for candidate NANCY TUNG." Textbox47="46600 ballots have been transferred in the following manner:"><choiceId_Collection><choiceId sourceChoiceName="NANCY TUNG" choiceName="SUZY LOFTUS" ballotsTransferred3="17358" transferFraction3="1.00000000000" votes5="17358.00000000000" /><choiceId sourceChoiceName="NANCY TUNG" choiceName="NANCY TUNG" ballotsTransferred3="46600" transferFraction3="1.00000000000" votes5="-46600.00000000000" /><choiceId sourceChoiceName="NANCY TUNG" choiceName="CHESA BOUDIN" ballotsTransferred3="13151" transferFraction3="1.00000000000" votes5="13151.00000000000" /><choiceId sourceChoiceName="NANCY TUNG" choiceName="Exhausted" ballotsTransferred3="15968" transferFraction3="1.00000000000" votes5="15968.00000000000" /><choiceId sourceChoiceName="NANCY TUNG" choiceName="Overvotes" ballotsTransferred3="123" transferFraction3="1.00000000000" votes5="123.00000000000" /></choiceId_Collection></sourceChoiceId></sourceChoiceId_Collection></Tablix9></roundGroup><roundGroup><Tablix5 Textbox86="Round 3" continuingVotes="170515.00000000000" points1="0.00000000000" nonTransferableVotes="35505.00000000000" nonTransferablePoints="0.00000000000" surplus="0.00000000000"><choiceGroup_Collection><choiceGroup choiceName2="SUZY LOFTUS" votes="83845.00000000000" Textbox17="0.4917162712957804298742046154" points="0.00000000000" /><choiceGroup choiceName2="LEIF DAUTCH" votes="0.00000000000" Textbox17="0" points="0.00000000000" /><choiceGroup choiceName2="NANCY TUNG" votes="0.00000000000" Textbox17="0" points="0.00000000000" /><choiceGroup choiceName2="CHESA BOUDIN" votes="86670.00000000000" Textbox17="0.5082837287042195701257953846" points="0.00000000000" /><choiceGroup choiceName2="Blanks" votes="12383.00000000000" Textbox17="0.0726211770225493358355569891" points="0.00000000000" /><choiceGroup choiceName2="Exhausted" votes="22405.00000000000" Textbox17="0.1313960648623288273758906841" points="0.00000000000" /><choiceGroup choiceName2="Overvotes" votes="717.00000000000" Textbox17="0.0042049086590622525877488784" points="0.00000000000" /><choiceGroup choiceName2="Remainder Points" votes="0.00000000000" Textbox17="0" points="0.00000000000" /></choiceGroup_Collection><nonTransferableGroup_Collection><nonTransferableGroup choiceName3="SUZY LOFTUS" votes1="83845.00000000000" points2="0.00000000000" /><nonTransferableGroup choiceName3="LEIF DAUTCH" votes1="0.00000000000" points2="0.00000000000" /><nonTransferableGroup choiceName3="NANCY TUNG" votes1="0.00000000000" points2="0.00000000000" /><nonTransferableGroup choiceName3="CHESA BOUDIN" votes1="86670.00000000000" points2="0.00000000000" /><nonTransferableGroup choiceName3="Blanks" votes1="12383.00000000000" points2="0.00000000000" /><nonTransferableGroup choiceName3="Exhausted" votes1="22405.00000000000" points2="0.00000000000" /><nonTransferableGroup choiceName3="Overvotes" votes1="717.00000000000" points2="0.00000000000" /><nonTransferableGroup choiceName3="Remainder Points" votes1="0.00000000000" points2="0.00000000000" /></nonTransferableGroup_Collection></Tablix5><Tablix9><TieReason_Collection><TieReason Textbox14="A tie occurred during " /><TieReason Textbox14="A tie occurred during " /><TieReason Textbox14="A tie occurred during " /><TieReason Textbox14="A tie occurred during " /><TieReason Textbox14="A tie occurred during " /><TieReason Textbox14="A tie occurred during " /><TieReason Textbox14="A tie occurred during " /><TieReason Textbox14="A tie occurred during " /></TieReason_Collection><DetailsTie_Collection><DetailsTie choiceName4="SUZY LOFTUS" /><DetailsTie choiceName4="LEIF DAUTCH" /><DetailsTie choiceName4="NANCY TUNG" /><DetailsTie choiceName4="CHESA BOUDIN" /><DetailsTie choiceName4="Blanks" /><DetailsTie choiceName4="Exhausted" /><DetailsTie choiceName4="Overvotes" /><DetailsTie choiceName4="Remainder Points" /></DetailsTie_Collection><TieSelection_Collection><TieSelection Textbox2="The tie is broken by selecting SUZY LOFTUS." /><TieSelection Textbox2="The tie is broken by selecting LEIF DAUTCH." /><TieSelection Textbox2="The tie is broken by selecting NANCY TUNG." /><TieSelection Textbox2="The tie is broken by selecting CHESA BOUDIN." /><TieSelection Textbox2="The tie is broken by selecting Blanks." /><TieSelection Textbox2="The tie is broken by selecting Exhausted." /><TieSelection Textbox2="The tie is broken by selecting Overvotes." /><TieSelection Textbox2="The tie is broken by selecting Remainder Points." /></TieSelection_Collection><StatusGroup_Collection><StatusGroup Textbox21="SUZY LOFTUS is eliminated because the candidate was not elected in the last round." /><StatusGroup Textbox21="LEIF DAUTCH is  because " /><StatusGroup Textbox21="NANCY TUNG is  because " /><StatusGroup Textbox21="CHESA BOUDIN is elected because all other candidates have been eliminated." /><StatusGroup Textbox21="Blanks is  because " /><StatusGroup Textbox21="Exhausted is  because " /><StatusGroup Textbox21="Overvotes is  because " /><StatusGroup Textbox21="Remainder Points is  because " /></StatusGroup_Collection><sourceChoiceId_Collection><sourceChoiceId Textbox44=" transfer for candidate ." Textbox47=" ballots have been transferred in the following manner:"><choiceId_Collection><choiceId choiceName="SUZY LOFTUS" /><choiceId choiceName="LEIF DAUTCH" /><choiceId choiceName="NANCY TUNG" /><choiceId choiceName="CHESA BOUDIN" /><choiceId choiceName="Blanks" /><choiceId choiceName="Exhausted" /><choiceId choiceName="Overvotes" /><choiceId choiceName="Remainder Points" /></choiceId_Collection></sourceChoiceId></sourceChoiceId_Collection></Tablix9></roundGroup></roundGroup_Collection></Tablix10></precinctGroup></precinctGroup_Collection></Tablix6></Report>