﻿<?xml version="1.0" encoding="utf-8"?><Report xsi:schemaLocation="RcvDetailedReport http://emsserver/ReportServer?%2FEMSApplicationServerReports%2FRcvDetailedReport&amp;rs%3ACommand=Render&amp;rs%3AFormat=XML&amp;rs%3ASessionID=kjogn155s4pjrq45vbn1es55&amp;rc%3ASchema=True" Name="RcvDetailedReport" xmlns:xsi="http://www.w3.org/2001/XMLSchema-instance" xmlns="RcvDetailedReport"><Title><Report Name="Title" Textbox11="RCV Detailed Report" Textbox3="General Election" Textbox2="City and County of San Francisco" Textbox9="2019-11-05T00:00:00" Textbox12="" Textbox8="RCV Detail Report 6&#xA;City and County of San Francisco&#xA;November 5, 2019, Consolidated Municipal Election" /></Title><RcvStaticData><Report Name="RcvStaticData"><Tablix2 Textbox24="DISTRICT ATTORNEY" Textbox21="Official results" Textbox53="Number of positions to elect is 1." state="All Positions Filled" timeStamp="2019-11-07T15:28:12.69" /><Tablix3 Textbox36="IRV" Textbox41="True" winnersByThreshold="False" usesDistricts="True" previousRoundsEvaluation="None" eliminationType="Single" fixedPrecisionDecimals="0" performEliminationTransferInLastRound="False" skipOvervotedRankings="False" votesToInThresholdCalculation="Continuing ballots per round" useFirstRoundSuspension="False" /></Report></RcvStaticData><Tablix6><precinctGroup_Collection><precinctGroup Textbox35="City and County of San Francisco"><Tablix10><roundGroup_Collection><roundGroup><Tablix5 Textbox86="Round 1" continuingVotes="153678.00000000000" points1="0.00000000000" nonTransferableVotes="10061.00000000000" nonTransferablePoints="0.00000000000" surplus="0.00000000000"><choiceGroup_Collection><choiceGroup choiceName2="SUZY LOFTUS" votes="48399.00000000000" Textbox17="0.3149377269355405458165775192" points="0.00000000000" /><choiceGroup choiceName2="LEIF DAUTCH" votes="22277.00000000000" Textbox17="0.1449589401215528572729993883" points="0.00000000000" /><choiceGroup choiceName2="NANCY TUNG" votes="30938.00000000000" Textbox17="0.2013170395241999505459467198" points="0.00000000000" /><choiceGroup choiceName2="CHESA BOUDIN" votes="52064.00000000000" Textbox17="0.3387862934187066463644763727" points="0.00000000000" /><choiceGroup choiceName2="Blanks" votes="9637.00000000000" Textbox17="0.0627090409817930998581449524" points="0.00000000000" /><choiceGroup choiceName2="Exhausted" votes="0.00000000000" Textbox17="0" points="0.00000000000" /><choiceGroup choiceName2="Overvotes" votes="424.00000000000" Textbox17="0.0027590156040552323689792944" points="0.00000000000" /><choiceGroup choiceName2="Remainder Points" votes="0.00000000000" Textbox17="0" points="0.00000000000" /></choiceGroup_Collection><nonTransferableGroup_Collection><nonTransferableGroup choiceName3="SUZY LOFTUS" votes1="48399.00000000000" points2="0.00000000000" /><nonTransferableGroup choiceName3="LEIF DAUTCH" votes1="22277.00000000000" points2="0.00000000000" /><nonTransferableGroup choiceName3="NANCY TUNG" votes1="30938.00000000000" points2="0.00000000000" /><nonTransferableGroup choiceName3="CHESA BOUDIN" votes1="52064.00000000000" points2="0.00000000000" /><nonTransferableGroup choiceName3="Blanks" votes1="9637.00000000000" points2="0.00000000000" /><nonTransferableGroup choiceName3="Exhausted" votes1="0.00000000000" points2="0.00000000000" /><nonTransferableGroup choiceName3="Overvotes" votes1="424.00000000000" points2="0.00000000000" /><nonTransferableGroup choiceName3="Remainder Points" votes1="0.00000000000" points2="0.00000000000" /></nonTransferableGroup_Collection></Tablix5><Tablix9><TieReason_Collection><TieReason Textbox14="A tie occurred during " /><TieReason Textbox14="A tie occurred during " /><TieReason Textbox14="A tie occurred during " /><TieReason Textbox14="A tie occurred during " /><TieReason Textbox14="A tie occurred during " /><TieReason Textbox14="A tie occurred during " /><TieReason Textbox14="A tie occurred during " /><TieReason Textbox14="A tie occurred during " /></TieReason_Collection><DetailsTie_Collection><DetailsTie choiceName4="SUZY LOFTUS" /><DetailsTie choiceName4="LEIF DAUTCH" /><DetailsTie choiceName4="NANCY TUNG" /><DetailsTie choiceName4="CHESA BOUDIN" /><DetailsTie choiceName4="Blanks" /><DetailsTie choiceName4="Exhausted" /><DetailsTie choiceName4="Overvotes" /><DetailsTie choiceName4="Remainder Points" /></DetailsTie_Collection><TieSelection_Collection><TieSelection Textbox2="The tie is broken by selecting SUZY LOFTUS." /><TieSelection Textbox2="The tie is broken by selecting LEIF DAUTCH." /><TieSelection Textbox2="The tie is broken by selecting NANCY TUNG." /><TieSelection Textbox2="The tie is broken by selecting CHESA BOUDIN." /><TieSelection Textbox2="The tie is broken by selecting Blanks." /><TieSelection Textbox2="The tie is broken by selecting Exhausted." /><TieSelection Textbox2="The tie is broken by selecting Overvotes." /><TieSelection Textbox2="The tie is broken by selecting Remainder Points." /></TieSelection_Collection><StatusGroup_Collection><StatusGroup Textbox21="SUZY LOFTUS is  because " /><StatusGroup Textbox21="LEIF DAUTCH is eliminated because the candidate had the least amount of votes." /><StatusGroup Textbox21="NANCY TUNG is  because " /><StatusGroup Textbox21="CHESA BOUDIN is  because " /><StatusGroup Textbox21="Blanks is  because " /><StatusGroup Textbox21="Exhausted is  because " /><StatusGroup Textbox21="Overvotes is  because " /><StatusGroup Textbox21="Remainder Points is  because " /></StatusGroup_Collection><sourceChoiceId_Collection><sourceChoiceId Textbox44=" transfer for candidate ." Textbox47=" ballots have been transferred in the following manner:"><choiceId_Collection><choiceId choiceName="Blanks" /><choiceId choiceName="Remainder Points" /></choiceId_Collection></sourceChoiceId><sourceChoiceId Textbox44="Elimination transfer for candidate LEIF DAUTCH." Textbox47="22277 ballots have been transferred in the following manner:"><choiceId_Collection><choiceId sourceChoiceName="LEIF DAUTCH" choiceName="SUZY LOFTUS" ballotsTransferred3="5217" transferFraction3="1.00000000000" votes5="5217.00000000000" /><choiceId sourceChoiceName="LEIF DAUTCH" choiceName="LEIF DAUTCH" ballotsTransferred3="22277" transferFraction3="1.00000000000" votes5="-22277.00000000000" /><choiceId sourceChoiceName="LEIF DAUTCH" choiceName="NANCY TUNG" ballotsTransferred3="7820" transferFraction3="1.00000000000" votes5="7820.00000000000" /><choiceId sourceChoiceName="LEIF DAUTCH" choiceName="CHESA BOUDIN" ballotsTransferred3="3886" transferFraction3="1.00000000000" votes5="3886.00000000000" /><choiceId sourceChoiceName="LEIF DAUTCH" choiceName="Exhausted" ballotsTransferred3="5296" transferFraction3="1.00000000000" votes5="5296.00000000000" /><choiceId sourceChoiceName="LEIF DAUTCH" choiceName="Overvotes" ballotsTransferred3="58" transferFraction3="1.00000000000" votes5="58.00000000000" /></choiceId_Collection></sourceChoiceId></sourceChoiceId_Collection></Tablix9></roundGroup><roundGroup><Tablix5 Textbox86="Round 2" continuingVotes="148324.00000000000" points1="0.00000000000" nonTransferableVotes="15415.00000000000" nonTransferablePoints="0.00000000000" surplus="0.00000000000"><choiceGroup_Collection><choiceGroup choiceName2="SUZY LOFTUS" votes="53616.00000000000" Textbox17="0.3614789245165987972276907311" points="0.00000000000" /><choiceGroup choiceName2="LEIF DAUTCH" votes="0.00000000000" Textbox17="0" points="0.00000000000" /><choiceGroup choiceName2="NANCY TUNG" votes="38758.00000000000" Textbox17="0.2613063293870176100968150805" points="0.00000000000" /><choiceGroup choiceName2="CHESA BOUDIN" votes="55950.00000000000" Textbox17="0.3772147460963835926754941884" points="0.00000000000" /><choiceGroup choiceName2="Blanks" votes="9637.00000000000" Textbox17="0.0649726274911679836034626898" points="0.00000000000" /><choiceGroup choiceName2="Exhausted" votes="5296.00000000000" Textbox17="0.0357056174321080876999002184" points="0.00000000000" /><choiceGroup choiceName2="Overvotes" votes="482.00000000000" Textbox17="0.003249642674145788948518109" points="0.00000000000" /><choiceGroup choiceName2="Remainder Points" votes="0.00000000000" Textbox17="0" points="0.00000000000" /></choiceGroup_Collection><nonTransferableGroup_Collection><nonTransferableGroup choiceName3="SUZY LOFTUS" votes1="53616.00000000000" points2="0.00000000000" /><nonTransferableGroup choiceName3="LEIF DAUTCH" votes1="0.00000000000" points2="0.00000000000" /><nonTransferableGroup choiceName3="NANCY TUNG" votes1="38758.00000000000" points2="0.00000000000" /><nonTransferableGroup choiceName3="CHESA BOUDIN" votes1="55950.00000000000" points2="0.00000000000" /><nonTransferableGroup choiceName3="Blanks" votes1="9637.00000000000" points2="0.00000000000" /><nonTransferableGroup choiceName3="Exhausted" votes1="5296.00000000000" points2="0.00000000000" /><nonTransferableGroup choiceName3="Overvotes" votes1="482.00000000000" points2="0.00000000000" /><nonTransferableGroup choiceName3="Remainder Points" votes1="0.00000000000" points2="0.00000000000" /></nonTransferableGroup_Collection></Tablix5><Tablix9><TieReason_Collection><TieReason Textbox14="A tie occurred during " /><TieReason Textbox14="A tie occurred during " /><TieReason Textbox14="A tie occurred during " /><TieReason Textbox14="A tie occurred during " /><TieReason Textbox14="A tie occurred during " /><TieReason Textbox14="A tie occurred during " /><TieReason Textbox14="A tie occurred during " /><TieReason Textbox14="A tie occurred during " /></TieReason_Collection><DetailsTie_Collection><DetailsTie choiceName4="SUZY LOFTUS" /><DetailsTie choiceName4="LEIF DAUTCH" /><DetailsTie choiceName4="NANCY TUNG" /><DetailsTie choiceName4="CHESA BOUDIN" /><DetailsTie choiceName4="Blanks" /><DetailsTie choiceName4="Exhausted" /><DetailsTie choiceName4="Overvotes" /><DetailsTie choiceName4="Remainder Points" /></DetailsTie_Collection><TieSelection_Collection><TieSelection Textbox2="The tie is broken by selecting SUZY LOFTUS." /><TieSelection Textbox2="The tie is broken by selecting LEIF DAUTCH." /><TieSelection Textbox2="The tie is broken by selecting NANCY TUNG." /><TieSelection Textbox2="The tie is broken by selecting CHESA BOUDIN." /><TieSelection Textbox2="The tie is broken by selecting Blanks." /><TieSelection Textbox2="The tie is broken by selecting Exhausted." /><TieSelection Textbox2="The tie is broken by selecting Overvotes." /><TieSelection Textbox2="The tie is broken by selecting Remainder Points." /></TieSelection_Collection><StatusGroup_Collection><StatusGroup Textbox21="SUZY LOFTUS is  because " /><StatusGroup Textbox21="LEIF DAUTCH is  because " /><StatusGroup Textbox21="NANCY TUNG is eliminated because the candidate had the least amount of votes." /><StatusGroup Textbox21="CHESA BOUDIN is  because " /><StatusGroup Textbox21="Blanks is  because " /><StatusGroup Textbox21="Exhausted is  because " /><StatusGroup Textbox21="Overvotes is  because " /><StatusGroup Textbox21="Remainder Points is  because " /></StatusGroup_Collection><sourceChoiceId_Collection><sourceChoiceId Textbox44=" transfer for candidate ." Textbox47=" ballots have been transferred in the following manner:"><choiceId_Collection><choiceId choiceName="LEIF DAUTCH" /><choiceId choiceName="Blanks" /><choiceId choiceName="Remainder Points" /></choiceId_Collection></sourceChoiceId><sourceChoiceId Textbox44="Elimination transfer for candidate NANCY TUNG." Textbox47="38758 ballots have been transferred in the following manner:"><choiceId_Collection><choiceId sourceChoiceName="NANCY TUNG" choiceName="SUZY LOFTUS" ballotsTransferred3="14300" transferFraction3="1.00000000000" votes5="14300.00000000000" /><choiceId sourceChoiceName="NANCY TUNG" choiceName="NANCY TUNG" ballotsTransferred3="38758" transferFraction3="1.00000000000" votes5="-38758.00000000000" /><choiceId sourceChoiceName="NANCY TUNG" choiceName="CHESA BOUDIN" ballotsTransferred3="11087" transferFraction3="1.00000000000" votes5="11087.00000000000" /><choiceId sourceChoiceName="NANCY TUNG" choiceName="Exhausted" ballotsTransferred3="13264" transferFraction3="1.00000000000" votes5="13264.00000000000" /><choiceId sourceChoiceName="NANCY TUNG" choiceName="Overvotes" ballotsTransferred3="107" transferFraction3="1.00000000000" votes5="107.00000000000" /></choiceId_Collection></sourceChoiceId></sourceChoiceId_Collection></Tablix9></roundGroup><roundGroup><Tablix5 Textbox86="Round 3" continuingVotes="134953.00000000000" points1="0.00000000000" nonTransferableVotes="28786.00000000000" nonTransferablePoints="0.00000000000" surplus="0.00000000000"><choiceGroup_Collection><choiceGroup choiceName2="SUZY LOFTUS" votes="67916.00000000000" Textbox17="0.5032566893659273969456032841" points="0.00000000000" /><choiceGroup choiceName2="LEIF DAUTCH" votes="0.00000000000" Textbox17="0" points="0.00000000000" /><choiceGroup choiceName2="NANCY TUNG" votes="0.00000000000" Textbox17="0" points="0.00000000000" /><choiceGroup choiceName2="CHESA BOUDIN" votes="67037.00000000000" Textbox17="0.4967433106340726030543967159" points="0.00000000000" /><choiceGroup choiceName2="Blanks" votes="9637.00000000000" Textbox17="0.0714100464606196231280519885" points="0.00000000000" /><choiceGroup choiceName2="Exhausted" votes="18560.00000000000" Textbox17="0.137529362074203611627751884" points="0.00000000000" /><choiceGroup choiceName2="Overvotes" votes="589.00000000000" Textbox17="0.004364482449445362459522945" points="0.00000000000" /><choiceGroup choiceName2="Remainder Points" votes="0.00000000000" Textbox17="0" points="0.00000000000" /></choiceGroup_Collection><nonTransferableGroup_Collection><nonTransferableGroup choiceName3="SUZY LOFTUS" votes1="67916.00000000000" points2="0.00000000000" /><nonTransferableGroup choiceName3="LEIF DAUTCH" votes1="0.00000000000" points2="0.00000000000" /><nonTransferableGroup choiceName3="NANCY TUNG" votes1="0.00000000000" points2="0.00000000000" /><nonTransferableGroup choiceName3="CHESA BOUDIN" votes1="67037.00000000000" points2="0.00000000000" /><nonTransferableGroup choiceName3="Blanks" votes1="9637.00000000000" points2="0.00000000000" /><nonTransferableGroup choiceName3="Exhausted" votes1="18560.00000000000" points2="0.00000000000" /><nonTransferableGroup choiceName3="Overvotes" votes1="589.00000000000" points2="0.00000000000" /><nonTransferableGroup choiceName3="Remainder Points" votes1="0.00000000000" points2="0.00000000000" /></nonTransferableGroup_Collection></Tablix5><Tablix9><TieReason_Collection><TieReason Textbox14="A tie occurred during " /><TieReason Textbox14="A tie occurred during " /><TieReason Textbox14="A tie occurred during " /><TieReason Textbox14="A tie occurred during " /><TieReason Textbox14="A tie occurred during " /><TieReason Textbox14="A tie occurred during " /><TieReason Textbox14="A tie occurred during " /><TieReason Textbox14="A tie occurred during " /></TieReason_Collection><DetailsTie_Collection><DetailsTie choiceName4="SUZY LOFTUS" /><DetailsTie choiceName4="LEIF DAUTCH" /><DetailsTie choiceName4="NANCY TUNG" /><DetailsTie choiceName4="CHESA BOUDIN" /><DetailsTie choiceName4="Blanks" /><DetailsTie choiceName4="Exhausted" /><DetailsTie choiceName4="Overvotes" /><DetailsTie choiceName4="Remainder Points" /></DetailsTie_Collection><TieSelection_Collection><TieSelection Textbox2="The tie is broken by selecting SUZY LOFTUS." /><TieSelection Textbox2="The tie is broken by selecting LEIF DAUTCH." /><TieSelection Textbox2="The tie is broken by selecting NANCY TUNG." /><TieSelection Textbox2="The tie is broken by selecting CHESA BOUDIN." /><TieSelection Textbox2="The tie is broken by selecting Blanks." /><TieSelection Textbox2="The tie is broken by selecting Exhausted." /><TieSelection Textbox2="The tie is broken by selecting Overvotes." /><TieSelection Textbox2="The tie is broken by selecting Remainder Points." /></TieSelection_Collection><StatusGroup_Collection><StatusGroup Textbox21="SUZY LOFTUS is elected because all other candidates have been eliminated." /><StatusGroup Textbox21="LEIF DAUTCH is  because " /><StatusGroup Textbox21="NANCY TUNG is  because " /><StatusGroup Textbox21="CHESA BOUDIN is eliminated because the candidate was not elected in the last round." /><StatusGroup Textbox21="Blanks is  because " /><StatusGroup Textbox21="Exhausted is  because " /><StatusGroup Textbox21="Overvotes is  because " /><StatusGroup Textbox21="Remainder Points is  because " /></StatusGroup_Collection><sourceChoiceId_Collection><sourceChoiceId Textbox44=" transfer for candidate ." Textbox47=" ballots have been transferred in the following manner:"><choiceId_Collection><choiceId choiceName="SUZY LOFTUS" /><choiceId choiceName="LEIF DAUTCH" /><choiceId choiceName="NANCY TUNG" /><choiceId choiceName="CHESA BOUDIN" /><choiceId choiceName="Blanks" /><choiceId choiceName="Exhausted" /><choiceId choiceName="Overvotes" /><choiceId choiceName="Remainder Points" /></choiceId_Collection></sourceChoiceId></sourceChoiceId_Collection></Tablix9></roundGroup></roundGroup_Collection></Tablix10></precinctGroup></precinctGroup_Collection></Tablix6></Report>