﻿<?xml version="1.0" encoding="utf-8"?><Report xsi:schemaLocation="RcvDetailedReport http://emsserver/ReportServer?%2FEMSApplicationServerReports%2FRcvDetailedReport&amp;rs%3ACommand=Render&amp;rs%3AFormat=XML&amp;rs%3ASessionID=lcgm0145swrgae55fcewcrv5&amp;rc%3ASchema=True" Name="RcvDetailedReport" xmlns:xsi="http://www.w3.org/2001/XMLSchema-instance" xmlns="RcvDetailedReport"><Title><Report Name="Title" Textbox11="RCV Detailed Report" Textbox3="General Election" Textbox2="City and County of San Francisco" Textbox9="2019-11-05T00:00:00" Textbox12="" Textbox8="Final RCV Detail Report&#xA;City and County of San Francisco&#xA;November 5, 2019, Consolidated Municipal Election" /></Title><RcvStaticData><Report Name="RcvStaticData"><Tablix2 Textbox24="DISTRICT ATTORNEY" Textbox21="Official results" Textbox53="Number of positions to elect is 1." state="All Positions Filled" timeStamp="2019-11-25T15:56:37.307" /><Tablix3 Textbox36="IRV" Textbox41="True" winnersByThreshold="False" usesDistricts="True" previousRoundsEvaluation="None" eliminationType="Single" fixedPrecisionDecimals="0" performEliminationTransferInLastRound="False" skipOvervotedRankings="False" votesToInThresholdCalculation="Continuing ballots per round" useFirstRoundSuspension="False" /></Report></RcvStaticData><Tablix6><precinctGroup_Collection><precinctGroup Textbox35="City and County of San Francisco"><Tablix10><roundGroup_Collection><roundGroup><Tablix5 Textbox86="Round 1" continuingVotes="193196.00000000000" points1="0.00000000000" nonTransferableVotes="12921.00000000000" nonTransferablePoints="0.00000000000" surplus="0.00000000000"><choiceGroup_Collection><choiceGroup choiceName2="SUZY LOFTUS" votes="60007.00000000000" Textbox17="0.3106016687716101782645603429" points="0.00000000000" /><choiceGroup choiceName2="LEIF DAUTCH" votes="27031.00000000000" Textbox17="0.1399149050704983540031884718" points="0.00000000000" /><choiceGroup choiceName2="NANCY TUNG" votes="37353.00000000000" Textbox17="0.1933425122673347274270688834" points="0.00000000000" /><choiceGroup choiceName2="CHESA BOUDIN" votes="68805.00000000000" Textbox17="0.3561409138905567403051823019" points="0.00000000000" /><choiceGroup choiceName2="Blanks" votes="12396.00000000000" Textbox17="0.0641628191059856311724880432" points="0.00000000000" /><choiceGroup choiceName2="Exhausted" votes="0.00000000000" Textbox17="0" points="0.00000000000" /><choiceGroup choiceName2="Overvotes" votes="525.00000000000" Textbox17="0.0027174475662021988032878528" points="0.00000000000" /><choiceGroup choiceName2="Remainder Points" votes="0.00000000000" Textbox17="0" points="0.00000000000" /></choiceGroup_Collection><nonTransferableGroup_Collection><nonTransferableGroup choiceName3="SUZY LOFTUS" votes1="60007.00000000000" points2="0.00000000000" /><nonTransferableGroup choiceName3="LEIF DAUTCH" votes1="27031.00000000000" points2="0.00000000000" /><nonTransferableGroup choiceName3="NANCY TUNG" votes1="37353.00000000000" points2="0.00000000000" /><nonTransferableGroup choiceName3="CHESA BOUDIN" votes1="68805.00000000000" points2="0.00000000000" /><nonTransferableGroup choiceName3="Blanks" votes1="12396.00000000000" points2="0.00000000000" /><nonTransferableGroup choiceName3="Exhausted" votes1="0.00000000000" points2="0.00000000000" /><nonTransferableGroup choiceName3="Overvotes" votes1="525.00000000000" points2="0.00000000000" /><nonTransferableGroup choiceName3="Remainder Points" votes1="0.00000000000" points2="0.00000000000" /></nonTransferableGroup_Collection></Tablix5><Tablix9><TieReason_Collection><TieReason Textbox14="A tie occurred during " /><TieReason Textbox14="A tie occurred during " /><TieReason Textbox14="A tie occurred during " /><TieReason Textbox14="A tie occurred during " /><TieReason Textbox14="A tie occurred during " /><TieReason Textbox14="A tie occurred during " /><TieReason Textbox14="A tie occurred during " /><TieReason Textbox14="A tie occurred during " /></TieReason_Collection><DetailsTie_Collection><DetailsTie choiceName4="SUZY LOFTUS" /><DetailsTie choiceName4="LEIF DAUTCH" /><DetailsTie choiceName4="NANCY TUNG" /><DetailsTie choiceName4="CHESA BOUDIN" /><DetailsTie choiceName4="Blanks" /><DetailsTie choiceName4="Exhausted" /><DetailsTie choiceName4="Overvotes" /><DetailsTie choiceName4="Remainder Points" /></DetailsTie_Collection><TieSelection_Collection><TieSelection Textbox2="The tie is broken by selecting SUZY LOFTUS." /><TieSelection Textbox2="The tie is broken by selecting LEIF DAUTCH." /><TieSelection Textbox2="The tie is broken by selecting NANCY TUNG." /><TieSelection Textbox2="The tie is broken by selecting CHESA BOUDIN." /><TieSelection Textbox2="The tie is broken by selecting Blanks." /><TieSelection Textbox2="The tie is broken by selecting Exhausted." /><TieSelection Textbox2="The tie is broken by selecting Overvotes." /><TieSelection Textbox2="The tie is broken by selecting Remainder Points." /></TieSelection_Collection><StatusGroup_Collection><StatusGroup Textbox21="SUZY LOFTUS is  because " /><StatusGroup Textbox21="LEIF DAUTCH is eliminated because the candidate had the least amount of votes." /><StatusGroup Textbox21="NANCY TUNG is  because " /><StatusGroup Textbox21="CHESA BOUDIN is  because " /><StatusGroup Textbox21="Blanks is  because " /><StatusGroup Textbox21="Exhausted is  because " /><StatusGroup Textbox21="Overvotes is  because " /><StatusGroup Textbox21="Remainder Points is  because " /></StatusGroup_Collection><sourceChoiceId_Collection><sourceChoiceId Textbox44=" transfer for candidate ." Textbox47=" ballots have been transferred in the following manner:"><choiceId_Collection><choiceId choiceName="Blanks" /><choiceId choiceName="Remainder Points" /></choiceId_Collection></sourceChoiceId><sourceChoiceId Textbox44="Elimination transfer for candidate LEIF DAUTCH." Textbox47="27031 ballots have been transferred in the following manner:"><choiceId_Collection><choiceId sourceChoiceName="LEIF DAUTCH" choiceName="SUZY LOFTUS" ballotsTransferred3="6501" transferFraction3="1.00000000000" votes5="6501.00000000000" /><choiceId sourceChoiceName="LEIF DAUTCH" choiceName="LEIF DAUTCH" ballotsTransferred3="27031" transferFraction3="1.00000000000" votes5="-27031.00000000000" /><choiceId sourceChoiceName="LEIF DAUTCH" choiceName="NANCY TUNG" ballotsTransferred3="9277" transferFraction3="1.00000000000" votes5="9277.00000000000" /><choiceId sourceChoiceName="LEIF DAUTCH" choiceName="CHESA BOUDIN" ballotsTransferred3="4745" transferFraction3="1.00000000000" votes5="4745.00000000000" /><choiceId sourceChoiceName="LEIF DAUTCH" choiceName="Exhausted" ballotsTransferred3="6439" transferFraction3="1.00000000000" votes5="6439.00000000000" /><choiceId sourceChoiceName="LEIF DAUTCH" choiceName="Overvotes" ballotsTransferred3="69" transferFraction3="1.00000000000" votes5="69.00000000000" /></choiceId_Collection></sourceChoiceId></sourceChoiceId_Collection></Tablix9></roundGroup><roundGroup><Tablix5 Textbox86="Round 2" continuingVotes="186688.00000000000" points1="0.00000000000" nonTransferableVotes="19429.00000000000" nonTransferablePoints="0.00000000000" surplus="0.00000000000"><choiceGroup_Collection><choiceGroup choiceName2="SUZY LOFTUS" votes="66508.00000000000" Textbox17="0.3562521426122728830990743915" points="0.00000000000" /><choiceGroup choiceName2="LEIF DAUTCH" votes="0.00000000000" Textbox17="0" points="0.00000000000" /><choiceGroup choiceName2="NANCY TUNG" votes="46630.00000000000" Textbox17="0.2497750257113472745971888927" points="0.00000000000" /><choiceGroup choiceName2="CHESA BOUDIN" votes="73550.00000000000" Textbox17="0.3939728316763798423037367158" points="0.00000000000" /><choiceGroup choiceName2="Blanks" votes="12396.00000000000" Textbox17="0.0663995543366472403153925266" points="0.00000000000" /><choiceGroup choiceName2="Exhausted" votes="6439.00000000000" Textbox17="0.0344907010627356873500171409" points="0.00000000000" /><choiceGroup choiceName2="Overvotes" votes="594.00000000000" Textbox17="0.0031817792252314021254713747" points="0.00000000000" /><choiceGroup choiceName2="Remainder Points" votes="0.00000000000" Textbox17="0" points="0.00000000000" /></choiceGroup_Collection><nonTransferableGroup_Collection><nonTransferableGroup choiceName3="SUZY LOFTUS" votes1="66508.00000000000" points2="0.00000000000" /><nonTransferableGroup choiceName3="LEIF DAUTCH" votes1="0.00000000000" points2="0.00000000000" /><nonTransferableGroup choiceName3="NANCY TUNG" votes1="46630.00000000000" points2="0.00000000000" /><nonTransferableGroup choiceName3="CHESA BOUDIN" votes1="73550.00000000000" points2="0.00000000000" /><nonTransferableGroup choiceName3="Blanks" votes1="12396.00000000000" points2="0.00000000000" /><nonTransferableGroup choiceName3="Exhausted" votes1="6439.00000000000" points2="0.00000000000" /><nonTransferableGroup choiceName3="Overvotes" votes1="594.00000000000" points2="0.00000000000" /><nonTransferableGroup choiceName3="Remainder Points" votes1="0.00000000000" points2="0.00000000000" /></nonTransferableGroup_Collection></Tablix5><Tablix9><TieReason_Collection><TieReason Textbox14="A tie occurred during " /><TieReason Textbox14="A tie occurred during " /><TieReason Textbox14="A tie occurred during " /><TieReason Textbox14="A tie occurred during " /><TieReason Textbox14="A tie occurred during " /><TieReason Textbox14="A tie occurred during " /><TieReason Textbox14="A tie occurred during " /><TieReason Textbox14="A tie occurred during " /></TieReason_Collection><DetailsTie_Collection><DetailsTie choiceName4="SUZY LOFTUS" /><DetailsTie choiceName4="LEIF DAUTCH" /><DetailsTie choiceName4="NANCY TUNG" /><DetailsTie choiceName4="CHESA BOUDIN" /><DetailsTie choiceName4="Blanks" /><DetailsTie choiceName4="Exhausted" /><DetailsTie choiceName4="Overvotes" /><DetailsTie choiceName4="Remainder Points" /></DetailsTie_Collection><TieSelection_Collection><TieSelection Textbox2="The tie is broken by selecting SUZY LOFTUS." /><TieSelection Textbox2="The tie is broken by selecting LEIF DAUTCH." /><TieSelection Textbox2="The tie is broken by selecting NANCY TUNG." /><TieSelection Textbox2="The tie is broken by selecting CHESA BOUDIN." /><TieSelection Textbox2="The tie is broken by selecting Blanks." /><TieSelection Textbox2="The tie is broken by selecting Exhausted." /><TieSelection Textbox2="The tie is broken by selecting Overvotes." /><TieSelection Textbox2="The tie is broken by selecting Remainder Points." /></TieSelection_Collection><StatusGroup_Collection><StatusGroup Textbox21="SUZY LOFTUS is  because " /><StatusGroup Textbox21="LEIF DAUTCH is  because " /><StatusGroup Textbox21="NANCY TUNG is eliminated because the candidate had the least amount of votes." /><StatusGroup Textbox21="CHESA BOUDIN is  because " /><StatusGroup Textbox21="Blanks is  because " /><StatusGroup Textbox21="Exhausted is  because " /><StatusGroup Textbox21="Overvotes is  because " /><StatusGroup Textbox21="Remainder Points is  because " /></StatusGroup_Collection><sourceChoiceId_Collection><sourceChoiceId Textbox44=" transfer for candidate ." Textbox47=" ballots have been transferred in the following manner:"><choiceId_Collection><choiceId choiceName="LEIF DAUTCH" /><choiceId choiceName="Blanks" /><choiceId choiceName="Remainder Points" /></choiceId_Collection></sourceChoiceId><sourceChoiceId Textbox44="Elimination transfer for candidate NANCY TUNG." Textbox47="46630 ballots have been transferred in the following manner:"><choiceId_Collection><choiceId sourceChoiceName="NANCY TUNG" choiceName="SUZY LOFTUS" ballotsTransferred3="17364" transferFraction3="1.00000000000" votes5="17364.00000000000" /><choiceId sourceChoiceName="NANCY TUNG" choiceName="NANCY TUNG" ballotsTransferred3="46630" transferFraction3="1.00000000000" votes5="-46630.00000000000" /><choiceId sourceChoiceName="NANCY TUNG" choiceName="CHESA BOUDIN" ballotsTransferred3="13162" transferFraction3="1.00000000000" votes5="13162.00000000000" /><choiceId sourceChoiceName="NANCY TUNG" choiceName="Exhausted" ballotsTransferred3="15981" transferFraction3="1.00000000000" votes5="15981.00000000000" /><choiceId sourceChoiceName="NANCY TUNG" choiceName="Overvotes" ballotsTransferred3="123" transferFraction3="1.00000000000" votes5="123.00000000000" /></choiceId_Collection></sourceChoiceId></sourceChoiceId_Collection></Tablix9></roundGroup><roundGroup><Tablix5 Textbox86="Round 3" continuingVotes="170584.00000000000" points1="0.00000000000" nonTransferableVotes="35533.00000000000" nonTransferablePoints="0.00000000000" surplus="0.00000000000"><choiceGroup_Collection><choiceGroup choiceName2="SUZY LOFTUS" votes="83872.00000000000" Textbox17="0.4916756553955822351451484313" points="0.00000000000" /><choiceGroup choiceName2="LEIF DAUTCH" votes="0.00000000000" Textbox17="0" points="0.00000000000" /><choiceGroup choiceName2="NANCY TUNG" votes="0.00000000000" Textbox17="0" points="0.00000000000" /><choiceGroup choiceName2="CHESA BOUDIN" votes="86712.00000000000" Textbox17="0.5083243446044177648548515687" points="0.00000000000" /><choiceGroup choiceName2="Blanks" votes="12396.00000000000" Textbox17="0.0726680110678609951695352436" points="0.00000000000" /><choiceGroup choiceName2="Exhausted" votes="22420.00000000000" Textbox17="0.1314308493176382310181494161" points="0.00000000000" /><choiceGroup choiceName2="Overvotes" votes="717.00000000000" Textbox17="0.0042032078037799559161468836" points="0.00000000000" /><choiceGroup choiceName2="Remainder Points" votes="0.00000000000" Textbox17="0" points="0.00000000000" /></choiceGroup_Collection><nonTransferableGroup_Collection><nonTransferableGroup choiceName3="SUZY LOFTUS" votes1="83872.00000000000" points2="0.00000000000" /><nonTransferableGroup choiceName3="LEIF DAUTCH" votes1="0.00000000000" points2="0.00000000000" /><nonTransferableGroup choiceName3="NANCY TUNG" votes1="0.00000000000" points2="0.00000000000" /><nonTransferableGroup choiceName3="CHESA BOUDIN" votes1="86712.00000000000" points2="0.00000000000" /><nonTransferableGroup choiceName3="Blanks" votes1="12396.00000000000" points2="0.00000000000" /><nonTransferableGroup choiceName3="Exhausted" votes1="22420.00000000000" points2="0.00000000000" /><nonTransferableGroup choiceName3="Overvotes" votes1="717.00000000000" points2="0.00000000000" /><nonTransferableGroup choiceName3="Remainder Points" votes1="0.00000000000" points2="0.00000000000" /></nonTransferableGroup_Collection></Tablix5><Tablix9><TieReason_Collection><TieReason Textbox14="A tie occurred during " /><TieReason Textbox14="A tie occurred during " /><TieReason Textbox14="A tie occurred during " /><TieReason Textbox14="A tie occurred during " /><TieReason Textbox14="A tie occurred during " /><TieReason Textbox14="A tie occurred during " /><TieReason Textbox14="A tie occurred during " /><TieReason Textbox14="A tie occurred during " /></TieReason_Collection><DetailsTie_Collection><DetailsTie choiceName4="SUZY LOFTUS" /><DetailsTie choiceName4="LEIF DAUTCH" /><DetailsTie choiceName4="NANCY TUNG" /><DetailsTie choiceName4="CHESA BOUDIN" /><DetailsTie choiceName4="Blanks" /><DetailsTie choiceName4="Exhausted" /><DetailsTie choiceName4="Overvotes" /><DetailsTie choiceName4="Remainder Points" /></DetailsTie_Collection><TieSelection_Collection><TieSelection Textbox2="The tie is broken by selecting SUZY LOFTUS." /><TieSelection Textbox2="The tie is broken by selecting LEIF DAUTCH." /><TieSelection Textbox2="The tie is broken by selecting NANCY TUNG." /><TieSelection Textbox2="The tie is broken by selecting CHESA BOUDIN." /><TieSelection Textbox2="The tie is broken by selecting Blanks." /><TieSelection Textbox2="The tie is broken by selecting Exhausted." /><TieSelection Textbox2="The tie is broken by selecting Overvotes." /><TieSelection Textbox2="The tie is broken by selecting Remainder Points." /></TieSelection_Collection><StatusGroup_Collection><StatusGroup Textbox21="SUZY LOFTUS is eliminated because the candidate was not elected in the last round." /><StatusGroup Textbox21="LEIF DAUTCH is  because " /><StatusGroup Textbox21="NANCY TUNG is  because " /><StatusGroup Textbox21="CHESA BOUDIN is elected because all other candidates have been eliminated." /><StatusGroup Textbox21="Blanks is  because " /><StatusGroup Textbox21="Exhausted is  because " /><StatusGroup Textbox21="Overvotes is  because " /><StatusGroup Textbox21="Remainder Points is  because " /></StatusGroup_Collection><sourceChoiceId_Collection><sourceChoiceId Textbox44=" transfer for candidate ." Textbox47=" ballots have been transferred in the following manner:"><choiceId_Collection><choiceId choiceName="SUZY LOFTUS" /><choiceId choiceName="LEIF DAUTCH" /><choiceId choiceName="NANCY TUNG" /><choiceId choiceName="CHESA BOUDIN" /><choiceId choiceName="Blanks" /><choiceId choiceName="Exhausted" /><choiceId choiceName="Overvotes" /><choiceId choiceName="Remainder Points" /></choiceId_Collection></sourceChoiceId></sourceChoiceId_Collection></Tablix9></roundGroup></roundGroup_Collection></Tablix10></precinctGroup></precinctGroup_Collection></Tablix6></Report>