﻿<?xml version="1.0" encoding="utf-8"?><Report xsi:schemaLocation="RcvDetailedReport http://emsserver/ReportServer?%2FEMSApplicationServerReports%2FRcvDetailedReport&amp;rs%3ACommand=Render&amp;rs%3AFormat=XML&amp;rs%3ASessionID=uhvac155dpidvs55toauv1n0&amp;rc%3ASchema=True" Name="RcvDetailedReport" xmlns:xsi="http://www.w3.org/2001/XMLSchema-instance" xmlns="RcvDetailedReport"><Title><Report Name="Title" Textbox11="RCV Detailed Report" Textbox3="General Election" Textbox2="City and County of San Francisco" Textbox9="2019-11-05T00:00:00" Textbox12="" Textbox8="RCV Detail Report&#xA;City and County of San Francisco&#xA;November 5, 2019, Consolidated Municipal Election" /></Title><RcvStaticData><Report Name="RcvStaticData"><Tablix2 Textbox24="DISTRICT ATTORNEY" Textbox21="Official results" Textbox53="Number of positions to elect is 1." state="All Positions Filled" timeStamp="2019-11-05T23:58:48.357" /><Tablix3 Textbox36="IRV" Textbox41="True" winnersByThreshold="False" usesDistricts="True" previousRoundsEvaluation="None" eliminationType="Single" fixedPrecisionDecimals="0" performEliminationTransferInLastRound="False" skipOvervotedRankings="False" votesToInThresholdCalculation="Continuing ballots per round" useFirstRoundSuspension="False" /></Report></RcvStaticData><Tablix6><precinctGroup_Collection><precinctGroup Textbox35="City and County of San Francisco"><Tablix10><roundGroup_Collection><roundGroup><Tablix5 Textbox86="Round 1" continuingVotes="108216.00000000000" points1="0.00000000000" nonTransferableVotes="6963.00000000000" nonTransferablePoints="0.00000000000" surplus="0.00000000000"><choiceGroup_Collection><choiceGroup choiceName2="SUZY LOFTUS" votes="33398.00000000000" Textbox17="0.3086234937532342721963480447" points="0.00000000000" /><choiceGroup choiceName2="LEIF DAUTCH" votes="16692.00000000000" Textbox17="0.154247061432690175205145265" points="0.00000000000" /><choiceGroup choiceName2="NANCY TUNG" votes="22540.00000000000" Textbox17="0.2082871294448140755525985067" points="0.00000000000" /><choiceGroup choiceName2="CHESA BOUDIN" votes="35586.00000000000" Textbox17="0.3288423153692614770459081836" points="0.00000000000" /><choiceGroup choiceName2="Blanks" votes="6641.00000000000" Textbox17="0.0613680047312781843719967472" points="0.00000000000" /><choiceGroup choiceName2="Exhausted" votes="0.00000000000" Textbox17="0" points="0.00000000000" /><choiceGroup choiceName2="Overvotes" votes="322.00000000000" Textbox17="0.0029755304206402010793228358" points="0.00000000000" /><choiceGroup choiceName2="Remainder Points" votes="0.00000000000" Textbox17="0" points="0.00000000000" /></choiceGroup_Collection><nonTransferableGroup_Collection><nonTransferableGroup choiceName3="SUZY LOFTUS" votes1="33398.00000000000" points2="0.00000000000" /><nonTransferableGroup choiceName3="LEIF DAUTCH" votes1="16692.00000000000" points2="0.00000000000" /><nonTransferableGroup choiceName3="NANCY TUNG" votes1="22540.00000000000" points2="0.00000000000" /><nonTransferableGroup choiceName3="CHESA BOUDIN" votes1="35586.00000000000" points2="0.00000000000" /><nonTransferableGroup choiceName3="Blanks" votes1="6641.00000000000" points2="0.00000000000" /><nonTransferableGroup choiceName3="Exhausted" votes1="0.00000000000" points2="0.00000000000" /><nonTransferableGroup choiceName3="Overvotes" votes1="322.00000000000" points2="0.00000000000" /><nonTransferableGroup choiceName3="Remainder Points" votes1="0.00000000000" points2="0.00000000000" /></nonTransferableGroup_Collection></Tablix5><Tablix9><TieReason_Collection><TieReason Textbox14="A tie occurred during " /><TieReason Textbox14="A tie occurred during " /><TieReason Textbox14="A tie occurred during " /><TieReason Textbox14="A tie occurred during " /><TieReason Textbox14="A tie occurred during " /><TieReason Textbox14="A tie occurred during " /><TieReason Textbox14="A tie occurred during " /><TieReason Textbox14="A tie occurred during " /></TieReason_Collection><DetailsTie_Collection><DetailsTie choiceName4="SUZY LOFTUS" /><DetailsTie choiceName4="LEIF DAUTCH" /><DetailsTie choiceName4="NANCY TUNG" /><DetailsTie choiceName4="CHESA BOUDIN" /><DetailsTie choiceName4="Blanks" /><DetailsTie choiceName4="Exhausted" /><DetailsTie choiceName4="Overvotes" /><DetailsTie choiceName4="Remainder Points" /></DetailsTie_Collection><TieSelection_Collection><TieSelection Textbox2="The tie is broken by selecting SUZY LOFTUS." /><TieSelection Textbox2="The tie is broken by selecting LEIF DAUTCH." /><TieSelection Textbox2="The tie is broken by selecting NANCY TUNG." /><TieSelection Textbox2="The tie is broken by selecting CHESA BOUDIN." /><TieSelection Textbox2="The tie is broken by selecting Blanks." /><TieSelection Textbox2="The tie is broken by selecting Exhausted." /><TieSelection Textbox2="The tie is broken by selecting Overvotes." /><TieSelection Textbox2="The tie is broken by selecting Remainder Points." /></TieSelection_Collection><StatusGroup_Collection><StatusGroup Textbox21="SUZY LOFTUS is  because " /><StatusGroup Textbox21="LEIF DAUTCH is eliminated because the candidate had the least amount of votes." /><StatusGroup Textbox21="NANCY TUNG is  because " /><StatusGroup Textbox21="CHESA BOUDIN is  because " /><StatusGroup Textbox21="Blanks is  because " /><StatusGroup Textbox21="Exhausted is  because " /><StatusGroup Textbox21="Overvotes is  because " /><StatusGroup Textbox21="Remainder Points is  because " /></StatusGroup_Collection><sourceChoiceId_Collection><sourceChoiceId Textbox44=" transfer for candidate ." Textbox47=" ballots have been transferred in the following manner:"><choiceId_Collection><choiceId choiceName="Blanks" /><choiceId choiceName="Remainder Points" /></choiceId_Collection></sourceChoiceId><sourceChoiceId Textbox44="Elimination transfer for candidate LEIF DAUTCH." Textbox47="16692 ballots have been transferred in the following manner:"><choiceId_Collection><choiceId sourceChoiceName="LEIF DAUTCH" choiceName="SUZY LOFTUS" ballotsTransferred3="3701" transferFraction3="1.00000000000" votes5="3701.00000000000" /><choiceId sourceChoiceName="LEIF DAUTCH" choiceName="LEIF DAUTCH" ballotsTransferred3="16692" transferFraction3="1.00000000000" votes5="-16692.00000000000" /><choiceId sourceChoiceName="LEIF DAUTCH" choiceName="NANCY TUNG" ballotsTransferred3="5932" transferFraction3="1.00000000000" votes5="5932.00000000000" /><choiceId sourceChoiceName="LEIF DAUTCH" choiceName="CHESA BOUDIN" ballotsTransferred3="2883" transferFraction3="1.00000000000" votes5="2883.00000000000" /><choiceId sourceChoiceName="LEIF DAUTCH" choiceName="Exhausted" ballotsTransferred3="4129" transferFraction3="1.00000000000" votes5="4129.00000000000" /><choiceId sourceChoiceName="LEIF DAUTCH" choiceName="Overvotes" ballotsTransferred3="47" transferFraction3="1.00000000000" votes5="47.00000000000" /></choiceId_Collection></sourceChoiceId></sourceChoiceId_Collection></Tablix9></roundGroup><roundGroup><Tablix5 Textbox86="Round 2" continuingVotes="104040.00000000000" points1="0.00000000000" nonTransferableVotes="11139.00000000000" nonTransferablePoints="0.00000000000" surplus="0.00000000000"><choiceGroup_Collection><choiceGroup choiceName2="SUZY LOFTUS" votes="37099.00000000000" Textbox17="0.3565840061514801999231064975" points="0.00000000000" /><choiceGroup choiceName2="LEIF DAUTCH" votes="0.00000000000" Textbox17="0" points="0.00000000000" /><choiceGroup choiceName2="NANCY TUNG" votes="28472.00000000000" Textbox17="0.27366397539407920030757401" points="0.00000000000" /><choiceGroup choiceName2="CHESA BOUDIN" votes="38469.00000000000" Textbox17="0.3697520184544405997693194925" points="0.00000000000" /><choiceGroup choiceName2="Blanks" votes="6641.00000000000" Textbox17="0.0638312187620146097654748174" points="0.00000000000" /><choiceGroup choiceName2="Exhausted" votes="4129.00000000000" Textbox17="0.0396866589773164167627835448" points="0.00000000000" /><choiceGroup choiceName2="Overvotes" votes="369.00000000000" Textbox17="0.0035467128027681660899653979" points="0.00000000000" /><choiceGroup choiceName2="Remainder Points" votes="0.00000000000" Textbox17="0" points="0.00000000000" /></choiceGroup_Collection><nonTransferableGroup_Collection><nonTransferableGroup choiceName3="SUZY LOFTUS" votes1="37099.00000000000" points2="0.00000000000" /><nonTransferableGroup choiceName3="LEIF DAUTCH" votes1="0.00000000000" points2="0.00000000000" /><nonTransferableGroup choiceName3="NANCY TUNG" votes1="28472.00000000000" points2="0.00000000000" /><nonTransferableGroup choiceName3="CHESA BOUDIN" votes1="38469.00000000000" points2="0.00000000000" /><nonTransferableGroup choiceName3="Blanks" votes1="6641.00000000000" points2="0.00000000000" /><nonTransferableGroup choiceName3="Exhausted" votes1="4129.00000000000" points2="0.00000000000" /><nonTransferableGroup choiceName3="Overvotes" votes1="369.00000000000" points2="0.00000000000" /><nonTransferableGroup choiceName3="Remainder Points" votes1="0.00000000000" points2="0.00000000000" /></nonTransferableGroup_Collection></Tablix5><Tablix9><TieReason_Collection><TieReason Textbox14="A tie occurred during " /><TieReason Textbox14="A tie occurred during " /><TieReason Textbox14="A tie occurred during " /><TieReason Textbox14="A tie occurred during " /><TieReason Textbox14="A tie occurred during " /><TieReason Textbox14="A tie occurred during " /><TieReason Textbox14="A tie occurred during " /><TieReason Textbox14="A tie occurred during " /></TieReason_Collection><DetailsTie_Collection><DetailsTie choiceName4="SUZY LOFTUS" /><DetailsTie choiceName4="LEIF DAUTCH" /><DetailsTie choiceName4="NANCY TUNG" /><DetailsTie choiceName4="CHESA BOUDIN" /><DetailsTie choiceName4="Blanks" /><DetailsTie choiceName4="Exhausted" /><DetailsTie choiceName4="Overvotes" /><DetailsTie choiceName4="Remainder Points" /></DetailsTie_Collection><TieSelection_Collection><TieSelection Textbox2="The tie is broken by selecting SUZY LOFTUS." /><TieSelection Textbox2="The tie is broken by selecting LEIF DAUTCH." /><TieSelection Textbox2="The tie is broken by selecting NANCY TUNG." /><TieSelection Textbox2="The tie is broken by selecting CHESA BOUDIN." /><TieSelection Textbox2="The tie is broken by selecting Blanks." /><TieSelection Textbox2="The tie is broken by selecting Exhausted." /><TieSelection Textbox2="The tie is broken by selecting Overvotes." /><TieSelection Textbox2="The tie is broken by selecting Remainder Points." /></TieSelection_Collection><StatusGroup_Collection><StatusGroup Textbox21="SUZY LOFTUS is  because " /><StatusGroup Textbox21="LEIF DAUTCH is  because " /><StatusGroup Textbox21="NANCY TUNG is eliminated because the candidate had the least amount of votes." /><StatusGroup Textbox21="CHESA BOUDIN is  because " /><StatusGroup Textbox21="Blanks is  because " /><StatusGroup Textbox21="Exhausted is  because " /><StatusGroup Textbox21="Overvotes is  because " /><StatusGroup Textbox21="Remainder Points is  because " /></StatusGroup_Collection><sourceChoiceId_Collection><sourceChoiceId Textbox44=" transfer for candidate ." Textbox47=" ballots have been transferred in the following manner:"><choiceId_Collection><choiceId choiceName="LEIF DAUTCH" /><choiceId choiceName="Blanks" /><choiceId choiceName="Remainder Points" /></choiceId_Collection></sourceChoiceId><sourceChoiceId Textbox44="Elimination transfer for candidate NANCY TUNG." Textbox47="28472 ballots have been transferred in the following manner:"><choiceId_Collection><choiceId sourceChoiceName="NANCY TUNG" choiceName="SUZY LOFTUS" ballotsTransferred3="10135" transferFraction3="1.00000000000" votes5="10135.00000000000" /><choiceId sourceChoiceName="NANCY TUNG" choiceName="NANCY TUNG" ballotsTransferred3="28472" transferFraction3="1.00000000000" votes5="-28472.00000000000" /><choiceId sourceChoiceName="NANCY TUNG" choiceName="CHESA BOUDIN" ballotsTransferred3="8525" transferFraction3="1.00000000000" votes5="8525.00000000000" /><choiceId sourceChoiceName="NANCY TUNG" choiceName="Exhausted" ballotsTransferred3="9737" transferFraction3="1.00000000000" votes5="9737.00000000000" /><choiceId sourceChoiceName="NANCY TUNG" choiceName="Overvotes" ballotsTransferred3="75" transferFraction3="1.00000000000" votes5="75.00000000000" /></choiceId_Collection></sourceChoiceId></sourceChoiceId_Collection></Tablix9></roundGroup><roundGroup><Tablix5 Textbox86="Round 3" continuingVotes="94228.00000000000" points1="0.00000000000" nonTransferableVotes="20951.00000000000" nonTransferablePoints="0.00000000000" surplus="0.00000000000"><choiceGroup_Collection><choiceGroup choiceName2="SUZY LOFTUS" votes="47234.00000000000" Textbox17="0.5012735068132614509487625759" points="0.00000000000" /><choiceGroup choiceName2="LEIF DAUTCH" votes="0.00000000000" Textbox17="0" points="0.00000000000" /><choiceGroup choiceName2="NANCY TUNG" votes="0.00000000000" Textbox17="0" points="0.00000000000" /><choiceGroup choiceName2="CHESA BOUDIN" votes="46994.00000000000" Textbox17="0.4987264931867385490512374241" points="0.00000000000" /><choiceGroup choiceName2="Blanks" votes="6641.00000000000" Textbox17="0.0704779895572441312561022201" points="0.00000000000" /><choiceGroup choiceName2="Exhausted" votes="13866.00000000000" Textbox17="0.1471537122723606571295156429" points="0.00000000000" /><choiceGroup choiceName2="Overvotes" votes="444.00000000000" Textbox17="0.0047119752090673685104215308" points="0.00000000000" /><choiceGroup choiceName2="Remainder Points" votes="0.00000000000" Textbox17="0" points="0.00000000000" /></choiceGroup_Collection><nonTransferableGroup_Collection><nonTransferableGroup choiceName3="SUZY LOFTUS" votes1="47234.00000000000" points2="0.00000000000" /><nonTransferableGroup choiceName3="LEIF DAUTCH" votes1="0.00000000000" points2="0.00000000000" /><nonTransferableGroup choiceName3="NANCY TUNG" votes1="0.00000000000" points2="0.00000000000" /><nonTransferableGroup choiceName3="CHESA BOUDIN" votes1="46994.00000000000" points2="0.00000000000" /><nonTransferableGroup choiceName3="Blanks" votes1="6641.00000000000" points2="0.00000000000" /><nonTransferableGroup choiceName3="Exhausted" votes1="13866.00000000000" points2="0.00000000000" /><nonTransferableGroup choiceName3="Overvotes" votes1="444.00000000000" points2="0.00000000000" /><nonTransferableGroup choiceName3="Remainder Points" votes1="0.00000000000" points2="0.00000000000" /></nonTransferableGroup_Collection></Tablix5><Tablix9><TieReason_Collection><TieReason Textbox14="A tie occurred during " /><TieReason Textbox14="A tie occurred during " /><TieReason Textbox14="A tie occurred during " /><TieReason Textbox14="A tie occurred during " /><TieReason Textbox14="A tie occurred during " /><TieReason Textbox14="A tie occurred during " /><TieReason Textbox14="A tie occurred during " /><TieReason Textbox14="A tie occurred during " /></TieReason_Collection><DetailsTie_Collection><DetailsTie choiceName4="SUZY LOFTUS" /><DetailsTie choiceName4="LEIF DAUTCH" /><DetailsTie choiceName4="NANCY TUNG" /><DetailsTie choiceName4="CHESA BOUDIN" /><DetailsTie choiceName4="Blanks" /><DetailsTie choiceName4="Exhausted" /><DetailsTie choiceName4="Overvotes" /><DetailsTie choiceName4="Remainder Points" /></DetailsTie_Collection><TieSelection_Collection><TieSelection Textbox2="The tie is broken by selecting SUZY LOFTUS." /><TieSelection Textbox2="The tie is broken by selecting LEIF DAUTCH." /><TieSelection Textbox2="The tie is broken by selecting NANCY TUNG." /><TieSelection Textbox2="The tie is broken by selecting CHESA BOUDIN." /><TieSelection Textbox2="The tie is broken by selecting Blanks." /><TieSelection Textbox2="The tie is broken by selecting Exhausted." /><TieSelection Textbox2="The tie is broken by selecting Overvotes." /><TieSelection Textbox2="The tie is broken by selecting Remainder Points." /></TieSelection_Collection><StatusGroup_Collection><StatusGroup Textbox21="SUZY LOFTUS is elected because all other candidates have been eliminated." /><StatusGroup Textbox21="LEIF DAUTCH is  because " /><StatusGroup Textbox21="NANCY TUNG is  because " /><StatusGroup Textbox21="CHESA BOUDIN is eliminated because the candidate was not elected in the last round." /><StatusGroup Textbox21="Blanks is  because " /><StatusGroup Textbox21="Exhausted is  because " /><StatusGroup Textbox21="Overvotes is  because " /><StatusGroup Textbox21="Remainder Points is  because " /></StatusGroup_Collection><sourceChoiceId_Collection><sourceChoiceId Textbox44=" transfer for candidate ." Textbox47=" ballots have been transferred in the following manner:"><choiceId_Collection><choiceId choiceName="SUZY LOFTUS" /><choiceId choiceName="LEIF DAUTCH" /><choiceId choiceName="NANCY TUNG" /><choiceId choiceName="CHESA BOUDIN" /><choiceId choiceName="Blanks" /><choiceId choiceName="Exhausted" /><choiceId choiceName="Overvotes" /><choiceId choiceName="Remainder Points" /></choiceId_Collection></sourceChoiceId></sourceChoiceId_Collection></Tablix9></roundGroup></roundGroup_Collection></Tablix10></precinctGroup></precinctGroup_Collection></Tablix6></Report>