﻿<?xml version="1.0" encoding="utf-8"?><Report xsi:schemaLocation="RcvShortReport http://emsserver/ReportServer?%2FEMSApplicationServerReports%2FRcvShortReport&amp;rs%3ACommand=Render&amp;rs%3AFormat=XML&amp;rs%3ASessionID=xdyli255qpsbrf55pzc43p45&amp;rc%3ASchema=True" Name="RcvShortReport" xmlns:xsi="http://www.w3.org/2001/XMLSchema-instance" xmlns="RcvShortReport"><Title><Report Name="Title" Textbox11="RCV Short Report" Textbox3="General Election" Textbox2="City and County of San Francisco" Textbox9="2019-11-05T00:00:00" Textbox12="" Textbox8="RCV Short Report 10&#xA;City and County of San Francisco&#xA;November 5, 2019, Consolidated Municipal Election" /></Title><RcvStaticData><Report Name="RcvStaticData"><Tablix2 Textbox24="DISTRICT ATTORNEY" Textbox21="Official results" Textbox53="Number of positions to elect is 1." state="All Positions Filled" timeStamp="2019-11-12T15:46:32.07" /><Tablix3 Textbox36="IRV" Textbox41="True" winnersByThreshold="False" usesDistricts="True" previousRoundsEvaluation="None" eliminationType="Single" fixedPrecisionDecimals="0" performEliminationTransferInLastRound="False" skipOvervotedRankings="False" votesToInThresholdCalculation="Continuing ballots per round" useFirstRoundSuspension="False" /></Report></RcvStaticData><Tablix1><precinctGroup_Collection><precinctGroup precinctName="City and County of San Francisco"><Tablix5><choiceGroup_Collection><choiceGroup><Textbox70 choiceName="SUZY LOFTUS" /><roundGroup_Collection><roundGroup roundIndex="Round 1"><Textbox9 votes="59989.00000000000" /><Textbox16 Textbox17="0.3106242621321016548953004287" /><Textbox10 points3="0.00000000000" /><transferType transferType="Transfer&#xD;&#xA;(Elimination)" voteTransfer="6499.00000000000" /></roundGroup><roundGroup roundIndex="Round 2"><Textbox9 votes="66488.00000000000" /><Textbox16 Textbox17="0.3562786012067431866165107332" /><Textbox10 points3="0.00000000000" /><transferType transferType="Transfer&#xD;&#xA;(Elimination)" voteTransfer="17359.00000000000" /></roundGroup><roundGroup roundIndex="Round 3"><Textbox9 votes="83847.00000000000" /><Textbox16 Textbox17="0.491699164345403899721448468" /><Textbox10 points3="0.00000000000" /><transferType transferType="Transfer" voteTransfer="0" /></roundGroup></roundGroup_Collection></choiceGroup><choiceGroup><Textbox70 choiceName="LEIF DAUTCH" /><roundGroup_Collection><roundGroup roundIndex="Round 1"><Textbox9 votes="27020.00000000000" /><Textbox16 Textbox17="0.1399101095669103788239680205" /><Textbox10 points3="0.00000000000" /><transferType transferType="Transfer&#xD;&#xA;(Elimination)" voteTransfer="-27020.00000000000" /></roundGroup><roundGroup roundIndex="Round 2"><Textbox9 votes="0.00000000000" /><Textbox16 Textbox17="0" /><Textbox10 points3="0.00000000000" /><transferType transferType="Transfer&#xD;&#xA;(Elimination)" voteTransfer="0" /></roundGroup><roundGroup roundIndex="Round 3"><Textbox9 votes="0.00000000000" /><Textbox16 Textbox17="0" /><Textbox10 points3="0.00000000000" /><transferType transferType="Transfer" voteTransfer="0" /></roundGroup></roundGroup_Collection></choiceGroup><choiceGroup><Textbox70 choiceName="NANCY TUNG" /><roundGroup_Collection><roundGroup roundIndex="Round 1"><Textbox9 votes="37333.00000000000" /><Textbox16 Textbox17="0.1933110333257389035024129575" /><Textbox10 points3="0.00000000000" /><transferType transferType="Transfer&#xD;&#xA;(Elimination)" voteTransfer="9270.00000000000" /></roundGroup><roundGroup roundIndex="Round 2"><Textbox9 votes="46603.00000000000" /><Textbox16 Textbox17="0.2497240351948900963465474927" /><Textbox10 points3="0.00000000000" /><transferType transferType="Transfer&#xD;&#xA;(Elimination)" voteTransfer="-46603.00000000000" /></roundGroup><roundGroup roundIndex="Round 3"><Textbox9 votes="0.00000000000" /><Textbox16 Textbox17="0" /><Textbox10 points3="0.00000000000" /><transferType transferType="Transfer" voteTransfer="0" /></roundGroup></roundGroup_Collection></choiceGroup><choiceGroup><Textbox70 choiceName="CHESA BOUDIN" /><roundGroup_Collection><roundGroup roundIndex="Round 1"><Textbox9 votes="68782.00000000000" /><Textbox16 Textbox17="0.3561545949752490627783185932" /><Textbox10 points3="0.00000000000" /><transferType transferType="Transfer&#xD;&#xA;(Elimination)" voteTransfer="4745.00000000000" /></roundGroup><roundGroup roundIndex="Round 2"><Textbox9 votes="73527.00000000000" /><Textbox16 Textbox17="0.3939973635983667170369417741" /><Textbox10 points3="0.00000000000" /><transferType transferType="Transfer&#xD;&#xA;(Elimination)" voteTransfer="13151.00000000000" /></roundGroup><roundGroup roundIndex="Round 3"><Textbox9 votes="86678.00000000000" /><Textbox16 Textbox17="0.508300835654596100278551532" /><Textbox10 points3="0.00000000000" /><transferType transferType="Transfer" voteTransfer="0" /></roundGroup></roundGroup_Collection></choiceGroup><choiceGroup><Textbox70 choiceName="Blanks" /><roundGroup_Collection><roundGroup roundIndex="Round 1"><Textbox9 votes="12385.00000000000" /><Textbox16 Textbox17="0.0641297819017833102048424846" /><Textbox10 points3="0.00000000000" /><transferType transferType="Transfer&#xD;&#xA;(Elimination)" voteTransfer="0" /></roundGroup><roundGroup roundIndex="Round 2"><Textbox9 votes="12385.00000000000" /><Textbox16 Textbox17="0.0663655167240030436506660665" /><Textbox10 points3="0.00000000000" /><transferType transferType="Transfer&#xD;&#xA;(Elimination)" voteTransfer="0" /></roundGroup><roundGroup roundIndex="Round 3"><Textbox9 votes="12385.00000000000" /><Textbox16 Textbox17="0.0726286468259785955138542736" /><Textbox10 points3="0.00000000000" /><transferType transferType="Transfer" voteTransfer="0" /></roundGroup></roundGroup_Collection></choiceGroup><choiceGroup><Textbox70 choiceName="Exhausted" /><roundGroup_Collection><roundGroup roundIndex="Round 1"><Textbox9 votes="0.00000000000" /><Textbox16 Textbox17="0" /><Textbox10 points3="0.00000000000" /><transferType transferType="Transfer&#xD;&#xA;(Elimination)" voteTransfer="6437.00000000000" /></roundGroup><roundGroup roundIndex="Round 2"><Textbox9 votes="6437.00000000000" /><Textbox16 Textbox17="0.0344929213687854333451221211" /><Textbox10 points3="0.00000000000" /><transferType transferType="Transfer&#xD;&#xA;(Elimination)" voteTransfer="15970.00000000000" /></roundGroup><roundGroup roundIndex="Round 3"><Textbox9 votes="22407.00000000000" /><Textbox16 Textbox17="0.1314000879636416947661633192" /><Textbox10 points3="0.00000000000" /><transferType transferType="Transfer" voteTransfer="0" /></roundGroup></roundGroup_Collection></choiceGroup><choiceGroup><Textbox70 choiceName="Overvotes" /><roundGroup_Collection><roundGroup roundIndex="Round 1"><Textbox9 votes="525.00000000000" /><Textbox16 Textbox17="0.0027184606781135436299993786" /><Textbox10 points3="0.00000000000" /><transferType transferType="Transfer&#xD;&#xA;(Elimination)" voteTransfer="69.00000000000" /></roundGroup><roundGroup roundIndex="Round 2"><Textbox9 votes="594.00000000000" /><Textbox16 Textbox17="0.0031829727035977236922483362" /><Textbox10 points3="0.00000000000" /><transferType transferType="Transfer&#xD;&#xA;(Elimination)" voteTransfer="123.00000000000" /></roundGroup><roundGroup roundIndex="Round 3"><Textbox9 votes="717.00000000000" /><Textbox16 Textbox17="0.0042046620730098226066559156" /><Textbox10 points3="0.00000000000" /><transferType transferType="Transfer" voteTransfer="0" /></roundGroup></roundGroup_Collection></choiceGroup><choiceGroup><Textbox70 choiceName="Remainder Points" /><roundGroup_Collection><roundGroup roundIndex="Round 1"><Textbox9 votes="0.00000000000" /><Textbox16 Textbox17="0" /><Textbox10 points3="0.00000000000" /><transferType transferType="Transfer&#xD;&#xA;(Elimination)" voteTransfer="0" /></roundGroup><roundGroup roundIndex="Round 2"><Textbox9 votes="0.00000000000" /><Textbox16 Textbox17="0" /><Textbox10 points3="0.00000000000" /><transferType transferType="Transfer&#xD;&#xA;(Elimination)" voteTransfer="0" /></roundGroup><roundGroup roundIndex="Round 3"><Textbox9 votes="0.00000000000" /><Textbox16 Textbox17="0" /><Textbox10 points3="0.00000000000" /><transferType transferType="Transfer" voteTransfer="0" /></roundGroup></roundGroup_Collection></choiceGroup></choiceGroup_Collection><Textbox70 /><roundGroup_Collection><roundGroup roundIndex="Round 1"><Textbox9 continuingVotes="193124.00000000000" /><Textbox16 /><Textbox10 continuingPoints="0.00000000000" /><transferType transferType="Transfer&#xD;&#xA;(Elimination)" /></roundGroup><roundGroup roundIndex="Round 2"><Textbox9 continuingVotes="186618.00000000000" /><Textbox16 /><Textbox10 continuingPoints="0.00000000000" /><transferType transferType="Transfer&#xD;&#xA;(Elimination)" /></roundGroup><roundGroup roundIndex="Round 3"><Textbox9 continuingVotes="170525.00000000000" /><Textbox16 /><Textbox10 continuingPoints="0.00000000000" /><transferType transferType="Transfer" /></roundGroup></roundGroup_Collection><nonTransferableGroup_Collection><nonTransferableGroup><Textbox70 choiceName3="SUZY LOFTUS" /><roundGroup_Collection><roundGroup roundIndex="Round 1"><Textbox9 votes4="59989.00000000000" /><Textbox16 /><Textbox10 points4="0.00000000000" /><transferType transferType="Transfer&#xD;&#xA;(Elimination)" voteTransfer2="6499.00000000000" /></roundGroup><roundGroup roundIndex="Round 2"><Textbox9 votes4="66488.00000000000" /><Textbox16 /><Textbox10 points4="0.00000000000" /><transferType transferType="Transfer&#xD;&#xA;(Elimination)" voteTransfer2="17359.00000000000" /></roundGroup><roundGroup roundIndex="Round 3"><Textbox9 votes4="83847.00000000000" /><Textbox16 /><Textbox10 points4="0.00000000000" /><transferType transferType="Transfer" voteTransfer2="0" /></roundGroup></roundGroup_Collection></nonTransferableGroup><nonTransferableGroup><Textbox70 choiceName3="LEIF DAUTCH" /><roundGroup_Collection><roundGroup roundIndex="Round 1"><Textbox9 votes4="27020.00000000000" /><Textbox16 /><Textbox10 points4="0.00000000000" /><transferType transferType="Transfer&#xD;&#xA;(Elimination)" voteTransfer2="-27020.00000000000" /></roundGroup><roundGroup roundIndex="Round 2"><Textbox9 votes4="0.00000000000" /><Textbox16 /><Textbox10 points4="0.00000000000" /><transferType transferType="Transfer&#xD;&#xA;(Elimination)" voteTransfer2="0" /></roundGroup><roundGroup roundIndex="Round 3"><Textbox9 votes4="0.00000000000" /><Textbox16 /><Textbox10 points4="0.00000000000" /><transferType transferType="Transfer" voteTransfer2="0" /></roundGroup></roundGroup_Collection></nonTransferableGroup><nonTransferableGroup><Textbox70 choiceName3="NANCY TUNG" /><roundGroup_Collection><roundGroup roundIndex="Round 1"><Textbox9 votes4="37333.00000000000" /><Textbox16 /><Textbox10 points4="0.00000000000" /><transferType transferType="Transfer&#xD;&#xA;(Elimination)" voteTransfer2="9270.00000000000" /></roundGroup><roundGroup roundIndex="Round 2"><Textbox9 votes4="46603.00000000000" /><Textbox16 /><Textbox10 points4="0.00000000000" /><transferType transferType="Transfer&#xD;&#xA;(Elimination)" voteTransfer2="-46603.00000000000" /></roundGroup><roundGroup roundIndex="Round 3"><Textbox9 votes4="0.00000000000" /><Textbox16 /><Textbox10 points4="0.00000000000" /><transferType transferType="Transfer" voteTransfer2="0" /></roundGroup></roundGroup_Collection></nonTransferableGroup><nonTransferableGroup><Textbox70 choiceName3="CHESA BOUDIN" /><roundGroup_Collection><roundGroup roundIndex="Round 1"><Textbox9 votes4="68782.00000000000" /><Textbox16 /><Textbox10 points4="0.00000000000" /><transferType transferType="Transfer&#xD;&#xA;(Elimination)" voteTransfer2="4745.00000000000" /></roundGroup><roundGroup roundIndex="Round 2"><Textbox9 votes4="73527.00000000000" /><Textbox16 /><Textbox10 points4="0.00000000000" /><transferType transferType="Transfer&#xD;&#xA;(Elimination)" voteTransfer2="13151.00000000000" /></roundGroup><roundGroup roundIndex="Round 3"><Textbox9 votes4="86678.00000000000" /><Textbox16 /><Textbox10 points4="0.00000000000" /><transferType transferType="Transfer" voteTransfer2="0" /></roundGroup></roundGroup_Collection></nonTransferableGroup><nonTransferableGroup><Textbox70 choiceName3="Blanks" /><roundGroup_Collection><roundGroup roundIndex="Round 1"><Textbox9 votes4="12385.00000000000" /><Textbox16 /><Textbox10 points4="0.00000000000" /><transferType transferType="Transfer&#xD;&#xA;(Elimination)" voteTransfer2="0" /></roundGroup><roundGroup roundIndex="Round 2"><Textbox9 votes4="12385.00000000000" /><Textbox16 /><Textbox10 points4="0.00000000000" /><transferType transferType="Transfer&#xD;&#xA;(Elimination)" voteTransfer2="0" /></roundGroup><roundGroup roundIndex="Round 3"><Textbox9 votes4="12385.00000000000" /><Textbox16 /><Textbox10 points4="0.00000000000" /><transferType transferType="Transfer" voteTransfer2="0" /></roundGroup></roundGroup_Collection></nonTransferableGroup><nonTransferableGroup><Textbox70 choiceName3="Exhausted" /><roundGroup_Collection><roundGroup roundIndex="Round 1"><Textbox9 votes4="0.00000000000" /><Textbox16 /><Textbox10 points4="0.00000000000" /><transferType transferType="Transfer&#xD;&#xA;(Elimination)" voteTransfer2="6437.00000000000" /></roundGroup><roundGroup roundIndex="Round 2"><Textbox9 votes4="6437.00000000000" /><Textbox16 /><Textbox10 points4="0.00000000000" /><transferType transferType="Transfer&#xD;&#xA;(Elimination)" voteTransfer2="15970.00000000000" /></roundGroup><roundGroup roundIndex="Round 3"><Textbox9 votes4="22407.00000000000" /><Textbox16 /><Textbox10 points4="0.00000000000" /><transferType transferType="Transfer" voteTransfer2="0" /></roundGroup></roundGroup_Collection></nonTransferableGroup><nonTransferableGroup><Textbox70 choiceName3="Overvotes" /><roundGroup_Collection><roundGroup roundIndex="Round 1"><Textbox9 votes4="525.00000000000" /><Textbox16 /><Textbox10 points4="0.00000000000" /><transferType transferType="Transfer&#xD;&#xA;(Elimination)" voteTransfer2="69.00000000000" /></roundGroup><roundGroup roundIndex="Round 2"><Textbox9 votes4="594.00000000000" /><Textbox16 /><Textbox10 points4="0.00000000000" /><transferType transferType="Transfer&#xD;&#xA;(Elimination)" voteTransfer2="123.00000000000" /></roundGroup><roundGroup roundIndex="Round 3"><Textbox9 votes4="717.00000000000" /><Textbox16 /><Textbox10 points4="0.00000000000" /><transferType transferType="Transfer" voteTransfer2="0" /></roundGroup></roundGroup_Collection></nonTransferableGroup><nonTransferableGroup><Textbox70 choiceName3="Remainder Points" /><roundGroup_Collection><roundGroup roundIndex="Round 1"><Textbox9 votes4="0.00000000000" /><Textbox16 /><Textbox10 points4="0.00000000000" /><transferType transferType="Transfer&#xD;&#xA;(Elimination)" voteTransfer2="0" /></roundGroup><roundGroup roundIndex="Round 2"><Textbox9 votes4="0.00000000000" /><Textbox16 /><Textbox10 points4="0.00000000000" /><transferType transferType="Transfer&#xD;&#xA;(Elimination)" voteTransfer2="0" /></roundGroup><roundGroup roundIndex="Round 3"><Textbox9 votes4="0.00000000000" /><Textbox16 /><Textbox10 points4="0.00000000000" /><transferType transferType="Transfer" voteTransfer2="0" /></roundGroup></roundGroup_Collection></nonTransferableGroup></nonTransferableGroup_Collection><Textbox70_1 /><roundGroup_Collection_1><roundGroup roundIndex="Round 1"><Textbox9 nonTransferableVotes="12910.00000000000" /><Textbox16 /><Textbox10 points2="0.00000000000" /><transferType transferType="Transfer&#xD;&#xA;(Elimination)" /></roundGroup><roundGroup roundIndex="Round 2"><Textbox9 nonTransferableVotes="19416.00000000000" /><Textbox16 /><Textbox10 points2="0.00000000000" /><transferType transferType="Transfer&#xD;&#xA;(Elimination)" /></roundGroup><roundGroup roundIndex="Round 3"><Textbox9 nonTransferableVotes="35509.00000000000" /><Textbox16 /><Textbox10 points2="0.00000000000" /><transferType transferType="Transfer" /></roundGroup></roundGroup_Collection_1><Textbox70_2 /><roundGroup_Collection_2><roundGroup roundIndex="Round 1"><Textbox9 votes2="96563.00000000000" /><Textbox16 /><Textbox10 /><transferType transferType="Transfer&#xD;&#xA;(Elimination)" /></roundGroup><roundGroup roundIndex="Round 2"><Textbox9 votes2="93310.00000000000" /><Textbox16 /><Textbox10 /><transferType transferType="Transfer&#xD;&#xA;(Elimination)" /></roundGroup><roundGroup roundIndex="Round 3"><Textbox9 votes2="85263.00000000000" /><Textbox16 /><Textbox10 /><transferType transferType="Transfer" /></roundGroup></roundGroup_Collection_2><Textbox70_3 /><roundGroup_Collection_3><roundGroup roundIndex="Round 1"><Textbox9 surplus="0.00000000000" /><Textbox16 /><Textbox10 /><transferType transferType="Transfer&#xD;&#xA;(Elimination)" /></roundGroup><roundGroup roundIndex="Round 2"><Textbox9 surplus="0.00000000000" /><Textbox16 /><Textbox10 /><transferType transferType="Transfer&#xD;&#xA;(Elimination)" /></roundGroup><roundGroup roundIndex="Round 3"><Textbox9 surplus="0.00000000000" /><Textbox16 /><Textbox10 /><transferType transferType="Transfer" /></roundGroup></roundGroup_Collection_3></Tablix5></precinctGroup></precinctGroup_Collection></Tablix1></Report>