﻿<?xml version="1.0" encoding="utf-8"?><Report xsi:schemaLocation="RcvShortReport http://emsserver/ReportServer?%2FEMSApplicationServerReports%2FRcvShortReport&amp;rs%3ACommand=Render&amp;rs%3AFormat=XML&amp;rs%3ASessionID=0k4zyn55tsk31ob50s02qnmt&amp;rc%3ASchema=True" Name="RcvShortReport" xmlns:xsi="http://www.w3.org/2001/XMLSchema-instance" xmlns="RcvShortReport"><Title><Report Name="Title" Textbox11="RCV Short Report" Textbox3="General Election" Textbox2="City and County of San Francisco" Textbox9="2019-11-05T00:00:00" Textbox12="" Textbox8="RCV Short Report 6&#xA;City and County of San Francisco&#xA;November 5, 2019, Consolidated Municipal Election" /></Title><RcvStaticData><Report Name="RcvStaticData"><Tablix2 Textbox24="DISTRICT ATTORNEY" Textbox21="Official results" Textbox53="Number of positions to elect is 1." state="All Positions Filled" timeStamp="2019-11-07T15:28:12.69" /><Tablix3 Textbox36="IRV" Textbox41="True" winnersByThreshold="False" usesDistricts="True" previousRoundsEvaluation="None" eliminationType="Single" fixedPrecisionDecimals="0" performEliminationTransferInLastRound="False" skipOvervotedRankings="False" votesToInThresholdCalculation="Continuing ballots per round" useFirstRoundSuspension="False" /></Report></RcvStaticData><Tablix1><precinctGroup_Collection><precinctGroup precinctName="City and County of San Francisco"><Tablix5><choiceGroup_Collection><choiceGroup><Textbox70 choiceName="SUZY LOFTUS" /><roundGroup_Collection><roundGroup roundIndex="Round 1"><Textbox9 votes="48399.00000000000" /><Textbox16 Textbox17="0.3149377269355405458165775192" /><Textbox10 points3="0.00000000000" /><transferType transferType="Transfer&#xD;&#xA;(Elimination)" voteTransfer="5217.00000000000" /></roundGroup><roundGroup roundIndex="Round 2"><Textbox9 votes="53616.00000000000" /><Textbox16 Textbox17="0.3614789245165987972276907311" /><Textbox10 points3="0.00000000000" /><transferType transferType="Transfer&#xD;&#xA;(Elimination)" voteTransfer="14300.00000000000" /></roundGroup><roundGroup roundIndex="Round 3"><Textbox9 votes="67916.00000000000" /><Textbox16 Textbox17="0.5032566893659273969456032841" /><Textbox10 points3="0.00000000000" /><transferType transferType="Transfer" voteTransfer="0" /></roundGroup></roundGroup_Collection></choiceGroup><choiceGroup><Textbox70 choiceName="LEIF DAUTCH" /><roundGroup_Collection><roundGroup roundIndex="Round 1"><Textbox9 votes="22277.00000000000" /><Textbox16 Textbox17="0.1449589401215528572729993883" /><Textbox10 points3="0.00000000000" /><transferType transferType="Transfer&#xD;&#xA;(Elimination)" voteTransfer="-22277.00000000000" /></roundGroup><roundGroup roundIndex="Round 2"><Textbox9 votes="0.00000000000" /><Textbox16 Textbox17="0" /><Textbox10 points3="0.00000000000" /><transferType transferType="Transfer&#xD;&#xA;(Elimination)" voteTransfer="0" /></roundGroup><roundGroup roundIndex="Round 3"><Textbox9 votes="0.00000000000" /><Textbox16 Textbox17="0" /><Textbox10 points3="0.00000000000" /><transferType transferType="Transfer" voteTransfer="0" /></roundGroup></roundGroup_Collection></choiceGroup><choiceGroup><Textbox70 choiceName="NANCY TUNG" /><roundGroup_Collection><roundGroup roundIndex="Round 1"><Textbox9 votes="30938.00000000000" /><Textbox16 Textbox17="0.2013170395241999505459467198" /><Textbox10 points3="0.00000000000" /><transferType transferType="Transfer&#xD;&#xA;(Elimination)" voteTransfer="7820.00000000000" /></roundGroup><roundGroup roundIndex="Round 2"><Textbox9 votes="38758.00000000000" /><Textbox16 Textbox17="0.2613063293870176100968150805" /><Textbox10 points3="0.00000000000" /><transferType transferType="Transfer&#xD;&#xA;(Elimination)" voteTransfer="-38758.00000000000" /></roundGroup><roundGroup roundIndex="Round 3"><Textbox9 votes="0.00000000000" /><Textbox16 Textbox17="0" /><Textbox10 points3="0.00000000000" /><transferType transferType="Transfer" voteTransfer="0" /></roundGroup></roundGroup_Collection></choiceGroup><choiceGroup><Textbox70 choiceName="CHESA BOUDIN" /><roundGroup_Collection><roundGroup roundIndex="Round 1"><Textbox9 votes="52064.00000000000" /><Textbox16 Textbox17="0.3387862934187066463644763727" /><Textbox10 points3="0.00000000000" /><transferType transferType="Transfer&#xD;&#xA;(Elimination)" voteTransfer="3886.00000000000" /></roundGroup><roundGroup roundIndex="Round 2"><Textbox9 votes="55950.00000000000" /><Textbox16 Textbox17="0.3772147460963835926754941884" /><Textbox10 points3="0.00000000000" /><transferType transferType="Transfer&#xD;&#xA;(Elimination)" voteTransfer="11087.00000000000" /></roundGroup><roundGroup roundIndex="Round 3"><Textbox9 votes="67037.00000000000" /><Textbox16 Textbox17="0.4967433106340726030543967159" /><Textbox10 points3="0.00000000000" /><transferType transferType="Transfer" voteTransfer="0" /></roundGroup></roundGroup_Collection></choiceGroup><choiceGroup><Textbox70 choiceName="Blanks" /><roundGroup_Collection><roundGroup roundIndex="Round 1"><Textbox9 votes="9637.00000000000" /><Textbox16 Textbox17="0.0627090409817930998581449524" /><Textbox10 points3="0.00000000000" /><transferType transferType="Transfer&#xD;&#xA;(Elimination)" voteTransfer="0" /></roundGroup><roundGroup roundIndex="Round 2"><Textbox9 votes="9637.00000000000" /><Textbox16 Textbox17="0.0649726274911679836034626898" /><Textbox10 points3="0.00000000000" /><transferType transferType="Transfer&#xD;&#xA;(Elimination)" voteTransfer="0" /></roundGroup><roundGroup roundIndex="Round 3"><Textbox9 votes="9637.00000000000" /><Textbox16 Textbox17="0.0714100464606196231280519885" /><Textbox10 points3="0.00000000000" /><transferType transferType="Transfer" voteTransfer="0" /></roundGroup></roundGroup_Collection></choiceGroup><choiceGroup><Textbox70 choiceName="Exhausted" /><roundGroup_Collection><roundGroup roundIndex="Round 1"><Textbox9 votes="0.00000000000" /><Textbox16 Textbox17="0" /><Textbox10 points3="0.00000000000" /><transferType transferType="Transfer&#xD;&#xA;(Elimination)" voteTransfer="5296.00000000000" /></roundGroup><roundGroup roundIndex="Round 2"><Textbox9 votes="5296.00000000000" /><Textbox16 Textbox17="0.0357056174321080876999002184" /><Textbox10 points3="0.00000000000" /><transferType transferType="Transfer&#xD;&#xA;(Elimination)" voteTransfer="13264.00000000000" /></roundGroup><roundGroup roundIndex="Round 3"><Textbox9 votes="18560.00000000000" /><Textbox16 Textbox17="0.137529362074203611627751884" /><Textbox10 points3="0.00000000000" /><transferType transferType="Transfer" voteTransfer="0" /></roundGroup></roundGroup_Collection></choiceGroup><choiceGroup><Textbox70 choiceName="Overvotes" /><roundGroup_Collection><roundGroup roundIndex="Round 1"><Textbox9 votes="424.00000000000" /><Textbox16 Textbox17="0.0027590156040552323689792944" /><Textbox10 points3="0.00000000000" /><transferType transferType="Transfer&#xD;&#xA;(Elimination)" voteTransfer="58.00000000000" /></roundGroup><roundGroup roundIndex="Round 2"><Textbox9 votes="482.00000000000" /><Textbox16 Textbox17="0.003249642674145788948518109" /><Textbox10 points3="0.00000000000" /><transferType transferType="Transfer&#xD;&#xA;(Elimination)" voteTransfer="107.00000000000" /></roundGroup><roundGroup roundIndex="Round 3"><Textbox9 votes="589.00000000000" /><Textbox16 Textbox17="0.004364482449445362459522945" /><Textbox10 points3="0.00000000000" /><transferType transferType="Transfer" voteTransfer="0" /></roundGroup></roundGroup_Collection></choiceGroup><choiceGroup><Textbox70 choiceName="Remainder Points" /><roundGroup_Collection><roundGroup roundIndex="Round 1"><Textbox9 votes="0.00000000000" /><Textbox16 Textbox17="0" /><Textbox10 points3="0.00000000000" /><transferType transferType="Transfer&#xD;&#xA;(Elimination)" voteTransfer="0" /></roundGroup><roundGroup roundIndex="Round 2"><Textbox9 votes="0.00000000000" /><Textbox16 Textbox17="0" /><Textbox10 points3="0.00000000000" /><transferType transferType="Transfer&#xD;&#xA;(Elimination)" voteTransfer="0" /></roundGroup><roundGroup roundIndex="Round 3"><Textbox9 votes="0.00000000000" /><Textbox16 Textbox17="0" /><Textbox10 points3="0.00000000000" /><transferType transferType="Transfer" voteTransfer="0" /></roundGroup></roundGroup_Collection></choiceGroup></choiceGroup_Collection><Textbox70 /><roundGroup_Collection><roundGroup roundIndex="Round 1"><Textbox9 continuingVotes="153678.00000000000" /><Textbox16 /><Textbox10 continuingPoints="0.00000000000" /><transferType transferType="Transfer&#xD;&#xA;(Elimination)" /></roundGroup><roundGroup roundIndex="Round 2"><Textbox9 continuingVotes="148324.00000000000" /><Textbox16 /><Textbox10 continuingPoints="0.00000000000" /><transferType transferType="Transfer&#xD;&#xA;(Elimination)" /></roundGroup><roundGroup roundIndex="Round 3"><Textbox9 continuingVotes="134953.00000000000" /><Textbox16 /><Textbox10 continuingPoints="0.00000000000" /><transferType transferType="Transfer" /></roundGroup></roundGroup_Collection><nonTransferableGroup_Collection><nonTransferableGroup><Textbox70 choiceName3="SUZY LOFTUS" /><roundGroup_Collection><roundGroup roundIndex="Round 1"><Textbox9 votes4="48399.00000000000" /><Textbox16 /><Textbox10 points4="0.00000000000" /><transferType transferType="Transfer&#xD;&#xA;(Elimination)" voteTransfer2="5217.00000000000" /></roundGroup><roundGroup roundIndex="Round 2"><Textbox9 votes4="53616.00000000000" /><Textbox16 /><Textbox10 points4="0.00000000000" /><transferType transferType="Transfer&#xD;&#xA;(Elimination)" voteTransfer2="14300.00000000000" /></roundGroup><roundGroup roundIndex="Round 3"><Textbox9 votes4="67916.00000000000" /><Textbox16 /><Textbox10 points4="0.00000000000" /><transferType transferType="Transfer" voteTransfer2="0" /></roundGroup></roundGroup_Collection></nonTransferableGroup><nonTransferableGroup><Textbox70 choiceName3="LEIF DAUTCH" /><roundGroup_Collection><roundGroup roundIndex="Round 1"><Textbox9 votes4="22277.00000000000" /><Textbox16 /><Textbox10 points4="0.00000000000" /><transferType transferType="Transfer&#xD;&#xA;(Elimination)" voteTransfer2="-22277.00000000000" /></roundGroup><roundGroup roundIndex="Round 2"><Textbox9 votes4="0.00000000000" /><Textbox16 /><Textbox10 points4="0.00000000000" /><transferType transferType="Transfer&#xD;&#xA;(Elimination)" voteTransfer2="0" /></roundGroup><roundGroup roundIndex="Round 3"><Textbox9 votes4="0.00000000000" /><Textbox16 /><Textbox10 points4="0.00000000000" /><transferType transferType="Transfer" voteTransfer2="0" /></roundGroup></roundGroup_Collection></nonTransferableGroup><nonTransferableGroup><Textbox70 choiceName3="NANCY TUNG" /><roundGroup_Collection><roundGroup roundIndex="Round 1"><Textbox9 votes4="30938.00000000000" /><Textbox16 /><Textbox10 points4="0.00000000000" /><transferType transferType="Transfer&#xD;&#xA;(Elimination)" voteTransfer2="7820.00000000000" /></roundGroup><roundGroup roundIndex="Round 2"><Textbox9 votes4="38758.00000000000" /><Textbox16 /><Textbox10 points4="0.00000000000" /><transferType transferType="Transfer&#xD;&#xA;(Elimination)" voteTransfer2="-38758.00000000000" /></roundGroup><roundGroup roundIndex="Round 3"><Textbox9 votes4="0.00000000000" /><Textbox16 /><Textbox10 points4="0.00000000000" /><transferType transferType="Transfer" voteTransfer2="0" /></roundGroup></roundGroup_Collection></nonTransferableGroup><nonTransferableGroup><Textbox70 choiceName3="CHESA BOUDIN" /><roundGroup_Collection><roundGroup roundIndex="Round 1"><Textbox9 votes4="52064.00000000000" /><Textbox16 /><Textbox10 points4="0.00000000000" /><transferType transferType="Transfer&#xD;&#xA;(Elimination)" voteTransfer2="3886.00000000000" /></roundGroup><roundGroup roundIndex="Round 2"><Textbox9 votes4="55950.00000000000" /><Textbox16 /><Textbox10 points4="0.00000000000" /><transferType transferType="Transfer&#xD;&#xA;(Elimination)" voteTransfer2="11087.00000000000" /></roundGroup><roundGroup roundIndex="Round 3"><Textbox9 votes4="67037.00000000000" /><Textbox16 /><Textbox10 points4="0.00000000000" /><transferType transferType="Transfer" voteTransfer2="0" /></roundGroup></roundGroup_Collection></nonTransferableGroup><nonTransferableGroup><Textbox70 choiceName3="Blanks" /><roundGroup_Collection><roundGroup roundIndex="Round 1"><Textbox9 votes4="9637.00000000000" /><Textbox16 /><Textbox10 points4="0.00000000000" /><transferType transferType="Transfer&#xD;&#xA;(Elimination)" voteTransfer2="0" /></roundGroup><roundGroup roundIndex="Round 2"><Textbox9 votes4="9637.00000000000" /><Textbox16 /><Textbox10 points4="0.00000000000" /><transferType transferType="Transfer&#xD;&#xA;(Elimination)" voteTransfer2="0" /></roundGroup><roundGroup roundIndex="Round 3"><Textbox9 votes4="9637.00000000000" /><Textbox16 /><Textbox10 points4="0.00000000000" /><transferType transferType="Transfer" voteTransfer2="0" /></roundGroup></roundGroup_Collection></nonTransferableGroup><nonTransferableGroup><Textbox70 choiceName3="Exhausted" /><roundGroup_Collection><roundGroup roundIndex="Round 1"><Textbox9 votes4="0.00000000000" /><Textbox16 /><Textbox10 points4="0.00000000000" /><transferType transferType="Transfer&#xD;&#xA;(Elimination)" voteTransfer2="5296.00000000000" /></roundGroup><roundGroup roundIndex="Round 2"><Textbox9 votes4="5296.00000000000" /><Textbox16 /><Textbox10 points4="0.00000000000" /><transferType transferType="Transfer&#xD;&#xA;(Elimination)" voteTransfer2="13264.00000000000" /></roundGroup><roundGroup roundIndex="Round 3"><Textbox9 votes4="18560.00000000000" /><Textbox16 /><Textbox10 points4="0.00000000000" /><transferType transferType="Transfer" voteTransfer2="0" /></roundGroup></roundGroup_Collection></nonTransferableGroup><nonTransferableGroup><Textbox70 choiceName3="Overvotes" /><roundGroup_Collection><roundGroup roundIndex="Round 1"><Textbox9 votes4="424.00000000000" /><Textbox16 /><Textbox10 points4="0.00000000000" /><transferType transferType="Transfer&#xD;&#xA;(Elimination)" voteTransfer2="58.00000000000" /></roundGroup><roundGroup roundIndex="Round 2"><Textbox9 votes4="482.00000000000" /><Textbox16 /><Textbox10 points4="0.00000000000" /><transferType transferType="Transfer&#xD;&#xA;(Elimination)" voteTransfer2="107.00000000000" /></roundGroup><roundGroup roundIndex="Round 3"><Textbox9 votes4="589.00000000000" /><Textbox16 /><Textbox10 points4="0.00000000000" /><transferType transferType="Transfer" voteTransfer2="0" /></roundGroup></roundGroup_Collection></nonTransferableGroup><nonTransferableGroup><Textbox70 choiceName3="Remainder Points" /><roundGroup_Collection><roundGroup roundIndex="Round 1"><Textbox9 votes4="0.00000000000" /><Textbox16 /><Textbox10 points4="0.00000000000" /><transferType transferType="Transfer&#xD;&#xA;(Elimination)" voteTransfer2="0" /></roundGroup><roundGroup roundIndex="Round 2"><Textbox9 votes4="0.00000000000" /><Textbox16 /><Textbox10 points4="0.00000000000" /><transferType transferType="Transfer&#xD;&#xA;(Elimination)" voteTransfer2="0" /></roundGroup><roundGroup roundIndex="Round 3"><Textbox9 votes4="0.00000000000" /><Textbox16 /><Textbox10 points4="0.00000000000" /><transferType transferType="Transfer" voteTransfer2="0" /></roundGroup></roundGroup_Collection></nonTransferableGroup></nonTransferableGroup_Collection><Textbox70_1 /><roundGroup_Collection_1><roundGroup roundIndex="Round 1"><Textbox9 nonTransferableVotes="10061.00000000000" /><Textbox16 /><Textbox10 points2="0.00000000000" /><transferType transferType="Transfer&#xD;&#xA;(Elimination)" /></roundGroup><roundGroup roundIndex="Round 2"><Textbox9 nonTransferableVotes="15415.00000000000" /><Textbox16 /><Textbox10 points2="0.00000000000" /><transferType transferType="Transfer&#xD;&#xA;(Elimination)" /></roundGroup><roundGroup roundIndex="Round 3"><Textbox9 nonTransferableVotes="28786.00000000000" /><Textbox16 /><Textbox10 points2="0.00000000000" /><transferType transferType="Transfer" /></roundGroup></roundGroup_Collection_1><Textbox70_2 /><roundGroup_Collection_2><roundGroup roundIndex="Round 1"><Textbox9 votes2="76840.00000000000" /><Textbox16 /><Textbox10 /><transferType transferType="Transfer&#xD;&#xA;(Elimination)" /></roundGroup><roundGroup roundIndex="Round 2"><Textbox9 votes2="74163.00000000000" /><Textbox16 /><Textbox10 /><transferType transferType="Transfer&#xD;&#xA;(Elimination)" /></roundGroup><roundGroup roundIndex="Round 3"><Textbox9 votes2="67477.00000000000" /><Textbox16 /><Textbox10 /><transferType transferType="Transfer" /></roundGroup></roundGroup_Collection_2><Textbox70_3 /><roundGroup_Collection_3><roundGroup roundIndex="Round 1"><Textbox9 surplus="0.00000000000" /><Textbox16 /><Textbox10 /><transferType transferType="Transfer&#xD;&#xA;(Elimination)" /></roundGroup><roundGroup roundIndex="Round 2"><Textbox9 surplus="0.00000000000" /><Textbox16 /><Textbox10 /><transferType transferType="Transfer&#xD;&#xA;(Elimination)" /></roundGroup><roundGroup roundIndex="Round 3"><Textbox9 surplus="0.00000000000" /><Textbox16 /><Textbox10 /><transferType transferType="Transfer" /></roundGroup></roundGroup_Collection_3></Tablix5></precinctGroup></precinctGroup_Collection></Tablix1></Report>