﻿<?xml version="1.0" encoding="utf-8"?><Report xsi:schemaLocation="RcvDetailedReport http://emsserver/ReportServer?%2FEMSApplicationServerReports%2FRcvDetailedReport&amp;rs%3ACommand=Render&amp;rs%3AFormat=XML&amp;rs%3ASessionID=pgggvybss1nqih5511y0lyei&amp;rc%3ASchema=True" Name="RcvDetailedReport" xmlns:xsi="http://www.w3.org/2001/XMLSchema-instance" xmlns="RcvDetailedReport"><Title><Report Name="Title" Textbox11="RCV Detailed Report" Textbox3="General Election" Textbox2="City and County of San Francisco" Textbox9="2019-11-05T00:00:00" Textbox12="" Textbox8="Final RCV Detail Report&#xA;City and County of San Francisco&#xA;November 5, 2019, Consolidated Municipal Election" /></Title><RcvStaticData><Report Name="RcvStaticData"><Tablix2 Textbox24="MAYOR" Textbox21="Official results" Textbox53="Number of positions to elect is 1." state="All Positions Filled" timeStamp="2019-11-25T15:54:54.353" /><Tablix3 Textbox36="IRV" Textbox41="True" winnersByThreshold="False" usesDistricts="True" previousRoundsEvaluation="None" eliminationType="Single" fixedPrecisionDecimals="0" performEliminationTransferInLastRound="False" skipOvervotedRankings="False" votesToInThresholdCalculation="Continuing ballots per round" useFirstRoundSuspension="False" /></Report></RcvStaticData><Tablix6><precinctGroup_Collection><precinctGroup Textbox35="City and County of San Francisco"><Tablix10><roundGroup_Collection><roundGroup><Tablix5 Textbox86="Round 1" continuingVotes="179587.00000000000" points1="0.00000000000" nonTransferableVotes="26530.00000000000" nonTransferablePoints="0.00000000000" surplus="0.00000000000"><choiceGroup_Collection><choiceGroup choiceName2="JOEL VENTRESCA" votes="13283.00000000000" Textbox17="0.0739641510799779494061374153" points="0.00000000000" /><choiceGroup choiceName2="WILMA PANG" votes="4963.00000000000" Textbox17="0.0276356306414161381391748846" points="0.00000000000" /><choiceGroup choiceName2="ROBERT L. JORDAN, JR." votes="2458.00000000000" Textbox17="0.0136869595237962658767059977" points="0.00000000000" /><choiceGroup choiceName2="PAUL YBARRA ROBERTSON" votes="7649.00000000000" Textbox17="0.0425921698118460690361774516" points="0.00000000000" /><choiceGroup choiceName2="ELLEN LEE ZHOU" votes="25006.00000000000" Textbox17="0.1392417045777255591997193561" points="0.00000000000" /><choiceGroup choiceName2="LONDON N. BREED" votes="126221.00000000000" Textbox17="0.7028404060427536514335670177" points="0.00000000000" /><choiceGroup choiceName2="MARC ROTH" votes="7.00000000000" Textbox17="0.0000389783224843669085178771" points="0.00000000000" /><choiceGroup choiceName2="Blanks" votes="25927.00000000000" Textbox17="0.1443701381503115481632857612" points="0.00000000000" /><choiceGroup choiceName2="Exhausted" votes="0.00000000000" Textbox17="0" points="0.00000000000" /><choiceGroup choiceName2="Overvotes" votes="603.00000000000" Textbox17="0.0033577040654390351194685584" points="0.00000000000" /><choiceGroup choiceName2="Remainder Points" votes="0.00000000000" Textbox17="0" points="0.00000000000" /></choiceGroup_Collection><nonTransferableGroup_Collection><nonTransferableGroup choiceName3="JOEL VENTRESCA" votes1="13283.00000000000" points2="0.00000000000" /><nonTransferableGroup choiceName3="WILMA PANG" votes1="4963.00000000000" points2="0.00000000000" /><nonTransferableGroup choiceName3="ROBERT L. JORDAN, JR." votes1="2458.00000000000" points2="0.00000000000" /><nonTransferableGroup choiceName3="PAUL YBARRA ROBERTSON" votes1="7649.00000000000" points2="0.00000000000" /><nonTransferableGroup choiceName3="ELLEN LEE ZHOU" votes1="25006.00000000000" points2="0.00000000000" /><nonTransferableGroup choiceName3="LONDON N. BREED" votes1="126221.00000000000" points2="0.00000000000" /><nonTransferableGroup choiceName3="MARC ROTH" votes1="7.00000000000" points2="0.00000000000" /><nonTransferableGroup choiceName3="Blanks" votes1="25927.00000000000" points2="0.00000000000" /><nonTransferableGroup choiceName3="Exhausted" votes1="0.00000000000" points2="0.00000000000" /><nonTransferableGroup choiceName3="Overvotes" votes1="603.00000000000" points2="0.00000000000" /><nonTransferableGroup choiceName3="Remainder Points" votes1="0.00000000000" points2="0.00000000000" /></nonTransferableGroup_Collection></Tablix5><Tablix9><TieReason_Collection><TieReason Textbox14="A tie occurred during " /><TieReason Textbox14="A tie occurred during " /><TieReason Textbox14="A tie occurred during " /><TieReason Textbox14="A tie occurred during " /><TieReason Textbox14="A tie occurred during " /><TieReason Textbox14="A tie occurred during " /><TieReason Textbox14="A tie occurred during " /><TieReason Textbox14="A tie occurred during " /><TieReason Textbox14="A tie occurred during " /><TieReason Textbox14="A tie occurred during " /><TieReason Textbox14="A tie occurred during " /></TieReason_Collection><DetailsTie_Collection><DetailsTie choiceName4="JOEL VENTRESCA" /><DetailsTie choiceName4="WILMA PANG" /><DetailsTie choiceName4="ROBERT L. JORDAN, JR." /><DetailsTie choiceName4="PAUL YBARRA ROBERTSON" /><DetailsTie choiceName4="ELLEN LEE ZHOU" /><DetailsTie choiceName4="LONDON N. BREED" /><DetailsTie choiceName4="MARC ROTH" /><DetailsTie choiceName4="Blanks" /><DetailsTie choiceName4="Exhausted" /><DetailsTie choiceName4="Overvotes" /><DetailsTie choiceName4="Remainder Points" /></DetailsTie_Collection><TieSelection_Collection><TieSelection Textbox2="The tie is broken by selecting JOEL VENTRESCA." /><TieSelection Textbox2="The tie is broken by selecting WILMA PANG." /><TieSelection Textbox2="The tie is broken by selecting ROBERT L. JORDAN, JR.." /><TieSelection Textbox2="The tie is broken by selecting PAUL YBARRA ROBERTSON." /><TieSelection Textbox2="The tie is broken by selecting ELLEN LEE ZHOU." /><TieSelection Textbox2="The tie is broken by selecting LONDON N. BREED." /><TieSelection Textbox2="The tie is broken by selecting MARC ROTH." /><TieSelection Textbox2="The tie is broken by selecting Blanks." /><TieSelection Textbox2="The tie is broken by selecting Exhausted." /><TieSelection Textbox2="The tie is broken by selecting Overvotes." /><TieSelection Textbox2="The tie is broken by selecting Remainder Points." /></TieSelection_Collection><StatusGroup_Collection><StatusGroup Textbox21="JOEL VENTRESCA is  because " /><StatusGroup Textbox21="WILMA PANG is  because " /><StatusGroup Textbox21="ROBERT L. JORDAN, JR. is  because " /><StatusGroup Textbox21="PAUL YBARRA ROBERTSON is  because " /><StatusGroup Textbox21="ELLEN LEE ZHOU is  because " /><StatusGroup Textbox21="LONDON N. BREED is  because " /><StatusGroup Textbox21="MARC ROTH is eliminated because the candidate had the least amount of votes." /><StatusGroup Textbox21="Blanks is  because " /><StatusGroup Textbox21="Exhausted is  because " /><StatusGroup Textbox21="Overvotes is  because " /><StatusGroup Textbox21="Remainder Points is  because " /></StatusGroup_Collection><sourceChoiceId_Collection><sourceChoiceId Textbox44=" transfer for candidate ." Textbox47=" ballots have been transferred in the following manner:"><choiceId_Collection><choiceId choiceName="PAUL YBARRA ROBERTSON" /><choiceId choiceName="ELLEN LEE ZHOU" /><choiceId choiceName="Blanks" /><choiceId choiceName="Overvotes" /><choiceId choiceName="Remainder Points" /></choiceId_Collection></sourceChoiceId><sourceChoiceId Textbox44="Elimination transfer for candidate MARC ROTH." Textbox47="7 ballots have been transferred in the following manner:"><choiceId_Collection><choiceId sourceChoiceName="MARC ROTH" choiceName="JOEL VENTRESCA" ballotsTransferred3="3" transferFraction3="1.00000000000" votes5="3.00000000000" /><choiceId sourceChoiceName="MARC ROTH" choiceName="WILMA PANG" ballotsTransferred3="1" transferFraction3="1.00000000000" votes5="1.00000000000" /><choiceId sourceChoiceName="MARC ROTH" choiceName="ROBERT L. JORDAN, JR." ballotsTransferred3="1" transferFraction3="1.00000000000" votes5="1.00000000000" /><choiceId sourceChoiceName="MARC ROTH" choiceName="LONDON N. BREED" ballotsTransferred3="1" transferFraction3="1.00000000000" votes5="1.00000000000" /><choiceId sourceChoiceName="MARC ROTH" choiceName="MARC ROTH" ballotsTransferred3="7" transferFraction3="1.00000000000" votes5="-7.00000000000" /><choiceId sourceChoiceName="MARC ROTH" choiceName="Exhausted" ballotsTransferred3="1" transferFraction3="1.00000000000" votes5="1.00000000000" /></choiceId_Collection></sourceChoiceId></sourceChoiceId_Collection></Tablix9></roundGroup><roundGroup><Tablix5 Textbox86="Round 2" continuingVotes="179586.00000000000" points1="0.00000000000" nonTransferableVotes="26531.00000000000" nonTransferablePoints="0.00000000000" surplus="0.00000000000"><choiceGroup_Collection><choiceGroup choiceName2="JOEL VENTRESCA" votes="13286.00000000000" Textbox17="0.0739812680275745325359437818" points="0.00000000000" /><choiceGroup choiceName2="WILMA PANG" votes="4964.00000000000" Textbox17="0.0276413528894234517167262481" points="0.00000000000" /><choiceGroup choiceName2="ROBERT L. JORDAN, JR." votes="2459.00000000000" Textbox17="0.0136926041005423585357433207" points="0.00000000000" /><choiceGroup choiceName2="PAUL YBARRA ROBERTSON" votes="7649.00000000000" Textbox17="0.042592406980499593509516332" points="0.00000000000" /><choiceGroup choiceName2="ELLEN LEE ZHOU" votes="25006.00000000000" Textbox17="0.1392424799260521421491653024" points="0.00000000000" /><choiceGroup choiceName2="LONDON N. BREED" votes="126222.00000000000" Textbox17="0.7028498880759079215529050149" points="0.00000000000" /><choiceGroup choiceName2="MARC ROTH" votes="0.00000000000" Textbox17="0" points="0.00000000000" /><choiceGroup choiceName2="Blanks" votes="25927.00000000000" Textbox17="0.144370942055616807546245253" points="0.00000000000" /><choiceGroup choiceName2="Exhausted" votes="1.00000000000" Textbox17="0.0000055683627899724922878175" points="0.00000000000" /><choiceGroup choiceName2="Overvotes" votes="603.00000000000" Textbox17="0.0033577227623534128495539741" points="0.00000000000" /><choiceGroup choiceName2="Remainder Points" votes="0.00000000000" Textbox17="0" points="0.00000000000" /></choiceGroup_Collection><nonTransferableGroup_Collection><nonTransferableGroup choiceName3="JOEL VENTRESCA" votes1="13286.00000000000" points2="0.00000000000" /><nonTransferableGroup choiceName3="WILMA PANG" votes1="4964.00000000000" points2="0.00000000000" /><nonTransferableGroup choiceName3="ROBERT L. JORDAN, JR." votes1="2459.00000000000" points2="0.00000000000" /><nonTransferableGroup choiceName3="PAUL YBARRA ROBERTSON" votes1="7649.00000000000" points2="0.00000000000" /><nonTransferableGroup choiceName3="ELLEN LEE ZHOU" votes1="25006.00000000000" points2="0.00000000000" /><nonTransferableGroup choiceName3="LONDON N. BREED" votes1="126222.00000000000" points2="0.00000000000" /><nonTransferableGroup choiceName3="MARC ROTH" votes1="0.00000000000" points2="0.00000000000" /><nonTransferableGroup choiceName3="Blanks" votes1="25927.00000000000" points2="0.00000000000" /><nonTransferableGroup choiceName3="Exhausted" votes1="1.00000000000" points2="0.00000000000" /><nonTransferableGroup choiceName3="Overvotes" votes1="603.00000000000" points2="0.00000000000" /><nonTransferableGroup choiceName3="Remainder Points" votes1="0.00000000000" points2="0.00000000000" /></nonTransferableGroup_Collection></Tablix5><Tablix9><TieReason_Collection><TieReason Textbox14="A tie occurred during " /><TieReason Textbox14="A tie occurred during " /><TieReason Textbox14="A tie occurred during " /><TieReason Textbox14="A tie occurred during " /><TieReason Textbox14="A tie occurred during " /><TieReason Textbox14="A tie occurred during " /><TieReason Textbox14="A tie occurred during " /><TieReason Textbox14="A tie occurred during " /><TieReason Textbox14="A tie occurred during " /><TieReason Textbox14="A tie occurred during " /><TieReason Textbox14="A tie occurred during " /></TieReason_Collection><DetailsTie_Collection><DetailsTie choiceName4="JOEL VENTRESCA" /><DetailsTie choiceName4="WILMA PANG" /><DetailsTie choiceName4="ROBERT L. JORDAN, JR." /><DetailsTie choiceName4="PAUL YBARRA ROBERTSON" /><DetailsTie choiceName4="ELLEN LEE ZHOU" /><DetailsTie choiceName4="LONDON N. BREED" /><DetailsTie choiceName4="MARC ROTH" /><DetailsTie choiceName4="Blanks" /><DetailsTie choiceName4="Exhausted" /><DetailsTie choiceName4="Overvotes" /><DetailsTie choiceName4="Remainder Points" /></DetailsTie_Collection><TieSelection_Collection><TieSelection Textbox2="The tie is broken by selecting JOEL VENTRESCA." /><TieSelection Textbox2="The tie is broken by selecting WILMA PANG." /><TieSelection Textbox2="The tie is broken by selecting ROBERT L. JORDAN, JR.." /><TieSelection Textbox2="The tie is broken by selecting PAUL YBARRA ROBERTSON." /><TieSelection Textbox2="The tie is broken by selecting ELLEN LEE ZHOU." /><TieSelection Textbox2="The tie is broken by selecting LONDON N. BREED." /><TieSelection Textbox2="The tie is broken by selecting MARC ROTH." /><TieSelection Textbox2="The tie is broken by selecting Blanks." /><TieSelection Textbox2="The tie is broken by selecting Exhausted." /><TieSelection Textbox2="The tie is broken by selecting Overvotes." /><TieSelection Textbox2="The tie is broken by selecting Remainder Points." /></TieSelection_Collection><StatusGroup_Collection><StatusGroup Textbox21="JOEL VENTRESCA is  because " /><StatusGroup Textbox21="WILMA PANG is  because " /><StatusGroup Textbox21="ROBERT L. JORDAN, JR. is eliminated because the candidate had the least amount of votes." /><StatusGroup Textbox21="PAUL YBARRA ROBERTSON is  because " /><StatusGroup Textbox21="ELLEN LEE ZHOU is  because " /><StatusGroup Textbox21="LONDON N. BREED is  because " /><StatusGroup Textbox21="MARC ROTH is  because " /><StatusGroup Textbox21="Blanks is  because " /><StatusGroup Textbox21="Exhausted is  because " /><StatusGroup Textbox21="Overvotes is  because " /><StatusGroup Textbox21="Remainder Points is  because " /></StatusGroup_Collection><sourceChoiceId_Collection><sourceChoiceId Textbox44=" transfer for candidate ." Textbox47=" ballots have been transferred in the following manner:"><choiceId_Collection><choiceId choiceName="MARC ROTH" /><choiceId choiceName="Blanks" /><choiceId choiceName="Remainder Points" /></choiceId_Collection></sourceChoiceId><sourceChoiceId Textbox44="Elimination transfer for candidate ROBERT L. JORDAN, JR.." Textbox47="2459 ballots have been transferred in the following manner:"><choiceId_Collection><choiceId sourceChoiceName="ROBERT L. JORDAN, JR." choiceName="JOEL VENTRESCA" ballotsTransferred3="328" transferFraction3="1.00000000000" votes5="328.00000000000" /><choiceId sourceChoiceName="ROBERT L. JORDAN, JR." choiceName="WILMA PANG" ballotsTransferred3="333" transferFraction3="1.00000000000" votes5="333.00000000000" /><choiceId sourceChoiceName="ROBERT L. JORDAN, JR." choiceName="ROBERT L. JORDAN, JR." ballotsTransferred3="2459" transferFraction3="1.00000000000" votes5="-2459.00000000000" /><choiceId sourceChoiceName="ROBERT L. JORDAN, JR." choiceName="PAUL YBARRA ROBERTSON" ballotsTransferred3="655" transferFraction3="1.00000000000" votes5="655.00000000000" /><choiceId sourceChoiceName="ROBERT L. JORDAN, JR." choiceName="ELLEN LEE ZHOU" ballotsTransferred3="301" transferFraction3="1.00000000000" votes5="301.00000000000" /><choiceId sourceChoiceName="ROBERT L. JORDAN, JR." choiceName="LONDON N. BREED" ballotsTransferred3="341" transferFraction3="1.00000000000" votes5="341.00000000000" /><choiceId sourceChoiceName="ROBERT L. JORDAN, JR." choiceName="Exhausted" ballotsTransferred3="485" transferFraction3="1.00000000000" votes5="485.00000000000" /><choiceId sourceChoiceName="ROBERT L. JORDAN, JR." choiceName="Overvotes" ballotsTransferred3="16" transferFraction3="1.00000000000" votes5="16.00000000000" /></choiceId_Collection></sourceChoiceId></sourceChoiceId_Collection></Tablix9></roundGroup><roundGroup><Tablix5 Textbox86="Round 3" continuingVotes="179085.00000000000" points1="0.00000000000" nonTransferableVotes="27032.00000000000" nonTransferablePoints="0.00000000000" surplus="0.00000000000"><choiceGroup_Collection><choiceGroup choiceName2="JOEL VENTRESCA" votes="13614.00000000000" Textbox17="0.076019767149677527431108133" points="0.00000000000" /><choiceGroup choiceName2="WILMA PANG" votes="5297.00000000000" Textbox17="0.0295781332886618086383560879" points="0.00000000000" /><choiceGroup choiceName2="ROBERT L. JORDAN, JR." votes="0.00000000000" Textbox17="0" points="0.00000000000" /><choiceGroup choiceName2="PAUL YBARRA ROBERTSON" votes="8304.00000000000" Textbox17="0.0463690426333863807689086188" points="0.00000000000" /><choiceGroup choiceName2="ELLEN LEE ZHOU" votes="25307.00000000000" Textbox17="0.1413127844319736438004299634" points="0.00000000000" /><choiceGroup choiceName2="LONDON N. BREED" votes="126563.00000000000" Textbox17="0.7067202724963006393611971969" points="0.00000000000" /><choiceGroup choiceName2="MARC ROTH" votes="0.00000000000" Textbox17="0" points="0.00000000000" /><choiceGroup choiceName2="Blanks" votes="25927.00000000000" Textbox17="0.1447748275958343803221933719" points="0.00000000000" /><choiceGroup choiceName2="Exhausted" votes="486.00000000000" Textbox17="0.0027137951252198676606080911" points="0.00000000000" /><choiceGroup choiceName2="Overvotes" votes="619.00000000000" Textbox17="0.0034564592232738643660831449" points="0.00000000000" /><choiceGroup choiceName2="Remainder Points" votes="0.00000000000" Textbox17="0" points="0.00000000000" /></choiceGroup_Collection><nonTransferableGroup_Collection><nonTransferableGroup choiceName3="JOEL VENTRESCA" votes1="13614.00000000000" points2="0.00000000000" /><nonTransferableGroup choiceName3="WILMA PANG" votes1="5297.00000000000" points2="0.00000000000" /><nonTransferableGroup choiceName3="ROBERT L. JORDAN, JR." votes1="0.00000000000" points2="0.00000000000" /><nonTransferableGroup choiceName3="PAUL YBARRA ROBERTSON" votes1="8304.00000000000" points2="0.00000000000" /><nonTransferableGroup choiceName3="ELLEN LEE ZHOU" votes1="25307.00000000000" points2="0.00000000000" /><nonTransferableGroup choiceName3="LONDON N. BREED" votes1="126563.00000000000" points2="0.00000000000" /><nonTransferableGroup choiceName3="MARC ROTH" votes1="0.00000000000" points2="0.00000000000" /><nonTransferableGroup choiceName3="Blanks" votes1="25927.00000000000" points2="0.00000000000" /><nonTransferableGroup choiceName3="Exhausted" votes1="486.00000000000" points2="0.00000000000" /><nonTransferableGroup choiceName3="Overvotes" votes1="619.00000000000" points2="0.00000000000" /><nonTransferableGroup choiceName3="Remainder Points" votes1="0.00000000000" points2="0.00000000000" /></nonTransferableGroup_Collection></Tablix5><Tablix9><TieReason_Collection><TieReason Textbox14="A tie occurred during " /><TieReason Textbox14="A tie occurred during " /><TieReason Textbox14="A tie occurred during " /><TieReason Textbox14="A tie occurred during " /><TieReason Textbox14="A tie occurred during " /><TieReason Textbox14="A tie occurred during " /><TieReason Textbox14="A tie occurred during " /><TieReason Textbox14="A tie occurred during " /><TieReason Textbox14="A tie occurred during " /><TieReason Textbox14="A tie occurred during " /><TieReason Textbox14="A tie occurred during " /></TieReason_Collection><DetailsTie_Collection><DetailsTie choiceName4="JOEL VENTRESCA" /><DetailsTie choiceName4="WILMA PANG" /><DetailsTie choiceName4="ROBERT L. JORDAN, JR." /><DetailsTie choiceName4="PAUL YBARRA ROBERTSON" /><DetailsTie choiceName4="ELLEN LEE ZHOU" /><DetailsTie choiceName4="LONDON N. BREED" /><DetailsTie choiceName4="MARC ROTH" /><DetailsTie choiceName4="Blanks" /><DetailsTie choiceName4="Exhausted" /><DetailsTie choiceName4="Overvotes" /><DetailsTie choiceName4="Remainder Points" /></DetailsTie_Collection><TieSelection_Collection><TieSelection Textbox2="The tie is broken by selecting JOEL VENTRESCA." /><TieSelection Textbox2="The tie is broken by selecting WILMA PANG." /><TieSelection Textbox2="The tie is broken by selecting ROBERT L. JORDAN, JR.." /><TieSelection Textbox2="The tie is broken by selecting PAUL YBARRA ROBERTSON." /><TieSelection Textbox2="The tie is broken by selecting ELLEN LEE ZHOU." /><TieSelection Textbox2="The tie is broken by selecting LONDON N. BREED." /><TieSelection Textbox2="The tie is broken by selecting MARC ROTH." /><TieSelection Textbox2="The tie is broken by selecting Blanks." /><TieSelection Textbox2="The tie is broken by selecting Exhausted." /><TieSelection Textbox2="The tie is broken by selecting Overvotes." /><TieSelection Textbox2="The tie is broken by selecting Remainder Points." /></TieSelection_Collection><StatusGroup_Collection><StatusGroup Textbox21="JOEL VENTRESCA is  because " /><StatusGroup Textbox21="WILMA PANG is eliminated because the candidate had the least amount of votes." /><StatusGroup Textbox21="ROBERT L. JORDAN, JR. is  because " /><StatusGroup Textbox21="PAUL YBARRA ROBERTSON is  because " /><StatusGroup Textbox21="ELLEN LEE ZHOU is  because " /><StatusGroup Textbox21="LONDON N. BREED is  because " /><StatusGroup Textbox21="MARC ROTH is  because " /><StatusGroup Textbox21="Blanks is  because " /><StatusGroup Textbox21="Exhausted is  because " /><StatusGroup Textbox21="Overvotes is  because " /><StatusGroup Textbox21="Remainder Points is  because " /></StatusGroup_Collection><sourceChoiceId_Collection><sourceChoiceId Textbox44=" transfer for candidate ." Textbox47=" ballots have been transferred in the following manner:"><choiceId_Collection><choiceId choiceName="ROBERT L. JORDAN, JR." /><choiceId choiceName="MARC ROTH" /><choiceId choiceName="Blanks" /><choiceId choiceName="Remainder Points" /></choiceId_Collection></sourceChoiceId><sourceChoiceId Textbox44="Elimination transfer for candidate WILMA PANG." Textbox47="5297 ballots have been transferred in the following manner:"><choiceId_Collection><choiceId sourceChoiceName="WILMA PANG" choiceName="JOEL VENTRESCA" ballotsTransferred3="917" transferFraction3="1.00000000000" votes5="917.00000000000" /><choiceId sourceChoiceName="WILMA PANG" choiceName="WILMA PANG" ballotsTransferred3="5297" transferFraction3="1.00000000000" votes5="-5297.00000000000" /><choiceId sourceChoiceName="WILMA PANG" choiceName="PAUL YBARRA ROBERTSON" ballotsTransferred3="1008" transferFraction3="1.00000000000" votes5="1008.00000000000" /><choiceId sourceChoiceName="WILMA PANG" choiceName="ELLEN LEE ZHOU" ballotsTransferred3="1637" transferFraction3="1.00000000000" votes5="1637.00000000000" /><choiceId sourceChoiceName="WILMA PANG" choiceName="LONDON N. BREED" ballotsTransferred3="680" transferFraction3="1.00000000000" votes5="680.00000000000" /><choiceId sourceChoiceName="WILMA PANG" choiceName="Exhausted" ballotsTransferred3="1041" transferFraction3="1.00000000000" votes5="1041.00000000000" /><choiceId sourceChoiceName="WILMA PANG" choiceName="Overvotes" ballotsTransferred3="14" transferFraction3="1.00000000000" votes5="14.00000000000" /></choiceId_Collection></sourceChoiceId></sourceChoiceId_Collection></Tablix9></roundGroup><roundGroup><Tablix5 Textbox86="Round 4" continuingVotes="178030.00000000000" points1="0.00000000000" nonTransferableVotes="28087.00000000000" nonTransferablePoints="0.00000000000" surplus="0.00000000000"><choiceGroup_Collection><choiceGroup choiceName2="JOEL VENTRESCA" votes="14531.00000000000" Textbox17="0.0816210750997022973656125372" points="0.00000000000" /><choiceGroup choiceName2="WILMA PANG" votes="0.00000000000" Textbox17="0" points="0.00000000000" /><choiceGroup choiceName2="ROBERT L. JORDAN, JR." votes="0.00000000000" Textbox17="0" points="0.00000000000" /><choiceGroup choiceName2="PAUL YBARRA ROBERTSON" votes="9312.00000000000" Textbox17="0.0523057911587934617761051508" points="0.00000000000" /><choiceGroup choiceName2="ELLEN LEE ZHOU" votes="26944.00000000000" Textbox17="0.1513452788855810818401393024" points="0.00000000000" /><choiceGroup choiceName2="LONDON N. BREED" votes="127243.00000000000" Textbox17="0.7147278548559231590181430096" points="0.00000000000" /><choiceGroup choiceName2="MARC ROTH" votes="0.00000000000" Textbox17="0" points="0.00000000000" /><choiceGroup choiceName2="Blanks" votes="25927.00000000000" Textbox17="0.1456327585238442959051845195" points="0.00000000000" /><choiceGroup choiceName2="Exhausted" votes="1527.00000000000" Textbox17="0.0085772060888614278492388923" points="0.00000000000" /><choiceGroup choiceName2="Overvotes" votes="633.00000000000" Textbox17="0.0035555805201370555524349829" points="0.00000000000" /><choiceGroup choiceName2="Remainder Points" votes="0.00000000000" Textbox17="0" points="0.00000000000" /></choiceGroup_Collection><nonTransferableGroup_Collection><nonTransferableGroup choiceName3="JOEL VENTRESCA" votes1="14531.00000000000" points2="0.00000000000" /><nonTransferableGroup choiceName3="WILMA PANG" votes1="0.00000000000" points2="0.00000000000" /><nonTransferableGroup choiceName3="ROBERT L. JORDAN, JR." votes1="0.00000000000" points2="0.00000000000" /><nonTransferableGroup choiceName3="PAUL YBARRA ROBERTSON" votes1="9312.00000000000" points2="0.00000000000" /><nonTransferableGroup choiceName3="ELLEN LEE ZHOU" votes1="26944.00000000000" points2="0.00000000000" /><nonTransferableGroup choiceName3="LONDON N. BREED" votes1="127243.00000000000" points2="0.00000000000" /><nonTransferableGroup choiceName3="MARC ROTH" votes1="0.00000000000" points2="0.00000000000" /><nonTransferableGroup choiceName3="Blanks" votes1="25927.00000000000" points2="0.00000000000" /><nonTransferableGroup choiceName3="Exhausted" votes1="1527.00000000000" points2="0.00000000000" /><nonTransferableGroup choiceName3="Overvotes" votes1="633.00000000000" points2="0.00000000000" /><nonTransferableGroup choiceName3="Remainder Points" votes1="0.00000000000" points2="0.00000000000" /></nonTransferableGroup_Collection></Tablix5><Tablix9><TieReason_Collection><TieReason Textbox14="A tie occurred during " /><TieReason Textbox14="A tie occurred during " /><TieReason Textbox14="A tie occurred during " /><TieReason Textbox14="A tie occurred during " /><TieReason Textbox14="A tie occurred during " /><TieReason Textbox14="A tie occurred during " /><TieReason Textbox14="A tie occurred during " /><TieReason Textbox14="A tie occurred during " /><TieReason Textbox14="A tie occurred during " /><TieReason Textbox14="A tie occurred during " /><TieReason Textbox14="A tie occurred during " /></TieReason_Collection><DetailsTie_Collection><DetailsTie choiceName4="JOEL VENTRESCA" /><DetailsTie choiceName4="WILMA PANG" /><DetailsTie choiceName4="ROBERT L. JORDAN, JR." /><DetailsTie choiceName4="PAUL YBARRA ROBERTSON" /><DetailsTie choiceName4="ELLEN LEE ZHOU" /><DetailsTie choiceName4="LONDON N. BREED" /><DetailsTie choiceName4="MARC ROTH" /><DetailsTie choiceName4="Blanks" /><DetailsTie choiceName4="Exhausted" /><DetailsTie choiceName4="Overvotes" /><DetailsTie choiceName4="Remainder Points" /></DetailsTie_Collection><TieSelection_Collection><TieSelection Textbox2="The tie is broken by selecting JOEL VENTRESCA." /><TieSelection Textbox2="The tie is broken by selecting WILMA PANG." /><TieSelection Textbox2="The tie is broken by selecting ROBERT L. JORDAN, JR.." /><TieSelection Textbox2="The tie is broken by selecting PAUL YBARRA ROBERTSON." /><TieSelection Textbox2="The tie is broken by selecting ELLEN LEE ZHOU." /><TieSelection Textbox2="The tie is broken by selecting LONDON N. BREED." /><TieSelection Textbox2="The tie is broken by selecting MARC ROTH." /><TieSelection Textbox2="The tie is broken by selecting Blanks." /><TieSelection Textbox2="The tie is broken by selecting Exhausted." /><TieSelection Textbox2="The tie is broken by selecting Overvotes." /><TieSelection Textbox2="The tie is broken by selecting Remainder Points." /></TieSelection_Collection><StatusGroup_Collection><StatusGroup Textbox21="JOEL VENTRESCA is  because " /><StatusGroup Textbox21="WILMA PANG is  because " /><StatusGroup Textbox21="ROBERT L. JORDAN, JR. is  because " /><StatusGroup Textbox21="PAUL YBARRA ROBERTSON is eliminated because the candidate had the least amount of votes." /><StatusGroup Textbox21="ELLEN LEE ZHOU is  because " /><StatusGroup Textbox21="LONDON N. BREED is  because " /><StatusGroup Textbox21="MARC ROTH is  because " /><StatusGroup Textbox21="Blanks is  because " /><StatusGroup Textbox21="Exhausted is  because " /><StatusGroup Textbox21="Overvotes is  because " /><StatusGroup Textbox21="Remainder Points is  because " /></StatusGroup_Collection><sourceChoiceId_Collection><sourceChoiceId Textbox44=" transfer for candidate ." Textbox47=" ballots have been transferred in the following manner:"><choiceId_Collection><choiceId choiceName="WILMA PANG" /><choiceId choiceName="ROBERT L. JORDAN, JR." /><choiceId choiceName="MARC ROTH" /><choiceId choiceName="Blanks" /><choiceId choiceName="Remainder Points" /></choiceId_Collection></sourceChoiceId><sourceChoiceId Textbox44="Elimination transfer for candidate PAUL YBARRA ROBERTSON." Textbox47="9312 ballots have been transferred in the following manner:"><choiceId_Collection><choiceId sourceChoiceName="PAUL YBARRA ROBERTSON" choiceName="JOEL VENTRESCA" ballotsTransferred3="2894" transferFraction3="1.00000000000" votes5="2894.00000000000" /><choiceId sourceChoiceName="PAUL YBARRA ROBERTSON" choiceName="PAUL YBARRA ROBERTSON" ballotsTransferred3="9312" transferFraction3="1.00000000000" votes5="-9312.00000000000" /><choiceId sourceChoiceName="PAUL YBARRA ROBERTSON" choiceName="ELLEN LEE ZHOU" ballotsTransferred3="2959" transferFraction3="1.00000000000" votes5="2959.00000000000" /><choiceId sourceChoiceName="PAUL YBARRA ROBERTSON" choiceName="LONDON N. BREED" ballotsTransferred3="1498" transferFraction3="1.00000000000" votes5="1498.00000000000" /><choiceId sourceChoiceName="PAUL YBARRA ROBERTSON" choiceName="Exhausted" ballotsTransferred3="1914" transferFraction3="1.00000000000" votes5="1914.00000000000" /><choiceId sourceChoiceName="PAUL YBARRA ROBERTSON" choiceName="Overvotes" ballotsTransferred3="47" transferFraction3="1.00000000000" votes5="47.00000000000" /></choiceId_Collection></sourceChoiceId></sourceChoiceId_Collection></Tablix9></roundGroup><roundGroup><Tablix5 Textbox86="Round 5" continuingVotes="176069.00000000000" points1="0.00000000000" nonTransferableVotes="30048.00000000000" nonTransferablePoints="0.00000000000" surplus="0.00000000000"><choiceGroup_Collection><choiceGroup choiceName2="JOEL VENTRESCA" votes="17425.00000000000" Textbox17="0.0989668823018248527565897461" points="0.00000000000" /><choiceGroup choiceName2="WILMA PANG" votes="0.00000000000" Textbox17="0" points="0.00000000000" /><choiceGroup choiceName2="ROBERT L. JORDAN, JR." votes="0.00000000000" Textbox17="0" points="0.00000000000" /><choiceGroup choiceName2="PAUL YBARRA ROBERTSON" votes="0.00000000000" Textbox17="0" points="0.00000000000" /><choiceGroup choiceName2="ELLEN LEE ZHOU" votes="29903.00000000000" Textbox17="0.1698368253355218692671623057" points="0.00000000000" /><choiceGroup choiceName2="LONDON N. BREED" votes="128741.00000000000" Textbox17="0.7311962923626532779762479482" points="0.00000000000" /><choiceGroup choiceName2="MARC ROTH" votes="0.00000000000" Textbox17="0" points="0.00000000000" /><choiceGroup choiceName2="Blanks" votes="25927.00000000000" Textbox17="0.1472547694369820922479255292" points="0.00000000000" /><choiceGroup choiceName2="Exhausted" votes="3441.00000000000" Textbox17="0.0195434744333187557150889708" points="0.00000000000" /><choiceGroup choiceName2="Overvotes" votes="680.00000000000" Textbox17="0.0038621222361687747417205755" points="0.00000000000" /><choiceGroup choiceName2="Remainder Points" votes="0.00000000000" Textbox17="0" points="0.00000000000" /></choiceGroup_Collection><nonTransferableGroup_Collection><nonTransferableGroup choiceName3="JOEL VENTRESCA" votes1="17425.00000000000" points2="0.00000000000" /><nonTransferableGroup choiceName3="WILMA PANG" votes1="0.00000000000" points2="0.00000000000" /><nonTransferableGroup choiceName3="ROBERT L. JORDAN, JR." votes1="0.00000000000" points2="0.00000000000" /><nonTransferableGroup choiceName3="PAUL YBARRA ROBERTSON" votes1="0.00000000000" points2="0.00000000000" /><nonTransferableGroup choiceName3="ELLEN LEE ZHOU" votes1="29903.00000000000" points2="0.00000000000" /><nonTransferableGroup choiceName3="LONDON N. BREED" votes1="128741.00000000000" points2="0.00000000000" /><nonTransferableGroup choiceName3="MARC ROTH" votes1="0.00000000000" points2="0.00000000000" /><nonTransferableGroup choiceName3="Blanks" votes1="25927.00000000000" points2="0.00000000000" /><nonTransferableGroup choiceName3="Exhausted" votes1="3441.00000000000" points2="0.00000000000" /><nonTransferableGroup choiceName3="Overvotes" votes1="680.00000000000" points2="0.00000000000" /><nonTransferableGroup choiceName3="Remainder Points" votes1="0.00000000000" points2="0.00000000000" /></nonTransferableGroup_Collection></Tablix5><Tablix9><TieReason_Collection><TieReason Textbox14="A tie occurred during " /><TieReason Textbox14="A tie occurred during " /><TieReason Textbox14="A tie occurred during " /><TieReason Textbox14="A tie occurred during " /><TieReason Textbox14="A tie occurred during " /><TieReason Textbox14="A tie occurred during " /><TieReason Textbox14="A tie occurred during " /><TieReason Textbox14="A tie occurred during " /><TieReason Textbox14="A tie occurred during " /><TieReason Textbox14="A tie occurred during " /><TieReason Textbox14="A tie occurred during " /></TieReason_Collection><DetailsTie_Collection><DetailsTie choiceName4="JOEL VENTRESCA" /><DetailsTie choiceName4="WILMA PANG" /><DetailsTie choiceName4="ROBERT L. JORDAN, JR." /><DetailsTie choiceName4="PAUL YBARRA ROBERTSON" /><DetailsTie choiceName4="ELLEN LEE ZHOU" /><DetailsTie choiceName4="LONDON N. BREED" /><DetailsTie choiceName4="MARC ROTH" /><DetailsTie choiceName4="Blanks" /><DetailsTie choiceName4="Exhausted" /><DetailsTie choiceName4="Overvotes" /><DetailsTie choiceName4="Remainder Points" /></DetailsTie_Collection><TieSelection_Collection><TieSelection Textbox2="The tie is broken by selecting JOEL VENTRESCA." /><TieSelection Textbox2="The tie is broken by selecting WILMA PANG." /><TieSelection Textbox2="The tie is broken by selecting ROBERT L. JORDAN, JR.." /><TieSelection Textbox2="The tie is broken by selecting PAUL YBARRA ROBERTSON." /><TieSelection Textbox2="The tie is broken by selecting ELLEN LEE ZHOU." /><TieSelection Textbox2="The tie is broken by selecting LONDON N. BREED." /><TieSelection Textbox2="The tie is broken by selecting MARC ROTH." /><TieSelection Textbox2="The tie is broken by selecting Blanks." /><TieSelection Textbox2="The tie is broken by selecting Exhausted." /><TieSelection Textbox2="The tie is broken by selecting Overvotes." /><TieSelection Textbox2="The tie is broken by selecting Remainder Points." /></TieSelection_Collection><StatusGroup_Collection><StatusGroup Textbox21="JOEL VENTRESCA is eliminated because the candidate had the least amount of votes." /><StatusGroup Textbox21="WILMA PANG is  because " /><StatusGroup Textbox21="ROBERT L. JORDAN, JR. is  because " /><StatusGroup Textbox21="PAUL YBARRA ROBERTSON is  because " /><StatusGroup Textbox21="ELLEN LEE ZHOU is  because " /><StatusGroup Textbox21="LONDON N. BREED is  because " /><StatusGroup Textbox21="MARC ROTH is  because " /><StatusGroup Textbox21="Blanks is  because " /><StatusGroup Textbox21="Exhausted is  because " /><StatusGroup Textbox21="Overvotes is  because " /><StatusGroup Textbox21="Remainder Points is  because " /></StatusGroup_Collection><sourceChoiceId_Collection><sourceChoiceId Textbox44=" transfer for candidate ." Textbox47=" ballots have been transferred in the following manner:"><choiceId_Collection><choiceId choiceName="WILMA PANG" /><choiceId choiceName="ROBERT L. JORDAN, JR." /><choiceId choiceName="PAUL YBARRA ROBERTSON" /><choiceId choiceName="MARC ROTH" /><choiceId choiceName="Blanks" /><choiceId choiceName="Remainder Points" /></choiceId_Collection></sourceChoiceId><sourceChoiceId Textbox44="Elimination transfer for candidate JOEL VENTRESCA." Textbox47="17425 ballots have been transferred in the following manner:"><choiceId_Collection><choiceId sourceChoiceName="JOEL VENTRESCA" choiceName="JOEL VENTRESCA" ballotsTransferred3="17425" transferFraction3="1.00000000000" votes5="-17425.00000000000" /><choiceId sourceChoiceName="JOEL VENTRESCA" choiceName="ELLEN LEE ZHOU" ballotsTransferred3="5803" transferFraction3="1.00000000000" votes5="5803.00000000000" /><choiceId sourceChoiceName="JOEL VENTRESCA" choiceName="LONDON N. BREED" ballotsTransferred3="5604" transferFraction3="1.00000000000" votes5="5604.00000000000" /><choiceId sourceChoiceName="JOEL VENTRESCA" choiceName="Exhausted" ballotsTransferred3="5942" transferFraction3="1.00000000000" votes5="5942.00000000000" /><choiceId sourceChoiceName="JOEL VENTRESCA" choiceName="Overvotes" ballotsTransferred3="76" transferFraction3="1.00000000000" votes5="76.00000000000" /></choiceId_Collection></sourceChoiceId></sourceChoiceId_Collection></Tablix9></roundGroup><roundGroup><Tablix5 Textbox86="Round 6" continuingVotes="170051.00000000000" points1="0.00000000000" nonTransferableVotes="36066.00000000000" nonTransferablePoints="0.00000000000" surplus="0.00000000000"><choiceGroup_Collection><choiceGroup choiceName2="JOEL VENTRESCA" votes="0.00000000000" Textbox17="0" points="0.00000000000" /><choiceGroup choiceName2="WILMA PANG" votes="0.00000000000" Textbox17="0" points="0.00000000000" /><choiceGroup choiceName2="ROBERT L. JORDAN, JR." votes="0.00000000000" Textbox17="0" points="0.00000000000" /><choiceGroup choiceName2="PAUL YBARRA ROBERTSON" votes="0.00000000000" Textbox17="0" points="0.00000000000" /><choiceGroup choiceName2="ELLEN LEE ZHOU" votes="35706.00000000000" Textbox17="0.2099723024269189831285908345" points="0.00000000000" /><choiceGroup choiceName2="LONDON N. BREED" votes="134345.00000000000" Textbox17="0.7900276975730810168714091655" points="0.00000000000" /><choiceGroup choiceName2="MARC ROTH" votes="0.00000000000" Textbox17="0" points="0.00000000000" /><choiceGroup choiceName2="Blanks" votes="25927.00000000000" Textbox17="0.152466024898412829092448736" points="0.00000000000" /><choiceGroup choiceName2="Exhausted" votes="9383.00000000000" Textbox17="0.0551775643777454998794479303" points="0.00000000000" /><choiceGroup choiceName2="Overvotes" votes="756.00000000000" Textbox17="0.0044457251059976124809615939" points="0.00000000000" /><choiceGroup choiceName2="Remainder Points" votes="0.00000000000" Textbox17="0" points="0.00000000000" /></choiceGroup_Collection><nonTransferableGroup_Collection><nonTransferableGroup choiceName3="JOEL VENTRESCA" votes1="0.00000000000" points2="0.00000000000" /><nonTransferableGroup choiceName3="WILMA PANG" votes1="0.00000000000" points2="0.00000000000" /><nonTransferableGroup choiceName3="ROBERT L. JORDAN, JR." votes1="0.00000000000" points2="0.00000000000" /><nonTransferableGroup choiceName3="PAUL YBARRA ROBERTSON" votes1="0.00000000000" points2="0.00000000000" /><nonTransferableGroup choiceName3="ELLEN LEE ZHOU" votes1="35706.00000000000" points2="0.00000000000" /><nonTransferableGroup choiceName3="LONDON N. BREED" votes1="134345.00000000000" points2="0.00000000000" /><nonTransferableGroup choiceName3="MARC ROTH" votes1="0.00000000000" points2="0.00000000000" /><nonTransferableGroup choiceName3="Blanks" votes1="25927.00000000000" points2="0.00000000000" /><nonTransferableGroup choiceName3="Exhausted" votes1="9383.00000000000" points2="0.00000000000" /><nonTransferableGroup choiceName3="Overvotes" votes1="756.00000000000" points2="0.00000000000" /><nonTransferableGroup choiceName3="Remainder Points" votes1="0.00000000000" points2="0.00000000000" /></nonTransferableGroup_Collection></Tablix5><Tablix9><TieReason_Collection><TieReason Textbox14="A tie occurred during " /><TieReason Textbox14="A tie occurred during " /><TieReason Textbox14="A tie occurred during " /><TieReason Textbox14="A tie occurred during " /><TieReason Textbox14="A tie occurred during " /><TieReason Textbox14="A tie occurred during " /><TieReason Textbox14="A tie occurred during " /><TieReason Textbox14="A tie occurred during " /><TieReason Textbox14="A tie occurred during " /><TieReason Textbox14="A tie occurred during " /><TieReason Textbox14="A tie occurred during " /></TieReason_Collection><DetailsTie_Collection><DetailsTie choiceName4="JOEL VENTRESCA" /><DetailsTie choiceName4="WILMA PANG" /><DetailsTie choiceName4="ROBERT L. JORDAN, JR." /><DetailsTie choiceName4="PAUL YBARRA ROBERTSON" /><DetailsTie choiceName4="ELLEN LEE ZHOU" /><DetailsTie choiceName4="LONDON N. BREED" /><DetailsTie choiceName4="MARC ROTH" /><DetailsTie choiceName4="Blanks" /><DetailsTie choiceName4="Exhausted" /><DetailsTie choiceName4="Overvotes" /><DetailsTie choiceName4="Remainder Points" /></DetailsTie_Collection><TieSelection_Collection><TieSelection Textbox2="The tie is broken by selecting JOEL VENTRESCA." /><TieSelection Textbox2="The tie is broken by selecting WILMA PANG." /><TieSelection Textbox2="The tie is broken by selecting ROBERT L. JORDAN, JR.." /><TieSelection Textbox2="The tie is broken by selecting PAUL YBARRA ROBERTSON." /><TieSelection Textbox2="The tie is broken by selecting ELLEN LEE ZHOU." /><TieSelection Textbox2="The tie is broken by selecting LONDON N. BREED." /><TieSelection Textbox2="The tie is broken by selecting MARC ROTH." /><TieSelection Textbox2="The tie is broken by selecting Blanks." /><TieSelection Textbox2="The tie is broken by selecting Exhausted." /><TieSelection Textbox2="The tie is broken by selecting Overvotes." /><TieSelection Textbox2="The tie is broken by selecting Remainder Points." /></TieSelection_Collection><StatusGroup_Collection><StatusGroup Textbox21="JOEL VENTRESCA is  because " /><StatusGroup Textbox21="WILMA PANG is  because " /><StatusGroup Textbox21="ROBERT L. JORDAN, JR. is  because " /><StatusGroup Textbox21="PAUL YBARRA ROBERTSON is  because " /><StatusGroup Textbox21="ELLEN LEE ZHOU is eliminated because the candidate was not elected in the last round." /><StatusGroup Textbox21="LONDON N. BREED is elected because all other candidates have been eliminated." /><StatusGroup Textbox21="MARC ROTH is  because " /><StatusGroup Textbox21="Blanks is  because " /><StatusGroup Textbox21="Exhausted is  because " /><StatusGroup Textbox21="Overvotes is  because " /><StatusGroup Textbox21="Remainder Points is  because " /></StatusGroup_Collection><sourceChoiceId_Collection><sourceChoiceId Textbox44=" transfer for candidate ." Textbox47=" ballots have been transferred in the following manner:"><choiceId_Collection><choiceId choiceName="JOEL VENTRESCA" /><choiceId choiceName="WILMA PANG" /><choiceId choiceName="ROBERT L. JORDAN, JR." /><choiceId choiceName="PAUL YBARRA ROBERTSON" /><choiceId choiceName="ELLEN LEE ZHOU" /><choiceId choiceName="LONDON N. BREED" /><choiceId choiceName="MARC ROTH" /><choiceId choiceName="Blanks" /><choiceId choiceName="Exhausted" /><choiceId choiceName="Overvotes" /><choiceId choiceName="Remainder Points" /></choiceId_Collection></sourceChoiceId></sourceChoiceId_Collection></Tablix9></roundGroup></roundGroup_Collection></Tablix10></precinctGroup></precinctGroup_Collection></Tablix6></Report>