﻿<?xml version="1.0" encoding="utf-8"?><Report xsi:schemaLocation="RcvDetailedReport http://emsserver/ReportServer?%2FEMSApplicationServerReports%2FRcvDetailedReport&amp;rs%3ACommand=Render&amp;rs%3AFormat=XML&amp;rs%3ASessionID=s3x1zkaocjcrxt45pa5yt0bh&amp;rc%3ASchema=True" Name="RcvDetailedReport" xmlns:xsi="http://www.w3.org/2001/XMLSchema-instance" xmlns="RcvDetailedReport"><Title><Report Name="Title" Textbox11="RCV Detailed Report" Textbox3="General Election" Textbox2="City and County of San Francisco" Textbox9="2019-11-05T00:00:00" Textbox12="" Textbox8="RCV Detail Report 10&#xA;City and County of San Francisco&#xA;November 5, 2019, Consolidated Municipal Election" /></Title><RcvStaticData><Report Name="RcvStaticData"><Tablix2 Textbox24="MAYOR" Textbox21="Official results" Textbox53="Number of positions to elect is 1." state="All Positions Filled" timeStamp="2019-11-12T15:44:51.367" /><Tablix3 Textbox36="IRV" Textbox41="True" winnersByThreshold="False" usesDistricts="True" previousRoundsEvaluation="None" eliminationType="Single" fixedPrecisionDecimals="0" performEliminationTransferInLastRound="False" skipOvervotedRankings="False" votesToInThresholdCalculation="Continuing ballots per round" useFirstRoundSuspension="False" /></Report></RcvStaticData><Tablix6><precinctGroup_Collection><precinctGroup Textbox35="City and County of San Francisco"><Tablix10><roundGroup_Collection><roundGroup><Tablix5 Textbox86="Round 1" continuingVotes="179514.00000000000" points1="0.00000000000" nonTransferableVotes="26520.00000000000" nonTransferablePoints="0.00000000000" surplus="0.00000000000"><choiceGroup_Collection><choiceGroup choiceName2="JOEL VENTRESCA" votes="13276.00000000000" Textbox17="0.073955234689216439943402743" points="0.00000000000" /><choiceGroup choiceName2="WILMA PANG" votes="4960.00000000000" Textbox17="0.0276301569793999353810844837" points="0.00000000000" /><choiceGroup choiceName2="ROBERT L. JORDAN, JR." votes="2458.00000000000" Textbox17="0.0136925253740655324932874316" points="0.00000000000" /><choiceGroup choiceName2="PAUL YBARRA ROBERTSON" votes="7646.00000000000" Textbox17="0.0425927782791314326459217665" points="0.00000000000" /><choiceGroup choiceName2="ELLEN LEE ZHOU" votes="24990.00000000000" Textbox17="0.139209198168387980881713961" points="0.00000000000" /><choiceGroup choiceName2="LONDON N. BREED" votes="126177.00000000000" Textbox17="0.7028811123366422674554630837" points="0.00000000000" /><choiceGroup choiceName2="MARC ROTH" votes="7.00000000000" Textbox17="0.0000389941731564111991265305" points="0.00000000000" /><choiceGroup choiceName2="Blanks" votes="25919.00000000000" Textbox17="0.1443842820058602671657920831" points="0.00000000000" /><choiceGroup choiceName2="Exhausted" votes="0.00000000000" Textbox17="0" points="0.00000000000" /><choiceGroup choiceName2="Overvotes" votes="601.00000000000" Textbox17="0.0033479282952861615250064062" points="0.00000000000" /><choiceGroup choiceName2="Remainder Points" votes="0.00000000000" Textbox17="0" points="0.00000000000" /></choiceGroup_Collection><nonTransferableGroup_Collection><nonTransferableGroup choiceName3="JOEL VENTRESCA" votes1="13276.00000000000" points2="0.00000000000" /><nonTransferableGroup choiceName3="WILMA PANG" votes1="4960.00000000000" points2="0.00000000000" /><nonTransferableGroup choiceName3="ROBERT L. JORDAN, JR." votes1="2458.00000000000" points2="0.00000000000" /><nonTransferableGroup choiceName3="PAUL YBARRA ROBERTSON" votes1="7646.00000000000" points2="0.00000000000" /><nonTransferableGroup choiceName3="ELLEN LEE ZHOU" votes1="24990.00000000000" points2="0.00000000000" /><nonTransferableGroup choiceName3="LONDON N. BREED" votes1="126177.00000000000" points2="0.00000000000" /><nonTransferableGroup choiceName3="MARC ROTH" votes1="7.00000000000" points2="0.00000000000" /><nonTransferableGroup choiceName3="Blanks" votes1="25919.00000000000" points2="0.00000000000" /><nonTransferableGroup choiceName3="Exhausted" votes1="0.00000000000" points2="0.00000000000" /><nonTransferableGroup choiceName3="Overvotes" votes1="601.00000000000" points2="0.00000000000" /><nonTransferableGroup choiceName3="Remainder Points" votes1="0.00000000000" points2="0.00000000000" /></nonTransferableGroup_Collection></Tablix5><Tablix9><TieReason_Collection><TieReason Textbox14="A tie occurred during " /><TieReason Textbox14="A tie occurred during " /><TieReason Textbox14="A tie occurred during " /><TieReason Textbox14="A tie occurred during " /><TieReason Textbox14="A tie occurred during " /><TieReason Textbox14="A tie occurred during " /><TieReason Textbox14="A tie occurred during " /><TieReason Textbox14="A tie occurred during " /><TieReason Textbox14="A tie occurred during " /><TieReason Textbox14="A tie occurred during " /><TieReason Textbox14="A tie occurred during " /></TieReason_Collection><DetailsTie_Collection><DetailsTie choiceName4="JOEL VENTRESCA" /><DetailsTie choiceName4="WILMA PANG" /><DetailsTie choiceName4="ROBERT L. JORDAN, JR." /><DetailsTie choiceName4="PAUL YBARRA ROBERTSON" /><DetailsTie choiceName4="ELLEN LEE ZHOU" /><DetailsTie choiceName4="LONDON N. BREED" /><DetailsTie choiceName4="MARC ROTH" /><DetailsTie choiceName4="Blanks" /><DetailsTie choiceName4="Exhausted" /><DetailsTie choiceName4="Overvotes" /><DetailsTie choiceName4="Remainder Points" /></DetailsTie_Collection><TieSelection_Collection><TieSelection Textbox2="The tie is broken by selecting JOEL VENTRESCA." /><TieSelection Textbox2="The tie is broken by selecting WILMA PANG." /><TieSelection Textbox2="The tie is broken by selecting ROBERT L. JORDAN, JR.." /><TieSelection Textbox2="The tie is broken by selecting PAUL YBARRA ROBERTSON." /><TieSelection Textbox2="The tie is broken by selecting ELLEN LEE ZHOU." /><TieSelection Textbox2="The tie is broken by selecting LONDON N. BREED." /><TieSelection Textbox2="The tie is broken by selecting MARC ROTH." /><TieSelection Textbox2="The tie is broken by selecting Blanks." /><TieSelection Textbox2="The tie is broken by selecting Exhausted." /><TieSelection Textbox2="The tie is broken by selecting Overvotes." /><TieSelection Textbox2="The tie is broken by selecting Remainder Points." /></TieSelection_Collection><StatusGroup_Collection><StatusGroup Textbox21="JOEL VENTRESCA is  because " /><StatusGroup Textbox21="WILMA PANG is  because " /><StatusGroup Textbox21="ROBERT L. JORDAN, JR. is  because " /><StatusGroup Textbox21="PAUL YBARRA ROBERTSON is  because " /><StatusGroup Textbox21="ELLEN LEE ZHOU is  because " /><StatusGroup Textbox21="LONDON N. BREED is  because " /><StatusGroup Textbox21="MARC ROTH is eliminated because the candidate had the least amount of votes." /><StatusGroup Textbox21="Blanks is  because " /><StatusGroup Textbox21="Exhausted is  because " /><StatusGroup Textbox21="Overvotes is  because " /><StatusGroup Textbox21="Remainder Points is  because " /></StatusGroup_Collection><sourceChoiceId_Collection><sourceChoiceId Textbox44=" transfer for candidate ." Textbox47=" ballots have been transferred in the following manner:"><choiceId_Collection><choiceId choiceName="PAUL YBARRA ROBERTSON" /><choiceId choiceName="ELLEN LEE ZHOU" /><choiceId choiceName="Blanks" /><choiceId choiceName="Overvotes" /><choiceId choiceName="Remainder Points" /></choiceId_Collection></sourceChoiceId><sourceChoiceId Textbox44="Elimination transfer for candidate MARC ROTH." Textbox47="7 ballots have been transferred in the following manner:"><choiceId_Collection><choiceId sourceChoiceName="MARC ROTH" choiceName="JOEL VENTRESCA" ballotsTransferred3="3" transferFraction3="1.00000000000" votes5="3.00000000000" /><choiceId sourceChoiceName="MARC ROTH" choiceName="WILMA PANG" ballotsTransferred3="1" transferFraction3="1.00000000000" votes5="1.00000000000" /><choiceId sourceChoiceName="MARC ROTH" choiceName="ROBERT L. JORDAN, JR." ballotsTransferred3="1" transferFraction3="1.00000000000" votes5="1.00000000000" /><choiceId sourceChoiceName="MARC ROTH" choiceName="LONDON N. BREED" ballotsTransferred3="1" transferFraction3="1.00000000000" votes5="1.00000000000" /><choiceId sourceChoiceName="MARC ROTH" choiceName="MARC ROTH" ballotsTransferred3="7" transferFraction3="1.00000000000" votes5="-7.00000000000" /><choiceId sourceChoiceName="MARC ROTH" choiceName="Exhausted" ballotsTransferred3="1" transferFraction3="1.00000000000" votes5="1.00000000000" /></choiceId_Collection></sourceChoiceId></sourceChoiceId_Collection></Tablix9></roundGroup><roundGroup><Tablix5 Textbox86="Round 2" continuingVotes="179513.00000000000" points1="0.00000000000" nonTransferableVotes="26521.00000000000" nonTransferablePoints="0.00000000000" surplus="0.00000000000"><choiceGroup_Collection><choiceGroup choiceName2="JOEL VENTRESCA" votes="13279.00000000000" Textbox17="0.0739723585478489023079108477" points="0.00000000000" /><choiceGroup choiceName2="WILMA PANG" votes="4961.00000000000" Textbox17="0.0276358815239007759883685304" points="0.00000000000" /><choiceGroup choiceName2="ROBERT L. JORDAN, JR." votes="2459.00000000000" Textbox17="0.0136981722772166918273328394" points="0.00000000000" /><choiceGroup choiceName2="PAUL YBARRA ROBERTSON" votes="7646.00000000000" Textbox17="0.0425930155476205065928372876" points="0.00000000000" /><choiceGroup choiceName2="ELLEN LEE ZHOU" votes="24990.00000000000" Textbox17="0.1392099736509333585868432927" points="0.00000000000" /><choiceGroup choiceName2="LONDON N. BREED" votes="126178.00000000000" Textbox17="0.7028905984524797646967072023" points="0.00000000000" /><choiceGroup choiceName2="MARC ROTH" votes="0.00000000000" Textbox17="0" points="0.00000000000" /><choiceGroup choiceName2="Blanks" votes="25919.00000000000" Textbox17="0.1443850863168684162149816448" points="0.00000000000" /><choiceGroup choiceName2="Exhausted" votes="1.00000000000" Textbox17="0.0000055706271969161007837872" points="0.00000000000" /><choiceGroup choiceName2="Overvotes" votes="601.00000000000" Textbox17="0.0033479469453465765710561352" points="0.00000000000" /><choiceGroup choiceName2="Remainder Points" votes="0.00000000000" Textbox17="0" points="0.00000000000" /></choiceGroup_Collection><nonTransferableGroup_Collection><nonTransferableGroup choiceName3="JOEL VENTRESCA" votes1="13279.00000000000" points2="0.00000000000" /><nonTransferableGroup choiceName3="WILMA PANG" votes1="4961.00000000000" points2="0.00000000000" /><nonTransferableGroup choiceName3="ROBERT L. JORDAN, JR." votes1="2459.00000000000" points2="0.00000000000" /><nonTransferableGroup choiceName3="PAUL YBARRA ROBERTSON" votes1="7646.00000000000" points2="0.00000000000" /><nonTransferableGroup choiceName3="ELLEN LEE ZHOU" votes1="24990.00000000000" points2="0.00000000000" /><nonTransferableGroup choiceName3="LONDON N. BREED" votes1="126178.00000000000" points2="0.00000000000" /><nonTransferableGroup choiceName3="MARC ROTH" votes1="0.00000000000" points2="0.00000000000" /><nonTransferableGroup choiceName3="Blanks" votes1="25919.00000000000" points2="0.00000000000" /><nonTransferableGroup choiceName3="Exhausted" votes1="1.00000000000" points2="0.00000000000" /><nonTransferableGroup choiceName3="Overvotes" votes1="601.00000000000" points2="0.00000000000" /><nonTransferableGroup choiceName3="Remainder Points" votes1="0.00000000000" points2="0.00000000000" /></nonTransferableGroup_Collection></Tablix5><Tablix9><TieReason_Collection><TieReason Textbox14="A tie occurred during " /><TieReason Textbox14="A tie occurred during " /><TieReason Textbox14="A tie occurred during " /><TieReason Textbox14="A tie occurred during " /><TieReason Textbox14="A tie occurred during " /><TieReason Textbox14="A tie occurred during " /><TieReason Textbox14="A tie occurred during " /><TieReason Textbox14="A tie occurred during " /><TieReason Textbox14="A tie occurred during " /><TieReason Textbox14="A tie occurred during " /><TieReason Textbox14="A tie occurred during " /></TieReason_Collection><DetailsTie_Collection><DetailsTie choiceName4="JOEL VENTRESCA" /><DetailsTie choiceName4="WILMA PANG" /><DetailsTie choiceName4="ROBERT L. JORDAN, JR." /><DetailsTie choiceName4="PAUL YBARRA ROBERTSON" /><DetailsTie choiceName4="ELLEN LEE ZHOU" /><DetailsTie choiceName4="LONDON N. BREED" /><DetailsTie choiceName4="MARC ROTH" /><DetailsTie choiceName4="Blanks" /><DetailsTie choiceName4="Exhausted" /><DetailsTie choiceName4="Overvotes" /><DetailsTie choiceName4="Remainder Points" /></DetailsTie_Collection><TieSelection_Collection><TieSelection Textbox2="The tie is broken by selecting JOEL VENTRESCA." /><TieSelection Textbox2="The tie is broken by selecting WILMA PANG." /><TieSelection Textbox2="The tie is broken by selecting ROBERT L. JORDAN, JR.." /><TieSelection Textbox2="The tie is broken by selecting PAUL YBARRA ROBERTSON." /><TieSelection Textbox2="The tie is broken by selecting ELLEN LEE ZHOU." /><TieSelection Textbox2="The tie is broken by selecting LONDON N. BREED." /><TieSelection Textbox2="The tie is broken by selecting MARC ROTH." /><TieSelection Textbox2="The tie is broken by selecting Blanks." /><TieSelection Textbox2="The tie is broken by selecting Exhausted." /><TieSelection Textbox2="The tie is broken by selecting Overvotes." /><TieSelection Textbox2="The tie is broken by selecting Remainder Points." /></TieSelection_Collection><StatusGroup_Collection><StatusGroup Textbox21="JOEL VENTRESCA is  because " /><StatusGroup Textbox21="WILMA PANG is  because " /><StatusGroup Textbox21="ROBERT L. JORDAN, JR. is eliminated because the candidate had the least amount of votes." /><StatusGroup Textbox21="PAUL YBARRA ROBERTSON is  because " /><StatusGroup Textbox21="ELLEN LEE ZHOU is  because " /><StatusGroup Textbox21="LONDON N. BREED is  because " /><StatusGroup Textbox21="MARC ROTH is  because " /><StatusGroup Textbox21="Blanks is  because " /><StatusGroup Textbox21="Exhausted is  because " /><StatusGroup Textbox21="Overvotes is  because " /><StatusGroup Textbox21="Remainder Points is  because " /></StatusGroup_Collection><sourceChoiceId_Collection><sourceChoiceId Textbox44=" transfer for candidate ." Textbox47=" ballots have been transferred in the following manner:"><choiceId_Collection><choiceId choiceName="MARC ROTH" /><choiceId choiceName="Blanks" /><choiceId choiceName="Remainder Points" /></choiceId_Collection></sourceChoiceId><sourceChoiceId Textbox44="Elimination transfer for candidate ROBERT L. JORDAN, JR.." Textbox47="2459 ballots have been transferred in the following manner:"><choiceId_Collection><choiceId sourceChoiceName="ROBERT L. JORDAN, JR." choiceName="JOEL VENTRESCA" ballotsTransferred3="328" transferFraction3="1.00000000000" votes5="328.00000000000" /><choiceId sourceChoiceName="ROBERT L. JORDAN, JR." choiceName="WILMA PANG" ballotsTransferred3="333" transferFraction3="1.00000000000" votes5="333.00000000000" /><choiceId sourceChoiceName="ROBERT L. JORDAN, JR." choiceName="ROBERT L. JORDAN, JR." ballotsTransferred3="2459" transferFraction3="1.00000000000" votes5="-2459.00000000000" /><choiceId sourceChoiceName="ROBERT L. JORDAN, JR." choiceName="PAUL YBARRA ROBERTSON" ballotsTransferred3="655" transferFraction3="1.00000000000" votes5="655.00000000000" /><choiceId sourceChoiceName="ROBERT L. JORDAN, JR." choiceName="ELLEN LEE ZHOU" ballotsTransferred3="301" transferFraction3="1.00000000000" votes5="301.00000000000" /><choiceId sourceChoiceName="ROBERT L. JORDAN, JR." choiceName="LONDON N. BREED" ballotsTransferred3="341" transferFraction3="1.00000000000" votes5="341.00000000000" /><choiceId sourceChoiceName="ROBERT L. JORDAN, JR." choiceName="Exhausted" ballotsTransferred3="485" transferFraction3="1.00000000000" votes5="485.00000000000" /><choiceId sourceChoiceName="ROBERT L. JORDAN, JR." choiceName="Overvotes" ballotsTransferred3="16" transferFraction3="1.00000000000" votes5="16.00000000000" /></choiceId_Collection></sourceChoiceId></sourceChoiceId_Collection></Tablix9></roundGroup><roundGroup><Tablix5 Textbox86="Round 3" continuingVotes="179012.00000000000" points1="0.00000000000" nonTransferableVotes="27022.00000000000" nonTransferablePoints="0.00000000000" surplus="0.00000000000"><choiceGroup_Collection><choiceGroup choiceName2="JOEL VENTRESCA" votes="13607.00000000000" Textbox17="0.0760116640225236297008021809" points="0.00000000000" /><choiceGroup choiceName2="WILMA PANG" votes="5294.00000000000" Textbox17="0.029573436417670323777176949" points="0.00000000000" /><choiceGroup choiceName2="ROBERT L. JORDAN, JR." votes="0.00000000000" Textbox17="0" points="0.00000000000" /><choiceGroup choiceName2="PAUL YBARRA ROBERTSON" votes="8301.00000000000" Textbox17="0.0463711929926485375282103993" points="0.00000000000" /><choiceGroup choiceName2="ELLEN LEE ZHOU" votes="25291.00000000000" Textbox17="0.1412810314392331240363774496" points="0.00000000000" /><choiceGroup choiceName2="LONDON N. BREED" votes="126519.00000000000" Textbox17="0.7067626751279243849574330212" points="0.00000000000" /><choiceGroup choiceName2="MARC ROTH" votes="0.00000000000" Textbox17="0" points="0.00000000000" /><choiceGroup choiceName2="Blanks" votes="25919.00000000000" Textbox17="0.1447891761446160033964203517" points="0.00000000000" /><choiceGroup choiceName2="Exhausted" votes="486.00000000000" Textbox17="0.0027149017942931200143007173" points="0.00000000000" /><choiceGroup choiceName2="Overvotes" votes="617.00000000000" Textbox17="0.0034466963108618416642459723" points="0.00000000000" /><choiceGroup choiceName2="Remainder Points" votes="0.00000000000" Textbox17="0" points="0.00000000000" /></choiceGroup_Collection><nonTransferableGroup_Collection><nonTransferableGroup choiceName3="JOEL VENTRESCA" votes1="13607.00000000000" points2="0.00000000000" /><nonTransferableGroup choiceName3="WILMA PANG" votes1="5294.00000000000" points2="0.00000000000" /><nonTransferableGroup choiceName3="ROBERT L. JORDAN, JR." votes1="0.00000000000" points2="0.00000000000" /><nonTransferableGroup choiceName3="PAUL YBARRA ROBERTSON" votes1="8301.00000000000" points2="0.00000000000" /><nonTransferableGroup choiceName3="ELLEN LEE ZHOU" votes1="25291.00000000000" points2="0.00000000000" /><nonTransferableGroup choiceName3="LONDON N. BREED" votes1="126519.00000000000" points2="0.00000000000" /><nonTransferableGroup choiceName3="MARC ROTH" votes1="0.00000000000" points2="0.00000000000" /><nonTransferableGroup choiceName3="Blanks" votes1="25919.00000000000" points2="0.00000000000" /><nonTransferableGroup choiceName3="Exhausted" votes1="486.00000000000" points2="0.00000000000" /><nonTransferableGroup choiceName3="Overvotes" votes1="617.00000000000" points2="0.00000000000" /><nonTransferableGroup choiceName3="Remainder Points" votes1="0.00000000000" points2="0.00000000000" /></nonTransferableGroup_Collection></Tablix5><Tablix9><TieReason_Collection><TieReason Textbox14="A tie occurred during " /><TieReason Textbox14="A tie occurred during " /><TieReason Textbox14="A tie occurred during " /><TieReason Textbox14="A tie occurred during " /><TieReason Textbox14="A tie occurred during " /><TieReason Textbox14="A tie occurred during " /><TieReason Textbox14="A tie occurred during " /><TieReason Textbox14="A tie occurred during " /><TieReason Textbox14="A tie occurred during " /><TieReason Textbox14="A tie occurred during " /><TieReason Textbox14="A tie occurred during " /></TieReason_Collection><DetailsTie_Collection><DetailsTie choiceName4="JOEL VENTRESCA" /><DetailsTie choiceName4="WILMA PANG" /><DetailsTie choiceName4="ROBERT L. JORDAN, JR." /><DetailsTie choiceName4="PAUL YBARRA ROBERTSON" /><DetailsTie choiceName4="ELLEN LEE ZHOU" /><DetailsTie choiceName4="LONDON N. BREED" /><DetailsTie choiceName4="MARC ROTH" /><DetailsTie choiceName4="Blanks" /><DetailsTie choiceName4="Exhausted" /><DetailsTie choiceName4="Overvotes" /><DetailsTie choiceName4="Remainder Points" /></DetailsTie_Collection><TieSelection_Collection><TieSelection Textbox2="The tie is broken by selecting JOEL VENTRESCA." /><TieSelection Textbox2="The tie is broken by selecting WILMA PANG." /><TieSelection Textbox2="The tie is broken by selecting ROBERT L. JORDAN, JR.." /><TieSelection Textbox2="The tie is broken by selecting PAUL YBARRA ROBERTSON." /><TieSelection Textbox2="The tie is broken by selecting ELLEN LEE ZHOU." /><TieSelection Textbox2="The tie is broken by selecting LONDON N. BREED." /><TieSelection Textbox2="The tie is broken by selecting MARC ROTH." /><TieSelection Textbox2="The tie is broken by selecting Blanks." /><TieSelection Textbox2="The tie is broken by selecting Exhausted." /><TieSelection Textbox2="The tie is broken by selecting Overvotes." /><TieSelection Textbox2="The tie is broken by selecting Remainder Points." /></TieSelection_Collection><StatusGroup_Collection><StatusGroup Textbox21="JOEL VENTRESCA is  because " /><StatusGroup Textbox21="WILMA PANG is eliminated because the candidate had the least amount of votes." /><StatusGroup Textbox21="ROBERT L. JORDAN, JR. is  because " /><StatusGroup Textbox21="PAUL YBARRA ROBERTSON is  because " /><StatusGroup Textbox21="ELLEN LEE ZHOU is  because " /><StatusGroup Textbox21="LONDON N. BREED is  because " /><StatusGroup Textbox21="MARC ROTH is  because " /><StatusGroup Textbox21="Blanks is  because " /><StatusGroup Textbox21="Exhausted is  because " /><StatusGroup Textbox21="Overvotes is  because " /><StatusGroup Textbox21="Remainder Points is  because " /></StatusGroup_Collection><sourceChoiceId_Collection><sourceChoiceId Textbox44=" transfer for candidate ." Textbox47=" ballots have been transferred in the following manner:"><choiceId_Collection><choiceId choiceName="ROBERT L. JORDAN, JR." /><choiceId choiceName="MARC ROTH" /><choiceId choiceName="Blanks" /><choiceId choiceName="Remainder Points" /></choiceId_Collection></sourceChoiceId><sourceChoiceId Textbox44="Elimination transfer for candidate WILMA PANG." Textbox47="5294 ballots have been transferred in the following manner:"><choiceId_Collection><choiceId sourceChoiceName="WILMA PANG" choiceName="JOEL VENTRESCA" ballotsTransferred3="916" transferFraction3="1.00000000000" votes5="916.00000000000" /><choiceId sourceChoiceName="WILMA PANG" choiceName="WILMA PANG" ballotsTransferred3="5294" transferFraction3="1.00000000000" votes5="-5294.00000000000" /><choiceId sourceChoiceName="WILMA PANG" choiceName="PAUL YBARRA ROBERTSON" ballotsTransferred3="1008" transferFraction3="1.00000000000" votes5="1008.00000000000" /><choiceId sourceChoiceName="WILMA PANG" choiceName="ELLEN LEE ZHOU" ballotsTransferred3="1637" transferFraction3="1.00000000000" votes5="1637.00000000000" /><choiceId sourceChoiceName="WILMA PANG" choiceName="LONDON N. BREED" ballotsTransferred3="679" transferFraction3="1.00000000000" votes5="679.00000000000" /><choiceId sourceChoiceName="WILMA PANG" choiceName="Exhausted" ballotsTransferred3="1040" transferFraction3="1.00000000000" votes5="1040.00000000000" /><choiceId sourceChoiceName="WILMA PANG" choiceName="Overvotes" ballotsTransferred3="14" transferFraction3="1.00000000000" votes5="14.00000000000" /></choiceId_Collection></sourceChoiceId></sourceChoiceId_Collection></Tablix9></roundGroup><roundGroup><Tablix5 Textbox86="Round 4" continuingVotes="177958.00000000000" points1="0.00000000000" nonTransferableVotes="28076.00000000000" nonTransferablePoints="0.00000000000" surplus="0.00000000000"><choiceGroup_Collection><choiceGroup choiceName2="JOEL VENTRESCA" votes="14523.00000000000" Textbox17="0.0816091437305431618696546376" points="0.00000000000" /><choiceGroup choiceName2="WILMA PANG" votes="0.00000000000" Textbox17="0" points="0.00000000000" /><choiceGroup choiceName2="ROBERT L. JORDAN, JR." votes="0.00000000000" Textbox17="0" points="0.00000000000" /><choiceGroup choiceName2="PAUL YBARRA ROBERTSON" votes="9309.00000000000" Textbox17="0.0523100956405443981164094899" points="0.00000000000" /><choiceGroup choiceName2="ELLEN LEE ZHOU" votes="26928.00000000000" Textbox17="0.1513166027939176659661268389" points="0.00000000000" /><choiceGroup choiceName2="LONDON N. BREED" votes="127198.00000000000" Textbox17="0.7147641578349947740478090336" points="0.00000000000" /><choiceGroup choiceName2="MARC ROTH" votes="0.00000000000" Textbox17="0" points="0.00000000000" /><choiceGroup choiceName2="Blanks" votes="25919.00000000000" Textbox17="0.1456467256318906708324436103" points="0.00000000000" /><choiceGroup choiceName2="Exhausted" votes="1526.00000000000" Textbox17="0.0085750570359298261387518403" points="0.00000000000" /><choiceGroup choiceName2="Overvotes" votes="631.00000000000" Textbox17="0.0035457804650535519616988278" points="0.00000000000" /><choiceGroup choiceName2="Remainder Points" votes="0.00000000000" Textbox17="0" points="0.00000000000" /></choiceGroup_Collection><nonTransferableGroup_Collection><nonTransferableGroup choiceName3="JOEL VENTRESCA" votes1="14523.00000000000" points2="0.00000000000" /><nonTransferableGroup choiceName3="WILMA PANG" votes1="0.00000000000" points2="0.00000000000" /><nonTransferableGroup choiceName3="ROBERT L. JORDAN, JR." votes1="0.00000000000" points2="0.00000000000" /><nonTransferableGroup choiceName3="PAUL YBARRA ROBERTSON" votes1="9309.00000000000" points2="0.00000000000" /><nonTransferableGroup choiceName3="ELLEN LEE ZHOU" votes1="26928.00000000000" points2="0.00000000000" /><nonTransferableGroup choiceName3="LONDON N. BREED" votes1="127198.00000000000" points2="0.00000000000" /><nonTransferableGroup choiceName3="MARC ROTH" votes1="0.00000000000" points2="0.00000000000" /><nonTransferableGroup choiceName3="Blanks" votes1="25919.00000000000" points2="0.00000000000" /><nonTransferableGroup choiceName3="Exhausted" votes1="1526.00000000000" points2="0.00000000000" /><nonTransferableGroup choiceName3="Overvotes" votes1="631.00000000000" points2="0.00000000000" /><nonTransferableGroup choiceName3="Remainder Points" votes1="0.00000000000" points2="0.00000000000" /></nonTransferableGroup_Collection></Tablix5><Tablix9><TieReason_Collection><TieReason Textbox14="A tie occurred during " /><TieReason Textbox14="A tie occurred during " /><TieReason Textbox14="A tie occurred during " /><TieReason Textbox14="A tie occurred during " /><TieReason Textbox14="A tie occurred during " /><TieReason Textbox14="A tie occurred during " /><TieReason Textbox14="A tie occurred during " /><TieReason Textbox14="A tie occurred during " /><TieReason Textbox14="A tie occurred during " /><TieReason Textbox14="A tie occurred during " /><TieReason Textbox14="A tie occurred during " /></TieReason_Collection><DetailsTie_Collection><DetailsTie choiceName4="JOEL VENTRESCA" /><DetailsTie choiceName4="WILMA PANG" /><DetailsTie choiceName4="ROBERT L. JORDAN, JR." /><DetailsTie choiceName4="PAUL YBARRA ROBERTSON" /><DetailsTie choiceName4="ELLEN LEE ZHOU" /><DetailsTie choiceName4="LONDON N. BREED" /><DetailsTie choiceName4="MARC ROTH" /><DetailsTie choiceName4="Blanks" /><DetailsTie choiceName4="Exhausted" /><DetailsTie choiceName4="Overvotes" /><DetailsTie choiceName4="Remainder Points" /></DetailsTie_Collection><TieSelection_Collection><TieSelection Textbox2="The tie is broken by selecting JOEL VENTRESCA." /><TieSelection Textbox2="The tie is broken by selecting WILMA PANG." /><TieSelection Textbox2="The tie is broken by selecting ROBERT L. JORDAN, JR.." /><TieSelection Textbox2="The tie is broken by selecting PAUL YBARRA ROBERTSON." /><TieSelection Textbox2="The tie is broken by selecting ELLEN LEE ZHOU." /><TieSelection Textbox2="The tie is broken by selecting LONDON N. BREED." /><TieSelection Textbox2="The tie is broken by selecting MARC ROTH." /><TieSelection Textbox2="The tie is broken by selecting Blanks." /><TieSelection Textbox2="The tie is broken by selecting Exhausted." /><TieSelection Textbox2="The tie is broken by selecting Overvotes." /><TieSelection Textbox2="The tie is broken by selecting Remainder Points." /></TieSelection_Collection><StatusGroup_Collection><StatusGroup Textbox21="JOEL VENTRESCA is  because " /><StatusGroup Textbox21="WILMA PANG is  because " /><StatusGroup Textbox21="ROBERT L. JORDAN, JR. is  because " /><StatusGroup Textbox21="PAUL YBARRA ROBERTSON is eliminated because the candidate had the least amount of votes." /><StatusGroup Textbox21="ELLEN LEE ZHOU is  because " /><StatusGroup Textbox21="LONDON N. BREED is  because " /><StatusGroup Textbox21="MARC ROTH is  because " /><StatusGroup Textbox21="Blanks is  because " /><StatusGroup Textbox21="Exhausted is  because " /><StatusGroup Textbox21="Overvotes is  because " /><StatusGroup Textbox21="Remainder Points is  because " /></StatusGroup_Collection><sourceChoiceId_Collection><sourceChoiceId Textbox44=" transfer for candidate ." Textbox47=" ballots have been transferred in the following manner:"><choiceId_Collection><choiceId choiceName="WILMA PANG" /><choiceId choiceName="ROBERT L. JORDAN, JR." /><choiceId choiceName="MARC ROTH" /><choiceId choiceName="Blanks" /><choiceId choiceName="Remainder Points" /></choiceId_Collection></sourceChoiceId><sourceChoiceId Textbox44="Elimination transfer for candidate PAUL YBARRA ROBERTSON." Textbox47="9309 ballots have been transferred in the following manner:"><choiceId_Collection><choiceId sourceChoiceName="PAUL YBARRA ROBERTSON" choiceName="JOEL VENTRESCA" ballotsTransferred3="2894" transferFraction3="1.00000000000" votes5="2894.00000000000" /><choiceId sourceChoiceName="PAUL YBARRA ROBERTSON" choiceName="PAUL YBARRA ROBERTSON" ballotsTransferred3="9309" transferFraction3="1.00000000000" votes5="-9309.00000000000" /><choiceId sourceChoiceName="PAUL YBARRA ROBERTSON" choiceName="ELLEN LEE ZHOU" ballotsTransferred3="2958" transferFraction3="1.00000000000" votes5="2958.00000000000" /><choiceId sourceChoiceName="PAUL YBARRA ROBERTSON" choiceName="LONDON N. BREED" ballotsTransferred3="1497" transferFraction3="1.00000000000" votes5="1497.00000000000" /><choiceId sourceChoiceName="PAUL YBARRA ROBERTSON" choiceName="Exhausted" ballotsTransferred3="1913" transferFraction3="1.00000000000" votes5="1913.00000000000" /><choiceId sourceChoiceName="PAUL YBARRA ROBERTSON" choiceName="Overvotes" ballotsTransferred3="47" transferFraction3="1.00000000000" votes5="47.00000000000" /></choiceId_Collection></sourceChoiceId></sourceChoiceId_Collection></Tablix9></roundGroup><roundGroup><Tablix5 Textbox86="Round 5" continuingVotes="175998.00000000000" points1="0.00000000000" nonTransferableVotes="30036.00000000000" nonTransferablePoints="0.00000000000" surplus="0.00000000000"><choiceGroup_Collection><choiceGroup choiceName2="JOEL VENTRESCA" votes="17417.00000000000" Textbox17="0.0989613518335435629950340345" points="0.00000000000" /><choiceGroup choiceName2="WILMA PANG" votes="0.00000000000" Textbox17="0" points="0.00000000000" /><choiceGroup choiceName2="ROBERT L. JORDAN, JR." votes="0.00000000000" Textbox17="0" points="0.00000000000" /><choiceGroup choiceName2="PAUL YBARRA ROBERTSON" votes="0.00000000000" Textbox17="0" points="0.00000000000" /><choiceGroup choiceName2="ELLEN LEE ZHOU" votes="29886.00000000000" Textbox17="0.1698087478266798486346435755" points="0.00000000000" /><choiceGroup choiceName2="LONDON N. BREED" votes="128695.00000000000" Textbox17="0.73122990033977658837032239" points="0.00000000000" /><choiceGroup choiceName2="MARC ROTH" votes="0.00000000000" Textbox17="0" points="0.00000000000" /><choiceGroup choiceName2="Blanks" votes="25919.00000000000" Textbox17="0.1472687189627154854032432187" points="0.00000000000" /><choiceGroup choiceName2="Exhausted" votes="3439.00000000000" Textbox17="0.0195399947726678712258093842" points="0.00000000000" /><choiceGroup choiceName2="Overvotes" votes="678.00000000000" Textbox17="0.0038523165035966317799065898" points="0.00000000000" /><choiceGroup choiceName2="Remainder Points" votes="0.00000000000" Textbox17="0" points="0.00000000000" /></choiceGroup_Collection><nonTransferableGroup_Collection><nonTransferableGroup choiceName3="JOEL VENTRESCA" votes1="17417.00000000000" points2="0.00000000000" /><nonTransferableGroup choiceName3="WILMA PANG" votes1="0.00000000000" points2="0.00000000000" /><nonTransferableGroup choiceName3="ROBERT L. JORDAN, JR." votes1="0.00000000000" points2="0.00000000000" /><nonTransferableGroup choiceName3="PAUL YBARRA ROBERTSON" votes1="0.00000000000" points2="0.00000000000" /><nonTransferableGroup choiceName3="ELLEN LEE ZHOU" votes1="29886.00000000000" points2="0.00000000000" /><nonTransferableGroup choiceName3="LONDON N. BREED" votes1="128695.00000000000" points2="0.00000000000" /><nonTransferableGroup choiceName3="MARC ROTH" votes1="0.00000000000" points2="0.00000000000" /><nonTransferableGroup choiceName3="Blanks" votes1="25919.00000000000" points2="0.00000000000" /><nonTransferableGroup choiceName3="Exhausted" votes1="3439.00000000000" points2="0.00000000000" /><nonTransferableGroup choiceName3="Overvotes" votes1="678.00000000000" points2="0.00000000000" /><nonTransferableGroup choiceName3="Remainder Points" votes1="0.00000000000" points2="0.00000000000" /></nonTransferableGroup_Collection></Tablix5><Tablix9><TieReason_Collection><TieReason Textbox14="A tie occurred during " /><TieReason Textbox14="A tie occurred during " /><TieReason Textbox14="A tie occurred during " /><TieReason Textbox14="A tie occurred during " /><TieReason Textbox14="A tie occurred during " /><TieReason Textbox14="A tie occurred during " /><TieReason Textbox14="A tie occurred during " /><TieReason Textbox14="A tie occurred during " /><TieReason Textbox14="A tie occurred during " /><TieReason Textbox14="A tie occurred during " /><TieReason Textbox14="A tie occurred during " /></TieReason_Collection><DetailsTie_Collection><DetailsTie choiceName4="JOEL VENTRESCA" /><DetailsTie choiceName4="WILMA PANG" /><DetailsTie choiceName4="ROBERT L. JORDAN, JR." /><DetailsTie choiceName4="PAUL YBARRA ROBERTSON" /><DetailsTie choiceName4="ELLEN LEE ZHOU" /><DetailsTie choiceName4="LONDON N. BREED" /><DetailsTie choiceName4="MARC ROTH" /><DetailsTie choiceName4="Blanks" /><DetailsTie choiceName4="Exhausted" /><DetailsTie choiceName4="Overvotes" /><DetailsTie choiceName4="Remainder Points" /></DetailsTie_Collection><TieSelection_Collection><TieSelection Textbox2="The tie is broken by selecting JOEL VENTRESCA." /><TieSelection Textbox2="The tie is broken by selecting WILMA PANG." /><TieSelection Textbox2="The tie is broken by selecting ROBERT L. JORDAN, JR.." /><TieSelection Textbox2="The tie is broken by selecting PAUL YBARRA ROBERTSON." /><TieSelection Textbox2="The tie is broken by selecting ELLEN LEE ZHOU." /><TieSelection Textbox2="The tie is broken by selecting LONDON N. BREED." /><TieSelection Textbox2="The tie is broken by selecting MARC ROTH." /><TieSelection Textbox2="The tie is broken by selecting Blanks." /><TieSelection Textbox2="The tie is broken by selecting Exhausted." /><TieSelection Textbox2="The tie is broken by selecting Overvotes." /><TieSelection Textbox2="The tie is broken by selecting Remainder Points." /></TieSelection_Collection><StatusGroup_Collection><StatusGroup Textbox21="JOEL VENTRESCA is eliminated because the candidate had the least amount of votes." /><StatusGroup Textbox21="WILMA PANG is  because " /><StatusGroup Textbox21="ROBERT L. JORDAN, JR. is  because " /><StatusGroup Textbox21="PAUL YBARRA ROBERTSON is  because " /><StatusGroup Textbox21="ELLEN LEE ZHOU is  because " /><StatusGroup Textbox21="LONDON N. BREED is  because " /><StatusGroup Textbox21="MARC ROTH is  because " /><StatusGroup Textbox21="Blanks is  because " /><StatusGroup Textbox21="Exhausted is  because " /><StatusGroup Textbox21="Overvotes is  because " /><StatusGroup Textbox21="Remainder Points is  because " /></StatusGroup_Collection><sourceChoiceId_Collection><sourceChoiceId Textbox44=" transfer for candidate ." Textbox47=" ballots have been transferred in the following manner:"><choiceId_Collection><choiceId choiceName="WILMA PANG" /><choiceId choiceName="ROBERT L. JORDAN, JR." /><choiceId choiceName="PAUL YBARRA ROBERTSON" /><choiceId choiceName="MARC ROTH" /><choiceId choiceName="Blanks" /><choiceId choiceName="Remainder Points" /></choiceId_Collection></sourceChoiceId><sourceChoiceId Textbox44="Elimination transfer for candidate JOEL VENTRESCA." Textbox47="17417 ballots have been transferred in the following manner:"><choiceId_Collection><choiceId sourceChoiceName="JOEL VENTRESCA" choiceName="JOEL VENTRESCA" ballotsTransferred3="17417" transferFraction3="1.00000000000" votes5="-17417.00000000000" /><choiceId sourceChoiceName="JOEL VENTRESCA" choiceName="ELLEN LEE ZHOU" ballotsTransferred3="5801" transferFraction3="1.00000000000" votes5="5801.00000000000" /><choiceId sourceChoiceName="JOEL VENTRESCA" choiceName="LONDON N. BREED" ballotsTransferred3="5602" transferFraction3="1.00000000000" votes5="5602.00000000000" /><choiceId sourceChoiceName="JOEL VENTRESCA" choiceName="Exhausted" ballotsTransferred3="5938" transferFraction3="1.00000000000" votes5="5938.00000000000" /><choiceId sourceChoiceName="JOEL VENTRESCA" choiceName="Overvotes" ballotsTransferred3="76" transferFraction3="1.00000000000" votes5="76.00000000000" /></choiceId_Collection></sourceChoiceId></sourceChoiceId_Collection></Tablix9></roundGroup><roundGroup><Tablix5 Textbox86="Round 6" continuingVotes="169984.00000000000" points1="0.00000000000" nonTransferableVotes="36050.00000000000" nonTransferablePoints="0.00000000000" surplus="0.00000000000"><choiceGroup_Collection><choiceGroup choiceName2="JOEL VENTRESCA" votes="0.00000000000" Textbox17="0" points="0.00000000000" /><choiceGroup choiceName2="WILMA PANG" votes="0.00000000000" Textbox17="0" points="0.00000000000" /><choiceGroup choiceName2="ROBERT L. JORDAN, JR." votes="0.00000000000" Textbox17="0" points="0.00000000000" /><choiceGroup choiceName2="PAUL YBARRA ROBERTSON" votes="0.00000000000" Textbox17="0" points="0.00000000000" /><choiceGroup choiceName2="ELLEN LEE ZHOU" votes="35687.00000000000" Textbox17="0.2099432887801204819277108434" points="0.00000000000" /><choiceGroup choiceName2="LONDON N. BREED" votes="134297.00000000000" Textbox17="0.7900567112198795180722891566" points="0.00000000000" /><choiceGroup choiceName2="MARC ROTH" votes="0.00000000000" Textbox17="0" points="0.00000000000" /><choiceGroup choiceName2="Blanks" votes="25919.00000000000" Textbox17="0.1524790568524096385542168675" points="0.00000000000" /><choiceGroup choiceName2="Exhausted" votes="9377.00000000000" Textbox17="0.0551640154367469879518072289" points="0.00000000000" /><choiceGroup choiceName2="Overvotes" votes="754.00000000000" Textbox17="0.0044357115963855421686746988" points="0.00000000000" /><choiceGroup choiceName2="Remainder Points" votes="0.00000000000" Textbox17="0" points="0.00000000000" /></choiceGroup_Collection><nonTransferableGroup_Collection><nonTransferableGroup choiceName3="JOEL VENTRESCA" votes1="0.00000000000" points2="0.00000000000" /><nonTransferableGroup choiceName3="WILMA PANG" votes1="0.00000000000" points2="0.00000000000" /><nonTransferableGroup choiceName3="ROBERT L. JORDAN, JR." votes1="0.00000000000" points2="0.00000000000" /><nonTransferableGroup choiceName3="PAUL YBARRA ROBERTSON" votes1="0.00000000000" points2="0.00000000000" /><nonTransferableGroup choiceName3="ELLEN LEE ZHOU" votes1="35687.00000000000" points2="0.00000000000" /><nonTransferableGroup choiceName3="LONDON N. BREED" votes1="134297.00000000000" points2="0.00000000000" /><nonTransferableGroup choiceName3="MARC ROTH" votes1="0.00000000000" points2="0.00000000000" /><nonTransferableGroup choiceName3="Blanks" votes1="25919.00000000000" points2="0.00000000000" /><nonTransferableGroup choiceName3="Exhausted" votes1="9377.00000000000" points2="0.00000000000" /><nonTransferableGroup choiceName3="Overvotes" votes1="754.00000000000" points2="0.00000000000" /><nonTransferableGroup choiceName3="Remainder Points" votes1="0.00000000000" points2="0.00000000000" /></nonTransferableGroup_Collection></Tablix5><Tablix9><TieReason_Collection><TieReason Textbox14="A tie occurred during " /><TieReason Textbox14="A tie occurred during " /><TieReason Textbox14="A tie occurred during " /><TieReason Textbox14="A tie occurred during " /><TieReason Textbox14="A tie occurred during " /><TieReason Textbox14="A tie occurred during " /><TieReason Textbox14="A tie occurred during " /><TieReason Textbox14="A tie occurred during " /><TieReason Textbox14="A tie occurred during " /><TieReason Textbox14="A tie occurred during " /><TieReason Textbox14="A tie occurred during " /></TieReason_Collection><DetailsTie_Collection><DetailsTie choiceName4="JOEL VENTRESCA" /><DetailsTie choiceName4="WILMA PANG" /><DetailsTie choiceName4="ROBERT L. JORDAN, JR." /><DetailsTie choiceName4="PAUL YBARRA ROBERTSON" /><DetailsTie choiceName4="ELLEN LEE ZHOU" /><DetailsTie choiceName4="LONDON N. BREED" /><DetailsTie choiceName4="MARC ROTH" /><DetailsTie choiceName4="Blanks" /><DetailsTie choiceName4="Exhausted" /><DetailsTie choiceName4="Overvotes" /><DetailsTie choiceName4="Remainder Points" /></DetailsTie_Collection><TieSelection_Collection><TieSelection Textbox2="The tie is broken by selecting JOEL VENTRESCA." /><TieSelection Textbox2="The tie is broken by selecting WILMA PANG." /><TieSelection Textbox2="The tie is broken by selecting ROBERT L. JORDAN, JR.." /><TieSelection Textbox2="The tie is broken by selecting PAUL YBARRA ROBERTSON." /><TieSelection Textbox2="The tie is broken by selecting ELLEN LEE ZHOU." /><TieSelection Textbox2="The tie is broken by selecting LONDON N. BREED." /><TieSelection Textbox2="The tie is broken by selecting MARC ROTH." /><TieSelection Textbox2="The tie is broken by selecting Blanks." /><TieSelection Textbox2="The tie is broken by selecting Exhausted." /><TieSelection Textbox2="The tie is broken by selecting Overvotes." /><TieSelection Textbox2="The tie is broken by selecting Remainder Points." /></TieSelection_Collection><StatusGroup_Collection><StatusGroup Textbox21="JOEL VENTRESCA is  because " /><StatusGroup Textbox21="WILMA PANG is  because " /><StatusGroup Textbox21="ROBERT L. JORDAN, JR. is  because " /><StatusGroup Textbox21="PAUL YBARRA ROBERTSON is  because " /><StatusGroup Textbox21="ELLEN LEE ZHOU is eliminated because the candidate was not elected in the last round." /><StatusGroup Textbox21="LONDON N. BREED is elected because all other candidates have been eliminated." /><StatusGroup Textbox21="MARC ROTH is  because " /><StatusGroup Textbox21="Blanks is  because " /><StatusGroup Textbox21="Exhausted is  because " /><StatusGroup Textbox21="Overvotes is  because " /><StatusGroup Textbox21="Remainder Points is  because " /></StatusGroup_Collection><sourceChoiceId_Collection><sourceChoiceId Textbox44=" transfer for candidate ." Textbox47=" ballots have been transferred in the following manner:"><choiceId_Collection><choiceId choiceName="JOEL VENTRESCA" /><choiceId choiceName="WILMA PANG" /><choiceId choiceName="ROBERT L. JORDAN, JR." /><choiceId choiceName="PAUL YBARRA ROBERTSON" /><choiceId choiceName="ELLEN LEE ZHOU" /><choiceId choiceName="LONDON N. BREED" /><choiceId choiceName="MARC ROTH" /><choiceId choiceName="Blanks" /><choiceId choiceName="Exhausted" /><choiceId choiceName="Overvotes" /><choiceId choiceName="Remainder Points" /></choiceId_Collection></sourceChoiceId></sourceChoiceId_Collection></Tablix9></roundGroup></roundGroup_Collection></Tablix10></precinctGroup></precinctGroup_Collection></Tablix6></Report>