﻿<?xml version="1.0" encoding="utf-8"?><Report xsi:schemaLocation="RcvDetailedReport http://emsserver/ReportServer?%2FEMSApplicationServerReports%2FRcvDetailedReport&amp;rs%3ACommand=Render&amp;rs%3AFormat=XML&amp;rs%3ASessionID=z5d3et2wl5okar45v3am4vfn&amp;rc%3ASchema=True" Name="RcvDetailedReport" xmlns:xsi="http://www.w3.org/2001/XMLSchema-instance" xmlns="RcvDetailedReport"><Title><Report Name="Title" Textbox11="RCV Detailed Report" Textbox3="General Election" Textbox2="City and County of San Francisco" Textbox9="2019-11-05T00:00:00" Textbox12="" Textbox8="RCV Detail Report 6&#xA;City and County of San Francisco&#xA;November 5, 2019, Consolidated Municipal Election" /></Title><RcvStaticData><Report Name="RcvStaticData"><Tablix2 Textbox24="MAYOR" Textbox21="Official results" Textbox53="Number of positions to elect is 1." state="All Positions Filled" timeStamp="2019-11-07T15:25:53.9" /><Tablix3 Textbox36="IRV" Textbox41="True" winnersByThreshold="False" usesDistricts="True" previousRoundsEvaluation="None" eliminationType="Single" fixedPrecisionDecimals="0" performEliminationTransferInLastRound="False" skipOvervotedRankings="False" votesToInThresholdCalculation="Continuing ballots per round" useFirstRoundSuspension="False" /></Report></RcvStaticData><Tablix6><precinctGroup_Collection><precinctGroup Textbox35="City and County of San Francisco"><Tablix10><roundGroup_Collection><roundGroup><Tablix5 Textbox86="Round 1" continuingVotes="143668.00000000000" points1="0.00000000000" nonTransferableVotes="20071.00000000000" nonTransferablePoints="0.00000000000" surplus="0.00000000000"><choiceGroup_Collection><choiceGroup choiceName2="JOEL VENTRESCA" votes="10746.00000000000" Textbox17="0.0747974496756410613358576719" points="0.00000000000" /><choiceGroup choiceName2="WILMA PANG" votes="3992.00000000000" Textbox17="0.0277862850460784586685970432" points="0.00000000000" /><choiceGroup choiceName2="ROBERT L. JORDAN, JR." votes="2003.00000000000" Textbox17="0.0139418659687613107998997689" points="0.00000000000" /><choiceGroup choiceName2="PAUL YBARRA ROBERTSON" votes="6288.00000000000" Textbox17="0.0437675752429211793858061642" points="0.00000000000" /><choiceGroup choiceName2="ELLEN LEE ZHOU" votes="20724.00000000000" Textbox17="0.1442492413063451847314642091" points="0.00000000000" /><choiceGroup choiceName2="LONDON N. BREED" votes="99913.00000000000" Textbox17="0.695443661775760781802489072" points="0.00000000000" /><choiceGroup choiceName2="MARC ROTH" votes="2.00000000000" Textbox17="0.0000139209844920232758860707" points="0.00000000000" /><choiceGroup choiceName2="Blanks" votes="19582.00000000000" Textbox17="0.1363003591613998942005178606" points="0.00000000000" /><choiceGroup choiceName2="Exhausted" votes="0.00000000000" Textbox17="0" points="0.00000000000" /><choiceGroup choiceName2="Overvotes" votes="489.00000000000" Textbox17="0.0034036807082996909541442771" points="0.00000000000" /><choiceGroup choiceName2="Remainder Points" votes="0.00000000000" Textbox17="0" points="0.00000000000" /></choiceGroup_Collection><nonTransferableGroup_Collection><nonTransferableGroup choiceName3="JOEL VENTRESCA" votes1="10746.00000000000" points2="0.00000000000" /><nonTransferableGroup choiceName3="WILMA PANG" votes1="3992.00000000000" points2="0.00000000000" /><nonTransferableGroup choiceName3="ROBERT L. JORDAN, JR." votes1="2003.00000000000" points2="0.00000000000" /><nonTransferableGroup choiceName3="PAUL YBARRA ROBERTSON" votes1="6288.00000000000" points2="0.00000000000" /><nonTransferableGroup choiceName3="ELLEN LEE ZHOU" votes1="20724.00000000000" points2="0.00000000000" /><nonTransferableGroup choiceName3="LONDON N. BREED" votes1="99913.00000000000" points2="0.00000000000" /><nonTransferableGroup choiceName3="MARC ROTH" votes1="2.00000000000" points2="0.00000000000" /><nonTransferableGroup choiceName3="Blanks" votes1="19582.00000000000" points2="0.00000000000" /><nonTransferableGroup choiceName3="Exhausted" votes1="0.00000000000" points2="0.00000000000" /><nonTransferableGroup choiceName3="Overvotes" votes1="489.00000000000" points2="0.00000000000" /><nonTransferableGroup choiceName3="Remainder Points" votes1="0.00000000000" points2="0.00000000000" /></nonTransferableGroup_Collection></Tablix5><Tablix9><TieReason_Collection><TieReason Textbox14="A tie occurred during " /><TieReason Textbox14="A tie occurred during " /><TieReason Textbox14="A tie occurred during " /><TieReason Textbox14="A tie occurred during " /><TieReason Textbox14="A tie occurred during " /><TieReason Textbox14="A tie occurred during " /><TieReason Textbox14="A tie occurred during " /><TieReason Textbox14="A tie occurred during " /><TieReason Textbox14="A tie occurred during " /><TieReason Textbox14="A tie occurred during " /><TieReason Textbox14="A tie occurred during " /></TieReason_Collection><DetailsTie_Collection><DetailsTie choiceName4="JOEL VENTRESCA" /><DetailsTie choiceName4="WILMA PANG" /><DetailsTie choiceName4="ROBERT L. JORDAN, JR." /><DetailsTie choiceName4="PAUL YBARRA ROBERTSON" /><DetailsTie choiceName4="ELLEN LEE ZHOU" /><DetailsTie choiceName4="LONDON N. BREED" /><DetailsTie choiceName4="MARC ROTH" /><DetailsTie choiceName4="Blanks" /><DetailsTie choiceName4="Exhausted" /><DetailsTie choiceName4="Overvotes" /><DetailsTie choiceName4="Remainder Points" /></DetailsTie_Collection><TieSelection_Collection><TieSelection Textbox2="The tie is broken by selecting JOEL VENTRESCA." /><TieSelection Textbox2="The tie is broken by selecting WILMA PANG." /><TieSelection Textbox2="The tie is broken by selecting ROBERT L. JORDAN, JR.." /><TieSelection Textbox2="The tie is broken by selecting PAUL YBARRA ROBERTSON." /><TieSelection Textbox2="The tie is broken by selecting ELLEN LEE ZHOU." /><TieSelection Textbox2="The tie is broken by selecting LONDON N. BREED." /><TieSelection Textbox2="The tie is broken by selecting MARC ROTH." /><TieSelection Textbox2="The tie is broken by selecting Blanks." /><TieSelection Textbox2="The tie is broken by selecting Exhausted." /><TieSelection Textbox2="The tie is broken by selecting Overvotes." /><TieSelection Textbox2="The tie is broken by selecting Remainder Points." /></TieSelection_Collection><StatusGroup_Collection><StatusGroup Textbox21="JOEL VENTRESCA is  because " /><StatusGroup Textbox21="WILMA PANG is  because " /><StatusGroup Textbox21="ROBERT L. JORDAN, JR. is  because " /><StatusGroup Textbox21="PAUL YBARRA ROBERTSON is  because " /><StatusGroup Textbox21="ELLEN LEE ZHOU is  because " /><StatusGroup Textbox21="LONDON N. BREED is  because " /><StatusGroup Textbox21="MARC ROTH is eliminated because the candidate had the least amount of votes." /><StatusGroup Textbox21="Blanks is  because " /><StatusGroup Textbox21="Exhausted is  because " /><StatusGroup Textbox21="Overvotes is  because " /><StatusGroup Textbox21="Remainder Points is  because " /></StatusGroup_Collection><sourceChoiceId_Collection><sourceChoiceId Textbox44=" transfer for candidate ." Textbox47=" ballots have been transferred in the following manner:"><choiceId_Collection><choiceId choiceName="WILMA PANG" /><choiceId choiceName="ROBERT L. JORDAN, JR." /><choiceId choiceName="PAUL YBARRA ROBERTSON" /><choiceId choiceName="ELLEN LEE ZHOU" /><choiceId choiceName="LONDON N. BREED" /><choiceId choiceName="Blanks" /><choiceId choiceName="Exhausted" /><choiceId choiceName="Overvotes" /><choiceId choiceName="Remainder Points" /></choiceId_Collection></sourceChoiceId><sourceChoiceId Textbox44="Elimination transfer for candidate MARC ROTH." Textbox47="2 ballots have been transferred in the following manner:"><choiceId_Collection><choiceId sourceChoiceName="MARC ROTH" choiceName="JOEL VENTRESCA" ballotsTransferred3="2" transferFraction3="1.00000000000" votes5="2.00000000000" /><choiceId sourceChoiceName="MARC ROTH" choiceName="MARC ROTH" ballotsTransferred3="2" transferFraction3="1.00000000000" votes5="-2.00000000000" /></choiceId_Collection></sourceChoiceId></sourceChoiceId_Collection></Tablix9></roundGroup><roundGroup><Tablix5 Textbox86="Round 2" continuingVotes="143668.00000000000" points1="0.00000000000" nonTransferableVotes="20071.00000000000" nonTransferablePoints="0.00000000000" surplus="0.00000000000"><choiceGroup_Collection><choiceGroup choiceName2="JOEL VENTRESCA" votes="10748.00000000000" Textbox17="0.0748113706601330846117437425" points="0.00000000000" /><choiceGroup choiceName2="WILMA PANG" votes="3992.00000000000" Textbox17="0.0277862850460784586685970432" points="0.00000000000" /><choiceGroup choiceName2="ROBERT L. JORDAN, JR." votes="2003.00000000000" Textbox17="0.0139418659687613107998997689" points="0.00000000000" /><choiceGroup choiceName2="PAUL YBARRA ROBERTSON" votes="6288.00000000000" Textbox17="0.0437675752429211793858061642" points="0.00000000000" /><choiceGroup choiceName2="ELLEN LEE ZHOU" votes="20724.00000000000" Textbox17="0.1442492413063451847314642091" points="0.00000000000" /><choiceGroup choiceName2="LONDON N. BREED" votes="99913.00000000000" Textbox17="0.695443661775760781802489072" points="0.00000000000" /><choiceGroup choiceName2="MARC ROTH" votes="0.00000000000" Textbox17="0" points="0.00000000000" /><choiceGroup choiceName2="Blanks" votes="19582.00000000000" Textbox17="0.1363003591613998942005178606" points="0.00000000000" /><choiceGroup choiceName2="Exhausted" votes="0.00000000000" Textbox17="0" points="0.00000000000" /><choiceGroup choiceName2="Overvotes" votes="489.00000000000" Textbox17="0.0034036807082996909541442771" points="0.00000000000" /><choiceGroup choiceName2="Remainder Points" votes="0.00000000000" Textbox17="0" points="0.00000000000" /></choiceGroup_Collection><nonTransferableGroup_Collection><nonTransferableGroup choiceName3="JOEL VENTRESCA" votes1="10748.00000000000" points2="0.00000000000" /><nonTransferableGroup choiceName3="WILMA PANG" votes1="3992.00000000000" points2="0.00000000000" /><nonTransferableGroup choiceName3="ROBERT L. JORDAN, JR." votes1="2003.00000000000" points2="0.00000000000" /><nonTransferableGroup choiceName3="PAUL YBARRA ROBERTSON" votes1="6288.00000000000" points2="0.00000000000" /><nonTransferableGroup choiceName3="ELLEN LEE ZHOU" votes1="20724.00000000000" points2="0.00000000000" /><nonTransferableGroup choiceName3="LONDON N. BREED" votes1="99913.00000000000" points2="0.00000000000" /><nonTransferableGroup choiceName3="MARC ROTH" votes1="0.00000000000" points2="0.00000000000" /><nonTransferableGroup choiceName3="Blanks" votes1="19582.00000000000" points2="0.00000000000" /><nonTransferableGroup choiceName3="Exhausted" votes1="0.00000000000" points2="0.00000000000" /><nonTransferableGroup choiceName3="Overvotes" votes1="489.00000000000" points2="0.00000000000" /><nonTransferableGroup choiceName3="Remainder Points" votes1="0.00000000000" points2="0.00000000000" /></nonTransferableGroup_Collection></Tablix5><Tablix9><TieReason_Collection><TieReason Textbox14="A tie occurred during " /><TieReason Textbox14="A tie occurred during " /><TieReason Textbox14="A tie occurred during " /><TieReason Textbox14="A tie occurred during " /><TieReason Textbox14="A tie occurred during " /><TieReason Textbox14="A tie occurred during " /><TieReason Textbox14="A tie occurred during " /><TieReason Textbox14="A tie occurred during " /><TieReason Textbox14="A tie occurred during " /><TieReason Textbox14="A tie occurred during " /><TieReason Textbox14="A tie occurred during " /></TieReason_Collection><DetailsTie_Collection><DetailsTie choiceName4="JOEL VENTRESCA" /><DetailsTie choiceName4="WILMA PANG" /><DetailsTie choiceName4="ROBERT L. JORDAN, JR." /><DetailsTie choiceName4="PAUL YBARRA ROBERTSON" /><DetailsTie choiceName4="ELLEN LEE ZHOU" /><DetailsTie choiceName4="LONDON N. BREED" /><DetailsTie choiceName4="MARC ROTH" /><DetailsTie choiceName4="Blanks" /><DetailsTie choiceName4="Exhausted" /><DetailsTie choiceName4="Overvotes" /><DetailsTie choiceName4="Remainder Points" /></DetailsTie_Collection><TieSelection_Collection><TieSelection Textbox2="The tie is broken by selecting JOEL VENTRESCA." /><TieSelection Textbox2="The tie is broken by selecting WILMA PANG." /><TieSelection Textbox2="The tie is broken by selecting ROBERT L. JORDAN, JR.." /><TieSelection Textbox2="The tie is broken by selecting PAUL YBARRA ROBERTSON." /><TieSelection Textbox2="The tie is broken by selecting ELLEN LEE ZHOU." /><TieSelection Textbox2="The tie is broken by selecting LONDON N. BREED." /><TieSelection Textbox2="The tie is broken by selecting MARC ROTH." /><TieSelection Textbox2="The tie is broken by selecting Blanks." /><TieSelection Textbox2="The tie is broken by selecting Exhausted." /><TieSelection Textbox2="The tie is broken by selecting Overvotes." /><TieSelection Textbox2="The tie is broken by selecting Remainder Points." /></TieSelection_Collection><StatusGroup_Collection><StatusGroup Textbox21="JOEL VENTRESCA is  because " /><StatusGroup Textbox21="WILMA PANG is  because " /><StatusGroup Textbox21="ROBERT L. JORDAN, JR. is eliminated because the candidate had the least amount of votes." /><StatusGroup Textbox21="PAUL YBARRA ROBERTSON is  because " /><StatusGroup Textbox21="ELLEN LEE ZHOU is  because " /><StatusGroup Textbox21="LONDON N. BREED is  because " /><StatusGroup Textbox21="MARC ROTH is  because " /><StatusGroup Textbox21="Blanks is  because " /><StatusGroup Textbox21="Exhausted is  because " /><StatusGroup Textbox21="Overvotes is  because " /><StatusGroup Textbox21="Remainder Points is  because " /></StatusGroup_Collection><sourceChoiceId_Collection><sourceChoiceId Textbox44=" transfer for candidate ." Textbox47=" ballots have been transferred in the following manner:"><choiceId_Collection><choiceId choiceName="MARC ROTH" /><choiceId choiceName="Blanks" /><choiceId choiceName="Remainder Points" /></choiceId_Collection></sourceChoiceId><sourceChoiceId Textbox44="Elimination transfer for candidate ROBERT L. JORDAN, JR.." Textbox47="2003 ballots have been transferred in the following manner:"><choiceId_Collection><choiceId sourceChoiceName="ROBERT L. JORDAN, JR." choiceName="JOEL VENTRESCA" ballotsTransferred3="271" transferFraction3="1.00000000000" votes5="271.00000000000" /><choiceId sourceChoiceName="ROBERT L. JORDAN, JR." choiceName="WILMA PANG" ballotsTransferred3="286" transferFraction3="1.00000000000" votes5="286.00000000000" /><choiceId sourceChoiceName="ROBERT L. JORDAN, JR." choiceName="ROBERT L. JORDAN, JR." ballotsTransferred3="2003" transferFraction3="1.00000000000" votes5="-2003.00000000000" /><choiceId sourceChoiceName="ROBERT L. JORDAN, JR." choiceName="PAUL YBARRA ROBERTSON" ballotsTransferred3="550" transferFraction3="1.00000000000" votes5="550.00000000000" /><choiceId sourceChoiceName="ROBERT L. JORDAN, JR." choiceName="ELLEN LEE ZHOU" ballotsTransferred3="251" transferFraction3="1.00000000000" votes5="251.00000000000" /><choiceId sourceChoiceName="ROBERT L. JORDAN, JR." choiceName="LONDON N. BREED" ballotsTransferred3="251" transferFraction3="1.00000000000" votes5="251.00000000000" /><choiceId sourceChoiceName="ROBERT L. JORDAN, JR." choiceName="Exhausted" ballotsTransferred3="382" transferFraction3="1.00000000000" votes5="382.00000000000" /><choiceId sourceChoiceName="ROBERT L. JORDAN, JR." choiceName="Overvotes" ballotsTransferred3="12" transferFraction3="1.00000000000" votes5="12.00000000000" /></choiceId_Collection></sourceChoiceId></sourceChoiceId_Collection></Tablix9></roundGroup><roundGroup><Tablix5 Textbox86="Round 3" continuingVotes="143274.00000000000" points1="0.00000000000" nonTransferableVotes="20465.00000000000" nonTransferablePoints="0.00000000000" surplus="0.00000000000"><choiceGroup_Collection><choiceGroup choiceName2="JOEL VENTRESCA" votes="11019.00000000000" Textbox17="0.0769085807613384145064701202" points="0.00000000000" /><choiceGroup choiceName2="WILMA PANG" votes="4278.00000000000" Textbox17="0.0298588718120524310063235479" points="0.00000000000" /><choiceGroup choiceName2="ROBERT L. JORDAN, JR." votes="0.00000000000" Textbox17="0" points="0.00000000000" /><choiceGroup choiceName2="PAUL YBARRA ROBERTSON" votes="6838.00000000000" Textbox17="0.0477267333919622541424124405" points="0.00000000000" /><choiceGroup choiceName2="ELLEN LEE ZHOU" votes="20975.00000000000" Textbox17="0.1463978111869564610466658291" points="0.00000000000" /><choiceGroup choiceName2="LONDON N. BREED" votes="100164.00000000000" Textbox17="0.6991080028476904392981280623" points="0.00000000000" /><choiceGroup choiceName2="MARC ROTH" votes="0.00000000000" Textbox17="0" points="0.00000000000" /><choiceGroup choiceName2="Blanks" votes="19582.00000000000" Textbox17="0.136675181819450842441754959" points="0.00000000000" /><choiceGroup choiceName2="Exhausted" votes="382.00000000000" Textbox17="0.0026662199701271689210882644" points="0.00000000000" /><choiceGroup choiceName2="Overvotes" votes="501.00000000000" Textbox17="0.0034967963482557896059298966" points="0.00000000000" /><choiceGroup choiceName2="Remainder Points" votes="0.00000000000" Textbox17="0" points="0.00000000000" /></choiceGroup_Collection><nonTransferableGroup_Collection><nonTransferableGroup choiceName3="JOEL VENTRESCA" votes1="11019.00000000000" points2="0.00000000000" /><nonTransferableGroup choiceName3="WILMA PANG" votes1="4278.00000000000" points2="0.00000000000" /><nonTransferableGroup choiceName3="ROBERT L. JORDAN, JR." votes1="0.00000000000" points2="0.00000000000" /><nonTransferableGroup choiceName3="PAUL YBARRA ROBERTSON" votes1="6838.00000000000" points2="0.00000000000" /><nonTransferableGroup choiceName3="ELLEN LEE ZHOU" votes1="20975.00000000000" points2="0.00000000000" /><nonTransferableGroup choiceName3="LONDON N. BREED" votes1="100164.00000000000" points2="0.00000000000" /><nonTransferableGroup choiceName3="MARC ROTH" votes1="0.00000000000" points2="0.00000000000" /><nonTransferableGroup choiceName3="Blanks" votes1="19582.00000000000" points2="0.00000000000" /><nonTransferableGroup choiceName3="Exhausted" votes1="382.00000000000" points2="0.00000000000" /><nonTransferableGroup choiceName3="Overvotes" votes1="501.00000000000" points2="0.00000000000" /><nonTransferableGroup choiceName3="Remainder Points" votes1="0.00000000000" points2="0.00000000000" /></nonTransferableGroup_Collection></Tablix5><Tablix9><TieReason_Collection><TieReason Textbox14="A tie occurred during " /><TieReason Textbox14="A tie occurred during " /><TieReason Textbox14="A tie occurred during " /><TieReason Textbox14="A tie occurred during " /><TieReason Textbox14="A tie occurred during " /><TieReason Textbox14="A tie occurred during " /><TieReason Textbox14="A tie occurred during " /><TieReason Textbox14="A tie occurred during " /><TieReason Textbox14="A tie occurred during " /><TieReason Textbox14="A tie occurred during " /><TieReason Textbox14="A tie occurred during " /></TieReason_Collection><DetailsTie_Collection><DetailsTie choiceName4="JOEL VENTRESCA" /><DetailsTie choiceName4="WILMA PANG" /><DetailsTie choiceName4="ROBERT L. JORDAN, JR." /><DetailsTie choiceName4="PAUL YBARRA ROBERTSON" /><DetailsTie choiceName4="ELLEN LEE ZHOU" /><DetailsTie choiceName4="LONDON N. BREED" /><DetailsTie choiceName4="MARC ROTH" /><DetailsTie choiceName4="Blanks" /><DetailsTie choiceName4="Exhausted" /><DetailsTie choiceName4="Overvotes" /><DetailsTie choiceName4="Remainder Points" /></DetailsTie_Collection><TieSelection_Collection><TieSelection Textbox2="The tie is broken by selecting JOEL VENTRESCA." /><TieSelection Textbox2="The tie is broken by selecting WILMA PANG." /><TieSelection Textbox2="The tie is broken by selecting ROBERT L. JORDAN, JR.." /><TieSelection Textbox2="The tie is broken by selecting PAUL YBARRA ROBERTSON." /><TieSelection Textbox2="The tie is broken by selecting ELLEN LEE ZHOU." /><TieSelection Textbox2="The tie is broken by selecting LONDON N. BREED." /><TieSelection Textbox2="The tie is broken by selecting MARC ROTH." /><TieSelection Textbox2="The tie is broken by selecting Blanks." /><TieSelection Textbox2="The tie is broken by selecting Exhausted." /><TieSelection Textbox2="The tie is broken by selecting Overvotes." /><TieSelection Textbox2="The tie is broken by selecting Remainder Points." /></TieSelection_Collection><StatusGroup_Collection><StatusGroup Textbox21="JOEL VENTRESCA is  because " /><StatusGroup Textbox21="WILMA PANG is eliminated because the candidate had the least amount of votes." /><StatusGroup Textbox21="ROBERT L. JORDAN, JR. is  because " /><StatusGroup Textbox21="PAUL YBARRA ROBERTSON is  because " /><StatusGroup Textbox21="ELLEN LEE ZHOU is  because " /><StatusGroup Textbox21="LONDON N. BREED is  because " /><StatusGroup Textbox21="MARC ROTH is  because " /><StatusGroup Textbox21="Blanks is  because " /><StatusGroup Textbox21="Exhausted is  because " /><StatusGroup Textbox21="Overvotes is  because " /><StatusGroup Textbox21="Remainder Points is  because " /></StatusGroup_Collection><sourceChoiceId_Collection><sourceChoiceId Textbox44=" transfer for candidate ." Textbox47=" ballots have been transferred in the following manner:"><choiceId_Collection><choiceId choiceName="ROBERT L. JORDAN, JR." /><choiceId choiceName="MARC ROTH" /><choiceId choiceName="Blanks" /><choiceId choiceName="Remainder Points" /></choiceId_Collection></sourceChoiceId><sourceChoiceId Textbox44="Elimination transfer for candidate WILMA PANG." Textbox47="4278 ballots have been transferred in the following manner:"><choiceId_Collection><choiceId sourceChoiceName="WILMA PANG" choiceName="JOEL VENTRESCA" ballotsTransferred3="738" transferFraction3="1.00000000000" votes5="738.00000000000" /><choiceId sourceChoiceName="WILMA PANG" choiceName="WILMA PANG" ballotsTransferred3="4278" transferFraction3="1.00000000000" votes5="-4278.00000000000" /><choiceId sourceChoiceName="WILMA PANG" choiceName="PAUL YBARRA ROBERTSON" ballotsTransferred3="816" transferFraction3="1.00000000000" votes5="816.00000000000" /><choiceId sourceChoiceName="WILMA PANG" choiceName="ELLEN LEE ZHOU" ballotsTransferred3="1316" transferFraction3="1.00000000000" votes5="1316.00000000000" /><choiceId sourceChoiceName="WILMA PANG" choiceName="LONDON N. BREED" ballotsTransferred3="556" transferFraction3="1.00000000000" votes5="556.00000000000" /><choiceId sourceChoiceName="WILMA PANG" choiceName="Exhausted" ballotsTransferred3="839" transferFraction3="1.00000000000" votes5="839.00000000000" /><choiceId sourceChoiceName="WILMA PANG" choiceName="Overvotes" ballotsTransferred3="13" transferFraction3="1.00000000000" votes5="13.00000000000" /></choiceId_Collection></sourceChoiceId></sourceChoiceId_Collection></Tablix9></roundGroup><roundGroup><Tablix5 Textbox86="Round 4" continuingVotes="142422.00000000000" points1="0.00000000000" nonTransferableVotes="21317.00000000000" nonTransferablePoints="0.00000000000" surplus="0.00000000000"><choiceGroup_Collection><choiceGroup choiceName2="JOEL VENTRESCA" votes="11757.00000000000" Textbox17="0.082550448666638581118085689" points="0.00000000000" /><choiceGroup choiceName2="WILMA PANG" votes="0.00000000000" Textbox17="0" points="0.00000000000" /><choiceGroup choiceName2="ROBERT L. JORDAN, JR." votes="0.00000000000" Textbox17="0" points="0.00000000000" /><choiceGroup choiceName2="PAUL YBARRA ROBERTSON" votes="7654.00000000000" Textbox17="0.0537416972097007484798696831" points="0.00000000000" /><choiceGroup choiceName2="ELLEN LEE ZHOU" votes="22291.00000000000" Textbox17="0.1565137408546432433191501313" points="0.00000000000" /><choiceGroup choiceName2="LONDON N. BREED" votes="100720.00000000000" Textbox17="0.7071941132690174270828944966" points="0.00000000000" /><choiceGroup choiceName2="MARC ROTH" votes="0.00000000000" Textbox17="0" points="0.00000000000" /><choiceGroup choiceName2="Blanks" votes="19582.00000000000" Textbox17="0.1374928030781761244751513109" points="0.00000000000" /><choiceGroup choiceName2="Exhausted" votes="1221.00000000000" Textbox17="0.0085731137043434300880481948" points="0.00000000000" /><choiceGroup choiceName2="Overvotes" votes="514.00000000000" Textbox17="0.0036089929926556290460743424" points="0.00000000000" /><choiceGroup choiceName2="Remainder Points" votes="0.00000000000" Textbox17="0" points="0.00000000000" /></choiceGroup_Collection><nonTransferableGroup_Collection><nonTransferableGroup choiceName3="JOEL VENTRESCA" votes1="11757.00000000000" points2="0.00000000000" /><nonTransferableGroup choiceName3="WILMA PANG" votes1="0.00000000000" points2="0.00000000000" /><nonTransferableGroup choiceName3="ROBERT L. JORDAN, JR." votes1="0.00000000000" points2="0.00000000000" /><nonTransferableGroup choiceName3="PAUL YBARRA ROBERTSON" votes1="7654.00000000000" points2="0.00000000000" /><nonTransferableGroup choiceName3="ELLEN LEE ZHOU" votes1="22291.00000000000" points2="0.00000000000" /><nonTransferableGroup choiceName3="LONDON N. BREED" votes1="100720.00000000000" points2="0.00000000000" /><nonTransferableGroup choiceName3="MARC ROTH" votes1="0.00000000000" points2="0.00000000000" /><nonTransferableGroup choiceName3="Blanks" votes1="19582.00000000000" points2="0.00000000000" /><nonTransferableGroup choiceName3="Exhausted" votes1="1221.00000000000" points2="0.00000000000" /><nonTransferableGroup choiceName3="Overvotes" votes1="514.00000000000" points2="0.00000000000" /><nonTransferableGroup choiceName3="Remainder Points" votes1="0.00000000000" points2="0.00000000000" /></nonTransferableGroup_Collection></Tablix5><Tablix9><TieReason_Collection><TieReason Textbox14="A tie occurred during " /><TieReason Textbox14="A tie occurred during " /><TieReason Textbox14="A tie occurred during " /><TieReason Textbox14="A tie occurred during " /><TieReason Textbox14="A tie occurred during " /><TieReason Textbox14="A tie occurred during " /><TieReason Textbox14="A tie occurred during " /><TieReason Textbox14="A tie occurred during " /><TieReason Textbox14="A tie occurred during " /><TieReason Textbox14="A tie occurred during " /><TieReason Textbox14="A tie occurred during " /></TieReason_Collection><DetailsTie_Collection><DetailsTie choiceName4="JOEL VENTRESCA" /><DetailsTie choiceName4="WILMA PANG" /><DetailsTie choiceName4="ROBERT L. JORDAN, JR." /><DetailsTie choiceName4="PAUL YBARRA ROBERTSON" /><DetailsTie choiceName4="ELLEN LEE ZHOU" /><DetailsTie choiceName4="LONDON N. BREED" /><DetailsTie choiceName4="MARC ROTH" /><DetailsTie choiceName4="Blanks" /><DetailsTie choiceName4="Exhausted" /><DetailsTie choiceName4="Overvotes" /><DetailsTie choiceName4="Remainder Points" /></DetailsTie_Collection><TieSelection_Collection><TieSelection Textbox2="The tie is broken by selecting JOEL VENTRESCA." /><TieSelection Textbox2="The tie is broken by selecting WILMA PANG." /><TieSelection Textbox2="The tie is broken by selecting ROBERT L. JORDAN, JR.." /><TieSelection Textbox2="The tie is broken by selecting PAUL YBARRA ROBERTSON." /><TieSelection Textbox2="The tie is broken by selecting ELLEN LEE ZHOU." /><TieSelection Textbox2="The tie is broken by selecting LONDON N. BREED." /><TieSelection Textbox2="The tie is broken by selecting MARC ROTH." /><TieSelection Textbox2="The tie is broken by selecting Blanks." /><TieSelection Textbox2="The tie is broken by selecting Exhausted." /><TieSelection Textbox2="The tie is broken by selecting Overvotes." /><TieSelection Textbox2="The tie is broken by selecting Remainder Points." /></TieSelection_Collection><StatusGroup_Collection><StatusGroup Textbox21="JOEL VENTRESCA is  because " /><StatusGroup Textbox21="WILMA PANG is  because " /><StatusGroup Textbox21="ROBERT L. JORDAN, JR. is  because " /><StatusGroup Textbox21="PAUL YBARRA ROBERTSON is eliminated because the candidate had the least amount of votes." /><StatusGroup Textbox21="ELLEN LEE ZHOU is  because " /><StatusGroup Textbox21="LONDON N. BREED is  because " /><StatusGroup Textbox21="MARC ROTH is  because " /><StatusGroup Textbox21="Blanks is  because " /><StatusGroup Textbox21="Exhausted is  because " /><StatusGroup Textbox21="Overvotes is  because " /><StatusGroup Textbox21="Remainder Points is  because " /></StatusGroup_Collection><sourceChoiceId_Collection><sourceChoiceId Textbox44=" transfer for candidate ." Textbox47=" ballots have been transferred in the following manner:"><choiceId_Collection><choiceId choiceName="WILMA PANG" /><choiceId choiceName="ROBERT L. JORDAN, JR." /><choiceId choiceName="MARC ROTH" /><choiceId choiceName="Blanks" /><choiceId choiceName="Remainder Points" /></choiceId_Collection></sourceChoiceId><sourceChoiceId Textbox44="Elimination transfer for candidate PAUL YBARRA ROBERTSON." Textbox47="7654 ballots have been transferred in the following manner:"><choiceId_Collection><choiceId sourceChoiceName="PAUL YBARRA ROBERTSON" choiceName="JOEL VENTRESCA" ballotsTransferred3="2406" transferFraction3="1.00000000000" votes5="2406.00000000000" /><choiceId sourceChoiceName="PAUL YBARRA ROBERTSON" choiceName="PAUL YBARRA ROBERTSON" ballotsTransferred3="7654" transferFraction3="1.00000000000" votes5="-7654.00000000000" /><choiceId sourceChoiceName="PAUL YBARRA ROBERTSON" choiceName="ELLEN LEE ZHOU" ballotsTransferred3="2427" transferFraction3="1.00000000000" votes5="2427.00000000000" /><choiceId sourceChoiceName="PAUL YBARRA ROBERTSON" choiceName="LONDON N. BREED" ballotsTransferred3="1209" transferFraction3="1.00000000000" votes5="1209.00000000000" /><choiceId sourceChoiceName="PAUL YBARRA ROBERTSON" choiceName="Exhausted" ballotsTransferred3="1573" transferFraction3="1.00000000000" votes5="1573.00000000000" /><choiceId sourceChoiceName="PAUL YBARRA ROBERTSON" choiceName="Overvotes" ballotsTransferred3="39" transferFraction3="1.00000000000" votes5="39.00000000000" /></choiceId_Collection></sourceChoiceId></sourceChoiceId_Collection></Tablix9></roundGroup><roundGroup><Tablix5 Textbox86="Round 5" continuingVotes="140810.00000000000" points1="0.00000000000" nonTransferableVotes="22929.00000000000" nonTransferablePoints="0.00000000000" surplus="0.00000000000"><choiceGroup_Collection><choiceGroup choiceName2="JOEL VENTRESCA" votes="14163.00000000000" Textbox17="0.1005823450039059725871742064" points="0.00000000000" /><choiceGroup choiceName2="WILMA PANG" votes="0.00000000000" Textbox17="0" points="0.00000000000" /><choiceGroup choiceName2="ROBERT L. JORDAN, JR." votes="0.00000000000" Textbox17="0" points="0.00000000000" /><choiceGroup choiceName2="PAUL YBARRA ROBERTSON" votes="0.00000000000" Textbox17="0" points="0.00000000000" /><choiceGroup choiceName2="ELLEN LEE ZHOU" votes="24718.00000000000" Textbox17="0.1755415098359491513386833321" points="0.00000000000" /><choiceGroup choiceName2="LONDON N. BREED" votes="101929.00000000000" Textbox17="0.7238761451601448760741424615" points="0.00000000000" /><choiceGroup choiceName2="MARC ROTH" votes="0.00000000000" Textbox17="0" points="0.00000000000" /><choiceGroup choiceName2="Blanks" votes="19582.00000000000" Textbox17="0.1390668276400823805127476742" points="0.00000000000" /><choiceGroup choiceName2="Exhausted" votes="2794.00000000000" Textbox17="0.0198423407428449683971308856" points="0.00000000000" /><choiceGroup choiceName2="Overvotes" votes="553.00000000000" Textbox17="0.003927277892195156593991904" points="0.00000000000" /><choiceGroup choiceName2="Remainder Points" votes="0.00000000000" Textbox17="0" points="0.00000000000" /></choiceGroup_Collection><nonTransferableGroup_Collection><nonTransferableGroup choiceName3="JOEL VENTRESCA" votes1="14163.00000000000" points2="0.00000000000" /><nonTransferableGroup choiceName3="WILMA PANG" votes1="0.00000000000" points2="0.00000000000" /><nonTransferableGroup choiceName3="ROBERT L. JORDAN, JR." votes1="0.00000000000" points2="0.00000000000" /><nonTransferableGroup choiceName3="PAUL YBARRA ROBERTSON" votes1="0.00000000000" points2="0.00000000000" /><nonTransferableGroup choiceName3="ELLEN LEE ZHOU" votes1="24718.00000000000" points2="0.00000000000" /><nonTransferableGroup choiceName3="LONDON N. BREED" votes1="101929.00000000000" points2="0.00000000000" /><nonTransferableGroup choiceName3="MARC ROTH" votes1="0.00000000000" points2="0.00000000000" /><nonTransferableGroup choiceName3="Blanks" votes1="19582.00000000000" points2="0.00000000000" /><nonTransferableGroup choiceName3="Exhausted" votes1="2794.00000000000" points2="0.00000000000" /><nonTransferableGroup choiceName3="Overvotes" votes1="553.00000000000" points2="0.00000000000" /><nonTransferableGroup choiceName3="Remainder Points" votes1="0.00000000000" points2="0.00000000000" /></nonTransferableGroup_Collection></Tablix5><Tablix9><TieReason_Collection><TieReason Textbox14="A tie occurred during " /><TieReason Textbox14="A tie occurred during " /><TieReason Textbox14="A tie occurred during " /><TieReason Textbox14="A tie occurred during " /><TieReason Textbox14="A tie occurred during " /><TieReason Textbox14="A tie occurred during " /><TieReason Textbox14="A tie occurred during " /><TieReason Textbox14="A tie occurred during " /><TieReason Textbox14="A tie occurred during " /><TieReason Textbox14="A tie occurred during " /><TieReason Textbox14="A tie occurred during " /></TieReason_Collection><DetailsTie_Collection><DetailsTie choiceName4="JOEL VENTRESCA" /><DetailsTie choiceName4="WILMA PANG" /><DetailsTie choiceName4="ROBERT L. JORDAN, JR." /><DetailsTie choiceName4="PAUL YBARRA ROBERTSON" /><DetailsTie choiceName4="ELLEN LEE ZHOU" /><DetailsTie choiceName4="LONDON N. BREED" /><DetailsTie choiceName4="MARC ROTH" /><DetailsTie choiceName4="Blanks" /><DetailsTie choiceName4="Exhausted" /><DetailsTie choiceName4="Overvotes" /><DetailsTie choiceName4="Remainder Points" /></DetailsTie_Collection><TieSelection_Collection><TieSelection Textbox2="The tie is broken by selecting JOEL VENTRESCA." /><TieSelection Textbox2="The tie is broken by selecting WILMA PANG." /><TieSelection Textbox2="The tie is broken by selecting ROBERT L. JORDAN, JR.." /><TieSelection Textbox2="The tie is broken by selecting PAUL YBARRA ROBERTSON." /><TieSelection Textbox2="The tie is broken by selecting ELLEN LEE ZHOU." /><TieSelection Textbox2="The tie is broken by selecting LONDON N. BREED." /><TieSelection Textbox2="The tie is broken by selecting MARC ROTH." /><TieSelection Textbox2="The tie is broken by selecting Blanks." /><TieSelection Textbox2="The tie is broken by selecting Exhausted." /><TieSelection Textbox2="The tie is broken by selecting Overvotes." /><TieSelection Textbox2="The tie is broken by selecting Remainder Points." /></TieSelection_Collection><StatusGroup_Collection><StatusGroup Textbox21="JOEL VENTRESCA is eliminated because the candidate had the least amount of votes." /><StatusGroup Textbox21="WILMA PANG is  because " /><StatusGroup Textbox21="ROBERT L. JORDAN, JR. is  because " /><StatusGroup Textbox21="PAUL YBARRA ROBERTSON is  because " /><StatusGroup Textbox21="ELLEN LEE ZHOU is  because " /><StatusGroup Textbox21="LONDON N. BREED is  because " /><StatusGroup Textbox21="MARC ROTH is  because " /><StatusGroup Textbox21="Blanks is  because " /><StatusGroup Textbox21="Exhausted is  because " /><StatusGroup Textbox21="Overvotes is  because " /><StatusGroup Textbox21="Remainder Points is  because " /></StatusGroup_Collection><sourceChoiceId_Collection><sourceChoiceId Textbox44=" transfer for candidate ." Textbox47=" ballots have been transferred in the following manner:"><choiceId_Collection><choiceId choiceName="WILMA PANG" /><choiceId choiceName="ROBERT L. JORDAN, JR." /><choiceId choiceName="PAUL YBARRA ROBERTSON" /><choiceId choiceName="MARC ROTH" /><choiceId choiceName="Blanks" /><choiceId choiceName="Remainder Points" /></choiceId_Collection></sourceChoiceId><sourceChoiceId Textbox44="Elimination transfer for candidate JOEL VENTRESCA." Textbox47="14163 ballots have been transferred in the following manner:"><choiceId_Collection><choiceId sourceChoiceName="JOEL VENTRESCA" choiceName="JOEL VENTRESCA" ballotsTransferred3="14163" transferFraction3="1.00000000000" votes5="-14163.00000000000" /><choiceId sourceChoiceName="JOEL VENTRESCA" choiceName="ELLEN LEE ZHOU" ballotsTransferred3="4825" transferFraction3="1.00000000000" votes5="4825.00000000000" /><choiceId sourceChoiceName="JOEL VENTRESCA" choiceName="LONDON N. BREED" ballotsTransferred3="4415" transferFraction3="1.00000000000" votes5="4415.00000000000" /><choiceId sourceChoiceName="JOEL VENTRESCA" choiceName="Exhausted" ballotsTransferred3="4860" transferFraction3="1.00000000000" votes5="4860.00000000000" /><choiceId sourceChoiceName="JOEL VENTRESCA" choiceName="Overvotes" ballotsTransferred3="63" transferFraction3="1.00000000000" votes5="63.00000000000" /></choiceId_Collection></sourceChoiceId></sourceChoiceId_Collection></Tablix9></roundGroup><roundGroup><Tablix5 Textbox86="Round 6" continuingVotes="135887.00000000000" points1="0.00000000000" nonTransferableVotes="27852.00000000000" nonTransferablePoints="0.00000000000" surplus="0.00000000000"><choiceGroup_Collection><choiceGroup choiceName2="JOEL VENTRESCA" votes="0.00000000000" Textbox17="0" points="0.00000000000" /><choiceGroup choiceName2="WILMA PANG" votes="0.00000000000" Textbox17="0" points="0.00000000000" /><choiceGroup choiceName2="ROBERT L. JORDAN, JR." votes="0.00000000000" Textbox17="0" points="0.00000000000" /><choiceGroup choiceName2="PAUL YBARRA ROBERTSON" votes="0.00000000000" Textbox17="0" points="0.00000000000" /><choiceGroup choiceName2="ELLEN LEE ZHOU" votes="29543.00000000000" Textbox17="0.2174085821307409833170207599" points="0.00000000000" /><choiceGroup choiceName2="LONDON N. BREED" votes="106344.00000000000" Textbox17="0.7825914178692590166829792401" points="0.00000000000" /><choiceGroup choiceName2="MARC ROTH" votes="0.00000000000" Textbox17="0" points="0.00000000000" /><choiceGroup choiceName2="Blanks" votes="19582.00000000000" Textbox17="0.1441050284427502262909623437" points="0.00000000000" /><choiceGroup choiceName2="Exhausted" votes="7654.00000000000" Textbox17="0.0563262122204478721290484005" points="0.00000000000" /><choiceGroup choiceName2="Overvotes" votes="616.00000000000" Textbox17="0.0045331783025602154731504853" points="0.00000000000" /><choiceGroup choiceName2="Remainder Points" votes="0.00000000000" Textbox17="0" points="0.00000000000" /></choiceGroup_Collection><nonTransferableGroup_Collection><nonTransferableGroup choiceName3="JOEL VENTRESCA" votes1="0.00000000000" points2="0.00000000000" /><nonTransferableGroup choiceName3="WILMA PANG" votes1="0.00000000000" points2="0.00000000000" /><nonTransferableGroup choiceName3="ROBERT L. JORDAN, JR." votes1="0.00000000000" points2="0.00000000000" /><nonTransferableGroup choiceName3="PAUL YBARRA ROBERTSON" votes1="0.00000000000" points2="0.00000000000" /><nonTransferableGroup choiceName3="ELLEN LEE ZHOU" votes1="29543.00000000000" points2="0.00000000000" /><nonTransferableGroup choiceName3="LONDON N. BREED" votes1="106344.00000000000" points2="0.00000000000" /><nonTransferableGroup choiceName3="MARC ROTH" votes1="0.00000000000" points2="0.00000000000" /><nonTransferableGroup choiceName3="Blanks" votes1="19582.00000000000" points2="0.00000000000" /><nonTransferableGroup choiceName3="Exhausted" votes1="7654.00000000000" points2="0.00000000000" /><nonTransferableGroup choiceName3="Overvotes" votes1="616.00000000000" points2="0.00000000000" /><nonTransferableGroup choiceName3="Remainder Points" votes1="0.00000000000" points2="0.00000000000" /></nonTransferableGroup_Collection></Tablix5><Tablix9><TieReason_Collection><TieReason Textbox14="A tie occurred during " /><TieReason Textbox14="A tie occurred during " /><TieReason Textbox14="A tie occurred during " /><TieReason Textbox14="A tie occurred during " /><TieReason Textbox14="A tie occurred during " /><TieReason Textbox14="A tie occurred during " /><TieReason Textbox14="A tie occurred during " /><TieReason Textbox14="A tie occurred during " /><TieReason Textbox14="A tie occurred during " /><TieReason Textbox14="A tie occurred during " /><TieReason Textbox14="A tie occurred during " /></TieReason_Collection><DetailsTie_Collection><DetailsTie choiceName4="JOEL VENTRESCA" /><DetailsTie choiceName4="WILMA PANG" /><DetailsTie choiceName4="ROBERT L. JORDAN, JR." /><DetailsTie choiceName4="PAUL YBARRA ROBERTSON" /><DetailsTie choiceName4="ELLEN LEE ZHOU" /><DetailsTie choiceName4="LONDON N. BREED" /><DetailsTie choiceName4="MARC ROTH" /><DetailsTie choiceName4="Blanks" /><DetailsTie choiceName4="Exhausted" /><DetailsTie choiceName4="Overvotes" /><DetailsTie choiceName4="Remainder Points" /></DetailsTie_Collection><TieSelection_Collection><TieSelection Textbox2="The tie is broken by selecting JOEL VENTRESCA." /><TieSelection Textbox2="The tie is broken by selecting WILMA PANG." /><TieSelection Textbox2="The tie is broken by selecting ROBERT L. JORDAN, JR.." /><TieSelection Textbox2="The tie is broken by selecting PAUL YBARRA ROBERTSON." /><TieSelection Textbox2="The tie is broken by selecting ELLEN LEE ZHOU." /><TieSelection Textbox2="The tie is broken by selecting LONDON N. BREED." /><TieSelection Textbox2="The tie is broken by selecting MARC ROTH." /><TieSelection Textbox2="The tie is broken by selecting Blanks." /><TieSelection Textbox2="The tie is broken by selecting Exhausted." /><TieSelection Textbox2="The tie is broken by selecting Overvotes." /><TieSelection Textbox2="The tie is broken by selecting Remainder Points." /></TieSelection_Collection><StatusGroup_Collection><StatusGroup Textbox21="JOEL VENTRESCA is  because " /><StatusGroup Textbox21="WILMA PANG is  because " /><StatusGroup Textbox21="ROBERT L. JORDAN, JR. is  because " /><StatusGroup Textbox21="PAUL YBARRA ROBERTSON is  because " /><StatusGroup Textbox21="ELLEN LEE ZHOU is eliminated because the candidate was not elected in the last round." /><StatusGroup Textbox21="LONDON N. BREED is elected because all other candidates have been eliminated." /><StatusGroup Textbox21="MARC ROTH is  because " /><StatusGroup Textbox21="Blanks is  because " /><StatusGroup Textbox21="Exhausted is  because " /><StatusGroup Textbox21="Overvotes is  because " /><StatusGroup Textbox21="Remainder Points is  because " /></StatusGroup_Collection><sourceChoiceId_Collection><sourceChoiceId Textbox44=" transfer for candidate ." Textbox47=" ballots have been transferred in the following manner:"><choiceId_Collection><choiceId choiceName="JOEL VENTRESCA" /><choiceId choiceName="WILMA PANG" /><choiceId choiceName="ROBERT L. JORDAN, JR." /><choiceId choiceName="PAUL YBARRA ROBERTSON" /><choiceId choiceName="ELLEN LEE ZHOU" /><choiceId choiceName="LONDON N. BREED" /><choiceId choiceName="MARC ROTH" /><choiceId choiceName="Blanks" /><choiceId choiceName="Exhausted" /><choiceId choiceName="Overvotes" /><choiceId choiceName="Remainder Points" /></choiceId_Collection></sourceChoiceId></sourceChoiceId_Collection></Tablix9></roundGroup></roundGroup_Collection></Tablix10></precinctGroup></precinctGroup_Collection></Tablix6></Report>