﻿<?xml version="1.0" encoding="utf-8"?><Report xsi:schemaLocation="RcvShortReport http://emsserver/ReportServer?%2FEMSApplicationServerReports%2FRcvShortReport&amp;rs%3ACommand=Render&amp;rs%3AFormat=XML&amp;rs%3ASessionID=4b4imriyycvdul55pxl1sivw&amp;rc%3ASchema=True" Name="RcvShortReport" xmlns:xsi="http://www.w3.org/2001/XMLSchema-instance" xmlns="RcvShortReport"><Title><Report Name="Title" Textbox11="RCV Short Report" Textbox3="General Election" Textbox2="City and County of San Francisco" Textbox9="2019-11-05T00:00:00" Textbox12="" Textbox8="Final RCV Short Report&#xA;City and County of San Francisco&#xA;November 5, 2019, Consolidated Municipal Election" /></Title><RcvStaticData><Report Name="RcvStaticData"><Tablix2 Textbox24="MAYOR" Textbox21="Official results" Textbox53="Number of positions to elect is 1." state="All Positions Filled" timeStamp="2019-11-25T15:54:54.353" /><Tablix3 Textbox36="IRV" Textbox41="True" winnersByThreshold="False" usesDistricts="True" previousRoundsEvaluation="None" eliminationType="Single" fixedPrecisionDecimals="0" performEliminationTransferInLastRound="False" skipOvervotedRankings="False" votesToInThresholdCalculation="Continuing ballots per round" useFirstRoundSuspension="False" /></Report></RcvStaticData><Tablix1><precinctGroup_Collection><precinctGroup precinctName="City and County of San Francisco"><Tablix5><choiceGroup_Collection><choiceGroup><Textbox70 choiceName="JOEL VENTRESCA" /><roundGroup_Collection><roundGroup roundIndex="Round 1"><Textbox9 votes="13283.00000000000" /><Textbox16 Textbox17="0.0739641510799779494061374153" /><Textbox10 points3="0.00000000000" /><transferType transferType="Transfer&#xD;&#xA;(Elimination)" voteTransfer="3.00000000000" /></roundGroup><roundGroup roundIndex="Round 2"><Textbox9 votes="13286.00000000000" /><Textbox16 Textbox17="0.0739812680275745325359437818" /><Textbox10 points3="0.00000000000" /><transferType transferType="Transfer&#xD;&#xA;(Elimination)" voteTransfer="328.00000000000" /></roundGroup><roundGroup roundIndex="Round 3"><Textbox9 votes="13614.00000000000" /><Textbox16 Textbox17="0.076019767149677527431108133" /><Textbox10 points3="0.00000000000" /><transferType transferType="Transfer&#xD;&#xA;(Elimination)" voteTransfer="917.00000000000" /></roundGroup><roundGroup roundIndex="Round 4"><Textbox9 votes="14531.00000000000" /><Textbox16 Textbox17="0.0816210750997022973656125372" /><Textbox10 points3="0.00000000000" /><transferType transferType="Transfer&#xD;&#xA;(Elimination)" voteTransfer="2894.00000000000" /></roundGroup><roundGroup roundIndex="Round 5"><Textbox9 votes="17425.00000000000" /><Textbox16 Textbox17="0.0989668823018248527565897461" /><Textbox10 points3="0.00000000000" /><transferType transferType="Transfer&#xD;&#xA;(Elimination)" voteTransfer="-17425.00000000000" /></roundGroup><roundGroup roundIndex="Round 6"><Textbox9 votes="0.00000000000" /><Textbox16 Textbox17="0" /><Textbox10 points3="0.00000000000" /><transferType transferType="Transfer" voteTransfer="0" /></roundGroup></roundGroup_Collection></choiceGroup><choiceGroup><Textbox70 choiceName="WILMA PANG" /><roundGroup_Collection><roundGroup roundIndex="Round 1"><Textbox9 votes="4963.00000000000" /><Textbox16 Textbox17="0.0276356306414161381391748846" /><Textbox10 points3="0.00000000000" /><transferType transferType="Transfer&#xD;&#xA;(Elimination)" voteTransfer="1.00000000000" /></roundGroup><roundGroup roundIndex="Round 2"><Textbox9 votes="4964.00000000000" /><Textbox16 Textbox17="0.0276413528894234517167262481" /><Textbox10 points3="0.00000000000" /><transferType transferType="Transfer&#xD;&#xA;(Elimination)" voteTransfer="333.00000000000" /></roundGroup><roundGroup roundIndex="Round 3"><Textbox9 votes="5297.00000000000" /><Textbox16 Textbox17="0.0295781332886618086383560879" /><Textbox10 points3="0.00000000000" /><transferType transferType="Transfer&#xD;&#xA;(Elimination)" voteTransfer="-5297.00000000000" /></roundGroup><roundGroup roundIndex="Round 4"><Textbox9 votes="0.00000000000" /><Textbox16 Textbox17="0" /><Textbox10 points3="0.00000000000" /><transferType transferType="Transfer&#xD;&#xA;(Elimination)" voteTransfer="0" /></roundGroup><roundGroup roundIndex="Round 5"><Textbox9 votes="0.00000000000" /><Textbox16 Textbox17="0" /><Textbox10 points3="0.00000000000" /><transferType transferType="Transfer&#xD;&#xA;(Elimination)" voteTransfer="0" /></roundGroup><roundGroup roundIndex="Round 6"><Textbox9 votes="0.00000000000" /><Textbox16 Textbox17="0" /><Textbox10 points3="0.00000000000" /><transferType transferType="Transfer" voteTransfer="0" /></roundGroup></roundGroup_Collection></choiceGroup><choiceGroup><Textbox70 choiceName="ROBERT L. JORDAN, JR." /><roundGroup_Collection><roundGroup roundIndex="Round 1"><Textbox9 votes="2458.00000000000" /><Textbox16 Textbox17="0.0136869595237962658767059977" /><Textbox10 points3="0.00000000000" /><transferType transferType="Transfer&#xD;&#xA;(Elimination)" voteTransfer="1.00000000000" /></roundGroup><roundGroup roundIndex="Round 2"><Textbox9 votes="2459.00000000000" /><Textbox16 Textbox17="0.0136926041005423585357433207" /><Textbox10 points3="0.00000000000" /><transferType transferType="Transfer&#xD;&#xA;(Elimination)" voteTransfer="-2459.00000000000" /></roundGroup><roundGroup roundIndex="Round 3"><Textbox9 votes="0.00000000000" /><Textbox16 Textbox17="0" /><Textbox10 points3="0.00000000000" /><transferType transferType="Transfer&#xD;&#xA;(Elimination)" voteTransfer="0" /></roundGroup><roundGroup roundIndex="Round 4"><Textbox9 votes="0.00000000000" /><Textbox16 Textbox17="0" /><Textbox10 points3="0.00000000000" /><transferType transferType="Transfer&#xD;&#xA;(Elimination)" voteTransfer="0" /></roundGroup><roundGroup roundIndex="Round 5"><Textbox9 votes="0.00000000000" /><Textbox16 Textbox17="0" /><Textbox10 points3="0.00000000000" /><transferType transferType="Transfer&#xD;&#xA;(Elimination)" voteTransfer="0" /></roundGroup><roundGroup roundIndex="Round 6"><Textbox9 votes="0.00000000000" /><Textbox16 Textbox17="0" /><Textbox10 points3="0.00000000000" /><transferType transferType="Transfer" voteTransfer="0" /></roundGroup></roundGroup_Collection></choiceGroup><choiceGroup><Textbox70 choiceName="PAUL YBARRA ROBERTSON" /><roundGroup_Collection><roundGroup roundIndex="Round 1"><Textbox9 votes="7649.00000000000" /><Textbox16 Textbox17="0.0425921698118460690361774516" /><Textbox10 points3="0.00000000000" /><transferType transferType="Transfer&#xD;&#xA;(Elimination)" voteTransfer="0" /></roundGroup><roundGroup roundIndex="Round 2"><Textbox9 votes="7649.00000000000" /><Textbox16 Textbox17="0.042592406980499593509516332" /><Textbox10 points3="0.00000000000" /><transferType transferType="Transfer&#xD;&#xA;(Elimination)" voteTransfer="655.00000000000" /></roundGroup><roundGroup roundIndex="Round 3"><Textbox9 votes="8304.00000000000" /><Textbox16 Textbox17="0.0463690426333863807689086188" /><Textbox10 points3="0.00000000000" /><transferType transferType="Transfer&#xD;&#xA;(Elimination)" voteTransfer="1008.00000000000" /></roundGroup><roundGroup roundIndex="Round 4"><Textbox9 votes="9312.00000000000" /><Textbox16 Textbox17="0.0523057911587934617761051508" /><Textbox10 points3="0.00000000000" /><transferType transferType="Transfer&#xD;&#xA;(Elimination)" voteTransfer="-9312.00000000000" /></roundGroup><roundGroup roundIndex="Round 5"><Textbox9 votes="0.00000000000" /><Textbox16 Textbox17="0" /><Textbox10 points3="0.00000000000" /><transferType transferType="Transfer&#xD;&#xA;(Elimination)" voteTransfer="0" /></roundGroup><roundGroup roundIndex="Round 6"><Textbox9 votes="0.00000000000" /><Textbox16 Textbox17="0" /><Textbox10 points3="0.00000000000" /><transferType transferType="Transfer" voteTransfer="0" /></roundGroup></roundGroup_Collection></choiceGroup><choiceGroup><Textbox70 choiceName="ELLEN LEE ZHOU" /><roundGroup_Collection><roundGroup roundIndex="Round 1"><Textbox9 votes="25006.00000000000" /><Textbox16 Textbox17="0.1392417045777255591997193561" /><Textbox10 points3="0.00000000000" /><transferType transferType="Transfer&#xD;&#xA;(Elimination)" voteTransfer="0" /></roundGroup><roundGroup roundIndex="Round 2"><Textbox9 votes="25006.00000000000" /><Textbox16 Textbox17="0.1392424799260521421491653024" /><Textbox10 points3="0.00000000000" /><transferType transferType="Transfer&#xD;&#xA;(Elimination)" voteTransfer="301.00000000000" /></roundGroup><roundGroup roundIndex="Round 3"><Textbox9 votes="25307.00000000000" /><Textbox16 Textbox17="0.1413127844319736438004299634" /><Textbox10 points3="0.00000000000" /><transferType transferType="Transfer&#xD;&#xA;(Elimination)" voteTransfer="1637.00000000000" /></roundGroup><roundGroup roundIndex="Round 4"><Textbox9 votes="26944.00000000000" /><Textbox16 Textbox17="0.1513452788855810818401393024" /><Textbox10 points3="0.00000000000" /><transferType transferType="Transfer&#xD;&#xA;(Elimination)" voteTransfer="2959.00000000000" /></roundGroup><roundGroup roundIndex="Round 5"><Textbox9 votes="29903.00000000000" /><Textbox16 Textbox17="0.1698368253355218692671623057" /><Textbox10 points3="0.00000000000" /><transferType transferType="Transfer&#xD;&#xA;(Elimination)" voteTransfer="5803.00000000000" /></roundGroup><roundGroup roundIndex="Round 6"><Textbox9 votes="35706.00000000000" /><Textbox16 Textbox17="0.2099723024269189831285908345" /><Textbox10 points3="0.00000000000" /><transferType transferType="Transfer" voteTransfer="0" /></roundGroup></roundGroup_Collection></choiceGroup><choiceGroup><Textbox70 choiceName="LONDON N. BREED" /><roundGroup_Collection><roundGroup roundIndex="Round 1"><Textbox9 votes="126221.00000000000" /><Textbox16 Textbox17="0.7028404060427536514335670177" /><Textbox10 points3="0.00000000000" /><transferType transferType="Transfer&#xD;&#xA;(Elimination)" voteTransfer="1.00000000000" /></roundGroup><roundGroup roundIndex="Round 2"><Textbox9 votes="126222.00000000000" /><Textbox16 Textbox17="0.7028498880759079215529050149" /><Textbox10 points3="0.00000000000" /><transferType transferType="Transfer&#xD;&#xA;(Elimination)" voteTransfer="341.00000000000" /></roundGroup><roundGroup roundIndex="Round 3"><Textbox9 votes="126563.00000000000" /><Textbox16 Textbox17="0.7067202724963006393611971969" /><Textbox10 points3="0.00000000000" /><transferType transferType="Transfer&#xD;&#xA;(Elimination)" voteTransfer="680.00000000000" /></roundGroup><roundGroup roundIndex="Round 4"><Textbox9 votes="127243.00000000000" /><Textbox16 Textbox17="0.7147278548559231590181430096" /><Textbox10 points3="0.00000000000" /><transferType transferType="Transfer&#xD;&#xA;(Elimination)" voteTransfer="1498.00000000000" /></roundGroup><roundGroup roundIndex="Round 5"><Textbox9 votes="128741.00000000000" /><Textbox16 Textbox17="0.7311962923626532779762479482" /><Textbox10 points3="0.00000000000" /><transferType transferType="Transfer&#xD;&#xA;(Elimination)" voteTransfer="5604.00000000000" /></roundGroup><roundGroup roundIndex="Round 6"><Textbox9 votes="134345.00000000000" /><Textbox16 Textbox17="0.7900276975730810168714091655" /><Textbox10 points3="0.00000000000" /><transferType transferType="Transfer" voteTransfer="0" /></roundGroup></roundGroup_Collection></choiceGroup><choiceGroup><Textbox70 choiceName="MARC ROTH" /><roundGroup_Collection><roundGroup roundIndex="Round 1"><Textbox9 votes="7.00000000000" /><Textbox16 Textbox17="0.0000389783224843669085178771" /><Textbox10 points3="0.00000000000" /><transferType transferType="Transfer&#xD;&#xA;(Elimination)" voteTransfer="-7.00000000000" /></roundGroup><roundGroup roundIndex="Round 2"><Textbox9 votes="0.00000000000" /><Textbox16 Textbox17="0" /><Textbox10 points3="0.00000000000" /><transferType transferType="Transfer&#xD;&#xA;(Elimination)" voteTransfer="0" /></roundGroup><roundGroup roundIndex="Round 3"><Textbox9 votes="0.00000000000" /><Textbox16 Textbox17="0" /><Textbox10 points3="0.00000000000" /><transferType transferType="Transfer&#xD;&#xA;(Elimination)" voteTransfer="0" /></roundGroup><roundGroup roundIndex="Round 4"><Textbox9 votes="0.00000000000" /><Textbox16 Textbox17="0" /><Textbox10 points3="0.00000000000" /><transferType transferType="Transfer&#xD;&#xA;(Elimination)" voteTransfer="0" /></roundGroup><roundGroup roundIndex="Round 5"><Textbox9 votes="0.00000000000" /><Textbox16 Textbox17="0" /><Textbox10 points3="0.00000000000" /><transferType transferType="Transfer&#xD;&#xA;(Elimination)" voteTransfer="0" /></roundGroup><roundGroup roundIndex="Round 6"><Textbox9 votes="0.00000000000" /><Textbox16 Textbox17="0" /><Textbox10 points3="0.00000000000" /><transferType transferType="Transfer" voteTransfer="0" /></roundGroup></roundGroup_Collection></choiceGroup><choiceGroup><Textbox70 choiceName="Blanks" /><roundGroup_Collection><roundGroup roundIndex="Round 1"><Textbox9 votes="25927.00000000000" /><Textbox16 Textbox17="0.1443701381503115481632857612" /><Textbox10 points3="0.00000000000" /><transferType transferType="Transfer&#xD;&#xA;(Elimination)" voteTransfer="0" /></roundGroup><roundGroup roundIndex="Round 2"><Textbox9 votes="25927.00000000000" /><Textbox16 Textbox17="0.144370942055616807546245253" /><Textbox10 points3="0.00000000000" /><transferType transferType="Transfer&#xD;&#xA;(Elimination)" voteTransfer="0" /></roundGroup><roundGroup roundIndex="Round 3"><Textbox9 votes="25927.00000000000" /><Textbox16 Textbox17="0.1447748275958343803221933719" /><Textbox10 points3="0.00000000000" /><transferType transferType="Transfer&#xD;&#xA;(Elimination)" voteTransfer="0" /></roundGroup><roundGroup roundIndex="Round 4"><Textbox9 votes="25927.00000000000" /><Textbox16 Textbox17="0.1456327585238442959051845195" /><Textbox10 points3="0.00000000000" /><transferType transferType="Transfer&#xD;&#xA;(Elimination)" voteTransfer="0" /></roundGroup><roundGroup roundIndex="Round 5"><Textbox9 votes="25927.00000000000" /><Textbox16 Textbox17="0.1472547694369820922479255292" /><Textbox10 points3="0.00000000000" /><transferType transferType="Transfer&#xD;&#xA;(Elimination)" voteTransfer="0" /></roundGroup><roundGroup roundIndex="Round 6"><Textbox9 votes="25927.00000000000" /><Textbox16 Textbox17="0.152466024898412829092448736" /><Textbox10 points3="0.00000000000" /><transferType transferType="Transfer" voteTransfer="0" /></roundGroup></roundGroup_Collection></choiceGroup><choiceGroup><Textbox70 choiceName="Exhausted" /><roundGroup_Collection><roundGroup roundIndex="Round 1"><Textbox9 votes="0.00000000000" /><Textbox16 Textbox17="0" /><Textbox10 points3="0.00000000000" /><transferType transferType="Transfer&#xD;&#xA;(Elimination)" voteTransfer="1.00000000000" /></roundGroup><roundGroup roundIndex="Round 2"><Textbox9 votes="1.00000000000" /><Textbox16 Textbox17="0.0000055683627899724922878175" /><Textbox10 points3="0.00000000000" /><transferType transferType="Transfer&#xD;&#xA;(Elimination)" voteTransfer="485.00000000000" /></roundGroup><roundGroup roundIndex="Round 3"><Textbox9 votes="486.00000000000" /><Textbox16 Textbox17="0.0027137951252198676606080911" /><Textbox10 points3="0.00000000000" /><transferType transferType="Transfer&#xD;&#xA;(Elimination)" voteTransfer="1041.00000000000" /></roundGroup><roundGroup roundIndex="Round 4"><Textbox9 votes="1527.00000000000" /><Textbox16 Textbox17="0.0085772060888614278492388923" /><Textbox10 points3="0.00000000000" /><transferType transferType="Transfer&#xD;&#xA;(Elimination)" voteTransfer="1914.00000000000" /></roundGroup><roundGroup roundIndex="Round 5"><Textbox9 votes="3441.00000000000" /><Textbox16 Textbox17="0.0195434744333187557150889708" /><Textbox10 points3="0.00000000000" /><transferType transferType="Transfer&#xD;&#xA;(Elimination)" voteTransfer="5942.00000000000" /></roundGroup><roundGroup roundIndex="Round 6"><Textbox9 votes="9383.00000000000" /><Textbox16 Textbox17="0.0551775643777454998794479303" /><Textbox10 points3="0.00000000000" /><transferType transferType="Transfer" voteTransfer="0" /></roundGroup></roundGroup_Collection></choiceGroup><choiceGroup><Textbox70 choiceName="Overvotes" /><roundGroup_Collection><roundGroup roundIndex="Round 1"><Textbox9 votes="603.00000000000" /><Textbox16 Textbox17="0.0033577040654390351194685584" /><Textbox10 points3="0.00000000000" /><transferType transferType="Transfer&#xD;&#xA;(Elimination)" voteTransfer="0" /></roundGroup><roundGroup roundIndex="Round 2"><Textbox9 votes="603.00000000000" /><Textbox16 Textbox17="0.0033577227623534128495539741" /><Textbox10 points3="0.00000000000" /><transferType transferType="Transfer&#xD;&#xA;(Elimination)" voteTransfer="16.00000000000" /></roundGroup><roundGroup roundIndex="Round 3"><Textbox9 votes="619.00000000000" /><Textbox16 Textbox17="0.0034564592232738643660831449" /><Textbox10 points3="0.00000000000" /><transferType transferType="Transfer&#xD;&#xA;(Elimination)" voteTransfer="14.00000000000" /></roundGroup><roundGroup roundIndex="Round 4"><Textbox9 votes="633.00000000000" /><Textbox16 Textbox17="0.0035555805201370555524349829" /><Textbox10 points3="0.00000000000" /><transferType transferType="Transfer&#xD;&#xA;(Elimination)" voteTransfer="47.00000000000" /></roundGroup><roundGroup roundIndex="Round 5"><Textbox9 votes="680.00000000000" /><Textbox16 Textbox17="0.0038621222361687747417205755" /><Textbox10 points3="0.00000000000" /><transferType transferType="Transfer&#xD;&#xA;(Elimination)" voteTransfer="76.00000000000" /></roundGroup><roundGroup roundIndex="Round 6"><Textbox9 votes="756.00000000000" /><Textbox16 Textbox17="0.0044457251059976124809615939" /><Textbox10 points3="0.00000000000" /><transferType transferType="Transfer" voteTransfer="0" /></roundGroup></roundGroup_Collection></choiceGroup><choiceGroup><Textbox70 choiceName="Remainder Points" /><roundGroup_Collection><roundGroup roundIndex="Round 1"><Textbox9 votes="0.00000000000" /><Textbox16 Textbox17="0" /><Textbox10 points3="0.00000000000" /><transferType transferType="Transfer&#xD;&#xA;(Elimination)" voteTransfer="0" /></roundGroup><roundGroup roundIndex="Round 2"><Textbox9 votes="0.00000000000" /><Textbox16 Textbox17="0" /><Textbox10 points3="0.00000000000" /><transferType transferType="Transfer&#xD;&#xA;(Elimination)" voteTransfer="0" /></roundGroup><roundGroup roundIndex="Round 3"><Textbox9 votes="0.00000000000" /><Textbox16 Textbox17="0" /><Textbox10 points3="0.00000000000" /><transferType transferType="Transfer&#xD;&#xA;(Elimination)" voteTransfer="0" /></roundGroup><roundGroup roundIndex="Round 4"><Textbox9 votes="0.00000000000" /><Textbox16 Textbox17="0" /><Textbox10 points3="0.00000000000" /><transferType transferType="Transfer&#xD;&#xA;(Elimination)" voteTransfer="0" /></roundGroup><roundGroup roundIndex="Round 5"><Textbox9 votes="0.00000000000" /><Textbox16 Textbox17="0" /><Textbox10 points3="0.00000000000" /><transferType transferType="Transfer&#xD;&#xA;(Elimination)" voteTransfer="0" /></roundGroup><roundGroup roundIndex="Round 6"><Textbox9 votes="0.00000000000" /><Textbox16 Textbox17="0" /><Textbox10 points3="0.00000000000" /><transferType transferType="Transfer" voteTransfer="0" /></roundGroup></roundGroup_Collection></choiceGroup></choiceGroup_Collection><Textbox70 /><roundGroup_Collection><roundGroup roundIndex="Round 1"><Textbox9 continuingVotes="179587.00000000000" /><Textbox16 /><Textbox10 continuingPoints="0.00000000000" /><transferType transferType="Transfer&#xD;&#xA;(Elimination)" /></roundGroup><roundGroup roundIndex="Round 2"><Textbox9 continuingVotes="179586.00000000000" /><Textbox16 /><Textbox10 continuingPoints="0.00000000000" /><transferType transferType="Transfer&#xD;&#xA;(Elimination)" /></roundGroup><roundGroup roundIndex="Round 3"><Textbox9 continuingVotes="179085.00000000000" /><Textbox16 /><Textbox10 continuingPoints="0.00000000000" /><transferType transferType="Transfer&#xD;&#xA;(Elimination)" /></roundGroup><roundGroup roundIndex="Round 4"><Textbox9 continuingVotes="178030.00000000000" /><Textbox16 /><Textbox10 continuingPoints="0.00000000000" /><transferType transferType="Transfer&#xD;&#xA;(Elimination)" /></roundGroup><roundGroup roundIndex="Round 5"><Textbox9 continuingVotes="176069.00000000000" /><Textbox16 /><Textbox10 continuingPoints="0.00000000000" /><transferType transferType="Transfer&#xD;&#xA;(Elimination)" /></roundGroup><roundGroup roundIndex="Round 6"><Textbox9 continuingVotes="170051.00000000000" /><Textbox16 /><Textbox10 continuingPoints="0.00000000000" /><transferType transferType="Transfer" /></roundGroup></roundGroup_Collection><nonTransferableGroup_Collection><nonTransferableGroup><Textbox70 choiceName3="JOEL VENTRESCA" /><roundGroup_Collection><roundGroup roundIndex="Round 1"><Textbox9 votes4="13283.00000000000" /><Textbox16 /><Textbox10 points4="0.00000000000" /><transferType transferType="Transfer&#xD;&#xA;(Elimination)" voteTransfer2="3.00000000000" /></roundGroup><roundGroup roundIndex="Round 2"><Textbox9 votes4="13286.00000000000" /><Textbox16 /><Textbox10 points4="0.00000000000" /><transferType transferType="Transfer&#xD;&#xA;(Elimination)" voteTransfer2="328.00000000000" /></roundGroup><roundGroup roundIndex="Round 3"><Textbox9 votes4="13614.00000000000" /><Textbox16 /><Textbox10 points4="0.00000000000" /><transferType transferType="Transfer&#xD;&#xA;(Elimination)" voteTransfer2="917.00000000000" /></roundGroup><roundGroup roundIndex="Round 4"><Textbox9 votes4="14531.00000000000" /><Textbox16 /><Textbox10 points4="0.00000000000" /><transferType transferType="Transfer&#xD;&#xA;(Elimination)" voteTransfer2="2894.00000000000" /></roundGroup><roundGroup roundIndex="Round 5"><Textbox9 votes4="17425.00000000000" /><Textbox16 /><Textbox10 points4="0.00000000000" /><transferType transferType="Transfer&#xD;&#xA;(Elimination)" voteTransfer2="-17425.00000000000" /></roundGroup><roundGroup roundIndex="Round 6"><Textbox9 votes4="0.00000000000" /><Textbox16 /><Textbox10 points4="0.00000000000" /><transferType transferType="Transfer" voteTransfer2="0" /></roundGroup></roundGroup_Collection></nonTransferableGroup><nonTransferableGroup><Textbox70 choiceName3="WILMA PANG" /><roundGroup_Collection><roundGroup roundIndex="Round 1"><Textbox9 votes4="4963.00000000000" /><Textbox16 /><Textbox10 points4="0.00000000000" /><transferType transferType="Transfer&#xD;&#xA;(Elimination)" voteTransfer2="1.00000000000" /></roundGroup><roundGroup roundIndex="Round 2"><Textbox9 votes4="4964.00000000000" /><Textbox16 /><Textbox10 points4="0.00000000000" /><transferType transferType="Transfer&#xD;&#xA;(Elimination)" voteTransfer2="333.00000000000" /></roundGroup><roundGroup roundIndex="Round 3"><Textbox9 votes4="5297.00000000000" /><Textbox16 /><Textbox10 points4="0.00000000000" /><transferType transferType="Transfer&#xD;&#xA;(Elimination)" voteTransfer2="-5297.00000000000" /></roundGroup><roundGroup roundIndex="Round 4"><Textbox9 votes4="0.00000000000" /><Textbox16 /><Textbox10 points4="0.00000000000" /><transferType transferType="Transfer&#xD;&#xA;(Elimination)" voteTransfer2="0" /></roundGroup><roundGroup roundIndex="Round 5"><Textbox9 votes4="0.00000000000" /><Textbox16 /><Textbox10 points4="0.00000000000" /><transferType transferType="Transfer&#xD;&#xA;(Elimination)" voteTransfer2="0" /></roundGroup><roundGroup roundIndex="Round 6"><Textbox9 votes4="0.00000000000" /><Textbox16 /><Textbox10 points4="0.00000000000" /><transferType transferType="Transfer" voteTransfer2="0" /></roundGroup></roundGroup_Collection></nonTransferableGroup><nonTransferableGroup><Textbox70 choiceName3="ROBERT L. JORDAN, JR." /><roundGroup_Collection><roundGroup roundIndex="Round 1"><Textbox9 votes4="2458.00000000000" /><Textbox16 /><Textbox10 points4="0.00000000000" /><transferType transferType="Transfer&#xD;&#xA;(Elimination)" voteTransfer2="1.00000000000" /></roundGroup><roundGroup roundIndex="Round 2"><Textbox9 votes4="2459.00000000000" /><Textbox16 /><Textbox10 points4="0.00000000000" /><transferType transferType="Transfer&#xD;&#xA;(Elimination)" voteTransfer2="-2459.00000000000" /></roundGroup><roundGroup roundIndex="Round 3"><Textbox9 votes4="0.00000000000" /><Textbox16 /><Textbox10 points4="0.00000000000" /><transferType transferType="Transfer&#xD;&#xA;(Elimination)" voteTransfer2="0" /></roundGroup><roundGroup roundIndex="Round 4"><Textbox9 votes4="0.00000000000" /><Textbox16 /><Textbox10 points4="0.00000000000" /><transferType transferType="Transfer&#xD;&#xA;(Elimination)" voteTransfer2="0" /></roundGroup><roundGroup roundIndex="Round 5"><Textbox9 votes4="0.00000000000" /><Textbox16 /><Textbox10 points4="0.00000000000" /><transferType transferType="Transfer&#xD;&#xA;(Elimination)" voteTransfer2="0" /></roundGroup><roundGroup roundIndex="Round 6"><Textbox9 votes4="0.00000000000" /><Textbox16 /><Textbox10 points4="0.00000000000" /><transferType transferType="Transfer" voteTransfer2="0" /></roundGroup></roundGroup_Collection></nonTransferableGroup><nonTransferableGroup><Textbox70 choiceName3="PAUL YBARRA ROBERTSON" /><roundGroup_Collection><roundGroup roundIndex="Round 1"><Textbox9 votes4="7649.00000000000" /><Textbox16 /><Textbox10 points4="0.00000000000" /><transferType transferType="Transfer&#xD;&#xA;(Elimination)" voteTransfer2="0" /></roundGroup><roundGroup roundIndex="Round 2"><Textbox9 votes4="7649.00000000000" /><Textbox16 /><Textbox10 points4="0.00000000000" /><transferType transferType="Transfer&#xD;&#xA;(Elimination)" voteTransfer2="655.00000000000" /></roundGroup><roundGroup roundIndex="Round 3"><Textbox9 votes4="8304.00000000000" /><Textbox16 /><Textbox10 points4="0.00000000000" /><transferType transferType="Transfer&#xD;&#xA;(Elimination)" voteTransfer2="1008.00000000000" /></roundGroup><roundGroup roundIndex="Round 4"><Textbox9 votes4="9312.00000000000" /><Textbox16 /><Textbox10 points4="0.00000000000" /><transferType transferType="Transfer&#xD;&#xA;(Elimination)" voteTransfer2="-9312.00000000000" /></roundGroup><roundGroup roundIndex="Round 5"><Textbox9 votes4="0.00000000000" /><Textbox16 /><Textbox10 points4="0.00000000000" /><transferType transferType="Transfer&#xD;&#xA;(Elimination)" voteTransfer2="0" /></roundGroup><roundGroup roundIndex="Round 6"><Textbox9 votes4="0.00000000000" /><Textbox16 /><Textbox10 points4="0.00000000000" /><transferType transferType="Transfer" voteTransfer2="0" /></roundGroup></roundGroup_Collection></nonTransferableGroup><nonTransferableGroup><Textbox70 choiceName3="ELLEN LEE ZHOU" /><roundGroup_Collection><roundGroup roundIndex="Round 1"><Textbox9 votes4="25006.00000000000" /><Textbox16 /><Textbox10 points4="0.00000000000" /><transferType transferType="Transfer&#xD;&#xA;(Elimination)" voteTransfer2="0" /></roundGroup><roundGroup roundIndex="Round 2"><Textbox9 votes4="25006.00000000000" /><Textbox16 /><Textbox10 points4="0.00000000000" /><transferType transferType="Transfer&#xD;&#xA;(Elimination)" voteTransfer2="301.00000000000" /></roundGroup><roundGroup roundIndex="Round 3"><Textbox9 votes4="25307.00000000000" /><Textbox16 /><Textbox10 points4="0.00000000000" /><transferType transferType="Transfer&#xD;&#xA;(Elimination)" voteTransfer2="1637.00000000000" /></roundGroup><roundGroup roundIndex="Round 4"><Textbox9 votes4="26944.00000000000" /><Textbox16 /><Textbox10 points4="0.00000000000" /><transferType transferType="Transfer&#xD;&#xA;(Elimination)" voteTransfer2="2959.00000000000" /></roundGroup><roundGroup roundIndex="Round 5"><Textbox9 votes4="29903.00000000000" /><Textbox16 /><Textbox10 points4="0.00000000000" /><transferType transferType="Transfer&#xD;&#xA;(Elimination)" voteTransfer2="5803.00000000000" /></roundGroup><roundGroup roundIndex="Round 6"><Textbox9 votes4="35706.00000000000" /><Textbox16 /><Textbox10 points4="0.00000000000" /><transferType transferType="Transfer" voteTransfer2="0" /></roundGroup></roundGroup_Collection></nonTransferableGroup><nonTransferableGroup><Textbox70 choiceName3="LONDON N. BREED" /><roundGroup_Collection><roundGroup roundIndex="Round 1"><Textbox9 votes4="126221.00000000000" /><Textbox16 /><Textbox10 points4="0.00000000000" /><transferType transferType="Transfer&#xD;&#xA;(Elimination)" voteTransfer2="1.00000000000" /></roundGroup><roundGroup roundIndex="Round 2"><Textbox9 votes4="126222.00000000000" /><Textbox16 /><Textbox10 points4="0.00000000000" /><transferType transferType="Transfer&#xD;&#xA;(Elimination)" voteTransfer2="341.00000000000" /></roundGroup><roundGroup roundIndex="Round 3"><Textbox9 votes4="126563.00000000000" /><Textbox16 /><Textbox10 points4="0.00000000000" /><transferType transferType="Transfer&#xD;&#xA;(Elimination)" voteTransfer2="680.00000000000" /></roundGroup><roundGroup roundIndex="Round 4"><Textbox9 votes4="127243.00000000000" /><Textbox16 /><Textbox10 points4="0.00000000000" /><transferType transferType="Transfer&#xD;&#xA;(Elimination)" voteTransfer2="1498.00000000000" /></roundGroup><roundGroup roundIndex="Round 5"><Textbox9 votes4="128741.00000000000" /><Textbox16 /><Textbox10 points4="0.00000000000" /><transferType transferType="Transfer&#xD;&#xA;(Elimination)" voteTransfer2="5604.00000000000" /></roundGroup><roundGroup roundIndex="Round 6"><Textbox9 votes4="134345.00000000000" /><Textbox16 /><Textbox10 points4="0.00000000000" /><transferType transferType="Transfer" voteTransfer2="0" /></roundGroup></roundGroup_Collection></nonTransferableGroup><nonTransferableGroup><Textbox70 choiceName3="MARC ROTH" /><roundGroup_Collection><roundGroup roundIndex="Round 1"><Textbox9 votes4="7.00000000000" /><Textbox16 /><Textbox10 points4="0.00000000000" /><transferType transferType="Transfer&#xD;&#xA;(Elimination)" voteTransfer2="-7.00000000000" /></roundGroup><roundGroup roundIndex="Round 2"><Textbox9 votes4="0.00000000000" /><Textbox16 /><Textbox10 points4="0.00000000000" /><transferType transferType="Transfer&#xD;&#xA;(Elimination)" voteTransfer2="0" /></roundGroup><roundGroup roundIndex="Round 3"><Textbox9 votes4="0.00000000000" /><Textbox16 /><Textbox10 points4="0.00000000000" /><transferType transferType="Transfer&#xD;&#xA;(Elimination)" voteTransfer2="0" /></roundGroup><roundGroup roundIndex="Round 4"><Textbox9 votes4="0.00000000000" /><Textbox16 /><Textbox10 points4="0.00000000000" /><transferType transferType="Transfer&#xD;&#xA;(Elimination)" voteTransfer2="0" /></roundGroup><roundGroup roundIndex="Round 5"><Textbox9 votes4="0.00000000000" /><Textbox16 /><Textbox10 points4="0.00000000000" /><transferType transferType="Transfer&#xD;&#xA;(Elimination)" voteTransfer2="0" /></roundGroup><roundGroup roundIndex="Round 6"><Textbox9 votes4="0.00000000000" /><Textbox16 /><Textbox10 points4="0.00000000000" /><transferType transferType="Transfer" voteTransfer2="0" /></roundGroup></roundGroup_Collection></nonTransferableGroup><nonTransferableGroup><Textbox70 choiceName3="Blanks" /><roundGroup_Collection><roundGroup roundIndex="Round 1"><Textbox9 votes4="25927.00000000000" /><Textbox16 /><Textbox10 points4="0.00000000000" /><transferType transferType="Transfer&#xD;&#xA;(Elimination)" voteTransfer2="0" /></roundGroup><roundGroup roundIndex="Round 2"><Textbox9 votes4="25927.00000000000" /><Textbox16 /><Textbox10 points4="0.00000000000" /><transferType transferType="Transfer&#xD;&#xA;(Elimination)" voteTransfer2="0" /></roundGroup><roundGroup roundIndex="Round 3"><Textbox9 votes4="25927.00000000000" /><Textbox16 /><Textbox10 points4="0.00000000000" /><transferType transferType="Transfer&#xD;&#xA;(Elimination)" voteTransfer2="0" /></roundGroup><roundGroup roundIndex="Round 4"><Textbox9 votes4="25927.00000000000" /><Textbox16 /><Textbox10 points4="0.00000000000" /><transferType transferType="Transfer&#xD;&#xA;(Elimination)" voteTransfer2="0" /></roundGroup><roundGroup roundIndex="Round 5"><Textbox9 votes4="25927.00000000000" /><Textbox16 /><Textbox10 points4="0.00000000000" /><transferType transferType="Transfer&#xD;&#xA;(Elimination)" voteTransfer2="0" /></roundGroup><roundGroup roundIndex="Round 6"><Textbox9 votes4="25927.00000000000" /><Textbox16 /><Textbox10 points4="0.00000000000" /><transferType transferType="Transfer" voteTransfer2="0" /></roundGroup></roundGroup_Collection></nonTransferableGroup><nonTransferableGroup><Textbox70 choiceName3="Exhausted" /><roundGroup_Collection><roundGroup roundIndex="Round 1"><Textbox9 votes4="0.00000000000" /><Textbox16 /><Textbox10 points4="0.00000000000" /><transferType transferType="Transfer&#xD;&#xA;(Elimination)" voteTransfer2="1.00000000000" /></roundGroup><roundGroup roundIndex="Round 2"><Textbox9 votes4="1.00000000000" /><Textbox16 /><Textbox10 points4="0.00000000000" /><transferType transferType="Transfer&#xD;&#xA;(Elimination)" voteTransfer2="485.00000000000" /></roundGroup><roundGroup roundIndex="Round 3"><Textbox9 votes4="486.00000000000" /><Textbox16 /><Textbox10 points4="0.00000000000" /><transferType transferType="Transfer&#xD;&#xA;(Elimination)" voteTransfer2="1041.00000000000" /></roundGroup><roundGroup roundIndex="Round 4"><Textbox9 votes4="1527.00000000000" /><Textbox16 /><Textbox10 points4="0.00000000000" /><transferType transferType="Transfer&#xD;&#xA;(Elimination)" voteTransfer2="1914.00000000000" /></roundGroup><roundGroup roundIndex="Round 5"><Textbox9 votes4="3441.00000000000" /><Textbox16 /><Textbox10 points4="0.00000000000" /><transferType transferType="Transfer&#xD;&#xA;(Elimination)" voteTransfer2="5942.00000000000" /></roundGroup><roundGroup roundIndex="Round 6"><Textbox9 votes4="9383.00000000000" /><Textbox16 /><Textbox10 points4="0.00000000000" /><transferType transferType="Transfer" voteTransfer2="0" /></roundGroup></roundGroup_Collection></nonTransferableGroup><nonTransferableGroup><Textbox70 choiceName3="Overvotes" /><roundGroup_Collection><roundGroup roundIndex="Round 1"><Textbox9 votes4="603.00000000000" /><Textbox16 /><Textbox10 points4="0.00000000000" /><transferType transferType="Transfer&#xD;&#xA;(Elimination)" voteTransfer2="0" /></roundGroup><roundGroup roundIndex="Round 2"><Textbox9 votes4="603.00000000000" /><Textbox16 /><Textbox10 points4="0.00000000000" /><transferType transferType="Transfer&#xD;&#xA;(Elimination)" voteTransfer2="16.00000000000" /></roundGroup><roundGroup roundIndex="Round 3"><Textbox9 votes4="619.00000000000" /><Textbox16 /><Textbox10 points4="0.00000000000" /><transferType transferType="Transfer&#xD;&#xA;(Elimination)" voteTransfer2="14.00000000000" /></roundGroup><roundGroup roundIndex="Round 4"><Textbox9 votes4="633.00000000000" /><Textbox16 /><Textbox10 points4="0.00000000000" /><transferType transferType="Transfer&#xD;&#xA;(Elimination)" voteTransfer2="47.00000000000" /></roundGroup><roundGroup roundIndex="Round 5"><Textbox9 votes4="680.00000000000" /><Textbox16 /><Textbox10 points4="0.00000000000" /><transferType transferType="Transfer&#xD;&#xA;(Elimination)" voteTransfer2="76.00000000000" /></roundGroup><roundGroup roundIndex="Round 6"><Textbox9 votes4="756.00000000000" /><Textbox16 /><Textbox10 points4="0.00000000000" /><transferType transferType="Transfer" voteTransfer2="0" /></roundGroup></roundGroup_Collection></nonTransferableGroup><nonTransferableGroup><Textbox70 choiceName3="Remainder Points" /><roundGroup_Collection><roundGroup roundIndex="Round 1"><Textbox9 votes4="0.00000000000" /><Textbox16 /><Textbox10 points4="0.00000000000" /><transferType transferType="Transfer&#xD;&#xA;(Elimination)" voteTransfer2="0" /></roundGroup><roundGroup roundIndex="Round 2"><Textbox9 votes4="0.00000000000" /><Textbox16 /><Textbox10 points4="0.00000000000" /><transferType transferType="Transfer&#xD;&#xA;(Elimination)" voteTransfer2="0" /></roundGroup><roundGroup roundIndex="Round 3"><Textbox9 votes4="0.00000000000" /><Textbox16 /><Textbox10 points4="0.00000000000" /><transferType transferType="Transfer&#xD;&#xA;(Elimination)" voteTransfer2="0" /></roundGroup><roundGroup roundIndex="Round 4"><Textbox9 votes4="0.00000000000" /><Textbox16 /><Textbox10 points4="0.00000000000" /><transferType transferType="Transfer&#xD;&#xA;(Elimination)" voteTransfer2="0" /></roundGroup><roundGroup roundIndex="Round 5"><Textbox9 votes4="0.00000000000" /><Textbox16 /><Textbox10 points4="0.00000000000" /><transferType transferType="Transfer&#xD;&#xA;(Elimination)" voteTransfer2="0" /></roundGroup><roundGroup roundIndex="Round 6"><Textbox9 votes4="0.00000000000" /><Textbox16 /><Textbox10 points4="0.00000000000" /><transferType transferType="Transfer" voteTransfer2="0" /></roundGroup></roundGroup_Collection></nonTransferableGroup></nonTransferableGroup_Collection><Textbox70_1 /><roundGroup_Collection_1><roundGroup roundIndex="Round 1"><Textbox9 nonTransferableVotes="26530.00000000000" /><Textbox16 /><Textbox10 points2="0.00000000000" /><transferType transferType="Transfer&#xD;&#xA;(Elimination)" /></roundGroup><roundGroup roundIndex="Round 2"><Textbox9 nonTransferableVotes="26531.00000000000" /><Textbox16 /><Textbox10 points2="0.00000000000" /><transferType transferType="Transfer&#xD;&#xA;(Elimination)" /></roundGroup><roundGroup roundIndex="Round 3"><Textbox9 nonTransferableVotes="27032.00000000000" /><Textbox16 /><Textbox10 points2="0.00000000000" /><transferType transferType="Transfer&#xD;&#xA;(Elimination)" /></roundGroup><roundGroup roundIndex="Round 4"><Textbox9 nonTransferableVotes="28087.00000000000" /><Textbox16 /><Textbox10 points2="0.00000000000" /><transferType transferType="Transfer&#xD;&#xA;(Elimination)" /></roundGroup><roundGroup roundIndex="Round 5"><Textbox9 nonTransferableVotes="30048.00000000000" /><Textbox16 /><Textbox10 points2="0.00000000000" /><transferType transferType="Transfer&#xD;&#xA;(Elimination)" /></roundGroup><roundGroup roundIndex="Round 6"><Textbox9 nonTransferableVotes="36066.00000000000" /><Textbox16 /><Textbox10 points2="0.00000000000" /><transferType transferType="Transfer" /></roundGroup></roundGroup_Collection_1><Textbox70_2 /><roundGroup_Collection_2><roundGroup roundIndex="Round 1"><Textbox9 votes2="89794.00000000000" /><Textbox16 /><Textbox10 /><transferType transferType="Transfer&#xD;&#xA;(Elimination)" /></roundGroup><roundGroup roundIndex="Round 2"><Textbox9 votes2="89794.00000000000" /><Textbox16 /><Textbox10 /><transferType transferType="Transfer&#xD;&#xA;(Elimination)" /></roundGroup><roundGroup roundIndex="Round 3"><Textbox9 votes2="89543.00000000000" /><Textbox16 /><Textbox10 /><transferType transferType="Transfer&#xD;&#xA;(Elimination)" /></roundGroup><roundGroup roundIndex="Round 4"><Textbox9 votes2="89016.00000000000" /><Textbox16 /><Textbox10 /><transferType transferType="Transfer&#xD;&#xA;(Elimination)" /></roundGroup><roundGroup roundIndex="Round 5"><Textbox9 votes2="88035.00000000000" /><Textbox16 /><Textbox10 /><transferType transferType="Transfer&#xD;&#xA;(Elimination)" /></roundGroup><roundGroup roundIndex="Round 6"><Textbox9 votes2="85026.00000000000" /><Textbox16 /><Textbox10 /><transferType transferType="Transfer" /></roundGroup></roundGroup_Collection_2><Textbox70_3 /><roundGroup_Collection_3><roundGroup roundIndex="Round 1"><Textbox9 surplus="0.00000000000" /><Textbox16 /><Textbox10 /><transferType transferType="Transfer&#xD;&#xA;(Elimination)" /></roundGroup><roundGroup roundIndex="Round 2"><Textbox9 surplus="0.00000000000" /><Textbox16 /><Textbox10 /><transferType transferType="Transfer&#xD;&#xA;(Elimination)" /></roundGroup><roundGroup roundIndex="Round 3"><Textbox9 surplus="0.00000000000" /><Textbox16 /><Textbox10 /><transferType transferType="Transfer&#xD;&#xA;(Elimination)" /></roundGroup><roundGroup roundIndex="Round 4"><Textbox9 surplus="0.00000000000" /><Textbox16 /><Textbox10 /><transferType transferType="Transfer&#xD;&#xA;(Elimination)" /></roundGroup><roundGroup roundIndex="Round 5"><Textbox9 surplus="0.00000000000" /><Textbox16 /><Textbox10 /><transferType transferType="Transfer&#xD;&#xA;(Elimination)" /></roundGroup><roundGroup roundIndex="Round 6"><Textbox9 surplus="0.00000000000" /><Textbox16 /><Textbox10 /><transferType transferType="Transfer" /></roundGroup></roundGroup_Collection_3></Tablix5></precinctGroup></precinctGroup_Collection></Tablix1></Report>