﻿<?xml version="1.0" encoding="utf-8"?><Report xsi:schemaLocation="RcvDetailedReport http://emsserver/ReportServer?%2FEMSApplicationServerReports%2FRcvDetailedReport&amp;rs%3ACommand=Render&amp;rs%3AFormat=XML&amp;rs%3ASessionID=faiu1p455hhavl4555defja1&amp;rc%3ASchema=True" Name="RcvDetailedReport" xmlns:xsi="http://www.w3.org/2001/XMLSchema-instance" xmlns="RcvDetailedReport"><Title><Report Name="Title" Textbox11="RCV Detailed Report" Textbox3="General Election" Textbox2="City and County of San Francisco" Textbox9="2019-11-05T00:00:00" Textbox12="" Textbox8="RCV Detail Report 9&#xA;City and County of San Francisco&#xA;November 5, 2019, Consolidated Municipal Election" /></Title><RcvStaticData><Report Name="RcvStaticData"><Tablix2 Textbox24="MAYOR" Textbox21="Official results" Textbox53="Number of positions to elect is 1." state="All Positions Filled" timeStamp="2019-11-10T15:08:06.69" /><Tablix3 Textbox36="IRV" Textbox41="True" winnersByThreshold="False" usesDistricts="True" previousRoundsEvaluation="None" eliminationType="Single" fixedPrecisionDecimals="0" performEliminationTransferInLastRound="False" skipOvervotedRankings="False" votesToInThresholdCalculation="Continuing ballots per round" useFirstRoundSuspension="False" /></Report></RcvStaticData><Tablix6><precinctGroup_Collection><precinctGroup Textbox35="City and County of San Francisco"><Tablix10><roundGroup_Collection><roundGroup><Tablix5 Textbox86="Round 1" continuingVotes="179505.00000000000" points1="0.00000000000" nonTransferableVotes="26515.00000000000" nonTransferablePoints="0.00000000000" surplus="0.00000000000"><choiceGroup_Collection><choiceGroup choiceName2="JOEL VENTRESCA" votes="13276.00000000000" Textbox17="0.0739589426478371076014595694" points="0.00000000000" /><choiceGroup choiceName2="WILMA PANG" votes="4960.00000000000" Textbox17="0.0276315422968719534274811287" points="0.00000000000" /><choiceGroup choiceName2="ROBERT L. JORDAN, JR." votes="2457.00000000000" Textbox17="0.0136876410127851591877663575" points="0.00000000000" /><choiceGroup choiceName2="PAUL YBARRA ROBERTSON" votes="7644.00000000000" Textbox17="0.0425837720397760508063842233" points="0.00000000000" /><choiceGroup choiceName2="ELLEN LEE ZHOU" votes="24990.00000000000" Textbox17="0.1392161778223447814824099607" points="0.00000000000" /><choiceGroup choiceName2="LONDON N. BREED" votes="126171.00000000000" Textbox17="0.702882928052143394334419654" points="0.00000000000" /><choiceGroup choiceName2="MARC ROTH" votes="7.00000000000" Textbox17="0.0000389961282415531600791064" points="0.00000000000" /><choiceGroup choiceName2="Blanks" votes="25914.00000000000" Textbox17="0.1443636667502297986128520097" points="0.00000000000" /><choiceGroup choiceName2="Exhausted" votes="0.00000000000" Textbox17="0" points="0.00000000000" /><choiceGroup choiceName2="Overvotes" votes="601.00000000000" Textbox17="0.0033480961533104927439347093" points="0.00000000000" /><choiceGroup choiceName2="Remainder Points" votes="0.00000000000" Textbox17="0" points="0.00000000000" /></choiceGroup_Collection><nonTransferableGroup_Collection><nonTransferableGroup choiceName3="JOEL VENTRESCA" votes1="13276.00000000000" points2="0.00000000000" /><nonTransferableGroup choiceName3="WILMA PANG" votes1="4960.00000000000" points2="0.00000000000" /><nonTransferableGroup choiceName3="ROBERT L. JORDAN, JR." votes1="2457.00000000000" points2="0.00000000000" /><nonTransferableGroup choiceName3="PAUL YBARRA ROBERTSON" votes1="7644.00000000000" points2="0.00000000000" /><nonTransferableGroup choiceName3="ELLEN LEE ZHOU" votes1="24990.00000000000" points2="0.00000000000" /><nonTransferableGroup choiceName3="LONDON N. BREED" votes1="126171.00000000000" points2="0.00000000000" /><nonTransferableGroup choiceName3="MARC ROTH" votes1="7.00000000000" points2="0.00000000000" /><nonTransferableGroup choiceName3="Blanks" votes1="25914.00000000000" points2="0.00000000000" /><nonTransferableGroup choiceName3="Exhausted" votes1="0.00000000000" points2="0.00000000000" /><nonTransferableGroup choiceName3="Overvotes" votes1="601.00000000000" points2="0.00000000000" /><nonTransferableGroup choiceName3="Remainder Points" votes1="0.00000000000" points2="0.00000000000" /></nonTransferableGroup_Collection></Tablix5><Tablix9><TieReason_Collection><TieReason Textbox14="A tie occurred during " /><TieReason Textbox14="A tie occurred during " /><TieReason Textbox14="A tie occurred during " /><TieReason Textbox14="A tie occurred during " /><TieReason Textbox14="A tie occurred during " /><TieReason Textbox14="A tie occurred during " /><TieReason Textbox14="A tie occurred during " /><TieReason Textbox14="A tie occurred during " /><TieReason Textbox14="A tie occurred during " /><TieReason Textbox14="A tie occurred during " /><TieReason Textbox14="A tie occurred during " /></TieReason_Collection><DetailsTie_Collection><DetailsTie choiceName4="JOEL VENTRESCA" /><DetailsTie choiceName4="WILMA PANG" /><DetailsTie choiceName4="ROBERT L. JORDAN, JR." /><DetailsTie choiceName4="PAUL YBARRA ROBERTSON" /><DetailsTie choiceName4="ELLEN LEE ZHOU" /><DetailsTie choiceName4="LONDON N. BREED" /><DetailsTie choiceName4="MARC ROTH" /><DetailsTie choiceName4="Blanks" /><DetailsTie choiceName4="Exhausted" /><DetailsTie choiceName4="Overvotes" /><DetailsTie choiceName4="Remainder Points" /></DetailsTie_Collection><TieSelection_Collection><TieSelection Textbox2="The tie is broken by selecting JOEL VENTRESCA." /><TieSelection Textbox2="The tie is broken by selecting WILMA PANG." /><TieSelection Textbox2="The tie is broken by selecting ROBERT L. JORDAN, JR.." /><TieSelection Textbox2="The tie is broken by selecting PAUL YBARRA ROBERTSON." /><TieSelection Textbox2="The tie is broken by selecting ELLEN LEE ZHOU." /><TieSelection Textbox2="The tie is broken by selecting LONDON N. BREED." /><TieSelection Textbox2="The tie is broken by selecting MARC ROTH." /><TieSelection Textbox2="The tie is broken by selecting Blanks." /><TieSelection Textbox2="The tie is broken by selecting Exhausted." /><TieSelection Textbox2="The tie is broken by selecting Overvotes." /><TieSelection Textbox2="The tie is broken by selecting Remainder Points." /></TieSelection_Collection><StatusGroup_Collection><StatusGroup Textbox21="JOEL VENTRESCA is  because " /><StatusGroup Textbox21="WILMA PANG is  because " /><StatusGroup Textbox21="ROBERT L. JORDAN, JR. is  because " /><StatusGroup Textbox21="PAUL YBARRA ROBERTSON is  because " /><StatusGroup Textbox21="ELLEN LEE ZHOU is  because " /><StatusGroup Textbox21="LONDON N. BREED is  because " /><StatusGroup Textbox21="MARC ROTH is eliminated because the candidate had the least amount of votes." /><StatusGroup Textbox21="Blanks is  because " /><StatusGroup Textbox21="Exhausted is  because " /><StatusGroup Textbox21="Overvotes is  because " /><StatusGroup Textbox21="Remainder Points is  because " /></StatusGroup_Collection><sourceChoiceId_Collection><sourceChoiceId Textbox44=" transfer for candidate ." Textbox47=" ballots have been transferred in the following manner:"><choiceId_Collection><choiceId choiceName="PAUL YBARRA ROBERTSON" /><choiceId choiceName="ELLEN LEE ZHOU" /><choiceId choiceName="Blanks" /><choiceId choiceName="Overvotes" /><choiceId choiceName="Remainder Points" /></choiceId_Collection></sourceChoiceId><sourceChoiceId Textbox44="Elimination transfer for candidate MARC ROTH." Textbox47="7 ballots have been transferred in the following manner:"><choiceId_Collection><choiceId sourceChoiceName="MARC ROTH" choiceName="JOEL VENTRESCA" ballotsTransferred3="3" transferFraction3="1.00000000000" votes5="3.00000000000" /><choiceId sourceChoiceName="MARC ROTH" choiceName="WILMA PANG" ballotsTransferred3="1" transferFraction3="1.00000000000" votes5="1.00000000000" /><choiceId sourceChoiceName="MARC ROTH" choiceName="ROBERT L. JORDAN, JR." ballotsTransferred3="1" transferFraction3="1.00000000000" votes5="1.00000000000" /><choiceId sourceChoiceName="MARC ROTH" choiceName="LONDON N. BREED" ballotsTransferred3="1" transferFraction3="1.00000000000" votes5="1.00000000000" /><choiceId sourceChoiceName="MARC ROTH" choiceName="MARC ROTH" ballotsTransferred3="7" transferFraction3="1.00000000000" votes5="-7.00000000000" /><choiceId sourceChoiceName="MARC ROTH" choiceName="Exhausted" ballotsTransferred3="1" transferFraction3="1.00000000000" votes5="1.00000000000" /></choiceId_Collection></sourceChoiceId></sourceChoiceId_Collection></Tablix9></roundGroup><roundGroup><Tablix5 Textbox86="Round 2" continuingVotes="179504.00000000000" points1="0.00000000000" nonTransferableVotes="26516.00000000000" nonTransferablePoints="0.00000000000" surplus="0.00000000000"><choiceGroup_Collection><choiceGroup choiceName2="JOEL VENTRESCA" votes="13279.00000000000" Textbox17="0.0739760673856849986629824405" points="0.00000000000" /><choiceGroup choiceName2="WILMA PANG" votes="4961.00000000000" Textbox17="0.0276372671361083875568232463" points="0.00000000000" /><choiceGroup choiceName2="ROBERT L. JORDAN, JR." votes="2458.00000000000" Textbox17="0.0136932881718513236473839023" points="0.00000000000" /><choiceGroup choiceName2="PAUL YBARRA ROBERTSON" votes="7644.00000000000" Textbox17="0.0425840092699884125144843569" points="0.00000000000" /><choiceGroup choiceName2="ELLEN LEE ZHOU" votes="24990.00000000000" Textbox17="0.139216953382654425528121936" points="0.00000000000" /><choiceGroup choiceName2="LONDON N. BREED" votes="126172.00000000000" Textbox17="0.702892414653712452090204118" points="0.00000000000" /><choiceGroup choiceName2="MARC ROTH" votes="0.00000000000" Textbox17="0" points="0.00000000000" /><choiceGroup choiceName2="Blanks" votes="25914.00000000000" Textbox17="0.1443644709867189589089936715" points="0.00000000000" /><choiceGroup choiceName2="Exhausted" votes="1.00000000000" Textbox17="0.0000055709064979053391567876" points="0.00000000000" /><choiceGroup choiceName2="Overvotes" votes="601.00000000000" Textbox17="0.0033481148052411088332293431" points="0.00000000000" /><choiceGroup choiceName2="Remainder Points" votes="0.00000000000" Textbox17="0" points="0.00000000000" /></choiceGroup_Collection><nonTransferableGroup_Collection><nonTransferableGroup choiceName3="JOEL VENTRESCA" votes1="13279.00000000000" points2="0.00000000000" /><nonTransferableGroup choiceName3="WILMA PANG" votes1="4961.00000000000" points2="0.00000000000" /><nonTransferableGroup choiceName3="ROBERT L. JORDAN, JR." votes1="2458.00000000000" points2="0.00000000000" /><nonTransferableGroup choiceName3="PAUL YBARRA ROBERTSON" votes1="7644.00000000000" points2="0.00000000000" /><nonTransferableGroup choiceName3="ELLEN LEE ZHOU" votes1="24990.00000000000" points2="0.00000000000" /><nonTransferableGroup choiceName3="LONDON N. BREED" votes1="126172.00000000000" points2="0.00000000000" /><nonTransferableGroup choiceName3="MARC ROTH" votes1="0.00000000000" points2="0.00000000000" /><nonTransferableGroup choiceName3="Blanks" votes1="25914.00000000000" points2="0.00000000000" /><nonTransferableGroup choiceName3="Exhausted" votes1="1.00000000000" points2="0.00000000000" /><nonTransferableGroup choiceName3="Overvotes" votes1="601.00000000000" points2="0.00000000000" /><nonTransferableGroup choiceName3="Remainder Points" votes1="0.00000000000" points2="0.00000000000" /></nonTransferableGroup_Collection></Tablix5><Tablix9><TieReason_Collection><TieReason Textbox14="A tie occurred during " /><TieReason Textbox14="A tie occurred during " /><TieReason Textbox14="A tie occurred during " /><TieReason Textbox14="A tie occurred during " /><TieReason Textbox14="A tie occurred during " /><TieReason Textbox14="A tie occurred during " /><TieReason Textbox14="A tie occurred during " /><TieReason Textbox14="A tie occurred during " /><TieReason Textbox14="A tie occurred during " /><TieReason Textbox14="A tie occurred during " /><TieReason Textbox14="A tie occurred during " /></TieReason_Collection><DetailsTie_Collection><DetailsTie choiceName4="JOEL VENTRESCA" /><DetailsTie choiceName4="WILMA PANG" /><DetailsTie choiceName4="ROBERT L. JORDAN, JR." /><DetailsTie choiceName4="PAUL YBARRA ROBERTSON" /><DetailsTie choiceName4="ELLEN LEE ZHOU" /><DetailsTie choiceName4="LONDON N. BREED" /><DetailsTie choiceName4="MARC ROTH" /><DetailsTie choiceName4="Blanks" /><DetailsTie choiceName4="Exhausted" /><DetailsTie choiceName4="Overvotes" /><DetailsTie choiceName4="Remainder Points" /></DetailsTie_Collection><TieSelection_Collection><TieSelection Textbox2="The tie is broken by selecting JOEL VENTRESCA." /><TieSelection Textbox2="The tie is broken by selecting WILMA PANG." /><TieSelection Textbox2="The tie is broken by selecting ROBERT L. JORDAN, JR.." /><TieSelection Textbox2="The tie is broken by selecting PAUL YBARRA ROBERTSON." /><TieSelection Textbox2="The tie is broken by selecting ELLEN LEE ZHOU." /><TieSelection Textbox2="The tie is broken by selecting LONDON N. BREED." /><TieSelection Textbox2="The tie is broken by selecting MARC ROTH." /><TieSelection Textbox2="The tie is broken by selecting Blanks." /><TieSelection Textbox2="The tie is broken by selecting Exhausted." /><TieSelection Textbox2="The tie is broken by selecting Overvotes." /><TieSelection Textbox2="The tie is broken by selecting Remainder Points." /></TieSelection_Collection><StatusGroup_Collection><StatusGroup Textbox21="JOEL VENTRESCA is  because " /><StatusGroup Textbox21="WILMA PANG is  because " /><StatusGroup Textbox21="ROBERT L. JORDAN, JR. is eliminated because the candidate had the least amount of votes." /><StatusGroup Textbox21="PAUL YBARRA ROBERTSON is  because " /><StatusGroup Textbox21="ELLEN LEE ZHOU is  because " /><StatusGroup Textbox21="LONDON N. BREED is  because " /><StatusGroup Textbox21="MARC ROTH is  because " /><StatusGroup Textbox21="Blanks is  because " /><StatusGroup Textbox21="Exhausted is  because " /><StatusGroup Textbox21="Overvotes is  because " /><StatusGroup Textbox21="Remainder Points is  because " /></StatusGroup_Collection><sourceChoiceId_Collection><sourceChoiceId Textbox44=" transfer for candidate ." Textbox47=" ballots have been transferred in the following manner:"><choiceId_Collection><choiceId choiceName="MARC ROTH" /><choiceId choiceName="Blanks" /><choiceId choiceName="Remainder Points" /></choiceId_Collection></sourceChoiceId><sourceChoiceId Textbox44="Elimination transfer for candidate ROBERT L. JORDAN, JR.." Textbox47="2458 ballots have been transferred in the following manner:"><choiceId_Collection><choiceId sourceChoiceName="ROBERT L. JORDAN, JR." choiceName="JOEL VENTRESCA" ballotsTransferred3="327" transferFraction3="1.00000000000" votes5="327.00000000000" /><choiceId sourceChoiceName="ROBERT L. JORDAN, JR." choiceName="WILMA PANG" ballotsTransferred3="333" transferFraction3="1.00000000000" votes5="333.00000000000" /><choiceId sourceChoiceName="ROBERT L. JORDAN, JR." choiceName="ROBERT L. JORDAN, JR." ballotsTransferred3="2458" transferFraction3="1.00000000000" votes5="-2458.00000000000" /><choiceId sourceChoiceName="ROBERT L. JORDAN, JR." choiceName="PAUL YBARRA ROBERTSON" ballotsTransferred3="655" transferFraction3="1.00000000000" votes5="655.00000000000" /><choiceId sourceChoiceName="ROBERT L. JORDAN, JR." choiceName="ELLEN LEE ZHOU" ballotsTransferred3="301" transferFraction3="1.00000000000" votes5="301.00000000000" /><choiceId sourceChoiceName="ROBERT L. JORDAN, JR." choiceName="LONDON N. BREED" ballotsTransferred3="341" transferFraction3="1.00000000000" votes5="341.00000000000" /><choiceId sourceChoiceName="ROBERT L. JORDAN, JR." choiceName="Exhausted" ballotsTransferred3="485" transferFraction3="1.00000000000" votes5="485.00000000000" /><choiceId sourceChoiceName="ROBERT L. JORDAN, JR." choiceName="Overvotes" ballotsTransferred3="16" transferFraction3="1.00000000000" votes5="16.00000000000" /></choiceId_Collection></sourceChoiceId></sourceChoiceId_Collection></Tablix9></roundGroup><roundGroup><Tablix5 Textbox86="Round 3" continuingVotes="179003.00000000000" points1="0.00000000000" nonTransferableVotes="27017.00000000000" nonTransferablePoints="0.00000000000" surplus="0.00000000000"><choiceGroup_Collection><choiceGroup choiceName2="JOEL VENTRESCA" votes="13606.00000000000" Textbox17="0.0760098992754311380256196824" points="0.00000000000" /><choiceGroup choiceName2="WILMA PANG" votes="5294.00000000000" Textbox17="0.029574923325307397082730457" points="0.00000000000" /><choiceGroup choiceName2="ROBERT L. JORDAN, JR." votes="0.00000000000" Textbox17="0" points="0.00000000000" /><choiceGroup choiceName2="PAUL YBARRA ROBERTSON" votes="8299.00000000000" Textbox17="0.0463623514689697938023385083" points="0.00000000000" /><choiceGroup choiceName2="ELLEN LEE ZHOU" votes="25291.00000000000" Textbox17="0.1412881348357290101283218717" points="0.00000000000" /><choiceGroup choiceName2="LONDON N. BREED" votes="126513.00000000000" Textbox17="0.7067646910945626609609894806" points="0.00000000000" /><choiceGroup choiceName2="MARC ROTH" votes="0.00000000000" Textbox17="0" points="0.00000000000" /><choiceGroup choiceName2="Blanks" votes="25914.00000000000" Textbox17="0.14476852343256816924856008" points="0.00000000000" /><choiceGroup choiceName2="Exhausted" votes="486.00000000000" Textbox17="0.002715038295447562331357575" points="0.00000000000" /><choiceGroup choiceName2="Overvotes" votes="617.00000000000" Textbox17="0.0034468696055373373630609543" points="0.00000000000" /><choiceGroup choiceName2="Remainder Points" votes="0.00000000000" Textbox17="0" points="0.00000000000" /></choiceGroup_Collection><nonTransferableGroup_Collection><nonTransferableGroup choiceName3="JOEL VENTRESCA" votes1="13606.00000000000" points2="0.00000000000" /><nonTransferableGroup choiceName3="WILMA PANG" votes1="5294.00000000000" points2="0.00000000000" /><nonTransferableGroup choiceName3="ROBERT L. JORDAN, JR." votes1="0.00000000000" points2="0.00000000000" /><nonTransferableGroup choiceName3="PAUL YBARRA ROBERTSON" votes1="8299.00000000000" points2="0.00000000000" /><nonTransferableGroup choiceName3="ELLEN LEE ZHOU" votes1="25291.00000000000" points2="0.00000000000" /><nonTransferableGroup choiceName3="LONDON N. BREED" votes1="126513.00000000000" points2="0.00000000000" /><nonTransferableGroup choiceName3="MARC ROTH" votes1="0.00000000000" points2="0.00000000000" /><nonTransferableGroup choiceName3="Blanks" votes1="25914.00000000000" points2="0.00000000000" /><nonTransferableGroup choiceName3="Exhausted" votes1="486.00000000000" points2="0.00000000000" /><nonTransferableGroup choiceName3="Overvotes" votes1="617.00000000000" points2="0.00000000000" /><nonTransferableGroup choiceName3="Remainder Points" votes1="0.00000000000" points2="0.00000000000" /></nonTransferableGroup_Collection></Tablix5><Tablix9><TieReason_Collection><TieReason Textbox14="A tie occurred during " /><TieReason Textbox14="A tie occurred during " /><TieReason Textbox14="A tie occurred during " /><TieReason Textbox14="A tie occurred during " /><TieReason Textbox14="A tie occurred during " /><TieReason Textbox14="A tie occurred during " /><TieReason Textbox14="A tie occurred during " /><TieReason Textbox14="A tie occurred during " /><TieReason Textbox14="A tie occurred during " /><TieReason Textbox14="A tie occurred during " /><TieReason Textbox14="A tie occurred during " /></TieReason_Collection><DetailsTie_Collection><DetailsTie choiceName4="JOEL VENTRESCA" /><DetailsTie choiceName4="WILMA PANG" /><DetailsTie choiceName4="ROBERT L. JORDAN, JR." /><DetailsTie choiceName4="PAUL YBARRA ROBERTSON" /><DetailsTie choiceName4="ELLEN LEE ZHOU" /><DetailsTie choiceName4="LONDON N. BREED" /><DetailsTie choiceName4="MARC ROTH" /><DetailsTie choiceName4="Blanks" /><DetailsTie choiceName4="Exhausted" /><DetailsTie choiceName4="Overvotes" /><DetailsTie choiceName4="Remainder Points" /></DetailsTie_Collection><TieSelection_Collection><TieSelection Textbox2="The tie is broken by selecting JOEL VENTRESCA." /><TieSelection Textbox2="The tie is broken by selecting WILMA PANG." /><TieSelection Textbox2="The tie is broken by selecting ROBERT L. JORDAN, JR.." /><TieSelection Textbox2="The tie is broken by selecting PAUL YBARRA ROBERTSON." /><TieSelection Textbox2="The tie is broken by selecting ELLEN LEE ZHOU." /><TieSelection Textbox2="The tie is broken by selecting LONDON N. BREED." /><TieSelection Textbox2="The tie is broken by selecting MARC ROTH." /><TieSelection Textbox2="The tie is broken by selecting Blanks." /><TieSelection Textbox2="The tie is broken by selecting Exhausted." /><TieSelection Textbox2="The tie is broken by selecting Overvotes." /><TieSelection Textbox2="The tie is broken by selecting Remainder Points." /></TieSelection_Collection><StatusGroup_Collection><StatusGroup Textbox21="JOEL VENTRESCA is  because " /><StatusGroup Textbox21="WILMA PANG is eliminated because the candidate had the least amount of votes." /><StatusGroup Textbox21="ROBERT L. JORDAN, JR. is  because " /><StatusGroup Textbox21="PAUL YBARRA ROBERTSON is  because " /><StatusGroup Textbox21="ELLEN LEE ZHOU is  because " /><StatusGroup Textbox21="LONDON N. BREED is  because " /><StatusGroup Textbox21="MARC ROTH is  because " /><StatusGroup Textbox21="Blanks is  because " /><StatusGroup Textbox21="Exhausted is  because " /><StatusGroup Textbox21="Overvotes is  because " /><StatusGroup Textbox21="Remainder Points is  because " /></StatusGroup_Collection><sourceChoiceId_Collection><sourceChoiceId Textbox44=" transfer for candidate ." Textbox47=" ballots have been transferred in the following manner:"><choiceId_Collection><choiceId choiceName="ROBERT L. JORDAN, JR." /><choiceId choiceName="MARC ROTH" /><choiceId choiceName="Blanks" /><choiceId choiceName="Remainder Points" /></choiceId_Collection></sourceChoiceId><sourceChoiceId Textbox44="Elimination transfer for candidate WILMA PANG." Textbox47="5294 ballots have been transferred in the following manner:"><choiceId_Collection><choiceId sourceChoiceName="WILMA PANG" choiceName="JOEL VENTRESCA" ballotsTransferred3="916" transferFraction3="1.00000000000" votes5="916.00000000000" /><choiceId sourceChoiceName="WILMA PANG" choiceName="WILMA PANG" ballotsTransferred3="5294" transferFraction3="1.00000000000" votes5="-5294.00000000000" /><choiceId sourceChoiceName="WILMA PANG" choiceName="PAUL YBARRA ROBERTSON" ballotsTransferred3="1008" transferFraction3="1.00000000000" votes5="1008.00000000000" /><choiceId sourceChoiceName="WILMA PANG" choiceName="ELLEN LEE ZHOU" ballotsTransferred3="1637" transferFraction3="1.00000000000" votes5="1637.00000000000" /><choiceId sourceChoiceName="WILMA PANG" choiceName="LONDON N. BREED" ballotsTransferred3="679" transferFraction3="1.00000000000" votes5="679.00000000000" /><choiceId sourceChoiceName="WILMA PANG" choiceName="Exhausted" ballotsTransferred3="1040" transferFraction3="1.00000000000" votes5="1040.00000000000" /><choiceId sourceChoiceName="WILMA PANG" choiceName="Overvotes" ballotsTransferred3="14" transferFraction3="1.00000000000" votes5="14.00000000000" /></choiceId_Collection></sourceChoiceId></sourceChoiceId_Collection></Tablix9></roundGroup><roundGroup><Tablix5 Textbox86="Round 4" continuingVotes="177949.00000000000" points1="0.00000000000" nonTransferableVotes="28071.00000000000" nonTransferablePoints="0.00000000000" surplus="0.00000000000"><choiceGroup_Collection><choiceGroup choiceName2="JOEL VENTRESCA" votes="14522.00000000000" Textbox17="0.081607651630523352196415827" points="0.00000000000" /><choiceGroup choiceName2="WILMA PANG" votes="0.00000000000" Textbox17="0" points="0.00000000000" /><choiceGroup choiceName2="ROBERT L. JORDAN, JR." votes="0.00000000000" Textbox17="0" points="0.00000000000" /><choiceGroup choiceName2="PAUL YBARRA ROBERTSON" votes="9307.00000000000" Textbox17="0.0523015021157747444492523139" points="0.00000000000" /><choiceGroup choiceName2="ELLEN LEE ZHOU" votes="26928.00000000000" Textbox17="0.1513242558261074802331004951" points="0.00000000000" /><choiceGroup choiceName2="LONDON N. BREED" votes="127192.00000000000" Textbox17="0.714766590427594423121231364" points="0.00000000000" /><choiceGroup choiceName2="MARC ROTH" votes="0.00000000000" Textbox17="0" points="0.00000000000" /><choiceGroup choiceName2="Blanks" votes="25914.00000000000" Textbox17="0.145625993964562880375838021" points="0.00000000000" /><choiceGroup choiceName2="Exhausted" votes="1526.00000000000" Textbox17="0.0085754907304901966293713367" points="0.00000000000" /><choiceGroup choiceName2="Overvotes" votes="631.00000000000" Textbox17="0.0035459597974700616468763522" points="0.00000000000" /><choiceGroup choiceName2="Remainder Points" votes="0.00000000000" Textbox17="0" points="0.00000000000" /></choiceGroup_Collection><nonTransferableGroup_Collection><nonTransferableGroup choiceName3="JOEL VENTRESCA" votes1="14522.00000000000" points2="0.00000000000" /><nonTransferableGroup choiceName3="WILMA PANG" votes1="0.00000000000" points2="0.00000000000" /><nonTransferableGroup choiceName3="ROBERT L. JORDAN, JR." votes1="0.00000000000" points2="0.00000000000" /><nonTransferableGroup choiceName3="PAUL YBARRA ROBERTSON" votes1="9307.00000000000" points2="0.00000000000" /><nonTransferableGroup choiceName3="ELLEN LEE ZHOU" votes1="26928.00000000000" points2="0.00000000000" /><nonTransferableGroup choiceName3="LONDON N. BREED" votes1="127192.00000000000" points2="0.00000000000" /><nonTransferableGroup choiceName3="MARC ROTH" votes1="0.00000000000" points2="0.00000000000" /><nonTransferableGroup choiceName3="Blanks" votes1="25914.00000000000" points2="0.00000000000" /><nonTransferableGroup choiceName3="Exhausted" votes1="1526.00000000000" points2="0.00000000000" /><nonTransferableGroup choiceName3="Overvotes" votes1="631.00000000000" points2="0.00000000000" /><nonTransferableGroup choiceName3="Remainder Points" votes1="0.00000000000" points2="0.00000000000" /></nonTransferableGroup_Collection></Tablix5><Tablix9><TieReason_Collection><TieReason Textbox14="A tie occurred during " /><TieReason Textbox14="A tie occurred during " /><TieReason Textbox14="A tie occurred during " /><TieReason Textbox14="A tie occurred during " /><TieReason Textbox14="A tie occurred during " /><TieReason Textbox14="A tie occurred during " /><TieReason Textbox14="A tie occurred during " /><TieReason Textbox14="A tie occurred during " /><TieReason Textbox14="A tie occurred during " /><TieReason Textbox14="A tie occurred during " /><TieReason Textbox14="A tie occurred during " /></TieReason_Collection><DetailsTie_Collection><DetailsTie choiceName4="JOEL VENTRESCA" /><DetailsTie choiceName4="WILMA PANG" /><DetailsTie choiceName4="ROBERT L. JORDAN, JR." /><DetailsTie choiceName4="PAUL YBARRA ROBERTSON" /><DetailsTie choiceName4="ELLEN LEE ZHOU" /><DetailsTie choiceName4="LONDON N. BREED" /><DetailsTie choiceName4="MARC ROTH" /><DetailsTie choiceName4="Blanks" /><DetailsTie choiceName4="Exhausted" /><DetailsTie choiceName4="Overvotes" /><DetailsTie choiceName4="Remainder Points" /></DetailsTie_Collection><TieSelection_Collection><TieSelection Textbox2="The tie is broken by selecting JOEL VENTRESCA." /><TieSelection Textbox2="The tie is broken by selecting WILMA PANG." /><TieSelection Textbox2="The tie is broken by selecting ROBERT L. JORDAN, JR.." /><TieSelection Textbox2="The tie is broken by selecting PAUL YBARRA ROBERTSON." /><TieSelection Textbox2="The tie is broken by selecting ELLEN LEE ZHOU." /><TieSelection Textbox2="The tie is broken by selecting LONDON N. BREED." /><TieSelection Textbox2="The tie is broken by selecting MARC ROTH." /><TieSelection Textbox2="The tie is broken by selecting Blanks." /><TieSelection Textbox2="The tie is broken by selecting Exhausted." /><TieSelection Textbox2="The tie is broken by selecting Overvotes." /><TieSelection Textbox2="The tie is broken by selecting Remainder Points." /></TieSelection_Collection><StatusGroup_Collection><StatusGroup Textbox21="JOEL VENTRESCA is  because " /><StatusGroup Textbox21="WILMA PANG is  because " /><StatusGroup Textbox21="ROBERT L. JORDAN, JR. is  because " /><StatusGroup Textbox21="PAUL YBARRA ROBERTSON is eliminated because the candidate had the least amount of votes." /><StatusGroup Textbox21="ELLEN LEE ZHOU is  because " /><StatusGroup Textbox21="LONDON N. BREED is  because " /><StatusGroup Textbox21="MARC ROTH is  because " /><StatusGroup Textbox21="Blanks is  because " /><StatusGroup Textbox21="Exhausted is  because " /><StatusGroup Textbox21="Overvotes is  because " /><StatusGroup Textbox21="Remainder Points is  because " /></StatusGroup_Collection><sourceChoiceId_Collection><sourceChoiceId Textbox44=" transfer for candidate ." Textbox47=" ballots have been transferred in the following manner:"><choiceId_Collection><choiceId choiceName="WILMA PANG" /><choiceId choiceName="ROBERT L. JORDAN, JR." /><choiceId choiceName="MARC ROTH" /><choiceId choiceName="Blanks" /><choiceId choiceName="Remainder Points" /></choiceId_Collection></sourceChoiceId><sourceChoiceId Textbox44="Elimination transfer for candidate PAUL YBARRA ROBERTSON." Textbox47="9307 ballots have been transferred in the following manner:"><choiceId_Collection><choiceId sourceChoiceName="PAUL YBARRA ROBERTSON" choiceName="JOEL VENTRESCA" ballotsTransferred3="2894" transferFraction3="1.00000000000" votes5="2894.00000000000" /><choiceId sourceChoiceName="PAUL YBARRA ROBERTSON" choiceName="PAUL YBARRA ROBERTSON" ballotsTransferred3="9307" transferFraction3="1.00000000000" votes5="-9307.00000000000" /><choiceId sourceChoiceName="PAUL YBARRA ROBERTSON" choiceName="ELLEN LEE ZHOU" ballotsTransferred3="2957" transferFraction3="1.00000000000" votes5="2957.00000000000" /><choiceId sourceChoiceName="PAUL YBARRA ROBERTSON" choiceName="LONDON N. BREED" ballotsTransferred3="1497" transferFraction3="1.00000000000" votes5="1497.00000000000" /><choiceId sourceChoiceName="PAUL YBARRA ROBERTSON" choiceName="Exhausted" ballotsTransferred3="1912" transferFraction3="1.00000000000" votes5="1912.00000000000" /><choiceId sourceChoiceName="PAUL YBARRA ROBERTSON" choiceName="Overvotes" ballotsTransferred3="47" transferFraction3="1.00000000000" votes5="47.00000000000" /></choiceId_Collection></sourceChoiceId></sourceChoiceId_Collection></Tablix9></roundGroup><roundGroup><Tablix5 Textbox86="Round 5" continuingVotes="175990.00000000000" points1="0.00000000000" nonTransferableVotes="30030.00000000000" nonTransferablePoints="0.00000000000" surplus="0.00000000000"><choiceGroup_Collection><choiceGroup choiceName2="JOEL VENTRESCA" votes="17416.00000000000" Textbox17="0.0989601681913745099153360986" points="0.00000000000" /><choiceGroup choiceName2="WILMA PANG" votes="0.00000000000" Textbox17="0" points="0.00000000000" /><choiceGroup choiceName2="ROBERT L. JORDAN, JR." votes="0.00000000000" Textbox17="0" points="0.00000000000" /><choiceGroup choiceName2="PAUL YBARRA ROBERTSON" votes="0.00000000000" Textbox17="0" points="0.00000000000" /><choiceGroup choiceName2="ELLEN LEE ZHOU" votes="29885.00000000000" Textbox17="0.1698107847036763452468890278" points="0.00000000000" /><choiceGroup choiceName2="LONDON N. BREED" votes="128689.00000000000" Textbox17="0.7312290471049491448377748736" points="0.00000000000" /><choiceGroup choiceName2="MARC ROTH" votes="0.00000000000" Textbox17="0" points="0.00000000000" /><choiceGroup choiceName2="Blanks" votes="25914.00000000000" Textbox17="0.1472470026706062844479799989" points="0.00000000000" /><choiceGroup choiceName2="Exhausted" votes="3438.00000000000" Textbox17="0.0195352008636854366725382124" points="0.00000000000" /><choiceGroup choiceName2="Overvotes" votes="678.00000000000" Textbox17="0.0038524916188419796579351099" points="0.00000000000" /><choiceGroup choiceName2="Remainder Points" votes="0.00000000000" Textbox17="0" points="0.00000000000" /></choiceGroup_Collection><nonTransferableGroup_Collection><nonTransferableGroup choiceName3="JOEL VENTRESCA" votes1="17416.00000000000" points2="0.00000000000" /><nonTransferableGroup choiceName3="WILMA PANG" votes1="0.00000000000" points2="0.00000000000" /><nonTransferableGroup choiceName3="ROBERT L. JORDAN, JR." votes1="0.00000000000" points2="0.00000000000" /><nonTransferableGroup choiceName3="PAUL YBARRA ROBERTSON" votes1="0.00000000000" points2="0.00000000000" /><nonTransferableGroup choiceName3="ELLEN LEE ZHOU" votes1="29885.00000000000" points2="0.00000000000" /><nonTransferableGroup choiceName3="LONDON N. BREED" votes1="128689.00000000000" points2="0.00000000000" /><nonTransferableGroup choiceName3="MARC ROTH" votes1="0.00000000000" points2="0.00000000000" /><nonTransferableGroup choiceName3="Blanks" votes1="25914.00000000000" points2="0.00000000000" /><nonTransferableGroup choiceName3="Exhausted" votes1="3438.00000000000" points2="0.00000000000" /><nonTransferableGroup choiceName3="Overvotes" votes1="678.00000000000" points2="0.00000000000" /><nonTransferableGroup choiceName3="Remainder Points" votes1="0.00000000000" points2="0.00000000000" /></nonTransferableGroup_Collection></Tablix5><Tablix9><TieReason_Collection><TieReason Textbox14="A tie occurred during " /><TieReason Textbox14="A tie occurred during " /><TieReason Textbox14="A tie occurred during " /><TieReason Textbox14="A tie occurred during " /><TieReason Textbox14="A tie occurred during " /><TieReason Textbox14="A tie occurred during " /><TieReason Textbox14="A tie occurred during " /><TieReason Textbox14="A tie occurred during " /><TieReason Textbox14="A tie occurred during " /><TieReason Textbox14="A tie occurred during " /><TieReason Textbox14="A tie occurred during " /></TieReason_Collection><DetailsTie_Collection><DetailsTie choiceName4="JOEL VENTRESCA" /><DetailsTie choiceName4="WILMA PANG" /><DetailsTie choiceName4="ROBERT L. JORDAN, JR." /><DetailsTie choiceName4="PAUL YBARRA ROBERTSON" /><DetailsTie choiceName4="ELLEN LEE ZHOU" /><DetailsTie choiceName4="LONDON N. BREED" /><DetailsTie choiceName4="MARC ROTH" /><DetailsTie choiceName4="Blanks" /><DetailsTie choiceName4="Exhausted" /><DetailsTie choiceName4="Overvotes" /><DetailsTie choiceName4="Remainder Points" /></DetailsTie_Collection><TieSelection_Collection><TieSelection Textbox2="The tie is broken by selecting JOEL VENTRESCA." /><TieSelection Textbox2="The tie is broken by selecting WILMA PANG." /><TieSelection Textbox2="The tie is broken by selecting ROBERT L. JORDAN, JR.." /><TieSelection Textbox2="The tie is broken by selecting PAUL YBARRA ROBERTSON." /><TieSelection Textbox2="The tie is broken by selecting ELLEN LEE ZHOU." /><TieSelection Textbox2="The tie is broken by selecting LONDON N. BREED." /><TieSelection Textbox2="The tie is broken by selecting MARC ROTH." /><TieSelection Textbox2="The tie is broken by selecting Blanks." /><TieSelection Textbox2="The tie is broken by selecting Exhausted." /><TieSelection Textbox2="The tie is broken by selecting Overvotes." /><TieSelection Textbox2="The tie is broken by selecting Remainder Points." /></TieSelection_Collection><StatusGroup_Collection><StatusGroup Textbox21="JOEL VENTRESCA is eliminated because the candidate had the least amount of votes." /><StatusGroup Textbox21="WILMA PANG is  because " /><StatusGroup Textbox21="ROBERT L. JORDAN, JR. is  because " /><StatusGroup Textbox21="PAUL YBARRA ROBERTSON is  because " /><StatusGroup Textbox21="ELLEN LEE ZHOU is  because " /><StatusGroup Textbox21="LONDON N. BREED is  because " /><StatusGroup Textbox21="MARC ROTH is  because " /><StatusGroup Textbox21="Blanks is  because " /><StatusGroup Textbox21="Exhausted is  because " /><StatusGroup Textbox21="Overvotes is  because " /><StatusGroup Textbox21="Remainder Points is  because " /></StatusGroup_Collection><sourceChoiceId_Collection><sourceChoiceId Textbox44=" transfer for candidate ." Textbox47=" ballots have been transferred in the following manner:"><choiceId_Collection><choiceId choiceName="WILMA PANG" /><choiceId choiceName="ROBERT L. JORDAN, JR." /><choiceId choiceName="PAUL YBARRA ROBERTSON" /><choiceId choiceName="MARC ROTH" /><choiceId choiceName="Blanks" /><choiceId choiceName="Remainder Points" /></choiceId_Collection></sourceChoiceId><sourceChoiceId Textbox44="Elimination transfer for candidate JOEL VENTRESCA." Textbox47="17416 ballots have been transferred in the following manner:"><choiceId_Collection><choiceId sourceChoiceName="JOEL VENTRESCA" choiceName="JOEL VENTRESCA" ballotsTransferred3="17416" transferFraction3="1.00000000000" votes5="-17416.00000000000" /><choiceId sourceChoiceName="JOEL VENTRESCA" choiceName="ELLEN LEE ZHOU" ballotsTransferred3="5800" transferFraction3="1.00000000000" votes5="5800.00000000000" /><choiceId sourceChoiceName="JOEL VENTRESCA" choiceName="LONDON N. BREED" ballotsTransferred3="5602" transferFraction3="1.00000000000" votes5="5602.00000000000" /><choiceId sourceChoiceName="JOEL VENTRESCA" choiceName="Exhausted" ballotsTransferred3="5938" transferFraction3="1.00000000000" votes5="5938.00000000000" /><choiceId sourceChoiceName="JOEL VENTRESCA" choiceName="Overvotes" ballotsTransferred3="76" transferFraction3="1.00000000000" votes5="76.00000000000" /></choiceId_Collection></sourceChoiceId></sourceChoiceId_Collection></Tablix9></roundGroup><roundGroup><Tablix5 Textbox86="Round 6" continuingVotes="169976.00000000000" points1="0.00000000000" nonTransferableVotes="36044.00000000000" nonTransferablePoints="0.00000000000" surplus="0.00000000000"><choiceGroup_Collection><choiceGroup choiceName2="JOEL VENTRESCA" votes="0.00000000000" Textbox17="0" points="0.00000000000" /><choiceGroup choiceName2="WILMA PANG" votes="0.00000000000" Textbox17="0" points="0.00000000000" /><choiceGroup choiceName2="ROBERT L. JORDAN, JR." votes="0.00000000000" Textbox17="0" points="0.00000000000" /><choiceGroup choiceName2="PAUL YBARRA ROBERTSON" votes="0.00000000000" Textbox17="0" points="0.00000000000" /><choiceGroup choiceName2="ELLEN LEE ZHOU" votes="35685.00000000000" Textbox17="0.2099414034922577305031298536" points="0.00000000000" /><choiceGroup choiceName2="LONDON N. BREED" votes="134291.00000000000" Textbox17="0.7900585965077422694968701464" points="0.00000000000" /><choiceGroup choiceName2="MARC ROTH" votes="0.00000000000" Textbox17="0" points="0.00000000000" /><choiceGroup choiceName2="Blanks" votes="25914.00000000000" Textbox17="0.1524568174330493716760013178" points="0.00000000000" /><choiceGroup choiceName2="Exhausted" votes="9376.00000000000" Textbox17="0.0551607285734456629171177107" points="0.00000000000" /><choiceGroup choiceName2="Overvotes" votes="754.00000000000" Textbox17="0.0044359203652280321927801572" points="0.00000000000" /><choiceGroup choiceName2="Remainder Points" votes="0.00000000000" Textbox17="0" points="0.00000000000" /></choiceGroup_Collection><nonTransferableGroup_Collection><nonTransferableGroup choiceName3="JOEL VENTRESCA" votes1="0.00000000000" points2="0.00000000000" /><nonTransferableGroup choiceName3="WILMA PANG" votes1="0.00000000000" points2="0.00000000000" /><nonTransferableGroup choiceName3="ROBERT L. JORDAN, JR." votes1="0.00000000000" points2="0.00000000000" /><nonTransferableGroup choiceName3="PAUL YBARRA ROBERTSON" votes1="0.00000000000" points2="0.00000000000" /><nonTransferableGroup choiceName3="ELLEN LEE ZHOU" votes1="35685.00000000000" points2="0.00000000000" /><nonTransferableGroup choiceName3="LONDON N. BREED" votes1="134291.00000000000" points2="0.00000000000" /><nonTransferableGroup choiceName3="MARC ROTH" votes1="0.00000000000" points2="0.00000000000" /><nonTransferableGroup choiceName3="Blanks" votes1="25914.00000000000" points2="0.00000000000" /><nonTransferableGroup choiceName3="Exhausted" votes1="9376.00000000000" points2="0.00000000000" /><nonTransferableGroup choiceName3="Overvotes" votes1="754.00000000000" points2="0.00000000000" /><nonTransferableGroup choiceName3="Remainder Points" votes1="0.00000000000" points2="0.00000000000" /></nonTransferableGroup_Collection></Tablix5><Tablix9><TieReason_Collection><TieReason Textbox14="A tie occurred during " /><TieReason Textbox14="A tie occurred during " /><TieReason Textbox14="A tie occurred during " /><TieReason Textbox14="A tie occurred during " /><TieReason Textbox14="A tie occurred during " /><TieReason Textbox14="A tie occurred during " /><TieReason Textbox14="A tie occurred during " /><TieReason Textbox14="A tie occurred during " /><TieReason Textbox14="A tie occurred during " /><TieReason Textbox14="A tie occurred during " /><TieReason Textbox14="A tie occurred during " /></TieReason_Collection><DetailsTie_Collection><DetailsTie choiceName4="JOEL VENTRESCA" /><DetailsTie choiceName4="WILMA PANG" /><DetailsTie choiceName4="ROBERT L. JORDAN, JR." /><DetailsTie choiceName4="PAUL YBARRA ROBERTSON" /><DetailsTie choiceName4="ELLEN LEE ZHOU" /><DetailsTie choiceName4="LONDON N. BREED" /><DetailsTie choiceName4="MARC ROTH" /><DetailsTie choiceName4="Blanks" /><DetailsTie choiceName4="Exhausted" /><DetailsTie choiceName4="Overvotes" /><DetailsTie choiceName4="Remainder Points" /></DetailsTie_Collection><TieSelection_Collection><TieSelection Textbox2="The tie is broken by selecting JOEL VENTRESCA." /><TieSelection Textbox2="The tie is broken by selecting WILMA PANG." /><TieSelection Textbox2="The tie is broken by selecting ROBERT L. JORDAN, JR.." /><TieSelection Textbox2="The tie is broken by selecting PAUL YBARRA ROBERTSON." /><TieSelection Textbox2="The tie is broken by selecting ELLEN LEE ZHOU." /><TieSelection Textbox2="The tie is broken by selecting LONDON N. BREED." /><TieSelection Textbox2="The tie is broken by selecting MARC ROTH." /><TieSelection Textbox2="The tie is broken by selecting Blanks." /><TieSelection Textbox2="The tie is broken by selecting Exhausted." /><TieSelection Textbox2="The tie is broken by selecting Overvotes." /><TieSelection Textbox2="The tie is broken by selecting Remainder Points." /></TieSelection_Collection><StatusGroup_Collection><StatusGroup Textbox21="JOEL VENTRESCA is  because " /><StatusGroup Textbox21="WILMA PANG is  because " /><StatusGroup Textbox21="ROBERT L. JORDAN, JR. is  because " /><StatusGroup Textbox21="PAUL YBARRA ROBERTSON is  because " /><StatusGroup Textbox21="ELLEN LEE ZHOU is eliminated because the candidate was not elected in the last round." /><StatusGroup Textbox21="LONDON N. BREED is elected because all other candidates have been eliminated." /><StatusGroup Textbox21="MARC ROTH is  because " /><StatusGroup Textbox21="Blanks is  because " /><StatusGroup Textbox21="Exhausted is  because " /><StatusGroup Textbox21="Overvotes is  because " /><StatusGroup Textbox21="Remainder Points is  because " /></StatusGroup_Collection><sourceChoiceId_Collection><sourceChoiceId Textbox44=" transfer for candidate ." Textbox47=" ballots have been transferred in the following manner:"><choiceId_Collection><choiceId choiceName="JOEL VENTRESCA" /><choiceId choiceName="WILMA PANG" /><choiceId choiceName="ROBERT L. JORDAN, JR." /><choiceId choiceName="PAUL YBARRA ROBERTSON" /><choiceId choiceName="ELLEN LEE ZHOU" /><choiceId choiceName="LONDON N. BREED" /><choiceId choiceName="MARC ROTH" /><choiceId choiceName="Blanks" /><choiceId choiceName="Exhausted" /><choiceId choiceName="Overvotes" /><choiceId choiceName="Remainder Points" /></choiceId_Collection></sourceChoiceId></sourceChoiceId_Collection></Tablix9></roundGroup></roundGroup_Collection></Tablix10></precinctGroup></precinctGroup_Collection></Tablix6></Report>