﻿<?xml version="1.0" encoding="utf-8"?><Report xsi:schemaLocation="RcvDetailedReport http://emsserver/ReportServer?%2FEMSApplicationServerReports%2FRcvDetailedReport&amp;rs%3ACommand=Render&amp;rs%3AFormat=XML&amp;rs%3ASessionID=5zb0jg45j4pkiz45mfb3grq0&amp;rc%3ASchema=True" Name="RcvDetailedReport" xmlns:xsi="http://www.w3.org/2001/XMLSchema-instance" xmlns="RcvDetailedReport"><Title><Report Name="Title" Textbox11="RCV Detailed Report" Textbox3="General Election" Textbox2="City and County of San Francisco" Textbox9="2019-11-05T00:00:00" Textbox12="" Textbox8="RCV Detail Report&#xA;City and County of San Francisco&#xA;November 5, 2019, Consolidated Municipal Election" /></Title><RcvStaticData><Report Name="RcvStaticData"><Tablix2 Textbox24="MAYOR" Textbox21="Official results" Textbox53="Number of positions to elect is 1." state="All Positions Filled" timeStamp="2019-11-05T23:57:15.123" /><Tablix3 Textbox36="IRV" Textbox41="True" winnersByThreshold="False" usesDistricts="True" previousRoundsEvaluation="None" eliminationType="Single" fixedPrecisionDecimals="0" performEliminationTransferInLastRound="False" skipOvervotedRankings="False" votesToInThresholdCalculation="Continuing ballots per round" useFirstRoundSuspension="False" /></Report></RcvStaticData><Tablix6><precinctGroup_Collection><precinctGroup Textbox35="City and County of San Francisco"><Tablix10><roundGroup_Collection><roundGroup><Tablix5 Textbox86="Round 1" continuingVotes="101963.00000000000" points1="0.00000000000" nonTransferableVotes="13216.00000000000" nonTransferablePoints="0.00000000000" surplus="0.00000000000"><choiceGroup_Collection><choiceGroup choiceName2="JOEL VENTRESCA" votes="7767.00000000000" Textbox17="0.076174690819218736208232398" points="0.00000000000" /><choiceGroup choiceName2="WILMA PANG" votes="3064.00000000000" Textbox17="0.030050116218628325961378147" points="0.00000000000" /><choiceGroup choiceName2="ROBERT L. JORDAN, JR." votes="1615.00000000000" Textbox17="0.0158390788815550738993556486" points="0.00000000000" /><choiceGroup choiceName2="PAUL YBARRA ROBERTSON" votes="4750.00000000000" Textbox17="0.046585526122220805586340143" points="0.00000000000" /><choiceGroup choiceName2="ELLEN LEE ZHOU" votes="14960.00000000000" Textbox17="0.146719888587036474015083903" points="0.00000000000" /><choiceGroup choiceName2="LONDON N. BREED" votes="69807.00000000000" Textbox17="0.6846306993713405843296097604" points="0.00000000000" /><choiceGroup choiceName2="MARC ROTH" votes="0.00000000000" Textbox17="0" points="0.00000000000" /><choiceGroup choiceName2="Blanks" votes="12838.00000000000" Textbox17="0.1259084177593833057089336328" points="0.00000000000" /><choiceGroup choiceName2="Exhausted" votes="0.00000000000" Textbox17="0" points="0.00000000000" /><choiceGroup choiceName2="Overvotes" votes="378.00000000000" Textbox17="0.0037072271314104135813971735" points="0.00000000000" /><choiceGroup choiceName2="Remainder Points" votes="0.00000000000" Textbox17="0" points="0.00000000000" /></choiceGroup_Collection><nonTransferableGroup_Collection><nonTransferableGroup choiceName3="JOEL VENTRESCA" votes1="7767.00000000000" points2="0.00000000000" /><nonTransferableGroup choiceName3="WILMA PANG" votes1="3064.00000000000" points2="0.00000000000" /><nonTransferableGroup choiceName3="ROBERT L. JORDAN, JR." votes1="1615.00000000000" points2="0.00000000000" /><nonTransferableGroup choiceName3="PAUL YBARRA ROBERTSON" votes1="4750.00000000000" points2="0.00000000000" /><nonTransferableGroup choiceName3="ELLEN LEE ZHOU" votes1="14960.00000000000" points2="0.00000000000" /><nonTransferableGroup choiceName3="LONDON N. BREED" votes1="69807.00000000000" points2="0.00000000000" /><nonTransferableGroup choiceName3="MARC ROTH" votes1="0.00000000000" points2="0.00000000000" /><nonTransferableGroup choiceName3="Blanks" votes1="12838.00000000000" points2="0.00000000000" /><nonTransferableGroup choiceName3="Exhausted" votes1="0.00000000000" points2="0.00000000000" /><nonTransferableGroup choiceName3="Overvotes" votes1="378.00000000000" points2="0.00000000000" /><nonTransferableGroup choiceName3="Remainder Points" votes1="0.00000000000" points2="0.00000000000" /></nonTransferableGroup_Collection></Tablix5><Tablix9><TieReason_Collection><TieReason Textbox14="A tie occurred during " /><TieReason Textbox14="A tie occurred during " /><TieReason Textbox14="A tie occurred during " /><TieReason Textbox14="A tie occurred during " /><TieReason Textbox14="A tie occurred during " /><TieReason Textbox14="A tie occurred during " /><TieReason Textbox14="A tie occurred during " /><TieReason Textbox14="A tie occurred during " /><TieReason Textbox14="A tie occurred during " /><TieReason Textbox14="A tie occurred during " /><TieReason Textbox14="A tie occurred during " /></TieReason_Collection><DetailsTie_Collection><DetailsTie choiceName4="JOEL VENTRESCA" /><DetailsTie choiceName4="WILMA PANG" /><DetailsTie choiceName4="ROBERT L. JORDAN, JR." /><DetailsTie choiceName4="PAUL YBARRA ROBERTSON" /><DetailsTie choiceName4="ELLEN LEE ZHOU" /><DetailsTie choiceName4="LONDON N. BREED" /><DetailsTie choiceName4="MARC ROTH" /><DetailsTie choiceName4="Blanks" /><DetailsTie choiceName4="Exhausted" /><DetailsTie choiceName4="Overvotes" /><DetailsTie choiceName4="Remainder Points" /></DetailsTie_Collection><TieSelection_Collection><TieSelection Textbox2="The tie is broken by selecting JOEL VENTRESCA." /><TieSelection Textbox2="The tie is broken by selecting WILMA PANG." /><TieSelection Textbox2="The tie is broken by selecting ROBERT L. JORDAN, JR.." /><TieSelection Textbox2="The tie is broken by selecting PAUL YBARRA ROBERTSON." /><TieSelection Textbox2="The tie is broken by selecting ELLEN LEE ZHOU." /><TieSelection Textbox2="The tie is broken by selecting LONDON N. BREED." /><TieSelection Textbox2="The tie is broken by selecting MARC ROTH." /><TieSelection Textbox2="The tie is broken by selecting Blanks." /><TieSelection Textbox2="The tie is broken by selecting Exhausted." /><TieSelection Textbox2="The tie is broken by selecting Overvotes." /><TieSelection Textbox2="The tie is broken by selecting Remainder Points." /></TieSelection_Collection><StatusGroup_Collection><StatusGroup Textbox21="JOEL VENTRESCA is  because " /><StatusGroup Textbox21="WILMA PANG is  because " /><StatusGroup Textbox21="ROBERT L. JORDAN, JR. is  because " /><StatusGroup Textbox21="PAUL YBARRA ROBERTSON is  because " /><StatusGroup Textbox21="ELLEN LEE ZHOU is  because " /><StatusGroup Textbox21="LONDON N. BREED is  because " /><StatusGroup Textbox21="MARC ROTH is eliminated because the candidate had the least amount of votes." /><StatusGroup Textbox21="Blanks is  because " /><StatusGroup Textbox21="Exhausted is  because " /><StatusGroup Textbox21="Overvotes is  because " /><StatusGroup Textbox21="Remainder Points is  because " /></StatusGroup_Collection><sourceChoiceId_Collection><sourceChoiceId Textbox44=" transfer for candidate ." Textbox47=" ballots have been transferred in the following manner:"><choiceId_Collection><choiceId choiceName="JOEL VENTRESCA" /><choiceId choiceName="WILMA PANG" /><choiceId choiceName="ROBERT L. JORDAN, JR." /><choiceId choiceName="PAUL YBARRA ROBERTSON" /><choiceId choiceName="ELLEN LEE ZHOU" /><choiceId choiceName="LONDON N. BREED" /><choiceId choiceName="MARC ROTH" /><choiceId choiceName="Blanks" /><choiceId choiceName="Exhausted" /><choiceId choiceName="Overvotes" /><choiceId choiceName="Remainder Points" /></choiceId_Collection></sourceChoiceId></sourceChoiceId_Collection></Tablix9></roundGroup><roundGroup><Tablix5 Textbox86="Round 2" continuingVotes="101963.00000000000" points1="0.00000000000" nonTransferableVotes="13216.00000000000" nonTransferablePoints="0.00000000000" surplus="0.00000000000"><choiceGroup_Collection><choiceGroup choiceName2="JOEL VENTRESCA" votes="7767.00000000000" Textbox17="0.076174690819218736208232398" points="0.00000000000" /><choiceGroup choiceName2="WILMA PANG" votes="3064.00000000000" Textbox17="0.030050116218628325961378147" points="0.00000000000" /><choiceGroup choiceName2="ROBERT L. JORDAN, JR." votes="1615.00000000000" Textbox17="0.0158390788815550738993556486" points="0.00000000000" /><choiceGroup choiceName2="PAUL YBARRA ROBERTSON" votes="4750.00000000000" Textbox17="0.046585526122220805586340143" points="0.00000000000" /><choiceGroup choiceName2="ELLEN LEE ZHOU" votes="14960.00000000000" Textbox17="0.146719888587036474015083903" points="0.00000000000" /><choiceGroup choiceName2="LONDON N. BREED" votes="69807.00000000000" Textbox17="0.6846306993713405843296097604" points="0.00000000000" /><choiceGroup choiceName2="MARC ROTH" votes="0.00000000000" Textbox17="0" points="0.00000000000" /><choiceGroup choiceName2="Blanks" votes="12838.00000000000" Textbox17="0.1259084177593833057089336328" points="0.00000000000" /><choiceGroup choiceName2="Exhausted" votes="0.00000000000" Textbox17="0" points="0.00000000000" /><choiceGroup choiceName2="Overvotes" votes="378.00000000000" Textbox17="0.0037072271314104135813971735" points="0.00000000000" /><choiceGroup choiceName2="Remainder Points" votes="0.00000000000" Textbox17="0" points="0.00000000000" /></choiceGroup_Collection><nonTransferableGroup_Collection><nonTransferableGroup choiceName3="JOEL VENTRESCA" votes1="7767.00000000000" points2="0.00000000000" /><nonTransferableGroup choiceName3="WILMA PANG" votes1="3064.00000000000" points2="0.00000000000" /><nonTransferableGroup choiceName3="ROBERT L. JORDAN, JR." votes1="1615.00000000000" points2="0.00000000000" /><nonTransferableGroup choiceName3="PAUL YBARRA ROBERTSON" votes1="4750.00000000000" points2="0.00000000000" /><nonTransferableGroup choiceName3="ELLEN LEE ZHOU" votes1="14960.00000000000" points2="0.00000000000" /><nonTransferableGroup choiceName3="LONDON N. BREED" votes1="69807.00000000000" points2="0.00000000000" /><nonTransferableGroup choiceName3="MARC ROTH" votes1="0.00000000000" points2="0.00000000000" /><nonTransferableGroup choiceName3="Blanks" votes1="12838.00000000000" points2="0.00000000000" /><nonTransferableGroup choiceName3="Exhausted" votes1="0.00000000000" points2="0.00000000000" /><nonTransferableGroup choiceName3="Overvotes" votes1="378.00000000000" points2="0.00000000000" /><nonTransferableGroup choiceName3="Remainder Points" votes1="0.00000000000" points2="0.00000000000" /></nonTransferableGroup_Collection></Tablix5><Tablix9><TieReason_Collection><TieReason Textbox14="A tie occurred during " /><TieReason Textbox14="A tie occurred during " /><TieReason Textbox14="A tie occurred during " /><TieReason Textbox14="A tie occurred during " /><TieReason Textbox14="A tie occurred during " /><TieReason Textbox14="A tie occurred during " /><TieReason Textbox14="A tie occurred during " /><TieReason Textbox14="A tie occurred during " /><TieReason Textbox14="A tie occurred during " /><TieReason Textbox14="A tie occurred during " /><TieReason Textbox14="A tie occurred during " /></TieReason_Collection><DetailsTie_Collection><DetailsTie choiceName4="JOEL VENTRESCA" /><DetailsTie choiceName4="WILMA PANG" /><DetailsTie choiceName4="ROBERT L. JORDAN, JR." /><DetailsTie choiceName4="PAUL YBARRA ROBERTSON" /><DetailsTie choiceName4="ELLEN LEE ZHOU" /><DetailsTie choiceName4="LONDON N. BREED" /><DetailsTie choiceName4="MARC ROTH" /><DetailsTie choiceName4="Blanks" /><DetailsTie choiceName4="Exhausted" /><DetailsTie choiceName4="Overvotes" /><DetailsTie choiceName4="Remainder Points" /></DetailsTie_Collection><TieSelection_Collection><TieSelection Textbox2="The tie is broken by selecting JOEL VENTRESCA." /><TieSelection Textbox2="The tie is broken by selecting WILMA PANG." /><TieSelection Textbox2="The tie is broken by selecting ROBERT L. JORDAN, JR.." /><TieSelection Textbox2="The tie is broken by selecting PAUL YBARRA ROBERTSON." /><TieSelection Textbox2="The tie is broken by selecting ELLEN LEE ZHOU." /><TieSelection Textbox2="The tie is broken by selecting LONDON N. BREED." /><TieSelection Textbox2="The tie is broken by selecting MARC ROTH." /><TieSelection Textbox2="The tie is broken by selecting Blanks." /><TieSelection Textbox2="The tie is broken by selecting Exhausted." /><TieSelection Textbox2="The tie is broken by selecting Overvotes." /><TieSelection Textbox2="The tie is broken by selecting Remainder Points." /></TieSelection_Collection><StatusGroup_Collection><StatusGroup Textbox21="JOEL VENTRESCA is  because " /><StatusGroup Textbox21="WILMA PANG is  because " /><StatusGroup Textbox21="ROBERT L. JORDAN, JR. is eliminated because the candidate had the least amount of votes." /><StatusGroup Textbox21="PAUL YBARRA ROBERTSON is  because " /><StatusGroup Textbox21="ELLEN LEE ZHOU is  because " /><StatusGroup Textbox21="LONDON N. BREED is  because " /><StatusGroup Textbox21="MARC ROTH is  because " /><StatusGroup Textbox21="Blanks is  because " /><StatusGroup Textbox21="Exhausted is  because " /><StatusGroup Textbox21="Overvotes is  because " /><StatusGroup Textbox21="Remainder Points is  because " /></StatusGroup_Collection><sourceChoiceId_Collection><sourceChoiceId Textbox44=" transfer for candidate ." Textbox47=" ballots have been transferred in the following manner:"><choiceId_Collection><choiceId choiceName="MARC ROTH" /><choiceId choiceName="Blanks" /><choiceId choiceName="Remainder Points" /></choiceId_Collection></sourceChoiceId><sourceChoiceId Textbox44="Elimination transfer for candidate ROBERT L. JORDAN, JR.." Textbox47="1615 ballots have been transferred in the following manner:"><choiceId_Collection><choiceId sourceChoiceName="ROBERT L. JORDAN, JR." choiceName="JOEL VENTRESCA" ballotsTransferred3="220" transferFraction3="1.00000000000" votes5="220.00000000000" /><choiceId sourceChoiceName="ROBERT L. JORDAN, JR." choiceName="WILMA PANG" ballotsTransferred3="211" transferFraction3="1.00000000000" votes5="211.00000000000" /><choiceId sourceChoiceName="ROBERT L. JORDAN, JR." choiceName="ROBERT L. JORDAN, JR." ballotsTransferred3="1615" transferFraction3="1.00000000000" votes5="-1615.00000000000" /><choiceId sourceChoiceName="ROBERT L. JORDAN, JR." choiceName="PAUL YBARRA ROBERTSON" ballotsTransferred3="456" transferFraction3="1.00000000000" votes5="456.00000000000" /><choiceId sourceChoiceName="ROBERT L. JORDAN, JR." choiceName="ELLEN LEE ZHOU" ballotsTransferred3="208" transferFraction3="1.00000000000" votes5="208.00000000000" /><choiceId sourceChoiceName="ROBERT L. JORDAN, JR." choiceName="LONDON N. BREED" ballotsTransferred3="205" transferFraction3="1.00000000000" votes5="205.00000000000" /><choiceId sourceChoiceName="ROBERT L. JORDAN, JR." choiceName="Exhausted" ballotsTransferred3="307" transferFraction3="1.00000000000" votes5="307.00000000000" /><choiceId sourceChoiceName="ROBERT L. JORDAN, JR." choiceName="Overvotes" ballotsTransferred3="8" transferFraction3="1.00000000000" votes5="8.00000000000" /></choiceId_Collection></sourceChoiceId></sourceChoiceId_Collection></Tablix9></roundGroup><roundGroup><Tablix5 Textbox86="Round 3" continuingVotes="101648.00000000000" points1="0.00000000000" nonTransferableVotes="13531.00000000000" nonTransferablePoints="0.00000000000" surplus="0.00000000000"><choiceGroup_Collection><choiceGroup choiceName2="JOEL VENTRESCA" votes="7987.00000000000" Textbox17="0.0785750826381237210766566976" points="0.00000000000" /><choiceGroup choiceName2="WILMA PANG" votes="3275.00000000000" Textbox17="0.0322190303793483393672280812" points="0.00000000000" /><choiceGroup choiceName2="ROBERT L. JORDAN, JR." votes="0.00000000000" Textbox17="0" points="0.00000000000" /><choiceGroup choiceName2="PAUL YBARRA ROBERTSON" votes="5206.00000000000" Textbox17="0.0512159609633244136628364552" points="0.00000000000" /><choiceGroup choiceName2="ELLEN LEE ZHOU" votes="15168.00000000000" Textbox17="0.149220840547772705808279553" points="0.00000000000" /><choiceGroup choiceName2="LONDON N. BREED" votes="70012.00000000000" Textbox17="0.688769085471430820084999213" points="0.00000000000" /><choiceGroup choiceName2="MARC ROTH" votes="0.00000000000" Textbox17="0" points="0.00000000000" /><choiceGroup choiceName2="Blanks" votes="12838.00000000000" Textbox17="0.1262985990870454903195340784" points="0.00000000000" /><choiceGroup choiceName2="Exhausted" votes="307.00000000000" Textbox17="0.0030202266645679206674012278" points="0.00000000000" /><choiceGroup choiceName2="Overvotes" votes="386.00000000000" Textbox17="0.0037974185424209035101526838" points="0.00000000000" /><choiceGroup choiceName2="Remainder Points" votes="0.00000000000" Textbox17="0" points="0.00000000000" /></choiceGroup_Collection><nonTransferableGroup_Collection><nonTransferableGroup choiceName3="JOEL VENTRESCA" votes1="7987.00000000000" points2="0.00000000000" /><nonTransferableGroup choiceName3="WILMA PANG" votes1="3275.00000000000" points2="0.00000000000" /><nonTransferableGroup choiceName3="ROBERT L. JORDAN, JR." votes1="0.00000000000" points2="0.00000000000" /><nonTransferableGroup choiceName3="PAUL YBARRA ROBERTSON" votes1="5206.00000000000" points2="0.00000000000" /><nonTransferableGroup choiceName3="ELLEN LEE ZHOU" votes1="15168.00000000000" points2="0.00000000000" /><nonTransferableGroup choiceName3="LONDON N. BREED" votes1="70012.00000000000" points2="0.00000000000" /><nonTransferableGroup choiceName3="MARC ROTH" votes1="0.00000000000" points2="0.00000000000" /><nonTransferableGroup choiceName3="Blanks" votes1="12838.00000000000" points2="0.00000000000" /><nonTransferableGroup choiceName3="Exhausted" votes1="307.00000000000" points2="0.00000000000" /><nonTransferableGroup choiceName3="Overvotes" votes1="386.00000000000" points2="0.00000000000" /><nonTransferableGroup choiceName3="Remainder Points" votes1="0.00000000000" points2="0.00000000000" /></nonTransferableGroup_Collection></Tablix5><Tablix9><TieReason_Collection><TieReason Textbox14="A tie occurred during " /><TieReason Textbox14="A tie occurred during " /><TieReason Textbox14="A tie occurred during " /><TieReason Textbox14="A tie occurred during " /><TieReason Textbox14="A tie occurred during " /><TieReason Textbox14="A tie occurred during " /><TieReason Textbox14="A tie occurred during " /><TieReason Textbox14="A tie occurred during " /><TieReason Textbox14="A tie occurred during " /><TieReason Textbox14="A tie occurred during " /><TieReason Textbox14="A tie occurred during " /></TieReason_Collection><DetailsTie_Collection><DetailsTie choiceName4="JOEL VENTRESCA" /><DetailsTie choiceName4="WILMA PANG" /><DetailsTie choiceName4="ROBERT L. JORDAN, JR." /><DetailsTie choiceName4="PAUL YBARRA ROBERTSON" /><DetailsTie choiceName4="ELLEN LEE ZHOU" /><DetailsTie choiceName4="LONDON N. BREED" /><DetailsTie choiceName4="MARC ROTH" /><DetailsTie choiceName4="Blanks" /><DetailsTie choiceName4="Exhausted" /><DetailsTie choiceName4="Overvotes" /><DetailsTie choiceName4="Remainder Points" /></DetailsTie_Collection><TieSelection_Collection><TieSelection Textbox2="The tie is broken by selecting JOEL VENTRESCA." /><TieSelection Textbox2="The tie is broken by selecting WILMA PANG." /><TieSelection Textbox2="The tie is broken by selecting ROBERT L. JORDAN, JR.." /><TieSelection Textbox2="The tie is broken by selecting PAUL YBARRA ROBERTSON." /><TieSelection Textbox2="The tie is broken by selecting ELLEN LEE ZHOU." /><TieSelection Textbox2="The tie is broken by selecting LONDON N. BREED." /><TieSelection Textbox2="The tie is broken by selecting MARC ROTH." /><TieSelection Textbox2="The tie is broken by selecting Blanks." /><TieSelection Textbox2="The tie is broken by selecting Exhausted." /><TieSelection Textbox2="The tie is broken by selecting Overvotes." /><TieSelection Textbox2="The tie is broken by selecting Remainder Points." /></TieSelection_Collection><StatusGroup_Collection><StatusGroup Textbox21="JOEL VENTRESCA is  because " /><StatusGroup Textbox21="WILMA PANG is eliminated because the candidate had the least amount of votes." /><StatusGroup Textbox21="ROBERT L. JORDAN, JR. is  because " /><StatusGroup Textbox21="PAUL YBARRA ROBERTSON is  because " /><StatusGroup Textbox21="ELLEN LEE ZHOU is  because " /><StatusGroup Textbox21="LONDON N. BREED is  because " /><StatusGroup Textbox21="MARC ROTH is  because " /><StatusGroup Textbox21="Blanks is  because " /><StatusGroup Textbox21="Exhausted is  because " /><StatusGroup Textbox21="Overvotes is  because " /><StatusGroup Textbox21="Remainder Points is  because " /></StatusGroup_Collection><sourceChoiceId_Collection><sourceChoiceId Textbox44=" transfer for candidate ." Textbox47=" ballots have been transferred in the following manner:"><choiceId_Collection><choiceId choiceName="ROBERT L. JORDAN, JR." /><choiceId choiceName="MARC ROTH" /><choiceId choiceName="Blanks" /><choiceId choiceName="Remainder Points" /></choiceId_Collection></sourceChoiceId><sourceChoiceId Textbox44="Elimination transfer for candidate WILMA PANG." Textbox47="3275 ballots have been transferred in the following manner:"><choiceId_Collection><choiceId sourceChoiceName="WILMA PANG" choiceName="JOEL VENTRESCA" ballotsTransferred3="557" transferFraction3="1.00000000000" votes5="557.00000000000" /><choiceId sourceChoiceName="WILMA PANG" choiceName="WILMA PANG" ballotsTransferred3="3275" transferFraction3="1.00000000000" votes5="-3275.00000000000" /><choiceId sourceChoiceName="WILMA PANG" choiceName="PAUL YBARRA ROBERTSON" ballotsTransferred3="636" transferFraction3="1.00000000000" votes5="636.00000000000" /><choiceId sourceChoiceName="WILMA PANG" choiceName="ELLEN LEE ZHOU" ballotsTransferred3="1025" transferFraction3="1.00000000000" votes5="1025.00000000000" /><choiceId sourceChoiceName="WILMA PANG" choiceName="LONDON N. BREED" ballotsTransferred3="425" transferFraction3="1.00000000000" votes5="425.00000000000" /><choiceId sourceChoiceName="WILMA PANG" choiceName="Exhausted" ballotsTransferred3="622" transferFraction3="1.00000000000" votes5="622.00000000000" /><choiceId sourceChoiceName="WILMA PANG" choiceName="Overvotes" ballotsTransferred3="10" transferFraction3="1.00000000000" votes5="10.00000000000" /></choiceId_Collection></sourceChoiceId></sourceChoiceId_Collection></Tablix9></roundGroup><roundGroup><Tablix5 Textbox86="Round 4" continuingVotes="101016.00000000000" points1="0.00000000000" nonTransferableVotes="14163.00000000000" nonTransferablePoints="0.00000000000" surplus="0.00000000000"><choiceGroup_Collection><choiceGroup choiceName2="JOEL VENTRESCA" votes="8544.00000000000" Textbox17="0.0845806604894274174388215728" points="0.00000000000" /><choiceGroup choiceName2="WILMA PANG" votes="0.00000000000" Textbox17="0" points="0.00000000000" /><choiceGroup choiceName2="ROBERT L. JORDAN, JR." votes="0.00000000000" Textbox17="0" points="0.00000000000" /><choiceGroup choiceName2="PAUL YBARRA ROBERTSON" votes="5842.00000000000" Textbox17="0.0578324225865209471766848816" points="0.00000000000" /><choiceGroup choiceName2="ELLEN LEE ZHOU" votes="16193.00000000000" Textbox17="0.1603013384018373326997703334" points="0.00000000000" /><choiceGroup choiceName2="LONDON N. BREED" votes="70437.00000000000" Textbox17="0.6972855785222143026847232122" points="0.00000000000" /><choiceGroup choiceName2="MARC ROTH" votes="0.00000000000" Textbox17="0" points="0.00000000000" /><choiceGroup choiceName2="Blanks" votes="12838.00000000000" Textbox17="0.1270887780153639027480795122" points="0.00000000000" /><choiceGroup choiceName2="Exhausted" votes="929.00000000000" Textbox17="0.0091965629207254296349093213" points="0.00000000000" /><choiceGroup choiceName2="Overvotes" votes="396.00000000000" Textbox17="0.0039201710620099786172487527" points="0.00000000000" /><choiceGroup choiceName2="Remainder Points" votes="0.00000000000" Textbox17="0" points="0.00000000000" /></choiceGroup_Collection><nonTransferableGroup_Collection><nonTransferableGroup choiceName3="JOEL VENTRESCA" votes1="8544.00000000000" points2="0.00000000000" /><nonTransferableGroup choiceName3="WILMA PANG" votes1="0.00000000000" points2="0.00000000000" /><nonTransferableGroup choiceName3="ROBERT L. JORDAN, JR." votes1="0.00000000000" points2="0.00000000000" /><nonTransferableGroup choiceName3="PAUL YBARRA ROBERTSON" votes1="5842.00000000000" points2="0.00000000000" /><nonTransferableGroup choiceName3="ELLEN LEE ZHOU" votes1="16193.00000000000" points2="0.00000000000" /><nonTransferableGroup choiceName3="LONDON N. BREED" votes1="70437.00000000000" points2="0.00000000000" /><nonTransferableGroup choiceName3="MARC ROTH" votes1="0.00000000000" points2="0.00000000000" /><nonTransferableGroup choiceName3="Blanks" votes1="12838.00000000000" points2="0.00000000000" /><nonTransferableGroup choiceName3="Exhausted" votes1="929.00000000000" points2="0.00000000000" /><nonTransferableGroup choiceName3="Overvotes" votes1="396.00000000000" points2="0.00000000000" /><nonTransferableGroup choiceName3="Remainder Points" votes1="0.00000000000" points2="0.00000000000" /></nonTransferableGroup_Collection></Tablix5><Tablix9><TieReason_Collection><TieReason Textbox14="A tie occurred during " /><TieReason Textbox14="A tie occurred during " /><TieReason Textbox14="A tie occurred during " /><TieReason Textbox14="A tie occurred during " /><TieReason Textbox14="A tie occurred during " /><TieReason Textbox14="A tie occurred during " /><TieReason Textbox14="A tie occurred during " /><TieReason Textbox14="A tie occurred during " /><TieReason Textbox14="A tie occurred during " /><TieReason Textbox14="A tie occurred during " /><TieReason Textbox14="A tie occurred during " /></TieReason_Collection><DetailsTie_Collection><DetailsTie choiceName4="JOEL VENTRESCA" /><DetailsTie choiceName4="WILMA PANG" /><DetailsTie choiceName4="ROBERT L. JORDAN, JR." /><DetailsTie choiceName4="PAUL YBARRA ROBERTSON" /><DetailsTie choiceName4="ELLEN LEE ZHOU" /><DetailsTie choiceName4="LONDON N. BREED" /><DetailsTie choiceName4="MARC ROTH" /><DetailsTie choiceName4="Blanks" /><DetailsTie choiceName4="Exhausted" /><DetailsTie choiceName4="Overvotes" /><DetailsTie choiceName4="Remainder Points" /></DetailsTie_Collection><TieSelection_Collection><TieSelection Textbox2="The tie is broken by selecting JOEL VENTRESCA." /><TieSelection Textbox2="The tie is broken by selecting WILMA PANG." /><TieSelection Textbox2="The tie is broken by selecting ROBERT L. JORDAN, JR.." /><TieSelection Textbox2="The tie is broken by selecting PAUL YBARRA ROBERTSON." /><TieSelection Textbox2="The tie is broken by selecting ELLEN LEE ZHOU." /><TieSelection Textbox2="The tie is broken by selecting LONDON N. BREED." /><TieSelection Textbox2="The tie is broken by selecting MARC ROTH." /><TieSelection Textbox2="The tie is broken by selecting Blanks." /><TieSelection Textbox2="The tie is broken by selecting Exhausted." /><TieSelection Textbox2="The tie is broken by selecting Overvotes." /><TieSelection Textbox2="The tie is broken by selecting Remainder Points." /></TieSelection_Collection><StatusGroup_Collection><StatusGroup Textbox21="JOEL VENTRESCA is  because " /><StatusGroup Textbox21="WILMA PANG is  because " /><StatusGroup Textbox21="ROBERT L. JORDAN, JR. is  because " /><StatusGroup Textbox21="PAUL YBARRA ROBERTSON is eliminated because the candidate had the least amount of votes." /><StatusGroup Textbox21="ELLEN LEE ZHOU is  because " /><StatusGroup Textbox21="LONDON N. BREED is  because " /><StatusGroup Textbox21="MARC ROTH is  because " /><StatusGroup Textbox21="Blanks is  because " /><StatusGroup Textbox21="Exhausted is  because " /><StatusGroup Textbox21="Overvotes is  because " /><StatusGroup Textbox21="Remainder Points is  because " /></StatusGroup_Collection><sourceChoiceId_Collection><sourceChoiceId Textbox44=" transfer for candidate ." Textbox47=" ballots have been transferred in the following manner:"><choiceId_Collection><choiceId choiceName="WILMA PANG" /><choiceId choiceName="ROBERT L. JORDAN, JR." /><choiceId choiceName="MARC ROTH" /><choiceId choiceName="Blanks" /><choiceId choiceName="Remainder Points" /></choiceId_Collection></sourceChoiceId><sourceChoiceId Textbox44="Elimination transfer for candidate PAUL YBARRA ROBERTSON." Textbox47="5842 ballots have been transferred in the following manner:"><choiceId_Collection><choiceId sourceChoiceName="PAUL YBARRA ROBERTSON" choiceName="JOEL VENTRESCA" ballotsTransferred3="1869" transferFraction3="1.00000000000" votes5="1869.00000000000" /><choiceId sourceChoiceName="PAUL YBARRA ROBERTSON" choiceName="PAUL YBARRA ROBERTSON" ballotsTransferred3="5842" transferFraction3="1.00000000000" votes5="-5842.00000000000" /><choiceId sourceChoiceName="PAUL YBARRA ROBERTSON" choiceName="ELLEN LEE ZHOU" ballotsTransferred3="1854" transferFraction3="1.00000000000" votes5="1854.00000000000" /><choiceId sourceChoiceName="PAUL YBARRA ROBERTSON" choiceName="LONDON N. BREED" ballotsTransferred3="884" transferFraction3="1.00000000000" votes5="884.00000000000" /><choiceId sourceChoiceName="PAUL YBARRA ROBERTSON" choiceName="Exhausted" ballotsTransferred3="1201" transferFraction3="1.00000000000" votes5="1201.00000000000" /><choiceId sourceChoiceName="PAUL YBARRA ROBERTSON" choiceName="Overvotes" ballotsTransferred3="34" transferFraction3="1.00000000000" votes5="34.00000000000" /></choiceId_Collection></sourceChoiceId></sourceChoiceId_Collection></Tablix9></roundGroup><roundGroup><Tablix5 Textbox86="Round 5" continuingVotes="99781.00000000000" points1="0.00000000000" nonTransferableVotes="15398.00000000000" nonTransferablePoints="0.00000000000" surplus="0.00000000000"><choiceGroup_Collection><choiceGroup choiceName2="JOEL VENTRESCA" votes="10413.00000000000" Textbox17="0.1043585452140187009550916507" points="0.00000000000" /><choiceGroup choiceName2="WILMA PANG" votes="0.00000000000" Textbox17="0" points="0.00000000000" /><choiceGroup choiceName2="ROBERT L. JORDAN, JR." votes="0.00000000000" Textbox17="0" points="0.00000000000" /><choiceGroup choiceName2="PAUL YBARRA ROBERTSON" votes="0.00000000000" Textbox17="0" points="0.00000000000" /><choiceGroup choiceName2="ELLEN LEE ZHOU" votes="18047.00000000000" Textbox17="0.180866096751886631723474409" points="0.00000000000" /><choiceGroup choiceName2="LONDON N. BREED" votes="71321.00000000000" Textbox17="0.7147753580340946673214339403" points="0.00000000000" /><choiceGroup choiceName2="MARC ROTH" votes="0.00000000000" Textbox17="0" points="0.00000000000" /><choiceGroup choiceName2="Blanks" votes="12838.00000000000" Textbox17="0.1286617692747116184443932212" points="0.00000000000" /><choiceGroup choiceName2="Exhausted" votes="2130.00000000000" Textbox17="0.0213467493811447069081288021" points="0.00000000000" /><choiceGroup choiceName2="Overvotes" votes="430.00000000000" Textbox17="0.0043094376684940018640823403" points="0.00000000000" /><choiceGroup choiceName2="Remainder Points" votes="0.00000000000" Textbox17="0" points="0.00000000000" /></choiceGroup_Collection><nonTransferableGroup_Collection><nonTransferableGroup choiceName3="JOEL VENTRESCA" votes1="10413.00000000000" points2="0.00000000000" /><nonTransferableGroup choiceName3="WILMA PANG" votes1="0.00000000000" points2="0.00000000000" /><nonTransferableGroup choiceName3="ROBERT L. JORDAN, JR." votes1="0.00000000000" points2="0.00000000000" /><nonTransferableGroup choiceName3="PAUL YBARRA ROBERTSON" votes1="0.00000000000" points2="0.00000000000" /><nonTransferableGroup choiceName3="ELLEN LEE ZHOU" votes1="18047.00000000000" points2="0.00000000000" /><nonTransferableGroup choiceName3="LONDON N. BREED" votes1="71321.00000000000" points2="0.00000000000" /><nonTransferableGroup choiceName3="MARC ROTH" votes1="0.00000000000" points2="0.00000000000" /><nonTransferableGroup choiceName3="Blanks" votes1="12838.00000000000" points2="0.00000000000" /><nonTransferableGroup choiceName3="Exhausted" votes1="2130.00000000000" points2="0.00000000000" /><nonTransferableGroup choiceName3="Overvotes" votes1="430.00000000000" points2="0.00000000000" /><nonTransferableGroup choiceName3="Remainder Points" votes1="0.00000000000" points2="0.00000000000" /></nonTransferableGroup_Collection></Tablix5><Tablix9><TieReason_Collection><TieReason Textbox14="A tie occurred during " /><TieReason Textbox14="A tie occurred during " /><TieReason Textbox14="A tie occurred during " /><TieReason Textbox14="A tie occurred during " /><TieReason Textbox14="A tie occurred during " /><TieReason Textbox14="A tie occurred during " /><TieReason Textbox14="A tie occurred during " /><TieReason Textbox14="A tie occurred during " /><TieReason Textbox14="A tie occurred during " /><TieReason Textbox14="A tie occurred during " /><TieReason Textbox14="A tie occurred during " /></TieReason_Collection><DetailsTie_Collection><DetailsTie choiceName4="JOEL VENTRESCA" /><DetailsTie choiceName4="WILMA PANG" /><DetailsTie choiceName4="ROBERT L. JORDAN, JR." /><DetailsTie choiceName4="PAUL YBARRA ROBERTSON" /><DetailsTie choiceName4="ELLEN LEE ZHOU" /><DetailsTie choiceName4="LONDON N. BREED" /><DetailsTie choiceName4="MARC ROTH" /><DetailsTie choiceName4="Blanks" /><DetailsTie choiceName4="Exhausted" /><DetailsTie choiceName4="Overvotes" /><DetailsTie choiceName4="Remainder Points" /></DetailsTie_Collection><TieSelection_Collection><TieSelection Textbox2="The tie is broken by selecting JOEL VENTRESCA." /><TieSelection Textbox2="The tie is broken by selecting WILMA PANG." /><TieSelection Textbox2="The tie is broken by selecting ROBERT L. JORDAN, JR.." /><TieSelection Textbox2="The tie is broken by selecting PAUL YBARRA ROBERTSON." /><TieSelection Textbox2="The tie is broken by selecting ELLEN LEE ZHOU." /><TieSelection Textbox2="The tie is broken by selecting LONDON N. BREED." /><TieSelection Textbox2="The tie is broken by selecting MARC ROTH." /><TieSelection Textbox2="The tie is broken by selecting Blanks." /><TieSelection Textbox2="The tie is broken by selecting Exhausted." /><TieSelection Textbox2="The tie is broken by selecting Overvotes." /><TieSelection Textbox2="The tie is broken by selecting Remainder Points." /></TieSelection_Collection><StatusGroup_Collection><StatusGroup Textbox21="JOEL VENTRESCA is eliminated because the candidate had the least amount of votes." /><StatusGroup Textbox21="WILMA PANG is  because " /><StatusGroup Textbox21="ROBERT L. JORDAN, JR. is  because " /><StatusGroup Textbox21="PAUL YBARRA ROBERTSON is  because " /><StatusGroup Textbox21="ELLEN LEE ZHOU is  because " /><StatusGroup Textbox21="LONDON N. BREED is  because " /><StatusGroup Textbox21="MARC ROTH is  because " /><StatusGroup Textbox21="Blanks is  because " /><StatusGroup Textbox21="Exhausted is  because " /><StatusGroup Textbox21="Overvotes is  because " /><StatusGroup Textbox21="Remainder Points is  because " /></StatusGroup_Collection><sourceChoiceId_Collection><sourceChoiceId Textbox44=" transfer for candidate ." Textbox47=" ballots have been transferred in the following manner:"><choiceId_Collection><choiceId choiceName="WILMA PANG" /><choiceId choiceName="ROBERT L. JORDAN, JR." /><choiceId choiceName="PAUL YBARRA ROBERTSON" /><choiceId choiceName="MARC ROTH" /><choiceId choiceName="Blanks" /><choiceId choiceName="Remainder Points" /></choiceId_Collection></sourceChoiceId><sourceChoiceId Textbox44="Elimination transfer for candidate JOEL VENTRESCA." Textbox47="10413 ballots have been transferred in the following manner:"><choiceId_Collection><choiceId sourceChoiceName="JOEL VENTRESCA" choiceName="JOEL VENTRESCA" ballotsTransferred3="10413" transferFraction3="1.00000000000" votes5="-10413.00000000000" /><choiceId sourceChoiceName="JOEL VENTRESCA" choiceName="ELLEN LEE ZHOU" ballotsTransferred3="3660" transferFraction3="1.00000000000" votes5="3660.00000000000" /><choiceId sourceChoiceName="JOEL VENTRESCA" choiceName="LONDON N. BREED" ballotsTransferred3="3107" transferFraction3="1.00000000000" votes5="3107.00000000000" /><choiceId sourceChoiceName="JOEL VENTRESCA" choiceName="Exhausted" ballotsTransferred3="3597" transferFraction3="1.00000000000" votes5="3597.00000000000" /><choiceId sourceChoiceName="JOEL VENTRESCA" choiceName="Overvotes" ballotsTransferred3="49" transferFraction3="1.00000000000" votes5="49.00000000000" /></choiceId_Collection></sourceChoiceId></sourceChoiceId_Collection></Tablix9></roundGroup><roundGroup><Tablix5 Textbox86="Round 6" continuingVotes="96135.00000000000" points1="0.00000000000" nonTransferableVotes="19044.00000000000" nonTransferablePoints="0.00000000000" surplus="0.00000000000"><choiceGroup_Collection><choiceGroup choiceName2="JOEL VENTRESCA" votes="0.00000000000" Textbox17="0" points="0.00000000000" /><choiceGroup choiceName2="WILMA PANG" votes="0.00000000000" Textbox17="0" points="0.00000000000" /><choiceGroup choiceName2="ROBERT L. JORDAN, JR." votes="0.00000000000" Textbox17="0" points="0.00000000000" /><choiceGroup choiceName2="PAUL YBARRA ROBERTSON" votes="0.00000000000" Textbox17="0" points="0.00000000000" /><choiceGroup choiceName2="ELLEN LEE ZHOU" votes="21707.00000000000" Textbox17="0.2257970562230197118635252509" points="0.00000000000" /><choiceGroup choiceName2="LONDON N. BREED" votes="74428.00000000000" Textbox17="0.7742029437769802881364747491" points="0.00000000000" /><choiceGroup choiceName2="MARC ROTH" votes="0.00000000000" Textbox17="0" points="0.00000000000" /><choiceGroup choiceName2="Blanks" votes="12838.00000000000" Textbox17="0.1335413741093254277838456337" points="0.00000000000" /><choiceGroup choiceName2="Exhausted" votes="5727.00000000000" Textbox17="0.0595724762053362459041972227" points="0.00000000000" /><choiceGroup choiceName2="Overvotes" votes="479.00000000000" Textbox17="0.0049825765850106620897695948" points="0.00000000000" /><choiceGroup choiceName2="Remainder Points" votes="0.00000000000" Textbox17="0" points="0.00000000000" /></choiceGroup_Collection><nonTransferableGroup_Collection><nonTransferableGroup choiceName3="JOEL VENTRESCA" votes1="0.00000000000" points2="0.00000000000" /><nonTransferableGroup choiceName3="WILMA PANG" votes1="0.00000000000" points2="0.00000000000" /><nonTransferableGroup choiceName3="ROBERT L. JORDAN, JR." votes1="0.00000000000" points2="0.00000000000" /><nonTransferableGroup choiceName3="PAUL YBARRA ROBERTSON" votes1="0.00000000000" points2="0.00000000000" /><nonTransferableGroup choiceName3="ELLEN LEE ZHOU" votes1="21707.00000000000" points2="0.00000000000" /><nonTransferableGroup choiceName3="LONDON N. BREED" votes1="74428.00000000000" points2="0.00000000000" /><nonTransferableGroup choiceName3="MARC ROTH" votes1="0.00000000000" points2="0.00000000000" /><nonTransferableGroup choiceName3="Blanks" votes1="12838.00000000000" points2="0.00000000000" /><nonTransferableGroup choiceName3="Exhausted" votes1="5727.00000000000" points2="0.00000000000" /><nonTransferableGroup choiceName3="Overvotes" votes1="479.00000000000" points2="0.00000000000" /><nonTransferableGroup choiceName3="Remainder Points" votes1="0.00000000000" points2="0.00000000000" /></nonTransferableGroup_Collection></Tablix5><Tablix9><TieReason_Collection><TieReason Textbox14="A tie occurred during " /><TieReason Textbox14="A tie occurred during " /><TieReason Textbox14="A tie occurred during " /><TieReason Textbox14="A tie occurred during " /><TieReason Textbox14="A tie occurred during " /><TieReason Textbox14="A tie occurred during " /><TieReason Textbox14="A tie occurred during " /><TieReason Textbox14="A tie occurred during " /><TieReason Textbox14="A tie occurred during " /><TieReason Textbox14="A tie occurred during " /><TieReason Textbox14="A tie occurred during " /></TieReason_Collection><DetailsTie_Collection><DetailsTie choiceName4="JOEL VENTRESCA" /><DetailsTie choiceName4="WILMA PANG" /><DetailsTie choiceName4="ROBERT L. JORDAN, JR." /><DetailsTie choiceName4="PAUL YBARRA ROBERTSON" /><DetailsTie choiceName4="ELLEN LEE ZHOU" /><DetailsTie choiceName4="LONDON N. BREED" /><DetailsTie choiceName4="MARC ROTH" /><DetailsTie choiceName4="Blanks" /><DetailsTie choiceName4="Exhausted" /><DetailsTie choiceName4="Overvotes" /><DetailsTie choiceName4="Remainder Points" /></DetailsTie_Collection><TieSelection_Collection><TieSelection Textbox2="The tie is broken by selecting JOEL VENTRESCA." /><TieSelection Textbox2="The tie is broken by selecting WILMA PANG." /><TieSelection Textbox2="The tie is broken by selecting ROBERT L. JORDAN, JR.." /><TieSelection Textbox2="The tie is broken by selecting PAUL YBARRA ROBERTSON." /><TieSelection Textbox2="The tie is broken by selecting ELLEN LEE ZHOU." /><TieSelection Textbox2="The tie is broken by selecting LONDON N. BREED." /><TieSelection Textbox2="The tie is broken by selecting MARC ROTH." /><TieSelection Textbox2="The tie is broken by selecting Blanks." /><TieSelection Textbox2="The tie is broken by selecting Exhausted." /><TieSelection Textbox2="The tie is broken by selecting Overvotes." /><TieSelection Textbox2="The tie is broken by selecting Remainder Points." /></TieSelection_Collection><StatusGroup_Collection><StatusGroup Textbox21="JOEL VENTRESCA is  because " /><StatusGroup Textbox21="WILMA PANG is  because " /><StatusGroup Textbox21="ROBERT L. JORDAN, JR. is  because " /><StatusGroup Textbox21="PAUL YBARRA ROBERTSON is  because " /><StatusGroup Textbox21="ELLEN LEE ZHOU is eliminated because the candidate was not elected in the last round." /><StatusGroup Textbox21="LONDON N. BREED is elected because all other candidates have been eliminated." /><StatusGroup Textbox21="MARC ROTH is  because " /><StatusGroup Textbox21="Blanks is  because " /><StatusGroup Textbox21="Exhausted is  because " /><StatusGroup Textbox21="Overvotes is  because " /><StatusGroup Textbox21="Remainder Points is  because " /></StatusGroup_Collection><sourceChoiceId_Collection><sourceChoiceId Textbox44=" transfer for candidate ." Textbox47=" ballots have been transferred in the following manner:"><choiceId_Collection><choiceId choiceName="JOEL VENTRESCA" /><choiceId choiceName="WILMA PANG" /><choiceId choiceName="ROBERT L. JORDAN, JR." /><choiceId choiceName="PAUL YBARRA ROBERTSON" /><choiceId choiceName="ELLEN LEE ZHOU" /><choiceId choiceName="LONDON N. BREED" /><choiceId choiceName="MARC ROTH" /><choiceId choiceName="Blanks" /><choiceId choiceName="Exhausted" /><choiceId choiceName="Overvotes" /><choiceId choiceName="Remainder Points" /></choiceId_Collection></sourceChoiceId></sourceChoiceId_Collection></Tablix9></roundGroup></roundGroup_Collection></Tablix10></precinctGroup></precinctGroup_Collection></Tablix6></Report>