﻿<?xml version="1.0" encoding="utf-8"?><Report xsi:schemaLocation="RcvShortReport http://emsserver/ReportServer?%2FEMSApplicationServerReports%2FRcvShortReport&amp;rs%3ACommand=Render&amp;rs%3AFormat=XML&amp;rs%3ASessionID=gm4b2jrd1umnomqfri1rdp45&amp;rc%3ASchema=True" Name="RcvShortReport" xmlns:xsi="http://www.w3.org/2001/XMLSchema-instance" xmlns="RcvShortReport"><Title><Report Name="Title" Textbox11="RCV Short Report" Textbox3="General Election" Textbox2="City and County of San Francisco" Textbox9="2019-11-05T00:00:00" Textbox12="" Textbox8="RCV Short Report 6&#xA;City and County of San Francisco&#xA;November 5, 2019, Consolidated Municipal Election" /></Title><RcvStaticData><Report Name="RcvStaticData"><Tablix2 Textbox24="MAYOR" Textbox21="Official results" Textbox53="Number of positions to elect is 1." state="All Positions Filled" timeStamp="2019-11-07T15:25:53.9" /><Tablix3 Textbox36="IRV" Textbox41="True" winnersByThreshold="False" usesDistricts="True" previousRoundsEvaluation="None" eliminationType="Single" fixedPrecisionDecimals="0" performEliminationTransferInLastRound="False" skipOvervotedRankings="False" votesToInThresholdCalculation="Continuing ballots per round" useFirstRoundSuspension="False" /></Report></RcvStaticData><Tablix1><precinctGroup_Collection><precinctGroup precinctName="City and County of San Francisco"><Tablix5><choiceGroup_Collection><choiceGroup><Textbox70 choiceName="JOEL VENTRESCA" /><roundGroup_Collection><roundGroup roundIndex="Round 1"><Textbox9 votes="10746.00000000000" /><Textbox16 Textbox17="0.0747974496756410613358576719" /><Textbox10 points3="0.00000000000" /><transferType transferType="Transfer&#xD;&#xA;(Elimination)" voteTransfer="2.00000000000" /></roundGroup><roundGroup roundIndex="Round 2"><Textbox9 votes="10748.00000000000" /><Textbox16 Textbox17="0.0748113706601330846117437425" /><Textbox10 points3="0.00000000000" /><transferType transferType="Transfer&#xD;&#xA;(Elimination)" voteTransfer="271.00000000000" /></roundGroup><roundGroup roundIndex="Round 3"><Textbox9 votes="11019.00000000000" /><Textbox16 Textbox17="0.0769085807613384145064701202" /><Textbox10 points3="0.00000000000" /><transferType transferType="Transfer&#xD;&#xA;(Elimination)" voteTransfer="738.00000000000" /></roundGroup><roundGroup roundIndex="Round 4"><Textbox9 votes="11757.00000000000" /><Textbox16 Textbox17="0.082550448666638581118085689" /><Textbox10 points3="0.00000000000" /><transferType transferType="Transfer&#xD;&#xA;(Elimination)" voteTransfer="2406.00000000000" /></roundGroup><roundGroup roundIndex="Round 5"><Textbox9 votes="14163.00000000000" /><Textbox16 Textbox17="0.1005823450039059725871742064" /><Textbox10 points3="0.00000000000" /><transferType transferType="Transfer&#xD;&#xA;(Elimination)" voteTransfer="-14163.00000000000" /></roundGroup><roundGroup roundIndex="Round 6"><Textbox9 votes="0.00000000000" /><Textbox16 Textbox17="0" /><Textbox10 points3="0.00000000000" /><transferType transferType="Transfer" voteTransfer="0" /></roundGroup></roundGroup_Collection></choiceGroup><choiceGroup><Textbox70 choiceName="WILMA PANG" /><roundGroup_Collection><roundGroup roundIndex="Round 1"><Textbox9 votes="3992.00000000000" /><Textbox16 Textbox17="0.0277862850460784586685970432" /><Textbox10 points3="0.00000000000" /><transferType transferType="Transfer&#xD;&#xA;(Elimination)" voteTransfer="0" /></roundGroup><roundGroup roundIndex="Round 2"><Textbox9 votes="3992.00000000000" /><Textbox16 Textbox17="0.0277862850460784586685970432" /><Textbox10 points3="0.00000000000" /><transferType transferType="Transfer&#xD;&#xA;(Elimination)" voteTransfer="286.00000000000" /></roundGroup><roundGroup roundIndex="Round 3"><Textbox9 votes="4278.00000000000" /><Textbox16 Textbox17="0.0298588718120524310063235479" /><Textbox10 points3="0.00000000000" /><transferType transferType="Transfer&#xD;&#xA;(Elimination)" voteTransfer="-4278.00000000000" /></roundGroup><roundGroup roundIndex="Round 4"><Textbox9 votes="0.00000000000" /><Textbox16 Textbox17="0" /><Textbox10 points3="0.00000000000" /><transferType transferType="Transfer&#xD;&#xA;(Elimination)" voteTransfer="0" /></roundGroup><roundGroup roundIndex="Round 5"><Textbox9 votes="0.00000000000" /><Textbox16 Textbox17="0" /><Textbox10 points3="0.00000000000" /><transferType transferType="Transfer&#xD;&#xA;(Elimination)" voteTransfer="0" /></roundGroup><roundGroup roundIndex="Round 6"><Textbox9 votes="0.00000000000" /><Textbox16 Textbox17="0" /><Textbox10 points3="0.00000000000" /><transferType transferType="Transfer" voteTransfer="0" /></roundGroup></roundGroup_Collection></choiceGroup><choiceGroup><Textbox70 choiceName="ROBERT L. JORDAN, JR." /><roundGroup_Collection><roundGroup roundIndex="Round 1"><Textbox9 votes="2003.00000000000" /><Textbox16 Textbox17="0.0139418659687613107998997689" /><Textbox10 points3="0.00000000000" /><transferType transferType="Transfer&#xD;&#xA;(Elimination)" voteTransfer="0" /></roundGroup><roundGroup roundIndex="Round 2"><Textbox9 votes="2003.00000000000" /><Textbox16 Textbox17="0.0139418659687613107998997689" /><Textbox10 points3="0.00000000000" /><transferType transferType="Transfer&#xD;&#xA;(Elimination)" voteTransfer="-2003.00000000000" /></roundGroup><roundGroup roundIndex="Round 3"><Textbox9 votes="0.00000000000" /><Textbox16 Textbox17="0" /><Textbox10 points3="0.00000000000" /><transferType transferType="Transfer&#xD;&#xA;(Elimination)" voteTransfer="0" /></roundGroup><roundGroup roundIndex="Round 4"><Textbox9 votes="0.00000000000" /><Textbox16 Textbox17="0" /><Textbox10 points3="0.00000000000" /><transferType transferType="Transfer&#xD;&#xA;(Elimination)" voteTransfer="0" /></roundGroup><roundGroup roundIndex="Round 5"><Textbox9 votes="0.00000000000" /><Textbox16 Textbox17="0" /><Textbox10 points3="0.00000000000" /><transferType transferType="Transfer&#xD;&#xA;(Elimination)" voteTransfer="0" /></roundGroup><roundGroup roundIndex="Round 6"><Textbox9 votes="0.00000000000" /><Textbox16 Textbox17="0" /><Textbox10 points3="0.00000000000" /><transferType transferType="Transfer" voteTransfer="0" /></roundGroup></roundGroup_Collection></choiceGroup><choiceGroup><Textbox70 choiceName="PAUL YBARRA ROBERTSON" /><roundGroup_Collection><roundGroup roundIndex="Round 1"><Textbox9 votes="6288.00000000000" /><Textbox16 Textbox17="0.0437675752429211793858061642" /><Textbox10 points3="0.00000000000" /><transferType transferType="Transfer&#xD;&#xA;(Elimination)" voteTransfer="0" /></roundGroup><roundGroup roundIndex="Round 2"><Textbox9 votes="6288.00000000000" /><Textbox16 Textbox17="0.0437675752429211793858061642" /><Textbox10 points3="0.00000000000" /><transferType transferType="Transfer&#xD;&#xA;(Elimination)" voteTransfer="550.00000000000" /></roundGroup><roundGroup roundIndex="Round 3"><Textbox9 votes="6838.00000000000" /><Textbox16 Textbox17="0.0477267333919622541424124405" /><Textbox10 points3="0.00000000000" /><transferType transferType="Transfer&#xD;&#xA;(Elimination)" voteTransfer="816.00000000000" /></roundGroup><roundGroup roundIndex="Round 4"><Textbox9 votes="7654.00000000000" /><Textbox16 Textbox17="0.0537416972097007484798696831" /><Textbox10 points3="0.00000000000" /><transferType transferType="Transfer&#xD;&#xA;(Elimination)" voteTransfer="-7654.00000000000" /></roundGroup><roundGroup roundIndex="Round 5"><Textbox9 votes="0.00000000000" /><Textbox16 Textbox17="0" /><Textbox10 points3="0.00000000000" /><transferType transferType="Transfer&#xD;&#xA;(Elimination)" voteTransfer="0" /></roundGroup><roundGroup roundIndex="Round 6"><Textbox9 votes="0.00000000000" /><Textbox16 Textbox17="0" /><Textbox10 points3="0.00000000000" /><transferType transferType="Transfer" voteTransfer="0" /></roundGroup></roundGroup_Collection></choiceGroup><choiceGroup><Textbox70 choiceName="ELLEN LEE ZHOU" /><roundGroup_Collection><roundGroup roundIndex="Round 1"><Textbox9 votes="20724.00000000000" /><Textbox16 Textbox17="0.1442492413063451847314642091" /><Textbox10 points3="0.00000000000" /><transferType transferType="Transfer&#xD;&#xA;(Elimination)" voteTransfer="0" /></roundGroup><roundGroup roundIndex="Round 2"><Textbox9 votes="20724.00000000000" /><Textbox16 Textbox17="0.1442492413063451847314642091" /><Textbox10 points3="0.00000000000" /><transferType transferType="Transfer&#xD;&#xA;(Elimination)" voteTransfer="251.00000000000" /></roundGroup><roundGroup roundIndex="Round 3"><Textbox9 votes="20975.00000000000" /><Textbox16 Textbox17="0.1463978111869564610466658291" /><Textbox10 points3="0.00000000000" /><transferType transferType="Transfer&#xD;&#xA;(Elimination)" voteTransfer="1316.00000000000" /></roundGroup><roundGroup roundIndex="Round 4"><Textbox9 votes="22291.00000000000" /><Textbox16 Textbox17="0.1565137408546432433191501313" /><Textbox10 points3="0.00000000000" /><transferType transferType="Transfer&#xD;&#xA;(Elimination)" voteTransfer="2427.00000000000" /></roundGroup><roundGroup roundIndex="Round 5"><Textbox9 votes="24718.00000000000" /><Textbox16 Textbox17="0.1755415098359491513386833321" /><Textbox10 points3="0.00000000000" /><transferType transferType="Transfer&#xD;&#xA;(Elimination)" voteTransfer="4825.00000000000" /></roundGroup><roundGroup roundIndex="Round 6"><Textbox9 votes="29543.00000000000" /><Textbox16 Textbox17="0.2174085821307409833170207599" /><Textbox10 points3="0.00000000000" /><transferType transferType="Transfer" voteTransfer="0" /></roundGroup></roundGroup_Collection></choiceGroup><choiceGroup><Textbox70 choiceName="LONDON N. BREED" /><roundGroup_Collection><roundGroup roundIndex="Round 1"><Textbox9 votes="99913.00000000000" /><Textbox16 Textbox17="0.695443661775760781802489072" /><Textbox10 points3="0.00000000000" /><transferType transferType="Transfer&#xD;&#xA;(Elimination)" voteTransfer="0" /></roundGroup><roundGroup roundIndex="Round 2"><Textbox9 votes="99913.00000000000" /><Textbox16 Textbox17="0.695443661775760781802489072" /><Textbox10 points3="0.00000000000" /><transferType transferType="Transfer&#xD;&#xA;(Elimination)" voteTransfer="251.00000000000" /></roundGroup><roundGroup roundIndex="Round 3"><Textbox9 votes="100164.00000000000" /><Textbox16 Textbox17="0.6991080028476904392981280623" /><Textbox10 points3="0.00000000000" /><transferType transferType="Transfer&#xD;&#xA;(Elimination)" voteTransfer="556.00000000000" /></roundGroup><roundGroup roundIndex="Round 4"><Textbox9 votes="100720.00000000000" /><Textbox16 Textbox17="0.7071941132690174270828944966" /><Textbox10 points3="0.00000000000" /><transferType transferType="Transfer&#xD;&#xA;(Elimination)" voteTransfer="1209.00000000000" /></roundGroup><roundGroup roundIndex="Round 5"><Textbox9 votes="101929.00000000000" /><Textbox16 Textbox17="0.7238761451601448760741424615" /><Textbox10 points3="0.00000000000" /><transferType transferType="Transfer&#xD;&#xA;(Elimination)" voteTransfer="4415.00000000000" /></roundGroup><roundGroup roundIndex="Round 6"><Textbox9 votes="106344.00000000000" /><Textbox16 Textbox17="0.7825914178692590166829792401" /><Textbox10 points3="0.00000000000" /><transferType transferType="Transfer" voteTransfer="0" /></roundGroup></roundGroup_Collection></choiceGroup><choiceGroup><Textbox70 choiceName="MARC ROTH" /><roundGroup_Collection><roundGroup roundIndex="Round 1"><Textbox9 votes="2.00000000000" /><Textbox16 Textbox17="0.0000139209844920232758860707" /><Textbox10 points3="0.00000000000" /><transferType transferType="Transfer&#xD;&#xA;(Elimination)" voteTransfer="-2.00000000000" /></roundGroup><roundGroup roundIndex="Round 2"><Textbox9 votes="0.00000000000" /><Textbox16 Textbox17="0" /><Textbox10 points3="0.00000000000" /><transferType transferType="Transfer&#xD;&#xA;(Elimination)" voteTransfer="0" /></roundGroup><roundGroup roundIndex="Round 3"><Textbox9 votes="0.00000000000" /><Textbox16 Textbox17="0" /><Textbox10 points3="0.00000000000" /><transferType transferType="Transfer&#xD;&#xA;(Elimination)" voteTransfer="0" /></roundGroup><roundGroup roundIndex="Round 4"><Textbox9 votes="0.00000000000" /><Textbox16 Textbox17="0" /><Textbox10 points3="0.00000000000" /><transferType transferType="Transfer&#xD;&#xA;(Elimination)" voteTransfer="0" /></roundGroup><roundGroup roundIndex="Round 5"><Textbox9 votes="0.00000000000" /><Textbox16 Textbox17="0" /><Textbox10 points3="0.00000000000" /><transferType transferType="Transfer&#xD;&#xA;(Elimination)" voteTransfer="0" /></roundGroup><roundGroup roundIndex="Round 6"><Textbox9 votes="0.00000000000" /><Textbox16 Textbox17="0" /><Textbox10 points3="0.00000000000" /><transferType transferType="Transfer" voteTransfer="0" /></roundGroup></roundGroup_Collection></choiceGroup><choiceGroup><Textbox70 choiceName="Blanks" /><roundGroup_Collection><roundGroup roundIndex="Round 1"><Textbox9 votes="19582.00000000000" /><Textbox16 Textbox17="0.1363003591613998942005178606" /><Textbox10 points3="0.00000000000" /><transferType transferType="Transfer&#xD;&#xA;(Elimination)" voteTransfer="0" /></roundGroup><roundGroup roundIndex="Round 2"><Textbox9 votes="19582.00000000000" /><Textbox16 Textbox17="0.1363003591613998942005178606" /><Textbox10 points3="0.00000000000" /><transferType transferType="Transfer&#xD;&#xA;(Elimination)" voteTransfer="0" /></roundGroup><roundGroup roundIndex="Round 3"><Textbox9 votes="19582.00000000000" /><Textbox16 Textbox17="0.136675181819450842441754959" /><Textbox10 points3="0.00000000000" /><transferType transferType="Transfer&#xD;&#xA;(Elimination)" voteTransfer="0" /></roundGroup><roundGroup roundIndex="Round 4"><Textbox9 votes="19582.00000000000" /><Textbox16 Textbox17="0.1374928030781761244751513109" /><Textbox10 points3="0.00000000000" /><transferType transferType="Transfer&#xD;&#xA;(Elimination)" voteTransfer="0" /></roundGroup><roundGroup roundIndex="Round 5"><Textbox9 votes="19582.00000000000" /><Textbox16 Textbox17="0.1390668276400823805127476742" /><Textbox10 points3="0.00000000000" /><transferType transferType="Transfer&#xD;&#xA;(Elimination)" voteTransfer="0" /></roundGroup><roundGroup roundIndex="Round 6"><Textbox9 votes="19582.00000000000" /><Textbox16 Textbox17="0.1441050284427502262909623437" /><Textbox10 points3="0.00000000000" /><transferType transferType="Transfer" voteTransfer="0" /></roundGroup></roundGroup_Collection></choiceGroup><choiceGroup><Textbox70 choiceName="Exhausted" /><roundGroup_Collection><roundGroup roundIndex="Round 1"><Textbox9 votes="0.00000000000" /><Textbox16 Textbox17="0" /><Textbox10 points3="0.00000000000" /><transferType transferType="Transfer&#xD;&#xA;(Elimination)" voteTransfer="0" /></roundGroup><roundGroup roundIndex="Round 2"><Textbox9 votes="0.00000000000" /><Textbox16 Textbox17="0" /><Textbox10 points3="0.00000000000" /><transferType transferType="Transfer&#xD;&#xA;(Elimination)" voteTransfer="382.00000000000" /></roundGroup><roundGroup roundIndex="Round 3"><Textbox9 votes="382.00000000000" /><Textbox16 Textbox17="0.0026662199701271689210882644" /><Textbox10 points3="0.00000000000" /><transferType transferType="Transfer&#xD;&#xA;(Elimination)" voteTransfer="839.00000000000" /></roundGroup><roundGroup roundIndex="Round 4"><Textbox9 votes="1221.00000000000" /><Textbox16 Textbox17="0.0085731137043434300880481948" /><Textbox10 points3="0.00000000000" /><transferType transferType="Transfer&#xD;&#xA;(Elimination)" voteTransfer="1573.00000000000" /></roundGroup><roundGroup roundIndex="Round 5"><Textbox9 votes="2794.00000000000" /><Textbox16 Textbox17="0.0198423407428449683971308856" /><Textbox10 points3="0.00000000000" /><transferType transferType="Transfer&#xD;&#xA;(Elimination)" voteTransfer="4860.00000000000" /></roundGroup><roundGroup roundIndex="Round 6"><Textbox9 votes="7654.00000000000" /><Textbox16 Textbox17="0.0563262122204478721290484005" /><Textbox10 points3="0.00000000000" /><transferType transferType="Transfer" voteTransfer="0" /></roundGroup></roundGroup_Collection></choiceGroup><choiceGroup><Textbox70 choiceName="Overvotes" /><roundGroup_Collection><roundGroup roundIndex="Round 1"><Textbox9 votes="489.00000000000" /><Textbox16 Textbox17="0.0034036807082996909541442771" /><Textbox10 points3="0.00000000000" /><transferType transferType="Transfer&#xD;&#xA;(Elimination)" voteTransfer="0" /></roundGroup><roundGroup roundIndex="Round 2"><Textbox9 votes="489.00000000000" /><Textbox16 Textbox17="0.0034036807082996909541442771" /><Textbox10 points3="0.00000000000" /><transferType transferType="Transfer&#xD;&#xA;(Elimination)" voteTransfer="12.00000000000" /></roundGroup><roundGroup roundIndex="Round 3"><Textbox9 votes="501.00000000000" /><Textbox16 Textbox17="0.0034967963482557896059298966" /><Textbox10 points3="0.00000000000" /><transferType transferType="Transfer&#xD;&#xA;(Elimination)" voteTransfer="13.00000000000" /></roundGroup><roundGroup roundIndex="Round 4"><Textbox9 votes="514.00000000000" /><Textbox16 Textbox17="0.0036089929926556290460743424" /><Textbox10 points3="0.00000000000" /><transferType transferType="Transfer&#xD;&#xA;(Elimination)" voteTransfer="39.00000000000" /></roundGroup><roundGroup roundIndex="Round 5"><Textbox9 votes="553.00000000000" /><Textbox16 Textbox17="0.003927277892195156593991904" /><Textbox10 points3="0.00000000000" /><transferType transferType="Transfer&#xD;&#xA;(Elimination)" voteTransfer="63.00000000000" /></roundGroup><roundGroup roundIndex="Round 6"><Textbox9 votes="616.00000000000" /><Textbox16 Textbox17="0.0045331783025602154731504853" /><Textbox10 points3="0.00000000000" /><transferType transferType="Transfer" voteTransfer="0" /></roundGroup></roundGroup_Collection></choiceGroup><choiceGroup><Textbox70 choiceName="Remainder Points" /><roundGroup_Collection><roundGroup roundIndex="Round 1"><Textbox9 votes="0.00000000000" /><Textbox16 Textbox17="0" /><Textbox10 points3="0.00000000000" /><transferType transferType="Transfer&#xD;&#xA;(Elimination)" voteTransfer="0" /></roundGroup><roundGroup roundIndex="Round 2"><Textbox9 votes="0.00000000000" /><Textbox16 Textbox17="0" /><Textbox10 points3="0.00000000000" /><transferType transferType="Transfer&#xD;&#xA;(Elimination)" voteTransfer="0" /></roundGroup><roundGroup roundIndex="Round 3"><Textbox9 votes="0.00000000000" /><Textbox16 Textbox17="0" /><Textbox10 points3="0.00000000000" /><transferType transferType="Transfer&#xD;&#xA;(Elimination)" voteTransfer="0" /></roundGroup><roundGroup roundIndex="Round 4"><Textbox9 votes="0.00000000000" /><Textbox16 Textbox17="0" /><Textbox10 points3="0.00000000000" /><transferType transferType="Transfer&#xD;&#xA;(Elimination)" voteTransfer="0" /></roundGroup><roundGroup roundIndex="Round 5"><Textbox9 votes="0.00000000000" /><Textbox16 Textbox17="0" /><Textbox10 points3="0.00000000000" /><transferType transferType="Transfer&#xD;&#xA;(Elimination)" voteTransfer="0" /></roundGroup><roundGroup roundIndex="Round 6"><Textbox9 votes="0.00000000000" /><Textbox16 Textbox17="0" /><Textbox10 points3="0.00000000000" /><transferType transferType="Transfer" voteTransfer="0" /></roundGroup></roundGroup_Collection></choiceGroup></choiceGroup_Collection><Textbox70 /><roundGroup_Collection><roundGroup roundIndex="Round 1"><Textbox9 continuingVotes="143668.00000000000" /><Textbox16 /><Textbox10 continuingPoints="0.00000000000" /><transferType transferType="Transfer&#xD;&#xA;(Elimination)" /></roundGroup><roundGroup roundIndex="Round 2"><Textbox9 continuingVotes="143668.00000000000" /><Textbox16 /><Textbox10 continuingPoints="0.00000000000" /><transferType transferType="Transfer&#xD;&#xA;(Elimination)" /></roundGroup><roundGroup roundIndex="Round 3"><Textbox9 continuingVotes="143274.00000000000" /><Textbox16 /><Textbox10 continuingPoints="0.00000000000" /><transferType transferType="Transfer&#xD;&#xA;(Elimination)" /></roundGroup><roundGroup roundIndex="Round 4"><Textbox9 continuingVotes="142422.00000000000" /><Textbox16 /><Textbox10 continuingPoints="0.00000000000" /><transferType transferType="Transfer&#xD;&#xA;(Elimination)" /></roundGroup><roundGroup roundIndex="Round 5"><Textbox9 continuingVotes="140810.00000000000" /><Textbox16 /><Textbox10 continuingPoints="0.00000000000" /><transferType transferType="Transfer&#xD;&#xA;(Elimination)" /></roundGroup><roundGroup roundIndex="Round 6"><Textbox9 continuingVotes="135887.00000000000" /><Textbox16 /><Textbox10 continuingPoints="0.00000000000" /><transferType transferType="Transfer" /></roundGroup></roundGroup_Collection><nonTransferableGroup_Collection><nonTransferableGroup><Textbox70 choiceName3="JOEL VENTRESCA" /><roundGroup_Collection><roundGroup roundIndex="Round 1"><Textbox9 votes4="10746.00000000000" /><Textbox16 /><Textbox10 points4="0.00000000000" /><transferType transferType="Transfer&#xD;&#xA;(Elimination)" voteTransfer2="2.00000000000" /></roundGroup><roundGroup roundIndex="Round 2"><Textbox9 votes4="10748.00000000000" /><Textbox16 /><Textbox10 points4="0.00000000000" /><transferType transferType="Transfer&#xD;&#xA;(Elimination)" voteTransfer2="271.00000000000" /></roundGroup><roundGroup roundIndex="Round 3"><Textbox9 votes4="11019.00000000000" /><Textbox16 /><Textbox10 points4="0.00000000000" /><transferType transferType="Transfer&#xD;&#xA;(Elimination)" voteTransfer2="738.00000000000" /></roundGroup><roundGroup roundIndex="Round 4"><Textbox9 votes4="11757.00000000000" /><Textbox16 /><Textbox10 points4="0.00000000000" /><transferType transferType="Transfer&#xD;&#xA;(Elimination)" voteTransfer2="2406.00000000000" /></roundGroup><roundGroup roundIndex="Round 5"><Textbox9 votes4="14163.00000000000" /><Textbox16 /><Textbox10 points4="0.00000000000" /><transferType transferType="Transfer&#xD;&#xA;(Elimination)" voteTransfer2="-14163.00000000000" /></roundGroup><roundGroup roundIndex="Round 6"><Textbox9 votes4="0.00000000000" /><Textbox16 /><Textbox10 points4="0.00000000000" /><transferType transferType="Transfer" voteTransfer2="0" /></roundGroup></roundGroup_Collection></nonTransferableGroup><nonTransferableGroup><Textbox70 choiceName3="WILMA PANG" /><roundGroup_Collection><roundGroup roundIndex="Round 1"><Textbox9 votes4="3992.00000000000" /><Textbox16 /><Textbox10 points4="0.00000000000" /><transferType transferType="Transfer&#xD;&#xA;(Elimination)" voteTransfer2="0" /></roundGroup><roundGroup roundIndex="Round 2"><Textbox9 votes4="3992.00000000000" /><Textbox16 /><Textbox10 points4="0.00000000000" /><transferType transferType="Transfer&#xD;&#xA;(Elimination)" voteTransfer2="286.00000000000" /></roundGroup><roundGroup roundIndex="Round 3"><Textbox9 votes4="4278.00000000000" /><Textbox16 /><Textbox10 points4="0.00000000000" /><transferType transferType="Transfer&#xD;&#xA;(Elimination)" voteTransfer2="-4278.00000000000" /></roundGroup><roundGroup roundIndex="Round 4"><Textbox9 votes4="0.00000000000" /><Textbox16 /><Textbox10 points4="0.00000000000" /><transferType transferType="Transfer&#xD;&#xA;(Elimination)" voteTransfer2="0" /></roundGroup><roundGroup roundIndex="Round 5"><Textbox9 votes4="0.00000000000" /><Textbox16 /><Textbox10 points4="0.00000000000" /><transferType transferType="Transfer&#xD;&#xA;(Elimination)" voteTransfer2="0" /></roundGroup><roundGroup roundIndex="Round 6"><Textbox9 votes4="0.00000000000" /><Textbox16 /><Textbox10 points4="0.00000000000" /><transferType transferType="Transfer" voteTransfer2="0" /></roundGroup></roundGroup_Collection></nonTransferableGroup><nonTransferableGroup><Textbox70 choiceName3="ROBERT L. JORDAN, JR." /><roundGroup_Collection><roundGroup roundIndex="Round 1"><Textbox9 votes4="2003.00000000000" /><Textbox16 /><Textbox10 points4="0.00000000000" /><transferType transferType="Transfer&#xD;&#xA;(Elimination)" voteTransfer2="0" /></roundGroup><roundGroup roundIndex="Round 2"><Textbox9 votes4="2003.00000000000" /><Textbox16 /><Textbox10 points4="0.00000000000" /><transferType transferType="Transfer&#xD;&#xA;(Elimination)" voteTransfer2="-2003.00000000000" /></roundGroup><roundGroup roundIndex="Round 3"><Textbox9 votes4="0.00000000000" /><Textbox16 /><Textbox10 points4="0.00000000000" /><transferType transferType="Transfer&#xD;&#xA;(Elimination)" voteTransfer2="0" /></roundGroup><roundGroup roundIndex="Round 4"><Textbox9 votes4="0.00000000000" /><Textbox16 /><Textbox10 points4="0.00000000000" /><transferType transferType="Transfer&#xD;&#xA;(Elimination)" voteTransfer2="0" /></roundGroup><roundGroup roundIndex="Round 5"><Textbox9 votes4="0.00000000000" /><Textbox16 /><Textbox10 points4="0.00000000000" /><transferType transferType="Transfer&#xD;&#xA;(Elimination)" voteTransfer2="0" /></roundGroup><roundGroup roundIndex="Round 6"><Textbox9 votes4="0.00000000000" /><Textbox16 /><Textbox10 points4="0.00000000000" /><transferType transferType="Transfer" voteTransfer2="0" /></roundGroup></roundGroup_Collection></nonTransferableGroup><nonTransferableGroup><Textbox70 choiceName3="PAUL YBARRA ROBERTSON" /><roundGroup_Collection><roundGroup roundIndex="Round 1"><Textbox9 votes4="6288.00000000000" /><Textbox16 /><Textbox10 points4="0.00000000000" /><transferType transferType="Transfer&#xD;&#xA;(Elimination)" voteTransfer2="0" /></roundGroup><roundGroup roundIndex="Round 2"><Textbox9 votes4="6288.00000000000" /><Textbox16 /><Textbox10 points4="0.00000000000" /><transferType transferType="Transfer&#xD;&#xA;(Elimination)" voteTransfer2="550.00000000000" /></roundGroup><roundGroup roundIndex="Round 3"><Textbox9 votes4="6838.00000000000" /><Textbox16 /><Textbox10 points4="0.00000000000" /><transferType transferType="Transfer&#xD;&#xA;(Elimination)" voteTransfer2="816.00000000000" /></roundGroup><roundGroup roundIndex="Round 4"><Textbox9 votes4="7654.00000000000" /><Textbox16 /><Textbox10 points4="0.00000000000" /><transferType transferType="Transfer&#xD;&#xA;(Elimination)" voteTransfer2="-7654.00000000000" /></roundGroup><roundGroup roundIndex="Round 5"><Textbox9 votes4="0.00000000000" /><Textbox16 /><Textbox10 points4="0.00000000000" /><transferType transferType="Transfer&#xD;&#xA;(Elimination)" voteTransfer2="0" /></roundGroup><roundGroup roundIndex="Round 6"><Textbox9 votes4="0.00000000000" /><Textbox16 /><Textbox10 points4="0.00000000000" /><transferType transferType="Transfer" voteTransfer2="0" /></roundGroup></roundGroup_Collection></nonTransferableGroup><nonTransferableGroup><Textbox70 choiceName3="ELLEN LEE ZHOU" /><roundGroup_Collection><roundGroup roundIndex="Round 1"><Textbox9 votes4="20724.00000000000" /><Textbox16 /><Textbox10 points4="0.00000000000" /><transferType transferType="Transfer&#xD;&#xA;(Elimination)" voteTransfer2="0" /></roundGroup><roundGroup roundIndex="Round 2"><Textbox9 votes4="20724.00000000000" /><Textbox16 /><Textbox10 points4="0.00000000000" /><transferType transferType="Transfer&#xD;&#xA;(Elimination)" voteTransfer2="251.00000000000" /></roundGroup><roundGroup roundIndex="Round 3"><Textbox9 votes4="20975.00000000000" /><Textbox16 /><Textbox10 points4="0.00000000000" /><transferType transferType="Transfer&#xD;&#xA;(Elimination)" voteTransfer2="1316.00000000000" /></roundGroup><roundGroup roundIndex="Round 4"><Textbox9 votes4="22291.00000000000" /><Textbox16 /><Textbox10 points4="0.00000000000" /><transferType transferType="Transfer&#xD;&#xA;(Elimination)" voteTransfer2="2427.00000000000" /></roundGroup><roundGroup roundIndex="Round 5"><Textbox9 votes4="24718.00000000000" /><Textbox16 /><Textbox10 points4="0.00000000000" /><transferType transferType="Transfer&#xD;&#xA;(Elimination)" voteTransfer2="4825.00000000000" /></roundGroup><roundGroup roundIndex="Round 6"><Textbox9 votes4="29543.00000000000" /><Textbox16 /><Textbox10 points4="0.00000000000" /><transferType transferType="Transfer" voteTransfer2="0" /></roundGroup></roundGroup_Collection></nonTransferableGroup><nonTransferableGroup><Textbox70 choiceName3="LONDON N. BREED" /><roundGroup_Collection><roundGroup roundIndex="Round 1"><Textbox9 votes4="99913.00000000000" /><Textbox16 /><Textbox10 points4="0.00000000000" /><transferType transferType="Transfer&#xD;&#xA;(Elimination)" voteTransfer2="0" /></roundGroup><roundGroup roundIndex="Round 2"><Textbox9 votes4="99913.00000000000" /><Textbox16 /><Textbox10 points4="0.00000000000" /><transferType transferType="Transfer&#xD;&#xA;(Elimination)" voteTransfer2="251.00000000000" /></roundGroup><roundGroup roundIndex="Round 3"><Textbox9 votes4="100164.00000000000" /><Textbox16 /><Textbox10 points4="0.00000000000" /><transferType transferType="Transfer&#xD;&#xA;(Elimination)" voteTransfer2="556.00000000000" /></roundGroup><roundGroup roundIndex="Round 4"><Textbox9 votes4="100720.00000000000" /><Textbox16 /><Textbox10 points4="0.00000000000" /><transferType transferType="Transfer&#xD;&#xA;(Elimination)" voteTransfer2="1209.00000000000" /></roundGroup><roundGroup roundIndex="Round 5"><Textbox9 votes4="101929.00000000000" /><Textbox16 /><Textbox10 points4="0.00000000000" /><transferType transferType="Transfer&#xD;&#xA;(Elimination)" voteTransfer2="4415.00000000000" /></roundGroup><roundGroup roundIndex="Round 6"><Textbox9 votes4="106344.00000000000" /><Textbox16 /><Textbox10 points4="0.00000000000" /><transferType transferType="Transfer" voteTransfer2="0" /></roundGroup></roundGroup_Collection></nonTransferableGroup><nonTransferableGroup><Textbox70 choiceName3="MARC ROTH" /><roundGroup_Collection><roundGroup roundIndex="Round 1"><Textbox9 votes4="2.00000000000" /><Textbox16 /><Textbox10 points4="0.00000000000" /><transferType transferType="Transfer&#xD;&#xA;(Elimination)" voteTransfer2="-2.00000000000" /></roundGroup><roundGroup roundIndex="Round 2"><Textbox9 votes4="0.00000000000" /><Textbox16 /><Textbox10 points4="0.00000000000" /><transferType transferType="Transfer&#xD;&#xA;(Elimination)" voteTransfer2="0" /></roundGroup><roundGroup roundIndex="Round 3"><Textbox9 votes4="0.00000000000" /><Textbox16 /><Textbox10 points4="0.00000000000" /><transferType transferType="Transfer&#xD;&#xA;(Elimination)" voteTransfer2="0" /></roundGroup><roundGroup roundIndex="Round 4"><Textbox9 votes4="0.00000000000" /><Textbox16 /><Textbox10 points4="0.00000000000" /><transferType transferType="Transfer&#xD;&#xA;(Elimination)" voteTransfer2="0" /></roundGroup><roundGroup roundIndex="Round 5"><Textbox9 votes4="0.00000000000" /><Textbox16 /><Textbox10 points4="0.00000000000" /><transferType transferType="Transfer&#xD;&#xA;(Elimination)" voteTransfer2="0" /></roundGroup><roundGroup roundIndex="Round 6"><Textbox9 votes4="0.00000000000" /><Textbox16 /><Textbox10 points4="0.00000000000" /><transferType transferType="Transfer" voteTransfer2="0" /></roundGroup></roundGroup_Collection></nonTransferableGroup><nonTransferableGroup><Textbox70 choiceName3="Blanks" /><roundGroup_Collection><roundGroup roundIndex="Round 1"><Textbox9 votes4="19582.00000000000" /><Textbox16 /><Textbox10 points4="0.00000000000" /><transferType transferType="Transfer&#xD;&#xA;(Elimination)" voteTransfer2="0" /></roundGroup><roundGroup roundIndex="Round 2"><Textbox9 votes4="19582.00000000000" /><Textbox16 /><Textbox10 points4="0.00000000000" /><transferType transferType="Transfer&#xD;&#xA;(Elimination)" voteTransfer2="0" /></roundGroup><roundGroup roundIndex="Round 3"><Textbox9 votes4="19582.00000000000" /><Textbox16 /><Textbox10 points4="0.00000000000" /><transferType transferType="Transfer&#xD;&#xA;(Elimination)" voteTransfer2="0" /></roundGroup><roundGroup roundIndex="Round 4"><Textbox9 votes4="19582.00000000000" /><Textbox16 /><Textbox10 points4="0.00000000000" /><transferType transferType="Transfer&#xD;&#xA;(Elimination)" voteTransfer2="0" /></roundGroup><roundGroup roundIndex="Round 5"><Textbox9 votes4="19582.00000000000" /><Textbox16 /><Textbox10 points4="0.00000000000" /><transferType transferType="Transfer&#xD;&#xA;(Elimination)" voteTransfer2="0" /></roundGroup><roundGroup roundIndex="Round 6"><Textbox9 votes4="19582.00000000000" /><Textbox16 /><Textbox10 points4="0.00000000000" /><transferType transferType="Transfer" voteTransfer2="0" /></roundGroup></roundGroup_Collection></nonTransferableGroup><nonTransferableGroup><Textbox70 choiceName3="Exhausted" /><roundGroup_Collection><roundGroup roundIndex="Round 1"><Textbox9 votes4="0.00000000000" /><Textbox16 /><Textbox10 points4="0.00000000000" /><transferType transferType="Transfer&#xD;&#xA;(Elimination)" voteTransfer2="0" /></roundGroup><roundGroup roundIndex="Round 2"><Textbox9 votes4="0.00000000000" /><Textbox16 /><Textbox10 points4="0.00000000000" /><transferType transferType="Transfer&#xD;&#xA;(Elimination)" voteTransfer2="382.00000000000" /></roundGroup><roundGroup roundIndex="Round 3"><Textbox9 votes4="382.00000000000" /><Textbox16 /><Textbox10 points4="0.00000000000" /><transferType transferType="Transfer&#xD;&#xA;(Elimination)" voteTransfer2="839.00000000000" /></roundGroup><roundGroup roundIndex="Round 4"><Textbox9 votes4="1221.00000000000" /><Textbox16 /><Textbox10 points4="0.00000000000" /><transferType transferType="Transfer&#xD;&#xA;(Elimination)" voteTransfer2="1573.00000000000" /></roundGroup><roundGroup roundIndex="Round 5"><Textbox9 votes4="2794.00000000000" /><Textbox16 /><Textbox10 points4="0.00000000000" /><transferType transferType="Transfer&#xD;&#xA;(Elimination)" voteTransfer2="4860.00000000000" /></roundGroup><roundGroup roundIndex="Round 6"><Textbox9 votes4="7654.00000000000" /><Textbox16 /><Textbox10 points4="0.00000000000" /><transferType transferType="Transfer" voteTransfer2="0" /></roundGroup></roundGroup_Collection></nonTransferableGroup><nonTransferableGroup><Textbox70 choiceName3="Overvotes" /><roundGroup_Collection><roundGroup roundIndex="Round 1"><Textbox9 votes4="489.00000000000" /><Textbox16 /><Textbox10 points4="0.00000000000" /><transferType transferType="Transfer&#xD;&#xA;(Elimination)" voteTransfer2="0" /></roundGroup><roundGroup roundIndex="Round 2"><Textbox9 votes4="489.00000000000" /><Textbox16 /><Textbox10 points4="0.00000000000" /><transferType transferType="Transfer&#xD;&#xA;(Elimination)" voteTransfer2="12.00000000000" /></roundGroup><roundGroup roundIndex="Round 3"><Textbox9 votes4="501.00000000000" /><Textbox16 /><Textbox10 points4="0.00000000000" /><transferType transferType="Transfer&#xD;&#xA;(Elimination)" voteTransfer2="13.00000000000" /></roundGroup><roundGroup roundIndex="Round 4"><Textbox9 votes4="514.00000000000" /><Textbox16 /><Textbox10 points4="0.00000000000" /><transferType transferType="Transfer&#xD;&#xA;(Elimination)" voteTransfer2="39.00000000000" /></roundGroup><roundGroup roundIndex="Round 5"><Textbox9 votes4="553.00000000000" /><Textbox16 /><Textbox10 points4="0.00000000000" /><transferType transferType="Transfer&#xD;&#xA;(Elimination)" voteTransfer2="63.00000000000" /></roundGroup><roundGroup roundIndex="Round 6"><Textbox9 votes4="616.00000000000" /><Textbox16 /><Textbox10 points4="0.00000000000" /><transferType transferType="Transfer" voteTransfer2="0" /></roundGroup></roundGroup_Collection></nonTransferableGroup><nonTransferableGroup><Textbox70 choiceName3="Remainder Points" /><roundGroup_Collection><roundGroup roundIndex="Round 1"><Textbox9 votes4="0.00000000000" /><Textbox16 /><Textbox10 points4="0.00000000000" /><transferType transferType="Transfer&#xD;&#xA;(Elimination)" voteTransfer2="0" /></roundGroup><roundGroup roundIndex="Round 2"><Textbox9 votes4="0.00000000000" /><Textbox16 /><Textbox10 points4="0.00000000000" /><transferType transferType="Transfer&#xD;&#xA;(Elimination)" voteTransfer2="0" /></roundGroup><roundGroup roundIndex="Round 3"><Textbox9 votes4="0.00000000000" /><Textbox16 /><Textbox10 points4="0.00000000000" /><transferType transferType="Transfer&#xD;&#xA;(Elimination)" voteTransfer2="0" /></roundGroup><roundGroup roundIndex="Round 4"><Textbox9 votes4="0.00000000000" /><Textbox16 /><Textbox10 points4="0.00000000000" /><transferType transferType="Transfer&#xD;&#xA;(Elimination)" voteTransfer2="0" /></roundGroup><roundGroup roundIndex="Round 5"><Textbox9 votes4="0.00000000000" /><Textbox16 /><Textbox10 points4="0.00000000000" /><transferType transferType="Transfer&#xD;&#xA;(Elimination)" voteTransfer2="0" /></roundGroup><roundGroup roundIndex="Round 6"><Textbox9 votes4="0.00000000000" /><Textbox16 /><Textbox10 points4="0.00000000000" /><transferType transferType="Transfer" voteTransfer2="0" /></roundGroup></roundGroup_Collection></nonTransferableGroup></nonTransferableGroup_Collection><Textbox70_1 /><roundGroup_Collection_1><roundGroup roundIndex="Round 1"><Textbox9 nonTransferableVotes="20071.00000000000" /><Textbox16 /><Textbox10 points2="0.00000000000" /><transferType transferType="Transfer&#xD;&#xA;(Elimination)" /></roundGroup><roundGroup roundIndex="Round 2"><Textbox9 nonTransferableVotes="20071.00000000000" /><Textbox16 /><Textbox10 points2="0.00000000000" /><transferType transferType="Transfer&#xD;&#xA;(Elimination)" /></roundGroup><roundGroup roundIndex="Round 3"><Textbox9 nonTransferableVotes="20465.00000000000" /><Textbox16 /><Textbox10 points2="0.00000000000" /><transferType transferType="Transfer&#xD;&#xA;(Elimination)" /></roundGroup><roundGroup roundIndex="Round 4"><Textbox9 nonTransferableVotes="21317.00000000000" /><Textbox16 /><Textbox10 points2="0.00000000000" /><transferType transferType="Transfer&#xD;&#xA;(Elimination)" /></roundGroup><roundGroup roundIndex="Round 5"><Textbox9 nonTransferableVotes="22929.00000000000" /><Textbox16 /><Textbox10 points2="0.00000000000" /><transferType transferType="Transfer&#xD;&#xA;(Elimination)" /></roundGroup><roundGroup roundIndex="Round 6"><Textbox9 nonTransferableVotes="27852.00000000000" /><Textbox16 /><Textbox10 points2="0.00000000000" /><transferType transferType="Transfer" /></roundGroup></roundGroup_Collection_1><Textbox70_2 /><roundGroup_Collection_2><roundGroup roundIndex="Round 1"><Textbox9 votes2="71835.00000000000" /><Textbox16 /><Textbox10 /><transferType transferType="Transfer&#xD;&#xA;(Elimination)" /></roundGroup><roundGroup roundIndex="Round 2"><Textbox9 votes2="71835.00000000000" /><Textbox16 /><Textbox10 /><transferType transferType="Transfer&#xD;&#xA;(Elimination)" /></roundGroup><roundGroup roundIndex="Round 3"><Textbox9 votes2="71638.00000000000" /><Textbox16 /><Textbox10 /><transferType transferType="Transfer&#xD;&#xA;(Elimination)" /></roundGroup><roundGroup roundIndex="Round 4"><Textbox9 votes2="71212.00000000000" /><Textbox16 /><Textbox10 /><transferType transferType="Transfer&#xD;&#xA;(Elimination)" /></roundGroup><roundGroup roundIndex="Round 5"><Textbox9 votes2="70406.00000000000" /><Textbox16 /><Textbox10 /><transferType transferType="Transfer&#xD;&#xA;(Elimination)" /></roundGroup><roundGroup roundIndex="Round 6"><Textbox9 votes2="67944.00000000000" /><Textbox16 /><Textbox10 /><transferType transferType="Transfer" /></roundGroup></roundGroup_Collection_2><Textbox70_3 /><roundGroup_Collection_3><roundGroup roundIndex="Round 1"><Textbox9 surplus="0.00000000000" /><Textbox16 /><Textbox10 /><transferType transferType="Transfer&#xD;&#xA;(Elimination)" /></roundGroup><roundGroup roundIndex="Round 2"><Textbox9 surplus="0.00000000000" /><Textbox16 /><Textbox10 /><transferType transferType="Transfer&#xD;&#xA;(Elimination)" /></roundGroup><roundGroup roundIndex="Round 3"><Textbox9 surplus="0.00000000000" /><Textbox16 /><Textbox10 /><transferType transferType="Transfer&#xD;&#xA;(Elimination)" /></roundGroup><roundGroup roundIndex="Round 4"><Textbox9 surplus="0.00000000000" /><Textbox16 /><Textbox10 /><transferType transferType="Transfer&#xD;&#xA;(Elimination)" /></roundGroup><roundGroup roundIndex="Round 5"><Textbox9 surplus="0.00000000000" /><Textbox16 /><Textbox10 /><transferType transferType="Transfer&#xD;&#xA;(Elimination)" /></roundGroup><roundGroup roundIndex="Round 6"><Textbox9 surplus="0.00000000000" /><Textbox16 /><Textbox10 /><transferType transferType="Transfer" /></roundGroup></roundGroup_Collection_3></Tablix5></precinctGroup></precinctGroup_Collection></Tablix1></Report>