"QuickHash v2.8.4 - The easy and convenient way to hash data in Linux, OSX and Windows. Log generated: 11/14/2019 16:11:07","File Name",Path,"Hash Value","File Size (on Disk)",Duplicate?
,,,,,
1,summary.xlsx,F:\RESULTS\20191114\,658726CE37CEED84729F388350B2044FC09BC937471B2D1C102B1735B7EF11609F4B2DBD148C8B38180EAAA21953385C75CAE72CB0C720E60638D81F93D0F727,"14179 bytes (13.85 KiB)",
2,summary.pdf,F:\RESULTS\20191114\,90E5397A82E2582D5615813C83D31BECD4B68FDDBE98974532965B80A661C22C33C2E06EF4F9F63AD7960284DBEC18479E525F593E2972794CFC93020BD29588,"160888 bytes (157.12 KiB)",
3,summary.xml,F:\RESULTS\20191114\,8CD7A30B715B324D986575230648B58EEF2E17C688F890C75431C47BA1EE37042F28C2F26BE4D9403826E31D88E98FE54BCA4611BDB4CEEF72C383CAB8BB821E,"67931 bytes (66.34 KiB)",
4,20191114_psov.xlsx,F:\RESULTS\20191114\,6C8E4FDAC98F4DE2FCEE25B8502593FB3B6567BED91612A7E6357A3D2CC3D637C0457090467917B263F3C12A623158151D1BFAEDADF02137F0EABBAFDAF26297,"2279616 bytes (2.17 MiB)",
5,20191114_psov.pdf,F:\RESULTS\20191114\,76EED8D221C70A3208DF0FE768CB7EB6EC47B5B49FBAF9CCAA378035222483758B0C39E069B4362B139E4560CE4B1FF2C19F78511FAA40856CFDE095FD99E5DD,"11327475 bytes (10.8 MiB)",
6,20191114_psov.xml,F:\RESULTS\20191114\,451CE1AF154B89C74A6461BDBED48E7243F981EB8DB88F3B7B91A1C289A9611374D574863E9CDC55F239C4FDE13F34E6488A892FF6E023AB062AF7179C089A16,"27427062 bytes (26.16 MiB)",
7,20191114_dpsov.xlsx,F:\RESULTS\20191114\,4C65503B8DB4731BFDDEF4F215CC057771024202CE6547265035E2F75300EB96DCE77311972221433EC43C09840370D50423E81A9EAA24546CBF0893F62A2003,"326448 bytes (318.8 KiB)",
8,20191114_dpsov.pdf,F:\RESULTS\20191114\,5A146180BA43A566B9721B5D7B9750A73E1FCB579457E8F3EE6454C1DB89EAA6FF37E5B10479A99D4369B88BE2B1FE414F7D0447D3A179EEAD7D1390EFD35EEE,"1661357 bytes (1.58 MiB)",
9,20191114_dpsov.xml,F:\RESULTS\20191114\,F5559997C3540AE7245B139FC8293C938AFAC91747627F22A093D97FFE1DE83CC65BD9EBE8A631B2E17A6D15CC29752CAC8E631A1562670E38B0682F2A343258,"166488243 bytes (158.78 MiB)",
10,CVR_Export_20191114160248.zip,F:\RESULTS\20191114\,00EC23FD46B84AC4492D2A83AE3F8D8399D3FA6F9A9899895AAAFA6659C91D557C2CDF2E5425BC24E6CC7BC561A0B18522765EC095B937E0146FA730335C6413,"19727791 bytes (18.81 MiB)",
11,20191114_d5_short.xlsx,F:\RESULTS\20191114\d5\,8189C0C8807157E5CD1A417E9F4FB34FE8685EA12531017EB3FBC5C35137D94E43C045D2082B1E74912C0E2D1BA3BB93D79529A4544101D280933D961499F937,"8504 bytes (8.3 KiB)",
12,20191114_d5_short.pdf,F:\RESULTS\20191114\d5\,232BA33745A03C586C277101BB652FC1B402FFDCB7212B80B03482CDA17BC2F8A2F211ED174F7AEA787A3B06BAD80ADDD0C591BDBB085AAD2C185B79EEF0C4BC,"227348 bytes (222.02 KiB)",
13,20191114_d5_short.xml,F:\RESULTS\20191114\d5\,0455AD33D3FBE28DE743105EDF2C7A1C76B6368426054E2297AB50046EFA50C1B32BAD019F10970A65D9A1AC868FFF46DAFD02EBF0785B9F7D1040D8513ED0E3,"16992 bytes (16.59 KiB)",
14,20191114_d5_detail.xlsx,F:\RESULTS\20191114\d5\,1868EEF8C15E5D7A005FDDCA4C00B98ACCAF61683CCE8B2EE14C1509EDFAA3A65DF896ED30A959CC1E8A91A905C85F825322CA0D027F4CFE08DA7903989EE088,"11208 bytes (10.95 KiB)",
15,20191114_d5_detail.pdf,F:\RESULTS\20191114\d5\,8833B79DA090E9D332DEC3BFCA810878F43BC7FA85CBEC28727B1AD0712F41DFE95BD39F243E6ADB2509A4FB7E45AD4803CF2A5B62EFC4A2084A73CA739787FC,"232984 bytes (227.52 KiB)",
16,20191114_d5_detail.xml,F:\RESULTS\20191114\d5\,5E74E1809CAA6EC79C75EA7FC95BFBA60AA8E3B8B93A962B60E9A4A10DD11AF9BDE1B9CDEA171328AA777B28DFD6E9A82A9DE24B0F97FF48FE8AD20C04814410,"17056 bytes (16.66 KiB)",
17,20191114_da_short.xlsx,F:\RESULTS\20191114\da\,7B8F9D6ED992DDE07FE806088A87409E43CFB5C7583572413103C24877AABF841DD96AD1A1690F1EF24CB692881407600A5A57E52D1131BDA4E7A2C91DD036C4,"8511 bytes (8.31 KiB)",
18,20191114_da_short.pdf,F:\RESULTS\20191114\da\,DCC243AB5F14017EE975F5DDA0A0789BDE91DE73D5880BEE03F06352ECAB1CE6EBD60FBE2EA05600D4BD3B9BC77E02ABDCCD9E09F85F4EF20FD05A937455BC8E,"226196 bytes (220.89 KiB)",
19,20191114_da_short.xml,F:\RESULTS\20191114\da\,670C62F1865F74B69A68DFDAFD8C82E90F3DF4F638BC381A402B5771C7A6B8D27A6D228E9F1A118ABA37B8388002FAE53C33FC4C3BA146D833915272394C218C,"17039 bytes (16.64 KiB)",
20,20191114_da_detail.xlsx,F:\RESULTS\20191114\da\,16E7CEDD4590C7CA353E4EDB2FE3164CACFAD2A8004BB6BD789B773E653D4C77138994EE1418B2E584D37A425052A2635E4F632BDD4A7972EBD0BFF85F7EC958,"11203 bytes (10.94 KiB)",
21,20191114_da_detail.pdf,F:\RESULTS\20191114\da\,07A4A51D42BAF8120F0A3475474A853C47A0358A4B36D36A4918965AEAA07517FF141794D7181A45B4B1E8752B4DB0FCCC078A882DAC21CE23ABE8A686E93AEB,"232017 bytes (226.58 KiB)",
22,20191114_da_detail.xml,F:\RESULTS\20191114\da\,2C81216646C024C527A1B0F0F669DDD3FE28F99458B7457E6108C08C9937ADCCB93C7C2E121ACF1FB6449E79E5F3F2AE89D79A33350B110FF9C04C54C66C2426,"17042 bytes (16.64 KiB)",
23,20191114_mayor_short.xlsx,F:\RESULTS\20191114\mayor\,60F9E0549023191FA60FE797BCADE285B0CBA4109727D8B87B179D7819CAA78E1A503C08BB420EAA6D6FC23250285B307530948D8D8710CA7919174463EA2788,"9962 bytes (9.73 KiB)",
24,20191114_mayor_short.pdf,F:\RESULTS\20191114\mayor\,DD4C813CAEF0C68FC6AED358372358A31C7E854369D494A677ADF9934D2015B28EDCE2AEEE3150BA5321654A23323495DC09BB0F5642F0DFCDE7DD9EB6FB377E,"231270 bytes (225.85 KiB)",
25,20191114_mayor_short.xml,F:\RESULTS\20191114\mayor\,A188576D8F89826A6A4E9235815392D5D59582E456F28C2FF29CC9C57CFB4A603A2E3D90E8204925B997BA7739C857005F6EF4DD504DA8140073024980758BCA,"39828 bytes (38.89 KiB)",
26,20191114_mayor_detail.xlsx,F:\RESULTS\20191114\mayor\,82E23FF3ADF29AAF8FA06E34F60247FB9D8685DF988BDB88E28BEC53126D3D036C3C73CB1599B1A13A2F2250245F0767563CDA4CCDE42B3AEF59F2F940103882,"16174 bytes (15.79 KiB)",
27,20191114_mayor_detail.pdf,F:\RESULTS\20191114\mayor\,5AD88DCE7D94A6FBE7F3712347F0F03AD27E49A2DD37920848368B442FEDDF521AFD433009EC6E376C6EAE3D02896C429E6265B5472E9B7FE1F885191A838BF0,"244981 bytes (239.24 KiB)",
28,20191114_mayor_detail.xml,F:\RESULTS\20191114\mayor\,6DC72640DC75336E2F764A4DD168221F96E75D9E51B4008D082964C51DFA22B181DDF321A396FDBBFD666EDCF6C90E0FE07B4A55DAB0E1800DD53BBB97C60E8B,"43307 bytes (42.29 KiB)",
