"QuickHash v2.8.4 - The easy and convenient way to hash data in Linux, OSX and Windows. Log generated: 11/6/2019 0:34:40","File Name",Path,"Hash Value","File Size (on Disk)",Duplicate?
,,,,,
1,summary.pdf,F:\RESULTS\20191105_4\,D8177145CBD43D108ECFA7F43F2FC4B43A8E67BAC243BA09B2D0A4963FE7AC5490528C70AC2D91EBB3210AD6B9764F4425ECF29FA166AF0012125821A7D96FD7,"161330 bytes (157.55 KiB)",
2,summary.xlsx,F:\RESULTS\20191105_4\,CB119AA3FA0947FBEFA4ADCD13C029B09E8767C615562922F3B2023D42BCB7B8F9F632CE670150752A4E0533C68A0FB75C8AE7DD489E8EF4D9E8742DC7D04202,"14172 bytes (13.84 KiB)",
3,summary.xml,F:\RESULTS\20191105_4\,C907CCCC7EFB15D7A32E34A0E671888463710D95536BA8B42701B487008B76987B153AEF386729A46EDED6FF21A93C11CD7A845FA0F9E0A2BCA4DF17EAC14560,"67983 bytes (66.39 KiB)",
4,20191105_4_psov.xlsx,F:\RESULTS\20191105_4\,AE11FAEF422ED4D0B065CBBDFEBB5348F136504A411F7EF1894DF83E64A32A11DB92C819649D06C1ACFBBD36D0A6A26597555E8E6E0EC4C24D52813CF27F8AA0,"2279091 bytes (2.17 MiB)",
5,20191105_4_psov.pdf,F:\RESULTS\20191105_4\,B5B9118AC580E043BDFF3DD4AB8B7334383BD1D15EA968E9382F0BCA6B4F73EC5877BB50E306D8E319DEB9C1A0E6C56D3A1D500232747AA55AB84BEC6EB76A69,"11329717 bytes (10.8 MiB)",
6,20191105_4_psov.xml,F:\RESULTS\20191105_4\,4C40758339D068B814851E64876D0B4A61C725B4D6A59A71DDD7B7CA4350F40E7CD20D72396B7AD09B0A576DB0B4BFE3E32DA87E180C83B08B4C06C8B03E3C42,"27396343 bytes (26.13 MiB)",
7,20191105_4_dpsov.pdf,F:\RESULTS\20191105_4\,CFD2A2C4AB9F46BD8A3CD65E57D11483D9B8CD6ED0541D52A76247164CAE12FC2D7FABE81ED3CCE92F3C9214946DD824B3E26C2A28C576804E8C57F1D37D03D2,"1663999 bytes (1.59 MiB)",
8,20191105_4_dpsov.xlsx,F:\RESULTS\20191105_4\,BAE08BA3659004A9B1C2CDC6C1A7DDD7E4767DBF444184F29CA5B78D0BB6DB9C4FB78633A2FD6D461DE184B0AD90AD4E4D2A60908FBD8D2866B988DC474E2667,"329488 bytes (321.77 KiB)",
9,20191105_4_dpsov.xml,F:\RESULTS\20191105_4\,EF256F17B6BB7092075E607BF2080137C5A9CBBA6D7019C2DD57D3041C8D16CFFF570EF2322DE9A4C86D62D213356436A6F87E6FA0C241D78EA23433197EE090,"166301922 bytes (158.6 MiB)",
10,CVR_Export_20191106002607.zip,F:\RESULTS\20191105_4\,E8055949EB27DD258D50B53B31FEFE8D9D25A82C532A1E30AE83DA739D425350EA751AC48332064CB999471F2DE7FD0BF63644BE608112F7CA3A20636DAFF1AE,"11075710 bytes (10.56 MiB)",
11,20191105_4_d5_short.pdf,F:\RESULTS\20191105_4\d5\,977549D1212ADED3C9F8B4C76261E184134CB785B08F6AC55369D736F366153E5E1EB905DA1CC8ACEDA57E212AEA8A80A410C167AE90DC5286E17F283EBB1D82,"227856 bytes (222.52 KiB)",
12,20191105_4_d5_short.xml,F:\RESULTS\20191105_4\d5\,454DF1174D21ADAA66ADF16A6A5DB2CFD20FEF34AED3850672A97BCB8C7C0CDA2BC8D6434F07B9B0AE1C77C7010D51323BB8AEC665308307EBDAF17279D6F015,"16938 bytes (16.54 KiB)",
13,20191105_4_d5_detail.pdf,F:\RESULTS\20191105_4\d5\,ABEA3BFF27ECAC5B5F7A3425B4F4D3E658B39CABB1A7FFA0F18E2D54A9AAC54B56405BC330B3E1818717110E352406F1259B8789DAB3576219D8DB2870C6B266,"233376 bytes (227.91 KiB)",
14,20191105_4_d5_detail.xml,F:\RESULTS\20191105_4\d5\,D36A43C2A204602D3F2507D4DF5E323885C11C6AFD34332C19DD9781EC7ABA3E4D8BDF821D999A951B760198BCD11EF82C79999202F3D3500BEFDBFC353FC293,"16912 bytes (16.52 KiB)",
15,20191105_4_da_short.pdf,F:\RESULTS\20191105_4\da\,9C50CEA868BC6B7803EE0D94D97864E925E1284A23909B5F29B0D14DAF803A05250305CF85247D9F4BF1A40DBD71B580C9B4D8156D7CFB673B056D29A3411126,"225897 bytes (220.6 KiB)",
16,20191105_4_da_short.xml,F:\RESULTS\20191105_4\da\,3C16BDBF232AAD46C9F719C26761106C8C6886687800BC9E181E38A1A1A09421DA8432D0287EBCE404430521915743E0D11D4E49A0252050C5232CBC00DD7EF7,"17020 bytes (16.62 KiB)",
17,20191105_4_da_detail.pdf,F:\RESULTS\20191105_4\da\,FDEF55D64AB632468B8D6058DA6E7541E390AD3C79E8402503EF1529BA399B6C83B37D5CDB47734A6849DF37F107B44E46EAD111A2F0C6B84B461EBC3E781FDD,"231675 bytes (226.25 KiB)",
18,20191105_4_da_detail.xml,F:\RESULTS\20191105_4\da\,47C5C38C05F1A6C5C48A658EC3673FA76EF3A46514849015FFAD113E2A3EFBD39493E009223C4F85C045528FC5424F3E88944DC08137482CCD7C1A6703DBBEA5,"17023 bytes (16.62 KiB)",
19,20191105_4_mayor_short.pdf,F:\RESULTS\20191105_4\mayor\,9402C6DE1779203393D5BCB297844B187FB55DA99D7595894514B85B85481A0D84F082DDE1333D846C86DC242DA4692820B2A425E9EB6E0FE4F0DA06BBECA9D0,"231148 bytes (225.73 KiB)",
20,20191105_4_mayor_short.xml,F:\RESULTS\20191105_4\mayor\,D29AC936791AA265ED2DFAE7F553D1A2D1410AFCED6A91C1C73E38ED574C5952974FD2991C826C5FA4875E5DC423081B263FD301C5D0B99D28398B7C0746FC99,"38982 bytes (38.07 KiB)",
21,20191105_4_mayor_detail.pdf,F:\RESULTS\20191105_4\mayor\,93FA9CD7A064F96EA5E587D069721B19FD4AD2F1A0D03F3F6DDCC6A68EEDE564ECF627B532B915F992F51EFD77CAE7F54E32358CCF590FAEDD3202DCF9384633,"242761 bytes (237.07 KiB)",
22,20191105_4_mayor_detail.xml,F:\RESULTS\20191105_4\mayor\,2DCE078B1A0DFE15E46F67532DF4747E789B33A3A007E36EA6827DF1429F4A791959F90F28FDE62FC82A8C3A5F9A8A3CE23BD8B1F6BC32A619ED20CE65C36042,"42341 bytes (41.35 KiB)",
