﻿<?xml version="1.0" encoding="utf-8"?><Report xsi:schemaLocation="ElectionSummaryReportRPT http://emsserver/ReportServer?%2FEMSApplicationServerReports%2FElectionSummaryReportRPT&amp;rs%3ACommand=Render&amp;rs%3AFormat=XML&amp;rs%3ASessionID=yzn1te45yqfvaaqfvahlbe45&amp;rc%3ASchema=True" Name="ElectionSummaryReportRPT" xmlns:xsi="http://www.w3.org/2001/XMLSchema-instance" xmlns="ElectionSummaryReportRPT"><Title><Report Name="Title" Textbox11="Election Summary Report" Textbox3="General Election" Textbox2="City and County of San Francisco" Textbox9="2019-11-05T00:00:00" Textbox12="" Textbox8="City and County of San Francisco&#xA;November 5, 2019, Consolidated Municipal Election&#xA;Summary Report - 10" /></Title><tabBatchIdList><TabBatchGroup_Collection><TabBatchGroup contestId=""><ElectionSummarySubReport><Report Name="ElectionSummarySubReportRPT"><Tablix2><Details_Collection><Details reported="Precincts Reported: 474 of 474 (1)" /></Details_Collection></Tablix2><Tablix3><Details2_Collection><Details2 reported3="Registered Voters: 206039 of 495050 (0.416198363801636)" /></Details2_Collection></Tablix3><Tablix4><Details3_Collection><Details3 reported4="Ballots Cast: 412290" /></Details3_Collection></Tablix4><contestList><ContestIdGroup_Collection><ContestIdGroup contestId="MAYOR   "><ContestStatistics><Report Name="ContestStatisticsRPT"><Tablix2><Details_Collection><Details Textbox2="Precincts Reported: 474 of 474 1" /></Details_Collection></Tablix2><Tablix1><Textbox7><cgGroup_Collection><cgGroup><cgId2 cgId2="Election Day" ballotsTextBox="59416" /></cgGroup><cgGroup><cgId2 cgId2="Vote by Mail" ballotsTextBox="146618" /></cgGroup></cgGroup_Collection><Textbox9 ballots2="206034 / 495050 " Textbox40="0.416188263811736" /></Textbox7><Textbox33><cgGroup_Collection><cgGroup><cgId2 cgId2="Election Day" undervotes="9413" /></cgGroup><cgGroup><cgId2 cgId2="Vote by Mail" undervotes="18963" /></cgGroup></cgGroup_Collection><Textbox9 undervotes3="28376" /></Textbox33><Textbox37><cgGroup_Collection><cgGroup><cgId2 cgId2="Election Day" Textbox36="105" /></cgGroup><cgGroup><cgId2 cgId2="Vote by Mail" Textbox36="433" /></cgGroup></cgGroup_Collection><Textbox9 overvotes2="538" /></Textbox37><Textbox3><cgGroup_Collection><cgGroup><cgId2 cgId2="Election Day" undervotes1="9518" /></cgGroup><cgGroup><cgId2 cgId2="Vote by Mail" undervotes1="19396" /></cgGroup></cgGroup_Collection><Textbox9 totalBlanks="28914" /></Textbox3><Textbox43><cgGroup_Collection><cgGroup><cgId2 cgId2="Election Day" Textbox39="0" /></cgGroup><cgGroup><cgId2 cgId2="Vote by Mail" Textbox39="0" /></cgGroup></cgGroup_Collection><Textbox9 pushContests2="0" /></Textbox43><Textbox11><cgGroup_Collection><cgGroup><cgId2 cgId2="Election Day" writeinOverrides="0" /></cgGroup><cgGroup><cgId2 cgId2="Vote by Mail" writeinOverrides="0" /></cgGroup></cgGroup_Collection><Textbox9 Textbox13="0" /></Textbox11></Tablix1></Report></ContestStatistics><CandidateResults><Report Name="CandidateResultsRPT"><Tablix1><chGroup_Collection><chGroup><candidateNameTextBox4 candidateNameTextBox4="JOEL VENTRESCA "><Textbox2 Textbox2="" Textbox14="" /><cgGroup_Collection><cgGroup countingGroupName="Election Day" vot7="4007" /><cgGroup countingGroupName="Vote by Mail" vot7="8836" /></cgGroup_Collection><Textbox13 vot8="12843" Textbox17="0.072510162601626" /></candidateNameTextBox4><partyGroup_Collection><partyGroup><Textbox2 Textbox2="" Textbox6="" /><cgGroup_Collection><cgGroup countingGroupName="Election Day" vot4="4007" /><cgGroup countingGroupName="Vote by Mail" vot4="8836" /></cgGroup_Collection><Textbox13 vot9="12843" Textbox18="0.072510162601626" /></partyGroup></partyGroup_Collection><writeinGroup_Collection /></chGroup><chGroup><candidateNameTextBox4 candidateNameTextBox4="WILMA PANG "><Textbox2 Textbox2="" Textbox14="" /><cgGroup_Collection><cgGroup countingGroupName="Election Day" vot7="1735" /><cgGroup countingGroupName="Vote by Mail" vot7="2937" /></cgGroup_Collection><Textbox13 vot8="4672" Textbox17="0.0263775971093044" /></candidateNameTextBox4><partyGroup_Collection><partyGroup><Textbox2 Textbox2="" Textbox6="" /><cgGroup_Collection><cgGroup countingGroupName="Election Day" vot4="1735" /><cgGroup countingGroupName="Vote by Mail" vot4="2937" /></cgGroup_Collection><Textbox13 vot9="4672" Textbox18="0.0263775971093044" /></partyGroup></partyGroup_Collection><writeinGroup_Collection /></chGroup><chGroup><candidateNameTextBox4 candidateNameTextBox4="ROBERT L. JORDAN, JR. "><Textbox2 Textbox2="" Textbox14="" /><cgGroup_Collection><cgGroup countingGroupName="Election Day" vot7="786" /><cgGroup countingGroupName="Vote by Mail" vot7="1535" /></cgGroup_Collection><Textbox13 vot8="2321" Textbox17="0.0131041102077687" /></candidateNameTextBox4><partyGroup_Collection><partyGroup><Textbox2 Textbox2="" Textbox6="" /><cgGroup_Collection><cgGroup countingGroupName="Election Day" vot4="786" /><cgGroup countingGroupName="Vote by Mail" vot4="1535" /></cgGroup_Collection><Textbox13 vot9="2321" Textbox18="0.0131041102077687" /></partyGroup></partyGroup_Collection><writeinGroup_Collection /></chGroup><chGroup><candidateNameTextBox4 candidateNameTextBox4="PAUL YBARRA ROBERTSON "><Textbox2 Textbox2="" Textbox14="" /><cgGroup_Collection><cgGroup countingGroupName="Election Day" vot7="2091" /><cgGroup countingGroupName="Vote by Mail" vot7="5378" /></cgGroup_Collection><Textbox13 vot8="7469" Textbox17="0.0421691508581752" /></candidateNameTextBox4><partyGroup_Collection><partyGroup><Textbox2 Textbox2="" Textbox6="" /><cgGroup_Collection><cgGroup countingGroupName="Election Day" vot4="2091" /><cgGroup countingGroupName="Vote by Mail" vot4="5378" /></cgGroup_Collection><Textbox13 vot9="7469" Textbox18="0.0421691508581752" /></partyGroup></partyGroup_Collection><writeinGroup_Collection /></chGroup><chGroup><candidateNameTextBox4 candidateNameTextBox4="ELLEN LEE ZHOU "><Textbox2 Textbox2="" Textbox14="" /><cgGroup_Collection><cgGroup countingGroupName="Election Day" vot7="5676" /><cgGroup countingGroupName="Vote by Mail" vot7="18975" /></cgGroup_Collection><Textbox13 vot8="24651" Textbox17="0.139176829268293" /></candidateNameTextBox4><partyGroup_Collection><partyGroup><Textbox2 Textbox2="" Textbox6="" /><cgGroup_Collection><cgGroup countingGroupName="Election Day" vot4="5676" /><cgGroup countingGroupName="Vote by Mail" vot4="18975" /></cgGroup_Collection><Textbox13 vot9="24651" Textbox18="0.139176829268293" /></partyGroup></partyGroup_Collection><writeinGroup_Collection /></chGroup><chGroup><candidateNameTextBox4 candidateNameTextBox4="LONDON N. BREED "><Textbox2 Textbox2="" Textbox14="" /><cgGroup_Collection><cgGroup countingGroupName="Election Day" vot7="35599" /><cgGroup countingGroupName="Vote by Mail" vot7="89557" /></cgGroup_Collection><Textbox13 vot8="125156" Textbox17="0.706616982836495" /></candidateNameTextBox4><partyGroup_Collection><partyGroup><Textbox2 Textbox2="" Textbox6="" /><cgGroup_Collection><cgGroup countingGroupName="Election Day" vot4="35599" /><cgGroup countingGroupName="Vote by Mail" vot4="89557" /></cgGroup_Collection><Textbox13 vot9="125156" Textbox18="0.706616982836495" /></partyGroup></partyGroup_Collection><writeinGroup_Collection /></chGroup><chGroup><candidateNameTextBox4 candidateNameTextBox4="Write-in "><Textbox2 Textbox2="" Textbox14="" /><cgGroup_Collection><cgGroup countingGroupName="Election Day" vot7="4" /><cgGroup countingGroupName="Vote by Mail" vot7="4" /></cgGroup_Collection><Textbox13 vot8="8" Textbox17="4.516711833785E-05" /></candidateNameTextBox4><partyGroup_Collection /><writeinGroup_Collection><writeinGroup choiceName2="Write-in "><Textbox2 Textbox2="" /><cgGroup_Collection><cgGroup countingGroupName="Election Day" vot5="4" /><cgGroup countingGroupName="Vote by Mail" vot5="4" /></cgGroup_Collection><Textbox13 vot12="8" Textbox19="4.516711833785E-05" /></writeinGroup></writeinGroup_Collection></chGroup></chGroup_Collection><Textbox5><Textbox2 Textbox2="" /><cgGroup_Collection><cgGroup countingGroupName="Election Day" votesDivider_cg="49898" /><cgGroup countingGroupName="Vote by Mail" votesDivider_cg="127222" /></cgGroup_Collection><Textbox13 votes3="177120" /></Textbox5></Tablix1><Tablix2><writeinGroup2_Collection><writeinGroup2 name="MARC ROTH "><Textbox3><cgGroup2_Collection><cgGroup2 cgName="Election Day" votes="4" /><cgGroup2 cgName="Vote by Mail" votes="3" /></cgGroup2_Collection><Textbox1 votes2="7" Textbox11="3.95212285456188E-05" /></Textbox3></writeinGroup2></writeinGroup2_Collection><Textbox4><cgGroup2_Collection><cgGroup2 cgName="Election Day" remainingUnqualified_cg="0" /><cgGroup2 cgName="Vote by Mail" remainingUnqualified_cg="1" /></cgGroup2_Collection><Textbox1 remainingUnresolved1="1" /></Textbox4></Tablix2></Report></CandidateResults></ContestIdGroup><ContestIdGroup contestId="MEMBER, BOARD OF SUPERVISORS, DISTRICT 5   "><ContestStatistics><Report Name="ContestStatisticsRPT"><Tablix2><Details_Collection><Details Textbox2="Precincts Reported: 54 of 54 1" /></Details_Collection></Tablix2><Tablix1><Textbox7><cgGroup_Collection><cgGroup><cgId2 cgId2="Election Day" ballotsTextBox="8348" /></cgGroup><cgGroup><cgId2 cgId2="Vote by Mail" ballotsTextBox="16412" /></cgGroup></cgGroup_Collection><Textbox9 ballots2="24760 / 51976 " Textbox40="0.476373710943512" /></Textbox7><Textbox33><cgGroup_Collection><cgGroup><cgId2 cgId2="Election Day" undervotes="405" /></cgGroup><cgGroup><cgId2 cgId2="Vote by Mail" undervotes="846" /></cgGroup></cgGroup_Collection><Textbox9 undervotes3="1251" /></Textbox33><Textbox37><cgGroup_Collection><cgGroup><cgId2 cgId2="Election Day" Textbox36="8" /></cgGroup><cgGroup><cgId2 cgId2="Vote by Mail" Textbox36="31" /></cgGroup></cgGroup_Collection><Textbox9 overvotes2="39" /></Textbox37><Textbox3><cgGroup_Collection><cgGroup><cgId2 cgId2="Election Day" undervotes1="413" /></cgGroup><cgGroup><cgId2 cgId2="Vote by Mail" undervotes1="877" /></cgGroup></cgGroup_Collection><Textbox9 totalBlanks="1290" /></Textbox3><Textbox43><cgGroup_Collection><cgGroup><cgId2 cgId2="Election Day" Textbox39="0" /></cgGroup><cgGroup><cgId2 cgId2="Vote by Mail" Textbox39="0" /></cgGroup></cgGroup_Collection><Textbox9 pushContests2="0" /></Textbox43><Textbox11><cgGroup_Collection><cgGroup><cgId2 cgId2="Election Day" writeinOverrides="0" /></cgGroup><cgGroup><cgId2 cgId2="Vote by Mail" writeinOverrides="0" /></cgGroup></cgGroup_Collection><Textbox9 Textbox13="0" /></Textbox11></Tablix1></Report></ContestStatistics><CandidateResults><Report Name="CandidateResultsRPT"><Tablix1><chGroup_Collection><chGroup><candidateNameTextBox4 candidateNameTextBox4="RYAN LAM "><Textbox2 Textbox2="" Textbox14="" /><cgGroup_Collection><cgGroup countingGroupName="Election Day" vot7="223" /><cgGroup countingGroupName="Vote by Mail" vot7="694" /></cgGroup_Collection><Textbox13 vot8="917" Textbox17="0.0390711546655305" /></candidateNameTextBox4><partyGroup_Collection><partyGroup><Textbox2 Textbox2="" Textbox6="" /><cgGroup_Collection><cgGroup countingGroupName="Election Day" vot4="223" /><cgGroup countingGroupName="Vote by Mail" vot4="694" /></cgGroup_Collection><Textbox13 vot9="917" Textbox18="0.0390711546655305" /></partyGroup></partyGroup_Collection><writeinGroup_Collection /></chGroup><chGroup><candidateNameTextBox4 candidateNameTextBox4="DEAN PRESTON "><Textbox2 Textbox2="" Textbox14="" /><cgGroup_Collection><cgGroup countingGroupName="Election Day" vot7="4249" /><cgGroup countingGroupName="Vote by Mail" vot7="6870" /></cgGroup_Collection><Textbox13 vot8="11119" Textbox17="0.473753728163613" /></candidateNameTextBox4><partyGroup_Collection><partyGroup><Textbox2 Textbox2="" Textbox6="" /><cgGroup_Collection><cgGroup countingGroupName="Election Day" vot4="4249" /><cgGroup countingGroupName="Vote by Mail" vot4="6870" /></cgGroup_Collection><Textbox13 vot9="11119" Textbox18="0.473753728163613" /></partyGroup></partyGroup_Collection><writeinGroup_Collection /></chGroup><chGroup><candidateNameTextBox4 candidateNameTextBox4="NOMVULA O'MEARA "><Textbox2 Textbox2="" Textbox14="" /><cgGroup_Collection><cgGroup countingGroupName="Election Day" vot7="109" /><cgGroup countingGroupName="Vote by Mail" vot7="156" /></cgGroup_Collection><Textbox13 vot8="265" Textbox17="0.0112910097997444" /></candidateNameTextBox4><partyGroup_Collection><partyGroup><Textbox2 Textbox2="" Textbox6="" /><cgGroup_Collection><cgGroup countingGroupName="Election Day" vot4="109" /><cgGroup countingGroupName="Vote by Mail" vot4="156" /></cgGroup_Collection><Textbox13 vot9="265" Textbox18="0.0112910097997444" /></partyGroup></partyGroup_Collection><writeinGroup_Collection /></chGroup><chGroup><candidateNameTextBox4 candidateNameTextBox4="VALLIE BROWN "><Textbox2 Textbox2="" Textbox14="" /><cgGroup_Collection><cgGroup countingGroupName="Election Day" vot7="3354" /><cgGroup countingGroupName="Vote by Mail" vot7="7815" /></cgGroup_Collection><Textbox13 vot8="11169" Textbox17="0.475884107371112" /></candidateNameTextBox4><partyGroup_Collection><partyGroup><Textbox2 Textbox2="" Textbox6="" /><cgGroup_Collection><cgGroup countingGroupName="Election Day" vot4="3354" /><cgGroup countingGroupName="Vote by Mail" vot4="7815" /></cgGroup_Collection><Textbox13 vot9="11169" Textbox18="0.475884107371112" /></partyGroup></partyGroup_Collection><writeinGroup_Collection /></chGroup><chGroup><candidateNameTextBox4 candidateNameTextBox4="Write-in "><Textbox2 Textbox2="" Textbox14="" /><cgGroup_Collection><cgGroup countingGroupName="Election Day" vot7="0" /><cgGroup countingGroupName="Vote by Mail" vot7="0" /></cgGroup_Collection><Textbox13 vot8="0" Textbox17="0" /></candidateNameTextBox4><partyGroup_Collection /><writeinGroup_Collection><writeinGroup choiceName2="Write-in "><Textbox2 Textbox2="" /><cgGroup_Collection><cgGroup countingGroupName="Election Day" vot5="0" /><cgGroup countingGroupName="Vote by Mail" vot5="0" /></cgGroup_Collection><Textbox13 vot12="0" Textbox19="0" /></writeinGroup></writeinGroup_Collection></chGroup></chGroup_Collection><Textbox5><Textbox2 Textbox2="" /><cgGroup_Collection><cgGroup countingGroupName="Election Day" votesDivider_cg="7935" /><cgGroup countingGroupName="Vote by Mail" votesDivider_cg="15535" /></cgGroup_Collection><Textbox13 votes3="23470" /></Textbox5></Tablix1><Tablix2><writeinGroup2_Collection /><Textbox4><cgGroup2_Collection><cgGroup2 cgName="Election Day" remainingUnqualified_cg="0" /><cgGroup2 cgName="Vote by Mail" remainingUnqualified_cg="0" /></cgGroup2_Collection><Textbox1 remainingUnresolved1="0" /></Textbox4></Tablix2></Report></CandidateResults></ContestIdGroup><ContestIdGroup contestId="CITY ATTORNEY   "><ContestStatistics><Report Name="ContestStatisticsRPT"><Tablix2><Details_Collection><Details Textbox2="Precincts Reported: 474 of 474 1" /></Details_Collection></Tablix2><Tablix1><Textbox7><cgGroup_Collection><cgGroup><cgId2 cgId2="Election Day" ballotsTextBox="59416" /></cgGroup><cgGroup><cgId2 cgId2="Vote by Mail" ballotsTextBox="146618" /></cgGroup></cgGroup_Collection><Textbox9 ballots2="206034 / 495050 " Textbox40="0.416188263811736" /></Textbox7><Textbox33><cgGroup_Collection><cgGroup><cgId2 cgId2="Election Day" undervotes="11299" /></cgGroup><cgGroup><cgId2 cgId2="Vote by Mail" undervotes="33363" /></cgGroup></cgGroup_Collection><Textbox9 undervotes3="44662" /></Textbox33><Textbox37><cgGroup_Collection><cgGroup><cgId2 cgId2="Election Day" Textbox36="14" /></cgGroup><cgGroup><cgId2 cgId2="Vote by Mail" Textbox36="41" /></cgGroup></cgGroup_Collection><Textbox9 overvotes2="55" /></Textbox37><Textbox3><cgGroup_Collection><cgGroup><cgId2 cgId2="Election Day" undervotes1="11313" /></cgGroup><cgGroup><cgId2 cgId2="Vote by Mail" undervotes1="33404" /></cgGroup></cgGroup_Collection><Textbox9 totalBlanks="44717" /></Textbox3><Textbox43><cgGroup_Collection><cgGroup><cgId2 cgId2="Election Day" Textbox39="0" /></cgGroup><cgGroup><cgId2 cgId2="Vote by Mail" Textbox39="0" /></cgGroup></cgGroup_Collection><Textbox9 pushContests2="0" /></Textbox43><Textbox11><cgGroup_Collection><cgGroup><cgId2 cgId2="Election Day" writeinOverrides="0" /></cgGroup><cgGroup><cgId2 cgId2="Vote by Mail" writeinOverrides="0" /></cgGroup></cgGroup_Collection><Textbox9 Textbox13="0" /></Textbox11></Tablix1></Report></ContestStatistics><CandidateResults><Report Name="CandidateResultsRPT"><Tablix1><chGroup_Collection><chGroup><candidateNameTextBox4 candidateNameTextBox4="DENNIS J. HERRERA "><Textbox2 Textbox2="" Textbox14="" /><cgGroup_Collection><cgGroup countingGroupName="Election Day" vot7="48102" /><cgGroup countingGroupName="Vote by Mail" vot7="113209" /></cgGroup_Collection><Textbox13 vot8="161311" Textbox17="0.999962806151863" /></candidateNameTextBox4><partyGroup_Collection><partyGroup><Textbox2 Textbox2="" Textbox6="" /><cgGroup_Collection><cgGroup countingGroupName="Election Day" vot4="48102" /><cgGroup countingGroupName="Vote by Mail" vot4="113209" /></cgGroup_Collection><Textbox13 vot9="161311" Textbox18="0.999962806151863" /></partyGroup></partyGroup_Collection><writeinGroup_Collection /></chGroup><chGroup><candidateNameTextBox4 candidateNameTextBox4="Write-in "><Textbox2 Textbox2="" Textbox14="" /><cgGroup_Collection><cgGroup countingGroupName="Election Day" vot7="1" /><cgGroup countingGroupName="Vote by Mail" vot7="5" /></cgGroup_Collection><Textbox13 vot8="6" Textbox17="3.71938481375181E-05" /></candidateNameTextBox4><partyGroup_Collection /><writeinGroup_Collection><writeinGroup choiceName2="Write-in "><Textbox2 Textbox2="" /><cgGroup_Collection><cgGroup countingGroupName="Election Day" vot5="1" /><cgGroup countingGroupName="Vote by Mail" vot5="5" /></cgGroup_Collection><Textbox13 vot12="6" Textbox19="3.71938481375181E-05" /></writeinGroup><writeinGroup choiceName2="Write-in "><Textbox2 Textbox2="" /><cgGroup_Collection><cgGroup countingGroupName="Election Day" vot5="0" /><cgGroup countingGroupName="Vote by Mail" vot5="0" /></cgGroup_Collection><Textbox13 vot12="0" Textbox19="0" /></writeinGroup></writeinGroup_Collection></chGroup></chGroup_Collection><Textbox5><Textbox2 Textbox2="" /><cgGroup_Collection><cgGroup countingGroupName="Election Day" votesDivider_cg="48103" /><cgGroup countingGroupName="Vote by Mail" votesDivider_cg="113214" /></cgGroup_Collection><Textbox13 votes3="161317" /></Textbox5></Tablix1><Tablix2><writeinGroup2_Collection /><Textbox4><cgGroup2_Collection><cgGroup2 cgName="Election Day" remainingUnqualified_cg="1" /><cgGroup2 cgName="Vote by Mail" remainingUnqualified_cg="5" /></cgGroup2_Collection><Textbox1 remainingUnresolved1="6" /></Textbox4></Tablix2></Report></CandidateResults></ContestIdGroup><ContestIdGroup contestId="DISTRICT ATTORNEY   "><ContestStatistics><Report Name="ContestStatisticsRPT"><Tablix2><Details_Collection><Details Textbox2="Precincts Reported: 474 of 474 1" /></Details_Collection></Tablix2><Tablix1><Textbox7><cgGroup_Collection><cgGroup><cgId2 cgId2="Election Day" ballotsTextBox="59416" /></cgGroup><cgGroup><cgId2 cgId2="Vote by Mail" ballotsTextBox="146618" /></cgGroup></cgGroup_Collection><Textbox9 ballots2="206034 / 495050 " Textbox40="0.416188263811736" /></Textbox7><Textbox33><cgGroup_Collection><cgGroup><cgId2 cgId2="Election Day" undervotes="2867" /></cgGroup><cgGroup><cgId2 cgId2="Vote by Mail" undervotes="10709" /></cgGroup></cgGroup_Collection><Textbox9 undervotes3="13576" /></Textbox33><Textbox37><cgGroup_Collection><cgGroup><cgId2 cgId2="Election Day" Textbox36="83" /></cgGroup><cgGroup><cgId2 cgId2="Vote by Mail" Textbox36="391" /></cgGroup></cgGroup_Collection><Textbox9 overvotes2="474" /></Textbox37><Textbox3><cgGroup_Collection><cgGroup><cgId2 cgId2="Election Day" undervotes1="2950" /></cgGroup><cgGroup><cgId2 cgId2="Vote by Mail" undervotes1="11100" /></cgGroup></cgGroup_Collection><Textbox9 totalBlanks="14050" /></Textbox3><Textbox43><cgGroup_Collection><cgGroup><cgId2 cgId2="Election Day" Textbox39="0" /></cgGroup><cgGroup><cgId2 cgId2="Vote by Mail" Textbox39="0" /></cgGroup></cgGroup_Collection><Textbox9 pushContests2="0" /></Textbox43><Textbox11><cgGroup_Collection><cgGroup><cgId2 cgId2="Election Day" writeinOverrides="0" /></cgGroup><cgGroup><cgId2 cgId2="Vote by Mail" writeinOverrides="0" /></cgGroup></cgGroup_Collection><Textbox9 Textbox13="0" /></Textbox11></Tablix1></Report></ContestStatistics><CandidateResults><Report Name="CandidateResultsRPT"><Tablix1><chGroup_Collection><chGroup><candidateNameTextBox4 candidateNameTextBox4="SUZY LOFTUS "><Textbox2 Textbox2="" Textbox14="" /><cgGroup_Collection><cgGroup countingGroupName="Election Day" vot7="16559" /><cgGroup countingGroupName="Vote by Mail" vot7="43121" /></cgGroup_Collection><Textbox13 vot8="59680" Textbox17="0.310859238269856" /></candidateNameTextBox4><partyGroup_Collection><partyGroup><Textbox2 Textbox2="" Textbox6="" /><cgGroup_Collection><cgGroup countingGroupName="Election Day" vot4="16559" /><cgGroup countingGroupName="Vote by Mail" vot4="43121" /></cgGroup_Collection><Textbox13 vot9="59680" Textbox18="0.310859238269856" /></partyGroup></partyGroup_Collection><writeinGroup_Collection /></chGroup><chGroup><candidateNameTextBox4 candidateNameTextBox4="LEIF DAUTCH "><Textbox2 Textbox2="" Textbox14="" /><cgGroup_Collection><cgGroup countingGroupName="Election Day" vot7="6537" /><cgGroup countingGroupName="Vote by Mail" vot7="20210" /></cgGroup_Collection><Textbox13 vot8="26747" Textbox17="0.139318901575131" /></candidateNameTextBox4><partyGroup_Collection><partyGroup><Textbox2 Textbox2="" Textbox6="" /><cgGroup_Collection><cgGroup countingGroupName="Election Day" vot4="6537" /><cgGroup countingGroupName="Vote by Mail" vot4="20210" /></cgGroup_Collection><Textbox13 vot9="26747" Textbox18="0.139318901575131" /></partyGroup></partyGroup_Collection><writeinGroup_Collection /></chGroup><chGroup><candidateNameTextBox4 candidateNameTextBox4="NANCY TUNG "><Textbox2 Textbox2="" Textbox14="" /><cgGroup_Collection><cgGroup countingGroupName="Election Day" vot7="8090" /><cgGroup countingGroupName="Vote by Mail" vot7="28912" /></cgGroup_Collection><Textbox13 vot8="37002" Textbox17="0.19273481123427" /></candidateNameTextBox4><partyGroup_Collection><partyGroup><Textbox2 Textbox2="" Textbox6="" /><cgGroup_Collection><cgGroup countingGroupName="Election Day" vot4="8090" /><cgGroup countingGroupName="Vote by Mail" vot4="28912" /></cgGroup_Collection><Textbox13 vot9="37002" Textbox18="0.19273481123427" /></partyGroup></partyGroup_Collection><writeinGroup_Collection /></chGroup><chGroup><candidateNameTextBox4 candidateNameTextBox4="CHESA BOUDIN "><Textbox2 Textbox2="" Textbox14="" /><cgGroup_Collection><cgGroup countingGroupName="Election Day" vot7="25280" /><cgGroup countingGroupName="Vote by Mail" vot7="43272" /></cgGroup_Collection><Textbox13 vot8="68552" Textbox17="0.357071422618552" /></candidateNameTextBox4><partyGroup_Collection><partyGroup><Textbox2 Textbox2="" Textbox6="" /><cgGroup_Collection><cgGroup countingGroupName="Election Day" vot4="25280" /><cgGroup countingGroupName="Vote by Mail" vot4="43272" /></cgGroup_Collection><Textbox13 vot9="68552" Textbox18="0.357071422618552" /></partyGroup></partyGroup_Collection><writeinGroup_Collection /></chGroup><chGroup><candidateNameTextBox4 candidateNameTextBox4="Write-in "><Textbox2 Textbox2="" Textbox14="" /><cgGroup_Collection><cgGroup countingGroupName="Election Day" vot7="0" /><cgGroup countingGroupName="Vote by Mail" vot7="3" /></cgGroup_Collection><Textbox13 vot8="3" Textbox17="1.56263021918493E-05" /></candidateNameTextBox4><partyGroup_Collection /><writeinGroup_Collection><writeinGroup choiceName2="Write-in "><Textbox2 Textbox2="" /><cgGroup_Collection><cgGroup countingGroupName="Election Day" vot5="0" /><cgGroup countingGroupName="Vote by Mail" vot5="3" /></cgGroup_Collection><Textbox13 vot12="3" Textbox19="1.56263021918493E-05" /></writeinGroup></writeinGroup_Collection></chGroup></chGroup_Collection><Textbox5><Textbox2 Textbox2="" /><cgGroup_Collection><cgGroup countingGroupName="Election Day" votesDivider_cg="56466" /><cgGroup countingGroupName="Vote by Mail" votesDivider_cg="135518" /></cgGroup_Collection><Textbox13 votes3="191984" /></Textbox5></Tablix1><Tablix2><writeinGroup2_Collection /><Textbox4><cgGroup2_Collection><cgGroup2 cgName="Election Day" remainingUnqualified_cg="0" /><cgGroup2 cgName="Vote by Mail" remainingUnqualified_cg="3" /></cgGroup2_Collection><Textbox1 remainingUnresolved1="3" /></Textbox4></Tablix2></Report></CandidateResults></ContestIdGroup><ContestIdGroup contestId="PUBLIC DEFENDER   "><ContestStatistics><Report Name="ContestStatisticsRPT"><Tablix2><Details_Collection><Details Textbox2="Precincts Reported: 474 of 474 1" /></Details_Collection></Tablix2><Tablix1><Textbox7><cgGroup_Collection><cgGroup><cgId2 cgId2="Election Day" ballotsTextBox="59416" /></cgGroup><cgGroup><cgId2 cgId2="Vote by Mail" ballotsTextBox="146618" /></cgGroup></cgGroup_Collection><Textbox9 ballots2="206034 / 495050 " Textbox40="0.416188263811736" /></Textbox7><Textbox33><cgGroup_Collection><cgGroup><cgId2 cgId2="Election Day" undervotes="11498" /></cgGroup><cgGroup><cgId2 cgId2="Vote by Mail" undervotes="35991" /></cgGroup></cgGroup_Collection><Textbox9 undervotes3="47489" /></Textbox33><Textbox37><cgGroup_Collection><cgGroup><cgId2 cgId2="Election Day" Textbox36="6" /></cgGroup><cgGroup><cgId2 cgId2="Vote by Mail" Textbox36="28" /></cgGroup></cgGroup_Collection><Textbox9 overvotes2="34" /></Textbox37><Textbox3><cgGroup_Collection><cgGroup><cgId2 cgId2="Election Day" undervotes1="11504" /></cgGroup><cgGroup><cgId2 cgId2="Vote by Mail" undervotes1="36019" /></cgGroup></cgGroup_Collection><Textbox9 totalBlanks="47523" /></Textbox3><Textbox43><cgGroup_Collection><cgGroup><cgId2 cgId2="Election Day" Textbox39="0" /></cgGroup><cgGroup><cgId2 cgId2="Vote by Mail" Textbox39="0" /></cgGroup></cgGroup_Collection><Textbox9 pushContests2="0" /></Textbox43><Textbox11><cgGroup_Collection><cgGroup><cgId2 cgId2="Election Day" writeinOverrides="0" /></cgGroup><cgGroup><cgId2 cgId2="Vote by Mail" writeinOverrides="0" /></cgGroup></cgGroup_Collection><Textbox9 Textbox13="0" /></Textbox11></Tablix1></Report></ContestStatistics><CandidateResults><Report Name="CandidateResultsRPT"><Tablix1><chGroup_Collection><chGroup><candidateNameTextBox4 candidateNameTextBox4="MANOHAR &quot;MANO&quot; RAJU "><Textbox2 Textbox2="" Textbox14="" /><cgGroup_Collection><cgGroup countingGroupName="Election Day" vot7="47911" /><cgGroup countingGroupName="Vote by Mail" vot7="110596" /></cgGroup_Collection><Textbox13 vot8="158507" Textbox17="0.999974765158254" /></candidateNameTextBox4><partyGroup_Collection><partyGroup><Textbox2 Textbox2="" Textbox6="" /><cgGroup_Collection><cgGroup countingGroupName="Election Day" vot4="47911" /><cgGroup countingGroupName="Vote by Mail" vot4="110596" /></cgGroup_Collection><Textbox13 vot9="158507" Textbox18="0.999974765158254" /></partyGroup></partyGroup_Collection><writeinGroup_Collection /></chGroup><chGroup><candidateNameTextBox4 candidateNameTextBox4="Write-in "><Textbox2 Textbox2="" Textbox14="" /><cgGroup_Collection><cgGroup countingGroupName="Election Day" vot7="1" /><cgGroup countingGroupName="Vote by Mail" vot7="3" /></cgGroup_Collection><Textbox13 vot8="4" Textbox17="2.52348417459987E-05" /></candidateNameTextBox4><partyGroup_Collection /><writeinGroup_Collection><writeinGroup choiceName2="Write-in "><Textbox2 Textbox2="" /><cgGroup_Collection><cgGroup countingGroupName="Election Day" vot5="1" /><cgGroup countingGroupName="Vote by Mail" vot5="3" /></cgGroup_Collection><Textbox13 vot12="4" Textbox19="2.52348417459987E-05" /></writeinGroup><writeinGroup choiceName2="Write-in "><Textbox2 Textbox2="" /><cgGroup_Collection><cgGroup countingGroupName="Election Day" vot5="0" /><cgGroup countingGroupName="Vote by Mail" vot5="0" /></cgGroup_Collection><Textbox13 vot12="0" Textbox19="0" /></writeinGroup></writeinGroup_Collection></chGroup></chGroup_Collection><Textbox5><Textbox2 Textbox2="" /><cgGroup_Collection><cgGroup countingGroupName="Election Day" votesDivider_cg="47912" /><cgGroup countingGroupName="Vote by Mail" votesDivider_cg="110599" /></cgGroup_Collection><Textbox13 votes3="158511" /></Textbox5></Tablix1><Tablix2><writeinGroup2_Collection /><Textbox4><cgGroup2_Collection><cgGroup2 cgName="Election Day" remainingUnqualified_cg="1" /><cgGroup2 cgName="Vote by Mail" remainingUnqualified_cg="3" /></cgGroup2_Collection><Textbox1 remainingUnresolved1="4" /></Textbox4></Tablix2></Report></CandidateResults></ContestIdGroup><ContestIdGroup contestId="SHERIFF   "><ContestStatistics><Report Name="ContestStatisticsRPT"><Tablix2><Details_Collection><Details Textbox2="Precincts Reported: 474 of 474 1" /></Details_Collection></Tablix2><Tablix1><Textbox7><cgGroup_Collection><cgGroup><cgId2 cgId2="Election Day" ballotsTextBox="59416" /></cgGroup><cgGroup><cgId2 cgId2="Vote by Mail" ballotsTextBox="146618" /></cgGroup></cgGroup_Collection><Textbox9 ballots2="206034 / 495050 " Textbox40="0.416188263811736" /></Textbox7><Textbox33><cgGroup_Collection><cgGroup><cgId2 cgId2="Election Day" undervotes="16883" /></cgGroup><cgGroup><cgId2 cgId2="Vote by Mail" undervotes="42534" /></cgGroup></cgGroup_Collection><Textbox9 undervotes3="59417" /></Textbox33><Textbox37><cgGroup_Collection><cgGroup><cgId2 cgId2="Election Day" Textbox36="10" /></cgGroup><cgGroup><cgId2 cgId2="Vote by Mail" Textbox36="27" /></cgGroup></cgGroup_Collection><Textbox9 overvotes2="37" /></Textbox37><Textbox3><cgGroup_Collection><cgGroup><cgId2 cgId2="Election Day" undervotes1="16893" /></cgGroup><cgGroup><cgId2 cgId2="Vote by Mail" undervotes1="42561" /></cgGroup></cgGroup_Collection><Textbox9 totalBlanks="59454" /></Textbox3><Textbox43><cgGroup_Collection><cgGroup><cgId2 cgId2="Election Day" Textbox39="0" /></cgGroup><cgGroup><cgId2 cgId2="Vote by Mail" Textbox39="0" /></cgGroup></cgGroup_Collection><Textbox9 pushContests2="0" /></Textbox43><Textbox11><cgGroup_Collection><cgGroup><cgId2 cgId2="Election Day" writeinOverrides="0" /></cgGroup><cgGroup><cgId2 cgId2="Vote by Mail" writeinOverrides="0" /></cgGroup></cgGroup_Collection><Textbox9 Textbox13="0" /></Textbox11></Tablix1></Report></ContestStatistics><CandidateResults><Report Name="CandidateResultsRPT"><Tablix1><chGroup_Collection><chGroup><candidateNameTextBox4 candidateNameTextBox4="PAUL MIYAMOTO "><Textbox2 Textbox2="" Textbox14="" /><cgGroup_Collection><cgGroup countingGroupName="Election Day" vot7="42522" /><cgGroup countingGroupName="Vote by Mail" vot7="104056" /></cgGroup_Collection><Textbox13 vot8="146578" Textbox17="0.999986355573748" /></candidateNameTextBox4><partyGroup_Collection><partyGroup><Textbox2 Textbox2="" Textbox6="" /><cgGroup_Collection><cgGroup countingGroupName="Election Day" vot4="42522" /><cgGroup countingGroupName="Vote by Mail" vot4="104056" /></cgGroup_Collection><Textbox13 vot9="146578" Textbox18="0.999986355573748" /></partyGroup></partyGroup_Collection><writeinGroup_Collection /></chGroup><chGroup><candidateNameTextBox4 candidateNameTextBox4="Write-in "><Textbox2 Textbox2="" Textbox14="" /><cgGroup_Collection><cgGroup countingGroupName="Election Day" vot7="1" /><cgGroup countingGroupName="Vote by Mail" vot7="1" /></cgGroup_Collection><Textbox13 vot8="2" Textbox17="1.36444262518761E-05" /></candidateNameTextBox4><partyGroup_Collection /><writeinGroup_Collection><writeinGroup choiceName2="Write-in "><Textbox2 Textbox2="" /><cgGroup_Collection><cgGroup countingGroupName="Election Day" vot5="1" /><cgGroup countingGroupName="Vote by Mail" vot5="1" /></cgGroup_Collection><Textbox13 vot12="2" Textbox19="1.36444262518761E-05" /></writeinGroup><writeinGroup choiceName2="Write-in "><Textbox2 Textbox2="" /><cgGroup_Collection><cgGroup countingGroupName="Election Day" vot5="0" /><cgGroup countingGroupName="Vote by Mail" vot5="0" /></cgGroup_Collection><Textbox13 vot12="0" Textbox19="0" /></writeinGroup></writeinGroup_Collection></chGroup></chGroup_Collection><Textbox5><Textbox2 Textbox2="" /><cgGroup_Collection><cgGroup countingGroupName="Election Day" votesDivider_cg="42523" /><cgGroup countingGroupName="Vote by Mail" votesDivider_cg="104057" /></cgGroup_Collection><Textbox13 votes3="146580" /></Textbox5></Tablix1><Tablix2><writeinGroup2_Collection /><Textbox4><cgGroup2_Collection><cgGroup2 cgName="Election Day" remainingUnqualified_cg="1" /><cgGroup2 cgName="Vote by Mail" remainingUnqualified_cg="1" /></cgGroup2_Collection><Textbox1 remainingUnresolved1="2" /></Textbox4></Tablix2></Report></CandidateResults></ContestIdGroup><ContestIdGroup contestId="TREASURER   "><ContestStatistics><Report Name="ContestStatisticsRPT"><Tablix2><Details_Collection><Details Textbox2="Precincts Reported: 474 of 474 1" /></Details_Collection></Tablix2><Tablix1><Textbox7><cgGroup_Collection><cgGroup><cgId2 cgId2="Election Day" ballotsTextBox="59416" /></cgGroup><cgGroup><cgId2 cgId2="Vote by Mail" ballotsTextBox="146618" /></cgGroup></cgGroup_Collection><Textbox9 ballots2="206034 / 495050 " Textbox40="0.416188263811736" /></Textbox7><Textbox33><cgGroup_Collection><cgGroup><cgId2 cgId2="Election Day" undervotes="14352" /></cgGroup><cgGroup><cgId2 cgId2="Vote by Mail" undervotes="38996" /></cgGroup></cgGroup_Collection><Textbox9 undervotes3="53348" /></Textbox33><Textbox37><cgGroup_Collection><cgGroup><cgId2 cgId2="Election Day" Textbox36="7" /></cgGroup><cgGroup><cgId2 cgId2="Vote by Mail" Textbox36="24" /></cgGroup></cgGroup_Collection><Textbox9 overvotes2="31" /></Textbox37><Textbox3><cgGroup_Collection><cgGroup><cgId2 cgId2="Election Day" undervotes1="14359" /></cgGroup><cgGroup><cgId2 cgId2="Vote by Mail" undervotes1="39020" /></cgGroup></cgGroup_Collection><Textbox9 totalBlanks="53379" /></Textbox3><Textbox43><cgGroup_Collection><cgGroup><cgId2 cgId2="Election Day" Textbox39="0" /></cgGroup><cgGroup><cgId2 cgId2="Vote by Mail" Textbox39="0" /></cgGroup></cgGroup_Collection><Textbox9 pushContests2="0" /></Textbox43><Textbox11><cgGroup_Collection><cgGroup><cgId2 cgId2="Election Day" writeinOverrides="0" /></cgGroup><cgGroup><cgId2 cgId2="Vote by Mail" writeinOverrides="0" /></cgGroup></cgGroup_Collection><Textbox9 Textbox13="0" /></Textbox11></Tablix1></Report></ContestStatistics><CandidateResults><Report Name="CandidateResultsRPT"><Tablix1><chGroup_Collection><chGroup><candidateNameTextBox4 candidateNameTextBox4="JOSÉ CISNEROS "><Textbox2 Textbox2="" Textbox14="" /><cgGroup_Collection><cgGroup countingGroupName="Election Day" vot7="45057" /><cgGroup countingGroupName="Vote by Mail" vot7="107597" /></cgGroup_Collection><Textbox13 vot8="152654" Textbox17="0.999993449281059" /></candidateNameTextBox4><partyGroup_Collection><partyGroup><Textbox2 Textbox2="" Textbox6="" /><cgGroup_Collection><cgGroup countingGroupName="Election Day" vot4="45057" /><cgGroup countingGroupName="Vote by Mail" vot4="107597" /></cgGroup_Collection><Textbox13 vot9="152654" Textbox18="0.999993449281059" /></partyGroup></partyGroup_Collection><writeinGroup_Collection /></chGroup><chGroup><candidateNameTextBox4 candidateNameTextBox4="Write-in "><Textbox2 Textbox2="" Textbox14="" /><cgGroup_Collection><cgGroup countingGroupName="Election Day" vot7="0" /><cgGroup countingGroupName="Vote by Mail" vot7="1" /></cgGroup_Collection><Textbox13 vot8="1" Textbox17="6.55071894140382E-06" /></candidateNameTextBox4><partyGroup_Collection /><writeinGroup_Collection><writeinGroup choiceName2="Write-in "><Textbox2 Textbox2="" /><cgGroup_Collection><cgGroup countingGroupName="Election Day" vot5="0" /><cgGroup countingGroupName="Vote by Mail" vot5="0" /></cgGroup_Collection><Textbox13 vot12="0" Textbox19="0" /></writeinGroup><writeinGroup choiceName2="Write-in "><Textbox2 Textbox2="" /><cgGroup_Collection><cgGroup countingGroupName="Election Day" vot5="0" /><cgGroup countingGroupName="Vote by Mail" vot5="1" /></cgGroup_Collection><Textbox13 vot12="1" Textbox19="6.55071894140382E-06" /></writeinGroup></writeinGroup_Collection></chGroup></chGroup_Collection><Textbox5><Textbox2 Textbox2="" /><cgGroup_Collection><cgGroup countingGroupName="Election Day" votesDivider_cg="45057" /><cgGroup countingGroupName="Vote by Mail" votesDivider_cg="107598" /></cgGroup_Collection><Textbox13 votes3="152655" /></Textbox5></Tablix1><Tablix2><writeinGroup2_Collection /><Textbox4><cgGroup2_Collection><cgGroup2 cgName="Election Day" remainingUnqualified_cg="0" /><cgGroup2 cgName="Vote by Mail" remainingUnqualified_cg="1" /></cgGroup2_Collection><Textbox1 remainingUnresolved1="1" /></Textbox4></Tablix2></Report></CandidateResults></ContestIdGroup><ContestIdGroup contestId="MEMBER, BOARD OF EDUCATION   "><ContestStatistics><Report Name="ContestStatisticsRPT"><Tablix2><Details_Collection><Details Textbox2="Precincts Reported: 474 of 474 1" /></Details_Collection></Tablix2><Tablix1><Textbox7><cgGroup_Collection><cgGroup><cgId2 cgId2="Election Day" ballotsTextBox="59407" /></cgGroup><cgGroup><cgId2 cgId2="Vote by Mail" ballotsTextBox="146849" /></cgGroup></cgGroup_Collection><Textbox9 ballots2="206256 / 495050 " Textbox40="0.416636703363297" /></Textbox7><Textbox33><cgGroup_Collection><cgGroup><cgId2 cgId2="Election Day" undervotes="12226" /></cgGroup><cgGroup><cgId2 cgId2="Vote by Mail" undervotes="28866" /></cgGroup></cgGroup_Collection><Textbox9 undervotes3="41092" /></Textbox33><Textbox37><cgGroup_Collection><cgGroup><cgId2 cgId2="Election Day" Textbox36="104" /></cgGroup><cgGroup><cgId2 cgId2="Vote by Mail" Textbox36="535" /></cgGroup></cgGroup_Collection><Textbox9 overvotes2="639" /></Textbox37><Textbox3><cgGroup_Collection><cgGroup><cgId2 cgId2="Election Day" undervotes1="12330" /></cgGroup><cgGroup><cgId2 cgId2="Vote by Mail" undervotes1="29401" /></cgGroup></cgGroup_Collection><Textbox9 totalBlanks="41731" /></Textbox3><Textbox43><cgGroup_Collection><cgGroup><cgId2 cgId2="Election Day" Textbox39="0" /></cgGroup><cgGroup><cgId2 cgId2="Vote by Mail" Textbox39="0" /></cgGroup></cgGroup_Collection><Textbox9 pushContests2="0" /></Textbox43><Textbox11><cgGroup_Collection><cgGroup><cgId2 cgId2="Election Day" writeinOverrides="0" /></cgGroup><cgGroup><cgId2 cgId2="Vote by Mail" writeinOverrides="0" /></cgGroup></cgGroup_Collection><Textbox9 Textbox13="0" /></Textbox11></Tablix1></Report></ContestStatistics><CandidateResults><Report Name="CandidateResultsRPT"><Tablix1><chGroup_Collection><chGroup><candidateNameTextBox4 candidateNameTextBox4="JENNY LAM "><Textbox2 Textbox2="" Textbox14="" /><cgGroup_Collection><cgGroup countingGroupName="Election Day" vot7="31349" /><cgGroup countingGroupName="Vote by Mail" vot7="89759" /></cgGroup_Collection><Textbox13 vot8="121108" Textbox17="0.736106974623917" /></candidateNameTextBox4><partyGroup_Collection><partyGroup><Textbox2 Textbox2="" Textbox6="" /><cgGroup_Collection><cgGroup countingGroupName="Election Day" vot4="31349" /><cgGroup countingGroupName="Vote by Mail" vot4="89759" /></cgGroup_Collection><Textbox13 vot9="121108" Textbox18="0.736106974623917" /></partyGroup></partyGroup_Collection><writeinGroup_Collection /></chGroup><chGroup><candidateNameTextBox4 candidateNameTextBox4="KIRSTEN STROBEL "><Textbox2 Textbox2="" Textbox14="" /><cgGroup_Collection><cgGroup countingGroupName="Election Day" vot7="9511" /><cgGroup countingGroupName="Vote by Mail" vot7="16516" /></cgGroup_Collection><Textbox13 vot8="26027" Textbox17="0.158194803221395" /></candidateNameTextBox4><partyGroup_Collection><partyGroup><Textbox2 Textbox2="" Textbox6="" /><cgGroup_Collection><cgGroup countingGroupName="Election Day" vot4="9511" /><cgGroup countingGroupName="Vote by Mail" vot4="16516" /></cgGroup_Collection><Textbox13 vot9="26027" Textbox18="0.158194803221395" /></partyGroup></partyGroup_Collection><writeinGroup_Collection /></chGroup><chGroup><candidateNameTextBox4 candidateNameTextBox4="ROBERT K. COLEMAN "><Textbox2 Textbox2="" Textbox14="" /><cgGroup_Collection><cgGroup countingGroupName="Election Day" vot7="6217" /><cgGroup countingGroupName="Vote by Mail" vot7="11171" /></cgGroup_Collection><Textbox13 vot8="17388" Textbox17="0.105686065947424" /></candidateNameTextBox4><partyGroup_Collection><partyGroup><Textbox2 Textbox2="" Textbox6="" /><cgGroup_Collection><cgGroup countingGroupName="Election Day" vot4="6217" /><cgGroup countingGroupName="Vote by Mail" vot4="11171" /></cgGroup_Collection><Textbox13 vot9="17388" Textbox18="0.105686065947424" /></partyGroup></partyGroup_Collection><writeinGroup_Collection /></chGroup><chGroup><candidateNameTextBox4 candidateNameTextBox4="Write-in "><Textbox2 Textbox2="" Textbox14="" /><cgGroup_Collection><cgGroup countingGroupName="Election Day" vot7="0" /><cgGroup countingGroupName="Vote by Mail" vot7="2" /></cgGroup_Collection><Textbox13 vot8="2" Textbox17="1.21562072633338E-05" /></candidateNameTextBox4><partyGroup_Collection /><writeinGroup_Collection><writeinGroup choiceName2="Write-in "><Textbox2 Textbox2="" /><cgGroup_Collection><cgGroup countingGroupName="Election Day" vot5="0" /><cgGroup countingGroupName="Vote by Mail" vot5="2" /></cgGroup_Collection><Textbox13 vot12="2" Textbox19="1.21562072633338E-05" /></writeinGroup></writeinGroup_Collection></chGroup></chGroup_Collection><Textbox5><Textbox2 Textbox2="" /><cgGroup_Collection><cgGroup countingGroupName="Election Day" votesDivider_cg="47077" /><cgGroup countingGroupName="Vote by Mail" votesDivider_cg="117448" /></cgGroup_Collection><Textbox13 votes3="164525" /></Textbox5></Tablix1><Tablix2><writeinGroup2_Collection /><Textbox4><cgGroup2_Collection><cgGroup2 cgName="Election Day" remainingUnqualified_cg="0" /><cgGroup2 cgName="Vote by Mail" remainingUnqualified_cg="2" /></cgGroup2_Collection><Textbox1 remainingUnresolved1="2" /></Textbox4></Tablix2></Report></CandidateResults></ContestIdGroup><ContestIdGroup contestId="MEMBER, COMMUNITY COLLEGE BOARD   "><ContestStatistics><Report Name="ContestStatisticsRPT"><Tablix2><Details_Collection><Details Textbox2="Precincts Reported: 474 of 474 1" /></Details_Collection></Tablix2><Tablix1><Textbox7><cgGroup_Collection><cgGroup><cgId2 cgId2="Election Day" ballotsTextBox="59402" /></cgGroup><cgGroup><cgId2 cgId2="Vote by Mail" ballotsTextBox="146849" /></cgGroup></cgGroup_Collection><Textbox9 ballots2="206251 / 495050 " Textbox40="0.416626603373397" /></Textbox7><Textbox33><cgGroup_Collection><cgGroup><cgId2 cgId2="Election Day" undervotes="12364" /></cgGroup><cgGroup><cgId2 cgId2="Vote by Mail" undervotes="36032" /></cgGroup></cgGroup_Collection><Textbox9 undervotes3="48396" /></Textbox33><Textbox37><cgGroup_Collection><cgGroup><cgId2 cgId2="Election Day" Textbox36="12" /></cgGroup><cgGroup><cgId2 cgId2="Vote by Mail" Textbox36="43" /></cgGroup></cgGroup_Collection><Textbox9 overvotes2="55" /></Textbox37><Textbox3><cgGroup_Collection><cgGroup><cgId2 cgId2="Election Day" undervotes1="12376" /></cgGroup><cgGroup><cgId2 cgId2="Vote by Mail" undervotes1="36075" /></cgGroup></cgGroup_Collection><Textbox9 totalBlanks="48451" /></Textbox3><Textbox43><cgGroup_Collection><cgGroup><cgId2 cgId2="Election Day" Textbox39="0" /></cgGroup><cgGroup><cgId2 cgId2="Vote by Mail" Textbox39="0" /></cgGroup></cgGroup_Collection><Textbox9 pushContests2="0" /></Textbox43><Textbox11><cgGroup_Collection><cgGroup><cgId2 cgId2="Election Day" writeinOverrides="0" /></cgGroup><cgGroup><cgId2 cgId2="Vote by Mail" writeinOverrides="0" /></cgGroup></cgGroup_Collection><Textbox9 Textbox13="0" /></Textbox11></Tablix1></Report></ContestStatistics><CandidateResults><Report Name="CandidateResultsRPT"><Tablix1><chGroup_Collection><chGroup><candidateNameTextBox4 candidateNameTextBox4="IVY LEE "><Textbox2 Textbox2="" Textbox14="" /><cgGroup_Collection><cgGroup countingGroupName="Election Day" vot7="47026" /><cgGroup countingGroupName="Vote by Mail" vot7="110772" /></cgGroup_Collection><Textbox13 vot8="157798" Textbox17="0.999987325728771" /></candidateNameTextBox4><partyGroup_Collection><partyGroup><Textbox2 Textbox2="" Textbox6="" /><cgGroup_Collection><cgGroup countingGroupName="Election Day" vot4="47026" /><cgGroup countingGroupName="Vote by Mail" vot4="110772" /></cgGroup_Collection><Textbox13 vot9="157798" Textbox18="0.999987325728771" /></partyGroup></partyGroup_Collection><writeinGroup_Collection /></chGroup><chGroup><candidateNameTextBox4 candidateNameTextBox4="Write-in "><Textbox2 Textbox2="" Textbox14="" /><cgGroup_Collection><cgGroup countingGroupName="Election Day" vot7="0" /><cgGroup countingGroupName="Vote by Mail" vot7="2" /></cgGroup_Collection><Textbox13 vot8="2" Textbox17="1.26742712294043E-05" /></candidateNameTextBox4><partyGroup_Collection /><writeinGroup_Collection><writeinGroup choiceName2="Write-in "><Textbox2 Textbox2="" /><cgGroup_Collection><cgGroup countingGroupName="Election Day" vot5="0" /><cgGroup countingGroupName="Vote by Mail" vot5="2" /></cgGroup_Collection><Textbox13 vot12="2" Textbox19="1.26742712294043E-05" /></writeinGroup></writeinGroup_Collection></chGroup></chGroup_Collection><Textbox5><Textbox2 Textbox2="" /><cgGroup_Collection><cgGroup countingGroupName="Election Day" votesDivider_cg="47026" /><cgGroup countingGroupName="Vote by Mail" votesDivider_cg="110774" /></cgGroup_Collection><Textbox13 votes3="157800" /></Textbox5></Tablix1><Tablix2><writeinGroup2_Collection /><Textbox4><cgGroup2_Collection><cgGroup2 cgName="Election Day" remainingUnqualified_cg="0" /><cgGroup2 cgName="Vote by Mail" remainingUnqualified_cg="2" /></cgGroup2_Collection><Textbox1 remainingUnresolved1="2" /></Textbox4></Tablix2></Report></CandidateResults></ContestIdGroup><ContestIdGroup contestId="PROPOSITION A   "><ContestStatistics><Report Name="ContestStatisticsRPT"><Tablix2><Details_Collection><Details Textbox2="Precincts Reported: 474 of 474 1" /></Details_Collection></Tablix2><Tablix1><Textbox7><cgGroup_Collection><cgGroup><cgId2 cgId2="Election Day" ballotsTextBox="59402" /></cgGroup><cgGroup><cgId2 cgId2="Vote by Mail" ballotsTextBox="146849" /></cgGroup></cgGroup_Collection><Textbox9 ballots2="206251 / 495050 " Textbox40="0.416626603373397" /></Textbox7><Textbox33><cgGroup_Collection><cgGroup><cgId2 cgId2="Election Day" undervotes="1413" /></cgGroup><cgGroup><cgId2 cgId2="Vote by Mail" undervotes="3850" /></cgGroup></cgGroup_Collection><Textbox9 undervotes3="5263" /></Textbox33><Textbox37><cgGroup_Collection><cgGroup><cgId2 cgId2="Election Day" Textbox36="11" /></cgGroup><cgGroup><cgId2 cgId2="Vote by Mail" Textbox36="31" /></cgGroup></cgGroup_Collection><Textbox9 overvotes2="42" /></Textbox37><Textbox3><cgGroup_Collection><cgGroup><cgId2 cgId2="Election Day" undervotes1="1424" /></cgGroup><cgGroup><cgId2 cgId2="Vote by Mail" undervotes1="3881" /></cgGroup></cgGroup_Collection><Textbox9 totalBlanks="5305" /></Textbox3><Textbox43><cgGroup_Collection><cgGroup><cgId2 cgId2="Election Day" Textbox39="0" /></cgGroup><cgGroup><cgId2 cgId2="Vote by Mail" Textbox39="0" /></cgGroup></cgGroup_Collection><Textbox9 pushContests2="0" /></Textbox43><Textbox11><cgGroup_Collection><cgGroup><cgId2 cgId2="Election Day" writeinOverrides="0" /></cgGroup><cgGroup><cgId2 cgId2="Vote by Mail" writeinOverrides="0" /></cgGroup></cgGroup_Collection><Textbox9 Textbox13="0" /></Textbox11></Tablix1></Report></ContestStatistics><CandidateResults><Report Name="CandidateResultsRPT"><Tablix1><chGroup_Collection><chGroup><candidateNameTextBox4 candidateNameTextBox4="YES "><Textbox2 Textbox2="" Textbox14="" /><cgGroup_Collection><cgGroup countingGroupName="Election Day" vot7="44581" /><cgGroup countingGroupName="Vote by Mail" vot7="98420" /></cgGroup_Collection><Textbox13 vot8="143001" Textbox17="0.711638947777015" /></candidateNameTextBox4><partyGroup_Collection><partyGroup><Textbox2 Textbox2="" Textbox6="" /><cgGroup_Collection><cgGroup countingGroupName="Election Day" vot4="44581" /><cgGroup countingGroupName="Vote by Mail" vot4="98420" /></cgGroup_Collection><Textbox13 vot9="143001" Textbox18="0.711638947777015" /></partyGroup></partyGroup_Collection><writeinGroup_Collection /></chGroup><chGroup><candidateNameTextBox4 candidateNameTextBox4="NO "><Textbox2 Textbox2="" Textbox14="" /><cgGroup_Collection><cgGroup countingGroupName="Election Day" vot7="13397" /><cgGroup countingGroupName="Vote by Mail" vot7="44548" /></cgGroup_Collection><Textbox13 vot8="57945" Textbox17="0.288361052222985" /></candidateNameTextBox4><partyGroup_Collection><partyGroup><Textbox2 Textbox2="" Textbox6="" /><cgGroup_Collection><cgGroup countingGroupName="Election Day" vot4="13397" /><cgGroup countingGroupName="Vote by Mail" vot4="44548" /></cgGroup_Collection><Textbox13 vot9="57945" Textbox18="0.288361052222985" /></partyGroup></partyGroup_Collection><writeinGroup_Collection /></chGroup></chGroup_Collection><Textbox5><Textbox2 Textbox2="" /><cgGroup_Collection><cgGroup countingGroupName="Election Day" votesDivider_cg="57978" /><cgGroup countingGroupName="Vote by Mail" votesDivider_cg="142968" /></cgGroup_Collection><Textbox13 votes3="200946" /></Textbox5></Tablix1><Tablix2><writeinGroup2_Collection /><Textbox4><cgGroup2_Collection><cgGroup2 cgName="Election Day" remainingUnqualified_cg="0" /><cgGroup2 cgName="Vote by Mail" remainingUnqualified_cg="0" /></cgGroup2_Collection><Textbox1 remainingUnresolved1="0" /></Textbox4></Tablix2></Report></CandidateResults></ContestIdGroup><ContestIdGroup contestId="PROPOSITION B   "><ContestStatistics><Report Name="ContestStatisticsRPT"><Tablix2><Details_Collection><Details Textbox2="Precincts Reported: 474 of 474 1" /></Details_Collection></Tablix2><Tablix1><Textbox7><cgGroup_Collection><cgGroup><cgId2 cgId2="Election Day" ballotsTextBox="59402" /></cgGroup><cgGroup><cgId2 cgId2="Vote by Mail" ballotsTextBox="146849" /></cgGroup></cgGroup_Collection><Textbox9 ballots2="206251 / 495050 " Textbox40="0.416626603373397" /></Textbox7><Textbox33><cgGroup_Collection><cgGroup><cgId2 cgId2="Election Day" undervotes="3392" /></cgGroup><cgGroup><cgId2 cgId2="Vote by Mail" undervotes="8673" /></cgGroup></cgGroup_Collection><Textbox9 undervotes3="12065" /></Textbox33><Textbox37><cgGroup_Collection><cgGroup><cgId2 cgId2="Election Day" Textbox36="7" /></cgGroup><cgGroup><cgId2 cgId2="Vote by Mail" Textbox36="28" /></cgGroup></cgGroup_Collection><Textbox9 overvotes2="35" /></Textbox37><Textbox3><cgGroup_Collection><cgGroup><cgId2 cgId2="Election Day" undervotes1="3399" /></cgGroup><cgGroup><cgId2 cgId2="Vote by Mail" undervotes1="8701" /></cgGroup></cgGroup_Collection><Textbox9 totalBlanks="12100" /></Textbox3><Textbox43><cgGroup_Collection><cgGroup><cgId2 cgId2="Election Day" Textbox39="0" /></cgGroup><cgGroup><cgId2 cgId2="Vote by Mail" Textbox39="0" /></cgGroup></cgGroup_Collection><Textbox9 pushContests2="0" /></Textbox43><Textbox11><cgGroup_Collection><cgGroup><cgId2 cgId2="Election Day" writeinOverrides="0" /></cgGroup><cgGroup><cgId2 cgId2="Vote by Mail" writeinOverrides="0" /></cgGroup></cgGroup_Collection><Textbox9 Textbox13="0" /></Textbox11></Tablix1></Report></ContestStatistics><CandidateResults><Report Name="CandidateResultsRPT"><Tablix1><chGroup_Collection><chGroup><candidateNameTextBox4 candidateNameTextBox4="YES "><Textbox2 Textbox2="" Textbox14="" /><cgGroup_Collection><cgGroup countingGroupName="Election Day" vot7="45321" /><cgGroup countingGroupName="Vote by Mail" vot7="107081" /></cgGroup_Collection><Textbox13 vot8="152402" Textbox17="0.784966340631776" /></candidateNameTextBox4><partyGroup_Collection><partyGroup><Textbox2 Textbox2="" Textbox6="" /><cgGroup_Collection><cgGroup countingGroupName="Election Day" vot4="45321" /><cgGroup countingGroupName="Vote by Mail" vot4="107081" /></cgGroup_Collection><Textbox13 vot9="152402" Textbox18="0.784966340631776" /></partyGroup></partyGroup_Collection><writeinGroup_Collection /></chGroup><chGroup><candidateNameTextBox4 candidateNameTextBox4="NO "><Textbox2 Textbox2="" Textbox14="" /><cgGroup_Collection><cgGroup countingGroupName="Election Day" vot7="10682" /><cgGroup countingGroupName="Vote by Mail" vot7="31067" /></cgGroup_Collection><Textbox13 vot8="41749" Textbox17="0.215033659368224" /></candidateNameTextBox4><partyGroup_Collection><partyGroup><Textbox2 Textbox2="" Textbox6="" /><cgGroup_Collection><cgGroup countingGroupName="Election Day" vot4="10682" /><cgGroup countingGroupName="Vote by Mail" vot4="31067" /></cgGroup_Collection><Textbox13 vot9="41749" Textbox18="0.215033659368224" /></partyGroup></partyGroup_Collection><writeinGroup_Collection /></chGroup></chGroup_Collection><Textbox5><Textbox2 Textbox2="" /><cgGroup_Collection><cgGroup countingGroupName="Election Day" votesDivider_cg="56003" /><cgGroup countingGroupName="Vote by Mail" votesDivider_cg="138148" /></cgGroup_Collection><Textbox13 votes3="194151" /></Textbox5></Tablix1><Tablix2><writeinGroup2_Collection /><Textbox4><cgGroup2_Collection><cgGroup2 cgName="Election Day" remainingUnqualified_cg="0" /><cgGroup2 cgName="Vote by Mail" remainingUnqualified_cg="0" /></cgGroup2_Collection><Textbox1 remainingUnresolved1="0" /></Textbox4></Tablix2></Report></CandidateResults></ContestIdGroup><ContestIdGroup contestId="PROPOSITION C   "><ContestStatistics><Report Name="ContestStatisticsRPT"><Tablix2><Details_Collection><Details Textbox2="Precincts Reported: 474 of 474 1" /></Details_Collection></Tablix2><Tablix1><Textbox7><cgGroup_Collection><cgGroup><cgId2 cgId2="Election Day" ballotsTextBox="59402" /></cgGroup><cgGroup><cgId2 cgId2="Vote by Mail" ballotsTextBox="146849" /></cgGroup></cgGroup_Collection><Textbox9 ballots2="206251 / 495050 " Textbox40="0.416626603373397" /></Textbox7><Textbox33><cgGroup_Collection><cgGroup><cgId2 cgId2="Election Day" undervotes="1300" /></cgGroup><cgGroup><cgId2 cgId2="Vote by Mail" undervotes="3366" /></cgGroup></cgGroup_Collection><Textbox9 undervotes3="4666" /></Textbox33><Textbox37><cgGroup_Collection><cgGroup><cgId2 cgId2="Election Day" Textbox36="32" /></cgGroup><cgGroup><cgId2 cgId2="Vote by Mail" Textbox36="87" /></cgGroup></cgGroup_Collection><Textbox9 overvotes2="119" /></Textbox37><Textbox3><cgGroup_Collection><cgGroup><cgId2 cgId2="Election Day" undervotes1="1332" /></cgGroup><cgGroup><cgId2 cgId2="Vote by Mail" undervotes1="3453" /></cgGroup></cgGroup_Collection><Textbox9 totalBlanks="4785" /></Textbox3><Textbox43><cgGroup_Collection><cgGroup><cgId2 cgId2="Election Day" Textbox39="0" /></cgGroup><cgGroup><cgId2 cgId2="Vote by Mail" Textbox39="0" /></cgGroup></cgGroup_Collection><Textbox9 pushContests2="0" /></Textbox43><Textbox11><cgGroup_Collection><cgGroup><cgId2 cgId2="Election Day" writeinOverrides="0" /></cgGroup><cgGroup><cgId2 cgId2="Vote by Mail" writeinOverrides="0" /></cgGroup></cgGroup_Collection><Textbox9 Textbox13="0" /></Textbox11></Tablix1></Report></ContestStatistics><CandidateResults><Report Name="CandidateResultsRPT"><Tablix1><chGroup_Collection><chGroup><candidateNameTextBox4 candidateNameTextBox4="YES "><Textbox2 Textbox2="" Textbox14="" /><cgGroup_Collection><cgGroup countingGroupName="Election Day" vot7="10090" /><cgGroup countingGroupName="Vote by Mail" vot7="26544" /></cgGroup_Collection><Textbox13 vot8="36634" Textbox17="0.181837133809179" /></candidateNameTextBox4><partyGroup_Collection><partyGroup><Textbox2 Textbox2="" Textbox6="" /><cgGroup_Collection><cgGroup countingGroupName="Election Day" vot4="10090" /><cgGroup countingGroupName="Vote by Mail" vot4="26544" /></cgGroup_Collection><Textbox13 vot9="36634" Textbox18="0.181837133809179" /></partyGroup></partyGroup_Collection><writeinGroup_Collection /></chGroup><chGroup><candidateNameTextBox4 candidateNameTextBox4="NO "><Textbox2 Textbox2="" Textbox14="" /><cgGroup_Collection><cgGroup countingGroupName="Election Day" vot7="47980" /><cgGroup countingGroupName="Vote by Mail" vot7="116852" /></cgGroup_Collection><Textbox13 vot8="164832" Textbox17="0.818162866190821" /></candidateNameTextBox4><partyGroup_Collection><partyGroup><Textbox2 Textbox2="" Textbox6="" /><cgGroup_Collection><cgGroup countingGroupName="Election Day" vot4="47980" /><cgGroup countingGroupName="Vote by Mail" vot4="116852" /></cgGroup_Collection><Textbox13 vot9="164832" Textbox18="0.818162866190821" /></partyGroup></partyGroup_Collection><writeinGroup_Collection /></chGroup></chGroup_Collection><Textbox5><Textbox2 Textbox2="" /><cgGroup_Collection><cgGroup countingGroupName="Election Day" votesDivider_cg="58070" /><cgGroup countingGroupName="Vote by Mail" votesDivider_cg="143396" /></cgGroup_Collection><Textbox13 votes3="201466" /></Textbox5></Tablix1><Tablix2><writeinGroup2_Collection /><Textbox4><cgGroup2_Collection><cgGroup2 cgName="Election Day" remainingUnqualified_cg="0" /><cgGroup2 cgName="Vote by Mail" remainingUnqualified_cg="0" /></cgGroup2_Collection><Textbox1 remainingUnresolved1="0" /></Textbox4></Tablix2></Report></CandidateResults></ContestIdGroup><ContestIdGroup contestId="PROPOSITION D   "><ContestStatistics><Report Name="ContestStatisticsRPT"><Tablix2><Details_Collection><Details Textbox2="Precincts Reported: 474 of 474 1" /></Details_Collection></Tablix2><Tablix1><Textbox7><cgGroup_Collection><cgGroup><cgId2 cgId2="Election Day" ballotsTextBox="59402" /></cgGroup><cgGroup><cgId2 cgId2="Vote by Mail" ballotsTextBox="146849" /></cgGroup></cgGroup_Collection><Textbox9 ballots2="206251 / 495050 " Textbox40="0.416626603373397" /></Textbox7><Textbox33><cgGroup_Collection><cgGroup><cgId2 cgId2="Election Day" undervotes="1617" /></cgGroup><cgGroup><cgId2 cgId2="Vote by Mail" undervotes="4048" /></cgGroup></cgGroup_Collection><Textbox9 undervotes3="5665" /></Textbox33><Textbox37><cgGroup_Collection><cgGroup><cgId2 cgId2="Election Day" Textbox36="13" /></cgGroup><cgGroup><cgId2 cgId2="Vote by Mail" Textbox36="36" /></cgGroup></cgGroup_Collection><Textbox9 overvotes2="49" /></Textbox37><Textbox3><cgGroup_Collection><cgGroup><cgId2 cgId2="Election Day" undervotes1="1630" /></cgGroup><cgGroup><cgId2 cgId2="Vote by Mail" undervotes1="4084" /></cgGroup></cgGroup_Collection><Textbox9 totalBlanks="5714" /></Textbox3><Textbox43><cgGroup_Collection><cgGroup><cgId2 cgId2="Election Day" Textbox39="0" /></cgGroup><cgGroup><cgId2 cgId2="Vote by Mail" Textbox39="0" /></cgGroup></cgGroup_Collection><Textbox9 pushContests2="0" /></Textbox43><Textbox11><cgGroup_Collection><cgGroup><cgId2 cgId2="Election Day" writeinOverrides="0" /></cgGroup><cgGroup><cgId2 cgId2="Vote by Mail" writeinOverrides="0" /></cgGroup></cgGroup_Collection><Textbox9 Textbox13="0" /></Textbox11></Tablix1></Report></ContestStatistics><CandidateResults><Report Name="CandidateResultsRPT"><Tablix1><chGroup_Collection><chGroup><candidateNameTextBox4 candidateNameTextBox4="YES "><Textbox2 Textbox2="" Textbox14="" /><cgGroup_Collection><cgGroup countingGroupName="Election Day" vot7="40879" /><cgGroup countingGroupName="Vote by Mail" vot7="94792" /></cgGroup_Collection><Textbox13 vot8="135671" Textbox17="0.676538494143225" /></candidateNameTextBox4><partyGroup_Collection><partyGroup><Textbox2 Textbox2="" Textbox6="" /><cgGroup_Collection><cgGroup countingGroupName="Election Day" vot4="40879" /><cgGroup countingGroupName="Vote by Mail" vot4="94792" /></cgGroup_Collection><Textbox13 vot9="135671" Textbox18="0.676538494143225" /></partyGroup></partyGroup_Collection><writeinGroup_Collection /></chGroup><chGroup><candidateNameTextBox4 candidateNameTextBox4="NO "><Textbox2 Textbox2="" Textbox14="" /><cgGroup_Collection><cgGroup countingGroupName="Election Day" vot7="16893" /><cgGroup countingGroupName="Vote by Mail" vot7="47973" /></cgGroup_Collection><Textbox13 vot8="64866" Textbox17="0.323461505856775" /></candidateNameTextBox4><partyGroup_Collection><partyGroup><Textbox2 Textbox2="" Textbox6="" /><cgGroup_Collection><cgGroup countingGroupName="Election Day" vot4="16893" /><cgGroup countingGroupName="Vote by Mail" vot4="47973" /></cgGroup_Collection><Textbox13 vot9="64866" Textbox18="0.323461505856775" /></partyGroup></partyGroup_Collection><writeinGroup_Collection /></chGroup></chGroup_Collection><Textbox5><Textbox2 Textbox2="" /><cgGroup_Collection><cgGroup countingGroupName="Election Day" votesDivider_cg="57772" /><cgGroup countingGroupName="Vote by Mail" votesDivider_cg="142765" /></cgGroup_Collection><Textbox13 votes3="200537" /></Textbox5></Tablix1><Tablix2><writeinGroup2_Collection /><Textbox4><cgGroup2_Collection><cgGroup2 cgName="Election Day" remainingUnqualified_cg="0" /><cgGroup2 cgName="Vote by Mail" remainingUnqualified_cg="0" /></cgGroup2_Collection><Textbox1 remainingUnresolved1="0" /></Textbox4></Tablix2></Report></CandidateResults></ContestIdGroup><ContestIdGroup contestId="PROPOSITION E   "><ContestStatistics><Report Name="ContestStatisticsRPT"><Tablix2><Details_Collection><Details Textbox2="Precincts Reported: 474 of 474 1" /></Details_Collection></Tablix2><Tablix1><Textbox7><cgGroup_Collection><cgGroup><cgId2 cgId2="Election Day" ballotsTextBox="59402" /></cgGroup><cgGroup><cgId2 cgId2="Vote by Mail" ballotsTextBox="146849" /></cgGroup></cgGroup_Collection><Textbox9 ballots2="206251 / 495050 " Textbox40="0.416626603373397" /></Textbox7><Textbox33><cgGroup_Collection><cgGroup><cgId2 cgId2="Election Day" undervotes="1869" /></cgGroup><cgGroup><cgId2 cgId2="Vote by Mail" undervotes="5359" /></cgGroup></cgGroup_Collection><Textbox9 undervotes3="7228" /></Textbox33><Textbox37><cgGroup_Collection><cgGroup><cgId2 cgId2="Election Day" Textbox36="19" /></cgGroup><cgGroup><cgId2 cgId2="Vote by Mail" Textbox36="41" /></cgGroup></cgGroup_Collection><Textbox9 overvotes2="60" /></Textbox37><Textbox3><cgGroup_Collection><cgGroup><cgId2 cgId2="Election Day" undervotes1="1888" /></cgGroup><cgGroup><cgId2 cgId2="Vote by Mail" undervotes1="5400" /></cgGroup></cgGroup_Collection><Textbox9 totalBlanks="7288" /></Textbox3><Textbox43><cgGroup_Collection><cgGroup><cgId2 cgId2="Election Day" Textbox39="0" /></cgGroup><cgGroup><cgId2 cgId2="Vote by Mail" Textbox39="0" /></cgGroup></cgGroup_Collection><Textbox9 pushContests2="0" /></Textbox43><Textbox11><cgGroup_Collection><cgGroup><cgId2 cgId2="Election Day" writeinOverrides="0" /></cgGroup><cgGroup><cgId2 cgId2="Vote by Mail" writeinOverrides="0" /></cgGroup></cgGroup_Collection><Textbox9 Textbox13="0" /></Textbox11></Tablix1></Report></ContestStatistics><CandidateResults><Report Name="CandidateResultsRPT"><Tablix1><chGroup_Collection><chGroup><candidateNameTextBox4 candidateNameTextBox4="YES "><Textbox2 Textbox2="" Textbox14="" /><cgGroup_Collection><cgGroup countingGroupName="Election Day" vot7="46068" /><cgGroup countingGroupName="Vote by Mail" vot7="105740" /></cgGroup_Collection><Textbox13 vot8="151808" Textbox17="0.762996134959766" /></candidateNameTextBox4><partyGroup_Collection><partyGroup><Textbox2 Textbox2="" Textbox6="" /><cgGroup_Collection><cgGroup countingGroupName="Election Day" vot4="46068" /><cgGroup countingGroupName="Vote by Mail" vot4="105740" /></cgGroup_Collection><Textbox13 vot9="151808" Textbox18="0.762996134959766" /></partyGroup></partyGroup_Collection><writeinGroup_Collection /></chGroup><chGroup><candidateNameTextBox4 candidateNameTextBox4="NO "><Textbox2 Textbox2="" Textbox14="" /><cgGroup_Collection><cgGroup countingGroupName="Election Day" vot7="11446" /><cgGroup countingGroupName="Vote by Mail" vot7="35709" /></cgGroup_Collection><Textbox13 vot8="47155" Textbox17="0.237003865040234" /></candidateNameTextBox4><partyGroup_Collection><partyGroup><Textbox2 Textbox2="" Textbox6="" /><cgGroup_Collection><cgGroup countingGroupName="Election Day" vot4="11446" /><cgGroup countingGroupName="Vote by Mail" vot4="35709" /></cgGroup_Collection><Textbox13 vot9="47155" Textbox18="0.237003865040234" /></partyGroup></partyGroup_Collection><writeinGroup_Collection /></chGroup></chGroup_Collection><Textbox5><Textbox2 Textbox2="" /><cgGroup_Collection><cgGroup countingGroupName="Election Day" votesDivider_cg="57514" /><cgGroup countingGroupName="Vote by Mail" votesDivider_cg="141449" /></cgGroup_Collection><Textbox13 votes3="198963" /></Textbox5></Tablix1><Tablix2><writeinGroup2_Collection /><Textbox4><cgGroup2_Collection><cgGroup2 cgName="Election Day" remainingUnqualified_cg="0" /><cgGroup2 cgName="Vote by Mail" remainingUnqualified_cg="0" /></cgGroup2_Collection><Textbox1 remainingUnresolved1="0" /></Textbox4></Tablix2></Report></CandidateResults></ContestIdGroup><ContestIdGroup contestId="PROPOSITION F   "><ContestStatistics><Report Name="ContestStatisticsRPT"><Tablix2><Details_Collection><Details Textbox2="Precincts Reported: 474 of 474 1" /></Details_Collection></Tablix2><Tablix1><Textbox7><cgGroup_Collection><cgGroup><cgId2 cgId2="Election Day" ballotsTextBox="59402" /></cgGroup><cgGroup><cgId2 cgId2="Vote by Mail" ballotsTextBox="146849" /></cgGroup></cgGroup_Collection><Textbox9 ballots2="206251 / 495050 " Textbox40="0.416626603373397" /></Textbox7><Textbox33><cgGroup_Collection><cgGroup><cgId2 cgId2="Election Day" undervotes="2693" /></cgGroup><cgGroup><cgId2 cgId2="Vote by Mail" undervotes="7201" /></cgGroup></cgGroup_Collection><Textbox9 undervotes3="9894" /></Textbox33><Textbox37><cgGroup_Collection><cgGroup><cgId2 cgId2="Election Day" Textbox36="8" /></cgGroup><cgGroup><cgId2 cgId2="Vote by Mail" Textbox36="20" /></cgGroup></cgGroup_Collection><Textbox9 overvotes2="28" /></Textbox37><Textbox3><cgGroup_Collection><cgGroup><cgId2 cgId2="Election Day" undervotes1="2701" /></cgGroup><cgGroup><cgId2 cgId2="Vote by Mail" undervotes1="7221" /></cgGroup></cgGroup_Collection><Textbox9 totalBlanks="9922" /></Textbox3><Textbox43><cgGroup_Collection><cgGroup><cgId2 cgId2="Election Day" Textbox39="0" /></cgGroup><cgGroup><cgId2 cgId2="Vote by Mail" Textbox39="0" /></cgGroup></cgGroup_Collection><Textbox9 pushContests2="0" /></Textbox43><Textbox11><cgGroup_Collection><cgGroup><cgId2 cgId2="Election Day" writeinOverrides="0" /></cgGroup><cgGroup><cgId2 cgId2="Vote by Mail" writeinOverrides="0" /></cgGroup></cgGroup_Collection><Textbox9 Textbox13="0" /></Textbox11></Tablix1></Report></ContestStatistics><CandidateResults><Report Name="CandidateResultsRPT"><Tablix1><chGroup_Collection><chGroup><candidateNameTextBox4 candidateNameTextBox4="YES "><Textbox2 Textbox2="" Textbox14="" /><cgGroup_Collection><cgGroup countingGroupName="Election Day" vot7="44133" /><cgGroup countingGroupName="Vote by Mail" vot7="106832" /></cgGroup_Collection><Textbox13 vot8="150965" Textbox17="0.768938873014175" /></candidateNameTextBox4><partyGroup_Collection><partyGroup><Textbox2 Textbox2="" Textbox6="" /><cgGroup_Collection><cgGroup countingGroupName="Election Day" vot4="44133" /><cgGroup countingGroupName="Vote by Mail" vot4="106832" /></cgGroup_Collection><Textbox13 vot9="150965" Textbox18="0.768938873014175" /></partyGroup></partyGroup_Collection><writeinGroup_Collection /></chGroup><chGroup><candidateNameTextBox4 candidateNameTextBox4="NO "><Textbox2 Textbox2="" Textbox14="" /><cgGroup_Collection><cgGroup countingGroupName="Election Day" vot7="12568" /><cgGroup countingGroupName="Vote by Mail" vot7="32796" /></cgGroup_Collection><Textbox13 vot8="45364" Textbox17="0.231061126985825" /></candidateNameTextBox4><partyGroup_Collection><partyGroup><Textbox2 Textbox2="" Textbox6="" /><cgGroup_Collection><cgGroup countingGroupName="Election Day" vot4="12568" /><cgGroup countingGroupName="Vote by Mail" vot4="32796" /></cgGroup_Collection><Textbox13 vot9="45364" Textbox18="0.231061126985825" /></partyGroup></partyGroup_Collection><writeinGroup_Collection /></chGroup></chGroup_Collection><Textbox5><Textbox2 Textbox2="" /><cgGroup_Collection><cgGroup countingGroupName="Election Day" votesDivider_cg="56701" /><cgGroup countingGroupName="Vote by Mail" votesDivider_cg="139628" /></cgGroup_Collection><Textbox13 votes3="196329" /></Textbox5></Tablix1><Tablix2><writeinGroup2_Collection /><Textbox4><cgGroup2_Collection><cgGroup2 cgName="Election Day" remainingUnqualified_cg="0" /><cgGroup2 cgName="Vote by Mail" remainingUnqualified_cg="0" /></cgGroup2_Collection><Textbox1 remainingUnresolved1="0" /></Textbox4></Tablix2></Report></CandidateResults></ContestIdGroup></ContestIdGroup_Collection></contestList></Report></ElectionSummarySubReport></TabBatchGroup></TabBatchGroup_Collection></tabBatchIdList></Report>