﻿<?xml version="1.0" encoding="utf-8"?><Report xsi:schemaLocation="ElectionSummaryReportRPT http://emsserver/ReportServer?%2FEMSApplicationServerReports%2FElectionSummaryReportRPT&amp;rs%3ACommand=Render&amp;rs%3AFormat=XML&amp;rs%3ASessionID=gyabir451jkrq155eap3hbbc&amp;rc%3ASchema=True" Name="ElectionSummaryReportRPT" xmlns:xsi="http://www.w3.org/2001/XMLSchema-instance" xmlns="ElectionSummaryReportRPT"><Title><Report Name="Title" Textbox11="Election Summary Report" Textbox3="General Election" Textbox2="City and County of San Francisco" Textbox9="2019-11-05T00:00:00" Textbox12="" Textbox8="City and County of San Francisco&#xA;November 5, 2019, Consolidated Municipal Election&#xA;Summary Report - 6" /></Title><tabBatchIdList><TabBatchGroup_Collection><TabBatchGroup contestId=""><ElectionSummarySubReport><Report Name="ElectionSummarySubReportRPT"><Tablix2><Details_Collection><Details reported="Precincts Reported: 474 of 474 (1)" /></Details_Collection></Tablix2><Tablix3><Details2_Collection><Details2 reported3="Registered Voters: 163743 of 495050 (0.330760529239471)" /></Details2_Collection></Tablix3><Tablix4><Details3_Collection><Details3 reported4="Ballots Cast: 327604" /></Details3_Collection></Tablix4><contestList><ContestIdGroup_Collection><ContestIdGroup contestId="MAYOR   "><ContestStatistics><Report Name="ContestStatisticsRPT"><Tablix2><Details_Collection><Details Textbox2="Precincts Reported: 474 of 474 1" /></Details_Collection></Tablix2><Tablix1><Textbox7><cgGroup_Collection><cgGroup><cgId2 cgId2="Election Day" ballotsTextBox="45590" /></cgGroup><cgGroup><cgId2 cgId2="Vote by Mail" ballotsTextBox="118149" /></cgGroup></cgGroup_Collection><Textbox9 ballots2="163739 / 495050 " Textbox40="0.330752449247551" /></Textbox7><Textbox33><cgGroup_Collection><cgGroup><cgId2 cgId2="Election Day" undervotes="5878" /></cgGroup><cgGroup><cgId2 cgId2="Vote by Mail" undervotes="14446" /></cgGroup></cgGroup_Collection><Textbox9 undervotes3="20324" /></Textbox33><Textbox37><cgGroup_Collection><cgGroup><cgId2 cgId2="Election Day" Textbox36="70" /></cgGroup><cgGroup><cgId2 cgId2="Vote by Mail" Textbox36="368" /></cgGroup></cgGroup_Collection><Textbox9 overvotes2="438" /></Textbox37><Textbox3><cgGroup_Collection><cgGroup><cgId2 cgId2="Election Day" undervotes1="5948" /></cgGroup><cgGroup><cgId2 cgId2="Vote by Mail" undervotes1="14814" /></cgGroup></cgGroup_Collection><Textbox9 totalBlanks="20762" /></Textbox3><Textbox43><cgGroup_Collection><cgGroup><cgId2 cgId2="Election Day" Textbox39="0" /></cgGroup><cgGroup><cgId2 cgId2="Vote by Mail" Textbox39="0" /></cgGroup></cgGroup_Collection><Textbox9 pushContests2="0" /></Textbox43><Textbox11><cgGroup_Collection><cgGroup><cgId2 cgId2="Election Day" writeinOverrides="0" /></cgGroup><cgGroup><cgId2 cgId2="Vote by Mail" writeinOverrides="0" /></cgGroup></cgGroup_Collection><Textbox9 Textbox13="0" /></Textbox11></Tablix1></Report></ContestStatistics><CandidateResults><Report Name="CandidateResultsRPT"><Tablix1><chGroup_Collection><chGroup><candidateNameTextBox4 candidateNameTextBox4="JOEL VENTRESCA "><Textbox2 Textbox2="" Textbox14="" /><cgGroup_Collection><cgGroup countingGroupName="Election Day" vot7="3254" /><cgGroup countingGroupName="Vote by Mail" vot7="7131" /></cgGroup_Collection><Textbox13 vot8="10385" Textbox17="0.0726340600236402" /></candidateNameTextBox4><partyGroup_Collection><partyGroup><Textbox2 Textbox2="" Textbox6="" /><cgGroup_Collection><cgGroup countingGroupName="Election Day" vot4="3254" /><cgGroup countingGroupName="Vote by Mail" vot4="7131" /></cgGroup_Collection><Textbox13 vot9="10385" Textbox18="0.0726340600236402" /></partyGroup></partyGroup_Collection><writeinGroup_Collection /></chGroup><chGroup><candidateNameTextBox4 candidateNameTextBox4="WILMA PANG "><Textbox2 Textbox2="" Textbox14="" /><cgGroup_Collection><cgGroup countingGroupName="Election Day" vot7="1344" /><cgGroup countingGroupName="Vote by Mail" vot7="2413" /></cgGroup_Collection><Textbox13 vot8="3757" Textbox17="0.0262769536358995" /></candidateNameTextBox4><partyGroup_Collection><partyGroup><Textbox2 Textbox2="" Textbox6="" /><cgGroup_Collection><cgGroup countingGroupName="Election Day" vot4="1344" /><cgGroup countingGroupName="Vote by Mail" vot4="2413" /></cgGroup_Collection><Textbox13 vot9="3757" Textbox18="0.0262769536358995" /></partyGroup></partyGroup_Collection><writeinGroup_Collection /></chGroup><chGroup><candidateNameTextBox4 candidateNameTextBox4="ROBERT L. JORDAN, JR. "><Textbox2 Textbox2="" Textbox14="" /><cgGroup_Collection><cgGroup countingGroupName="Election Day" vot7="588" /><cgGroup countingGroupName="Vote by Mail" vot7="1307" /></cgGroup_Collection><Textbox13 vot8="1895" Textbox17="0.0132538799946845" /></candidateNameTextBox4><partyGroup_Collection><partyGroup><Textbox2 Textbox2="" Textbox6="" /><cgGroup_Collection><cgGroup countingGroupName="Election Day" vot4="588" /><cgGroup countingGroupName="Vote by Mail" vot4="1307" /></cgGroup_Collection><Textbox13 vot9="1895" Textbox18="0.0132538799946845" /></partyGroup></partyGroup_Collection><writeinGroup_Collection /></chGroup><chGroup><candidateNameTextBox4 candidateNameTextBox4="PAUL YBARRA ROBERTSON "><Textbox2 Textbox2="" Textbox14="" /><cgGroup_Collection><cgGroup countingGroupName="Election Day" vot7="1600" /><cgGroup countingGroupName="Vote by Mail" vot7="4548" /></cgGroup_Collection><Textbox13 vot8="6148" Textbox17="0.0429999230645488" /></candidateNameTextBox4><partyGroup_Collection><partyGroup><Textbox2 Textbox2="" Textbox6="" /><cgGroup_Collection><cgGroup countingGroupName="Election Day" vot4="1600" /><cgGroup countingGroupName="Vote by Mail" vot4="4548" /></cgGroup_Collection><Textbox13 vot9="6148" Textbox18="0.0429999230645488" /></partyGroup></partyGroup_Collection><writeinGroup_Collection /></chGroup><chGroup><candidateNameTextBox4 candidateNameTextBox4="ELLEN LEE ZHOU "><Textbox2 Textbox2="" Textbox14="" /><cgGroup_Collection><cgGroup countingGroupName="Election Day" vot7="4333" /><cgGroup countingGroupName="Vote by Mail" vot7="16129" /></cgGroup_Collection><Textbox13 vot8="20462" Textbox17="0.143113927414899" /></candidateNameTextBox4><partyGroup_Collection><partyGroup><Textbox2 Textbox2="" Textbox6="" /><cgGroup_Collection><cgGroup countingGroupName="Election Day" vot4="4333" /><cgGroup countingGroupName="Vote by Mail" vot4="16129" /></cgGroup_Collection><Textbox13 vot9="20462" Textbox18="0.143113927414899" /></partyGroup></partyGroup_Collection><writeinGroup_Collection /></chGroup><chGroup><candidateNameTextBox4 candidateNameTextBox4="LONDON N. BREED "><Textbox2 Textbox2="" Textbox14="" /><cgGroup_Collection><cgGroup countingGroupName="Election Day" vot7="27295" /><cgGroup countingGroupName="Vote by Mail" vot7="71804" /></cgGroup_Collection><Textbox13 vot8="99099" Textbox17="0.693111479468726" /></candidateNameTextBox4><partyGroup_Collection><partyGroup><Textbox2 Textbox2="" Textbox6="" /><cgGroup_Collection><cgGroup countingGroupName="Election Day" vot4="27295" /><cgGroup countingGroupName="Vote by Mail" vot4="71804" /></cgGroup_Collection><Textbox13 vot9="99099" Textbox18="0.693111479468726" /></partyGroup></partyGroup_Collection><writeinGroup_Collection /></chGroup><chGroup><candidateNameTextBox4 candidateNameTextBox4="Write-in "><Textbox2 Textbox2="" Textbox14="" /><cgGroup_Collection><cgGroup countingGroupName="Election Day" vot7="1228" /><cgGroup countingGroupName="Vote by Mail" vot7="3" /></cgGroup_Collection><Textbox13 vot8="1231" Textbox17="0.00860977639760241" /></candidateNameTextBox4><partyGroup_Collection /><writeinGroup_Collection><writeinGroup choiceName2="Write-in "><Textbox2 Textbox2="" /><cgGroup_Collection><cgGroup countingGroupName="Election Day" vot5="1228" /><cgGroup countingGroupName="Vote by Mail" vot5="3" /></cgGroup_Collection><Textbox13 vot12="1231" Textbox19="0.00860977639760241" /></writeinGroup></writeinGroup_Collection></chGroup></chGroup_Collection><Textbox5><Textbox2 Textbox2="" /><cgGroup_Collection><cgGroup countingGroupName="Election Day" votesDivider_cg="39642" /><cgGroup countingGroupName="Vote by Mail" votesDivider_cg="103335" /></cgGroup_Collection><Textbox13 votes3="142977" /></Textbox5></Tablix1><Tablix2><writeinGroup2_Collection><writeinGroup2 name="MARC ROTH "><Textbox3><cgGroup2_Collection><cgGroup2 cgName="Election Day" votes="0" /><cgGroup2 cgName="Vote by Mail" votes="2" /></cgGroup2_Collection><Textbox1 votes2="2" Textbox11="1.39882638466327E-05" /></Textbox3></writeinGroup2></writeinGroup2_Collection><Textbox4><cgGroup2_Collection><cgGroup2 cgName="Election Day" remainingUnqualified_cg="1228" /><cgGroup2 cgName="Vote by Mail" remainingUnqualified_cg="1" /></cgGroup2_Collection><Textbox1 remainingUnresolved1="1229" /></Textbox4></Tablix2></Report></CandidateResults></ContestIdGroup><ContestIdGroup contestId="MEMBER, BOARD OF SUPERVISORS, DISTRICT 5   "><ContestStatistics><Report Name="ContestStatisticsRPT"><Tablix2><Details_Collection><Details Textbox2="Precincts Reported: 54 of 54 1" /></Details_Collection></Tablix2><Tablix1><Textbox7><cgGroup_Collection><cgGroup><cgId2 cgId2="Election Day" ballotsTextBox="6296" /></cgGroup><cgGroup><cgId2 cgId2="Vote by Mail" ballotsTextBox="13173" /></cgGroup></cgGroup_Collection><Textbox9 ballots2="19469 / 51976 " Textbox40="0.374576727720486" /></Textbox7><Textbox33><cgGroup_Collection><cgGroup><cgId2 cgId2="Election Day" undervotes="139" /></cgGroup><cgGroup><cgId2 cgId2="Vote by Mail" undervotes="657" /></cgGroup></cgGroup_Collection><Textbox9 undervotes3="796" /></Textbox33><Textbox37><cgGroup_Collection><cgGroup><cgId2 cgId2="Election Day" Textbox36="4" /></cgGroup><cgGroup><cgId2 cgId2="Vote by Mail" Textbox36="26" /></cgGroup></cgGroup_Collection><Textbox9 overvotes2="30" /></Textbox37><Textbox3><cgGroup_Collection><cgGroup><cgId2 cgId2="Election Day" undervotes1="143" /></cgGroup><cgGroup><cgId2 cgId2="Vote by Mail" undervotes1="683" /></cgGroup></cgGroup_Collection><Textbox9 totalBlanks="826" /></Textbox3><Textbox43><cgGroup_Collection><cgGroup><cgId2 cgId2="Election Day" Textbox39="0" /></cgGroup><cgGroup><cgId2 cgId2="Vote by Mail" Textbox39="0" /></cgGroup></cgGroup_Collection><Textbox9 pushContests2="0" /></Textbox43><Textbox11><cgGroup_Collection><cgGroup><cgId2 cgId2="Election Day" writeinOverrides="0" /></cgGroup><cgGroup><cgId2 cgId2="Vote by Mail" writeinOverrides="0" /></cgGroup></cgGroup_Collection><Textbox9 Textbox13="0" /></Textbox11></Tablix1></Report></ContestStatistics><CandidateResults><Report Name="CandidateResultsRPT"><Tablix1><chGroup_Collection><chGroup><candidateNameTextBox4 candidateNameTextBox4="RYAN LAM "><Textbox2 Textbox2="" Textbox14="" /><cgGroup_Collection><cgGroup countingGroupName="Election Day" vot7="162" /><cgGroup countingGroupName="Vote by Mail" vot7="614" /></cgGroup_Collection><Textbox13 vot8="776" Textbox17="0.0416242021133938" /></candidateNameTextBox4><partyGroup_Collection><partyGroup><Textbox2 Textbox2="" Textbox6="" /><cgGroup_Collection><cgGroup countingGroupName="Election Day" vot4="162" /><cgGroup countingGroupName="Vote by Mail" vot4="614" /></cgGroup_Collection><Textbox13 vot9="776" Textbox18="0.0416242021133938" /></partyGroup></partyGroup_Collection><writeinGroup_Collection /></chGroup><chGroup><candidateNameTextBox4 candidateNameTextBox4="DEAN PRESTON "><Textbox2 Textbox2="" Textbox14="" /><cgGroup_Collection><cgGroup countingGroupName="Election Day" vot7="3309" /><cgGroup countingGroupName="Vote by Mail" vot7="5413" /></cgGroup_Collection><Textbox13 vot8="8722" Textbox17="0.467843158289975" /></candidateNameTextBox4><partyGroup_Collection><partyGroup><Textbox2 Textbox2="" Textbox6="" /><cgGroup_Collection><cgGroup countingGroupName="Election Day" vot4="3309" /><cgGroup countingGroupName="Vote by Mail" vot4="5413" /></cgGroup_Collection><Textbox13 vot9="8722" Textbox18="0.467843158289975" /></partyGroup></partyGroup_Collection><writeinGroup_Collection /></chGroup><chGroup><candidateNameTextBox4 candidateNameTextBox4="NOMVULA O'MEARA "><Textbox2 Textbox2="" Textbox14="" /><cgGroup_Collection><cgGroup countingGroupName="Election Day" vot7="83" /><cgGroup countingGroupName="Vote by Mail" vot7="132" /></cgGroup_Collection><Textbox13 vot8="215" Textbox17="0.0115324786783243" /></candidateNameTextBox4><partyGroup_Collection><partyGroup><Textbox2 Textbox2="" Textbox6="" /><cgGroup_Collection><cgGroup countingGroupName="Election Day" vot4="83" /><cgGroup countingGroupName="Vote by Mail" vot4="132" /></cgGroup_Collection><Textbox13 vot9="215" Textbox18="0.0115324786783243" /></partyGroup></partyGroup_Collection><writeinGroup_Collection /></chGroup><chGroup><candidateNameTextBox4 candidateNameTextBox4="VALLIE BROWN "><Textbox2 Textbox2="" Textbox14="" /><cgGroup_Collection><cgGroup countingGroupName="Election Day" vot7="2555" /><cgGroup countingGroupName="Vote by Mail" vot7="6331" /></cgGroup_Collection><Textbox13 vot8="8886" Textbox17="0.476640025746929" /></candidateNameTextBox4><partyGroup_Collection><partyGroup><Textbox2 Textbox2="" Textbox6="" /><cgGroup_Collection><cgGroup countingGroupName="Election Day" vot4="2555" /><cgGroup countingGroupName="Vote by Mail" vot4="6331" /></cgGroup_Collection><Textbox13 vot9="8886" Textbox18="0.476640025746929" /></partyGroup></partyGroup_Collection><writeinGroup_Collection /></chGroup><chGroup><candidateNameTextBox4 candidateNameTextBox4="Write-in "><Textbox2 Textbox2="" Textbox14="" /><cgGroup_Collection><cgGroup countingGroupName="Election Day" vot7="44" /><cgGroup countingGroupName="Vote by Mail" vot7="0" /></cgGroup_Collection><Textbox13 vot8="44" Textbox17="0.002360135171378" /></candidateNameTextBox4><partyGroup_Collection /><writeinGroup_Collection><writeinGroup choiceName2="Write-in "><Textbox2 Textbox2="" /><cgGroup_Collection><cgGroup countingGroupName="Election Day" vot5="44" /><cgGroup countingGroupName="Vote by Mail" vot5="0" /></cgGroup_Collection><Textbox13 vot12="44" Textbox19="0.002360135171378" /></writeinGroup></writeinGroup_Collection></chGroup></chGroup_Collection><Textbox5><Textbox2 Textbox2="" /><cgGroup_Collection><cgGroup countingGroupName="Election Day" votesDivider_cg="6153" /><cgGroup countingGroupName="Vote by Mail" votesDivider_cg="12490" /></cgGroup_Collection><Textbox13 votes3="18643" /></Textbox5></Tablix1><Tablix2><writeinGroup2_Collection /><Textbox4><cgGroup2_Collection><cgGroup2 cgName="Election Day" remainingUnqualified_cg="44" /><cgGroup2 cgName="Vote by Mail" remainingUnqualified_cg="0" /></cgGroup2_Collection><Textbox1 remainingUnresolved1="44" /></Textbox4></Tablix2></Report></CandidateResults></ContestIdGroup><ContestIdGroup contestId="CITY ATTORNEY   "><ContestStatistics><Report Name="ContestStatisticsRPT"><Tablix2><Details_Collection><Details Textbox2="Precincts Reported: 474 of 474 1" /></Details_Collection></Tablix2><Tablix1><Textbox7><cgGroup_Collection><cgGroup><cgId2 cgId2="Election Day" ballotsTextBox="45590" /></cgGroup><cgGroup><cgId2 cgId2="Vote by Mail" ballotsTextBox="118149" /></cgGroup></cgGroup_Collection><Textbox9 ballots2="163739 / 495050 " Textbox40="0.330752449247551" /></Textbox7><Textbox33><cgGroup_Collection><cgGroup><cgId2 cgId2="Election Day" undervotes="7938" /></cgGroup><cgGroup><cgId2 cgId2="Vote by Mail" undervotes="26734" /></cgGroup></cgGroup_Collection><Textbox9 undervotes3="34672" /></Textbox33><Textbox37><cgGroup_Collection><cgGroup><cgId2 cgId2="Election Day" Textbox36="8" /></cgGroup><cgGroup><cgId2 cgId2="Vote by Mail" Textbox36="34" /></cgGroup></cgGroup_Collection><Textbox9 overvotes2="42" /></Textbox37><Textbox3><cgGroup_Collection><cgGroup><cgId2 cgId2="Election Day" undervotes1="7946" /></cgGroup><cgGroup><cgId2 cgId2="Vote by Mail" undervotes1="26768" /></cgGroup></cgGroup_Collection><Textbox9 totalBlanks="34714" /></Textbox3><Textbox43><cgGroup_Collection><cgGroup><cgId2 cgId2="Election Day" Textbox39="0" /></cgGroup><cgGroup><cgId2 cgId2="Vote by Mail" Textbox39="0" /></cgGroup></cgGroup_Collection><Textbox9 pushContests2="0" /></Textbox43><Textbox11><cgGroup_Collection><cgGroup><cgId2 cgId2="Election Day" writeinOverrides="0" /></cgGroup><cgGroup><cgId2 cgId2="Vote by Mail" writeinOverrides="0" /></cgGroup></cgGroup_Collection><Textbox9 Textbox13="0" /></Textbox11></Tablix1></Report></ContestStatistics><CandidateResults><Report Name="CandidateResultsRPT"><Tablix1><chGroup_Collection><chGroup><candidateNameTextBox4 candidateNameTextBox4="DENNIS J. HERRERA "><Textbox2 Textbox2="" Textbox14="" /><cgGroup_Collection><cgGroup countingGroupName="Election Day" vot7="37331" /><cgGroup countingGroupName="Vote by Mail" vot7="91378" /></cgGroup_Collection><Textbox13 vot8="128709" Textbox17="0.997550862236001" /></candidateNameTextBox4><partyGroup_Collection><partyGroup><Textbox2 Textbox2="" Textbox6="" /><cgGroup_Collection><cgGroup countingGroupName="Election Day" vot4="37331" /><cgGroup countingGroupName="Vote by Mail" vot4="91378" /></cgGroup_Collection><Textbox13 vot9="128709" Textbox18="0.997550862236001" /></partyGroup></partyGroup_Collection><writeinGroup_Collection /></chGroup><chGroup><candidateNameTextBox4 candidateNameTextBox4="Write-in "><Textbox2 Textbox2="" Textbox14="" /><cgGroup_Collection><cgGroup countingGroupName="Election Day" vot7="313" /><cgGroup countingGroupName="Vote by Mail" vot7="3" /></cgGroup_Collection><Textbox13 vot8="316" Textbox17="0.00244913776399923" /></candidateNameTextBox4><partyGroup_Collection /><writeinGroup_Collection><writeinGroup choiceName2="Write-in "><Textbox2 Textbox2="" /><cgGroup_Collection><cgGroup countingGroupName="Election Day" vot5="271" /><cgGroup countingGroupName="Vote by Mail" vot5="3" /></cgGroup_Collection><Textbox13 vot12="274" Textbox19="0.00212361945359426" /></writeinGroup><writeinGroup choiceName2="Write-in "><Textbox2 Textbox2="" /><cgGroup_Collection><cgGroup countingGroupName="Election Day" vot5="42" /><cgGroup countingGroupName="Vote by Mail" vot5="0" /></cgGroup_Collection><Textbox13 vot12="42" Textbox19="0.00032551831040496" /></writeinGroup></writeinGroup_Collection></chGroup></chGroup_Collection><Textbox5><Textbox2 Textbox2="" /><cgGroup_Collection><cgGroup countingGroupName="Election Day" votesDivider_cg="37644" /><cgGroup countingGroupName="Vote by Mail" votesDivider_cg="91381" /></cgGroup_Collection><Textbox13 votes3="129025" /></Textbox5></Tablix1><Tablix2><writeinGroup2_Collection /><Textbox4><cgGroup2_Collection><cgGroup2 cgName="Election Day" remainingUnqualified_cg="313" /><cgGroup2 cgName="Vote by Mail" remainingUnqualified_cg="3" /></cgGroup2_Collection><Textbox1 remainingUnresolved1="316" /></Textbox4></Tablix2></Report></CandidateResults></ContestIdGroup><ContestIdGroup contestId="DISTRICT ATTORNEY   "><ContestStatistics><Report Name="ContestStatisticsRPT"><Tablix2><Details_Collection><Details Textbox2="Precincts Reported: 474 of 474 1" /></Details_Collection></Tablix2><Tablix1><Textbox7><cgGroup_Collection><cgGroup><cgId2 cgId2="Election Day" ballotsTextBox="45590" /></cgGroup><cgGroup><cgId2 cgId2="Vote by Mail" ballotsTextBox="118149" /></cgGroup></cgGroup_Collection><Textbox9 ballots2="163739 / 495050 " Textbox40="0.330752449247551" /></Textbox7><Textbox33><cgGroup_Collection><cgGroup><cgId2 cgId2="Election Day" undervotes="1716" /></cgGroup><cgGroup><cgId2 cgId2="Vote by Mail" undervotes="8710" /></cgGroup></cgGroup_Collection><Textbox9 undervotes3="10426" /></Textbox33><Textbox37><cgGroup_Collection><cgGroup><cgId2 cgId2="Election Day" Textbox36="42" /></cgGroup><cgGroup><cgId2 cgId2="Vote by Mail" Textbox36="338" /></cgGroup></cgGroup_Collection><Textbox9 overvotes2="380" /></Textbox37><Textbox3><cgGroup_Collection><cgGroup><cgId2 cgId2="Election Day" undervotes1="1758" /></cgGroup><cgGroup><cgId2 cgId2="Vote by Mail" undervotes1="9048" /></cgGroup></cgGroup_Collection><Textbox9 totalBlanks="10806" /></Textbox3><Textbox43><cgGroup_Collection><cgGroup><cgId2 cgId2="Election Day" Textbox39="0" /></cgGroup><cgGroup><cgId2 cgId2="Vote by Mail" Textbox39="0" /></cgGroup></cgGroup_Collection><Textbox9 pushContests2="0" /></Textbox43><Textbox11><cgGroup_Collection><cgGroup><cgId2 cgId2="Election Day" writeinOverrides="0" /></cgGroup><cgGroup><cgId2 cgId2="Vote by Mail" writeinOverrides="0" /></cgGroup></cgGroup_Collection><Textbox9 Textbox13="0" /></Textbox11></Tablix1></Report></ContestStatistics><CandidateResults><Report Name="CandidateResultsRPT"><Tablix1><chGroup_Collection><chGroup><candidateNameTextBox4 candidateNameTextBox4="SUZY LOFTUS "><Textbox2 Textbox2="" Textbox14="" /><cgGroup_Collection><cgGroup countingGroupName="Election Day" vot7="13246" /><cgGroup countingGroupName="Vote by Mail" vot7="34908" /></cgGroup_Collection><Textbox13 vot8="48154" Textbox17="0.3148699103529" /></candidateNameTextBox4><partyGroup_Collection><partyGroup><Textbox2 Textbox2="" Textbox6="" /><cgGroup_Collection><cgGroup countingGroupName="Election Day" vot4="13246" /><cgGroup countingGroupName="Vote by Mail" vot4="34908" /></cgGroup_Collection><Textbox13 vot9="48154" Textbox18="0.3148699103529" /></partyGroup></partyGroup_Collection><writeinGroup_Collection /></chGroup><chGroup><candidateNameTextBox4 candidateNameTextBox4="LEIF DAUTCH "><Textbox2 Textbox2="" Textbox14="" /><cgGroup_Collection><cgGroup countingGroupName="Election Day" vot7="5031" /><cgGroup countingGroupName="Vote by Mail" vot7="17018" /></cgGroup_Collection><Textbox13 vot8="22049" Textbox17="0.144174246238549" /></candidateNameTextBox4><partyGroup_Collection><partyGroup><Textbox2 Textbox2="" Textbox6="" /><cgGroup_Collection><cgGroup countingGroupName="Election Day" vot4="5031" /><cgGroup countingGroupName="Vote by Mail" vot4="17018" /></cgGroup_Collection><Textbox13 vot9="22049" Textbox18="0.144174246238549" /></partyGroup></partyGroup_Collection><writeinGroup_Collection /></chGroup><chGroup><candidateNameTextBox4 candidateNameTextBox4="NANCY TUNG "><Textbox2 Textbox2="" Textbox14="" /><cgGroup_Collection><cgGroup countingGroupName="Election Day" vot7="6211" /><cgGroup countingGroupName="Vote by Mail" vot7="24459" /></cgGroup_Collection><Textbox13 vot8="30670" Textbox17="0.200545336846854" /></candidateNameTextBox4><partyGroup_Collection><partyGroup><Textbox2 Textbox2="" Textbox6="" /><cgGroup_Collection><cgGroup countingGroupName="Election Day" vot4="6211" /><cgGroup countingGroupName="Vote by Mail" vot4="24459" /></cgGroup_Collection><Textbox13 vot9="30670" Textbox18="0.200545336846854" /></partyGroup></partyGroup_Collection><writeinGroup_Collection /></chGroup><chGroup><candidateNameTextBox4 candidateNameTextBox4="CHESA BOUDIN "><Textbox2 Textbox2="" Textbox14="" /><cgGroup_Collection><cgGroup countingGroupName="Election Day" vot7="19167" /><cgGroup countingGroupName="Vote by Mail" vot7="32713" /></cgGroup_Collection><Textbox13 vot8="51880" Textbox17="0.339233520561292" /></candidateNameTextBox4><partyGroup_Collection><partyGroup><Textbox2 Textbox2="" Textbox6="" /><cgGroup_Collection><cgGroup countingGroupName="Election Day" vot4="19167" /><cgGroup countingGroupName="Vote by Mail" vot4="32713" /></cgGroup_Collection><Textbox13 vot9="51880" Textbox18="0.339233520561292" /></partyGroup></partyGroup_Collection><writeinGroup_Collection /></chGroup><chGroup><candidateNameTextBox4 candidateNameTextBox4="Write-in "><Textbox2 Textbox2="" Textbox14="" /><cgGroup_Collection><cgGroup countingGroupName="Election Day" vot7="177" /><cgGroup countingGroupName="Vote by Mail" vot7="3" /></cgGroup_Collection><Textbox13 vot8="180" Textbox17="0.00117698600040541" /></candidateNameTextBox4><partyGroup_Collection /><writeinGroup_Collection><writeinGroup choiceName2="Write-in "><Textbox2 Textbox2="" /><cgGroup_Collection><cgGroup countingGroupName="Election Day" vot5="177" /><cgGroup countingGroupName="Vote by Mail" vot5="3" /></cgGroup_Collection><Textbox13 vot12="180" Textbox19="0.00117698600040541" /></writeinGroup></writeinGroup_Collection></chGroup></chGroup_Collection><Textbox5><Textbox2 Textbox2="" /><cgGroup_Collection><cgGroup countingGroupName="Election Day" votesDivider_cg="43832" /><cgGroup countingGroupName="Vote by Mail" votesDivider_cg="109101" /></cgGroup_Collection><Textbox13 votes3="152933" /></Textbox5></Tablix1><Tablix2><writeinGroup2_Collection /><Textbox4><cgGroup2_Collection><cgGroup2 cgName="Election Day" remainingUnqualified_cg="177" /><cgGroup2 cgName="Vote by Mail" remainingUnqualified_cg="3" /></cgGroup2_Collection><Textbox1 remainingUnresolved1="180" /></Textbox4></Tablix2></Report></CandidateResults></ContestIdGroup><ContestIdGroup contestId="PUBLIC DEFENDER   "><ContestStatistics><Report Name="ContestStatisticsRPT"><Tablix2><Details_Collection><Details Textbox2="Precincts Reported: 474 of 474 1" /></Details_Collection></Tablix2><Tablix1><Textbox7><cgGroup_Collection><cgGroup><cgId2 cgId2="Election Day" ballotsTextBox="45590" /></cgGroup><cgGroup><cgId2 cgId2="Vote by Mail" ballotsTextBox="118149" /></cgGroup></cgGroup_Collection><Textbox9 ballots2="163739 / 495050 " Textbox40="0.330752449247551" /></Textbox7><Textbox33><cgGroup_Collection><cgGroup><cgId2 cgId2="Election Day" undervotes="8112" /></cgGroup><cgGroup><cgId2 cgId2="Vote by Mail" undervotes="28974" /></cgGroup></cgGroup_Collection><Textbox9 undervotes3="37086" /></Textbox33><Textbox37><cgGroup_Collection><cgGroup><cgId2 cgId2="Election Day" Textbox36="3" /></cgGroup><cgGroup><cgId2 cgId2="Vote by Mail" Textbox36="25" /></cgGroup></cgGroup_Collection><Textbox9 overvotes2="28" /></Textbox37><Textbox3><cgGroup_Collection><cgGroup><cgId2 cgId2="Election Day" undervotes1="8115" /></cgGroup><cgGroup><cgId2 cgId2="Vote by Mail" undervotes1="28999" /></cgGroup></cgGroup_Collection><Textbox9 totalBlanks="37114" /></Textbox3><Textbox43><cgGroup_Collection><cgGroup><cgId2 cgId2="Election Day" Textbox39="0" /></cgGroup><cgGroup><cgId2 cgId2="Vote by Mail" Textbox39="0" /></cgGroup></cgGroup_Collection><Textbox9 pushContests2="0" /></Textbox43><Textbox11><cgGroup_Collection><cgGroup><cgId2 cgId2="Election Day" writeinOverrides="0" /></cgGroup><cgGroup><cgId2 cgId2="Vote by Mail" writeinOverrides="0" /></cgGroup></cgGroup_Collection><Textbox9 Textbox13="0" /></Textbox11></Tablix1></Report></ContestStatistics><CandidateResults><Report Name="CandidateResultsRPT"><Tablix1><chGroup_Collection><chGroup><candidateNameTextBox4 candidateNameTextBox4="MANOHAR &quot;MANO&quot; RAJU "><Textbox2 Textbox2="" Textbox14="" /><cgGroup_Collection><cgGroup countingGroupName="Election Day" vot7="37183" /><cgGroup countingGroupName="Vote by Mail" vot7="89147" /></cgGroup_Collection><Textbox13 vot8="126330" Textbox17="0.997670286278381" /></candidateNameTextBox4><partyGroup_Collection><partyGroup><Textbox2 Textbox2="" Textbox6="" /><cgGroup_Collection><cgGroup countingGroupName="Election Day" vot4="37183" /><cgGroup countingGroupName="Vote by Mail" vot4="89147" /></cgGroup_Collection><Textbox13 vot9="126330" Textbox18="0.997670286278381" /></partyGroup></partyGroup_Collection><writeinGroup_Collection /></chGroup><chGroup><candidateNameTextBox4 candidateNameTextBox4="Write-in "><Textbox2 Textbox2="" Textbox14="" /><cgGroup_Collection><cgGroup countingGroupName="Election Day" vot7="292" /><cgGroup countingGroupName="Vote by Mail" vot7="3" /></cgGroup_Collection><Textbox13 vot8="295" Textbox17="0.00232971372161895" /></candidateNameTextBox4><partyGroup_Collection /><writeinGroup_Collection><writeinGroup choiceName2="Write-in "><Textbox2 Textbox2="" /><cgGroup_Collection><cgGroup countingGroupName="Election Day" vot5="243" /><cgGroup countingGroupName="Vote by Mail" vot5="3" /></cgGroup_Collection><Textbox13 vot12="246" Textbox19="0.00194274432379072" /></writeinGroup><writeinGroup choiceName2="Write-in "><Textbox2 Textbox2="" /><cgGroup_Collection><cgGroup countingGroupName="Election Day" vot5="49" /><cgGroup countingGroupName="Vote by Mail" vot5="0" /></cgGroup_Collection><Textbox13 vot12="49" Textbox19="0.000386969397828233" /></writeinGroup></writeinGroup_Collection></chGroup></chGroup_Collection><Textbox5><Textbox2 Textbox2="" /><cgGroup_Collection><cgGroup countingGroupName="Election Day" votesDivider_cg="37475" /><cgGroup countingGroupName="Vote by Mail" votesDivider_cg="89150" /></cgGroup_Collection><Textbox13 votes3="126625" /></Textbox5></Tablix1><Tablix2><writeinGroup2_Collection /><Textbox4><cgGroup2_Collection><cgGroup2 cgName="Election Day" remainingUnqualified_cg="292" /><cgGroup2 cgName="Vote by Mail" remainingUnqualified_cg="3" /></cgGroup2_Collection><Textbox1 remainingUnresolved1="295" /></Textbox4></Tablix2></Report></CandidateResults></ContestIdGroup><ContestIdGroup contestId="SHERIFF   "><ContestStatistics><Report Name="ContestStatisticsRPT"><Tablix2><Details_Collection><Details Textbox2="Precincts Reported: 474 of 474 1" /></Details_Collection></Tablix2><Tablix1><Textbox7><cgGroup_Collection><cgGroup><cgId2 cgId2="Election Day" ballotsTextBox="45590" /></cgGroup><cgGroup><cgId2 cgId2="Vote by Mail" ballotsTextBox="118149" /></cgGroup></cgGroup_Collection><Textbox9 ballots2="163739 / 495050 " Textbox40="0.330752449247551" /></Textbox7><Textbox33><cgGroup_Collection><cgGroup><cgId2 cgId2="Election Day" undervotes="12042" /></cgGroup><cgGroup><cgId2 cgId2="Vote by Mail" undervotes="33327" /></cgGroup></cgGroup_Collection><Textbox9 undervotes3="45369" /></Textbox33><Textbox37><cgGroup_Collection><cgGroup><cgId2 cgId2="Election Day" Textbox36="4" /></cgGroup><cgGroup><cgId2 cgId2="Vote by Mail" Textbox36="26" /></cgGroup></cgGroup_Collection><Textbox9 overvotes2="30" /></Textbox37><Textbox3><cgGroup_Collection><cgGroup><cgId2 cgId2="Election Day" undervotes1="12046" /></cgGroup><cgGroup><cgId2 cgId2="Vote by Mail" undervotes1="33353" /></cgGroup></cgGroup_Collection><Textbox9 totalBlanks="45399" /></Textbox3><Textbox43><cgGroup_Collection><cgGroup><cgId2 cgId2="Election Day" Textbox39="0" /></cgGroup><cgGroup><cgId2 cgId2="Vote by Mail" Textbox39="0" /></cgGroup></cgGroup_Collection><Textbox9 pushContests2="0" /></Textbox43><Textbox11><cgGroup_Collection><cgGroup><cgId2 cgId2="Election Day" writeinOverrides="0" /></cgGroup><cgGroup><cgId2 cgId2="Vote by Mail" writeinOverrides="0" /></cgGroup></cgGroup_Collection><Textbox9 Textbox13="0" /></Textbox11></Tablix1></Report></ContestStatistics><CandidateResults><Report Name="CandidateResultsRPT"><Tablix1><chGroup_Collection><chGroup><candidateNameTextBox4 candidateNameTextBox4="PAUL MIYAMOTO "><Textbox2 Textbox2="" Textbox14="" /><cgGroup_Collection><cgGroup countingGroupName="Election Day" vot7="33137" /><cgGroup countingGroupName="Vote by Mail" vot7="84795" /></cgGroup_Collection><Textbox13 vot8="117932" Textbox17="0.996552306912287" /></candidateNameTextBox4><partyGroup_Collection><partyGroup><Textbox2 Textbox2="" Textbox6="" /><cgGroup_Collection><cgGroup countingGroupName="Election Day" vot4="33137" /><cgGroup countingGroupName="Vote by Mail" vot4="84795" /></cgGroup_Collection><Textbox13 vot9="117932" Textbox18="0.996552306912287" /></partyGroup></partyGroup_Collection><writeinGroup_Collection /></chGroup><chGroup><candidateNameTextBox4 candidateNameTextBox4="Write-in "><Textbox2 Textbox2="" Textbox14="" /><cgGroup_Collection><cgGroup countingGroupName="Election Day" vot7="407" /><cgGroup countingGroupName="Vote by Mail" vot7="1" /></cgGroup_Collection><Textbox13 vot8="408" Textbox17="0.00344769308771337" /></candidateNameTextBox4><partyGroup_Collection /><writeinGroup_Collection><writeinGroup choiceName2="Write-in "><Textbox2 Textbox2="" /><cgGroup_Collection><cgGroup countingGroupName="Election Day" vot5="333" /><cgGroup countingGroupName="Vote by Mail" vot5="1" /></cgGroup_Collection><Textbox13 vot12="334" Textbox19="0.00282237620415751" /></writeinGroup><writeinGroup choiceName2="Write-in "><Textbox2 Textbox2="" /><cgGroup_Collection><cgGroup countingGroupName="Election Day" vot5="74" /><cgGroup countingGroupName="Vote by Mail" vot5="0" /></cgGroup_Collection><Textbox13 vot12="74" Textbox19="0.000625316883555856" /></writeinGroup></writeinGroup_Collection></chGroup></chGroup_Collection><Textbox5><Textbox2 Textbox2="" /><cgGroup_Collection><cgGroup countingGroupName="Election Day" votesDivider_cg="33544" /><cgGroup countingGroupName="Vote by Mail" votesDivider_cg="84796" /></cgGroup_Collection><Textbox13 votes3="118340" /></Textbox5></Tablix1><Tablix2><writeinGroup2_Collection /><Textbox4><cgGroup2_Collection><cgGroup2 cgName="Election Day" remainingUnqualified_cg="407" /><cgGroup2 cgName="Vote by Mail" remainingUnqualified_cg="1" /></cgGroup2_Collection><Textbox1 remainingUnresolved1="408" /></Textbox4></Tablix2></Report></CandidateResults></ContestIdGroup><ContestIdGroup contestId="TREASURER   "><ContestStatistics><Report Name="ContestStatisticsRPT"><Tablix2><Details_Collection><Details Textbox2="Precincts Reported: 474 of 474 1" /></Details_Collection></Tablix2><Tablix1><Textbox7><cgGroup_Collection><cgGroup><cgId2 cgId2="Election Day" ballotsTextBox="45590" /></cgGroup><cgGroup><cgId2 cgId2="Vote by Mail" ballotsTextBox="118149" /></cgGroup></cgGroup_Collection><Textbox9 ballots2="163739 / 495050 " Textbox40="0.330752449247551" /></Textbox7><Textbox33><cgGroup_Collection><cgGroup><cgId2 cgId2="Election Day" undervotes="10096" /></cgGroup><cgGroup><cgId2 cgId2="Vote by Mail" undervotes="30602" /></cgGroup></cgGroup_Collection><Textbox9 undervotes3="40698" /></Textbox33><Textbox37><cgGroup_Collection><cgGroup><cgId2 cgId2="Election Day" Textbox36="6" /></cgGroup><cgGroup><cgId2 cgId2="Vote by Mail" Textbox36="22" /></cgGroup></cgGroup_Collection><Textbox9 overvotes2="28" /></Textbox37><Textbox3><cgGroup_Collection><cgGroup><cgId2 cgId2="Election Day" undervotes1="10102" /></cgGroup><cgGroup><cgId2 cgId2="Vote by Mail" undervotes1="30624" /></cgGroup></cgGroup_Collection><Textbox9 totalBlanks="40726" /></Textbox3><Textbox43><cgGroup_Collection><cgGroup><cgId2 cgId2="Election Day" Textbox39="0" /></cgGroup><cgGroup><cgId2 cgId2="Vote by Mail" Textbox39="0" /></cgGroup></cgGroup_Collection><Textbox9 pushContests2="0" /></Textbox43><Textbox11><cgGroup_Collection><cgGroup><cgId2 cgId2="Election Day" writeinOverrides="0" /></cgGroup><cgGroup><cgId2 cgId2="Vote by Mail" writeinOverrides="0" /></cgGroup></cgGroup_Collection><Textbox9 Textbox13="0" /></Textbox11></Tablix1></Report></ContestStatistics><CandidateResults><Report Name="CandidateResultsRPT"><Tablix1><chGroup_Collection><chGroup><candidateNameTextBox4 candidateNameTextBox4="JOSÉ CISNEROS "><Textbox2 Textbox2="" Textbox14="" /><cgGroup_Collection><cgGroup countingGroupName="Election Day" vot7="35196" /><cgGroup countingGroupName="Vote by Mail" vot7="87524" /></cgGroup_Collection><Textbox13 vot8="122720" Textbox17="0.997618137920382" /></candidateNameTextBox4><partyGroup_Collection><partyGroup><Textbox2 Textbox2="" Textbox6="" /><cgGroup_Collection><cgGroup countingGroupName="Election Day" vot4="35196" /><cgGroup countingGroupName="Vote by Mail" vot4="87524" /></cgGroup_Collection><Textbox13 vot9="122720" Textbox18="0.997618137920382" /></partyGroup></partyGroup_Collection><writeinGroup_Collection /></chGroup><chGroup><candidateNameTextBox4 candidateNameTextBox4="Write-in "><Textbox2 Textbox2="" Textbox14="" /><cgGroup_Collection><cgGroup countingGroupName="Election Day" vot7="292" /><cgGroup countingGroupName="Vote by Mail" vot7="1" /></cgGroup_Collection><Textbox13 vot8="293" Textbox17="0.0023818620796176" /></candidateNameTextBox4><partyGroup_Collection /><writeinGroup_Collection><writeinGroup choiceName2="Write-in "><Textbox2 Textbox2="" /><cgGroup_Collection><cgGroup countingGroupName="Election Day" vot5="232" /><cgGroup countingGroupName="Vote by Mail" vot5="0" /></cgGroup_Collection><Textbox13 vot12="232" Textbox19="0.00188597953061872" /></writeinGroup><writeinGroup choiceName2="Write-in "><Textbox2 Textbox2="" /><cgGroup_Collection><cgGroup countingGroupName="Election Day" vot5="60" /><cgGroup countingGroupName="Vote by Mail" vot5="1" /></cgGroup_Collection><Textbox13 vot12="61" Textbox19="0.000495882548998886" /></writeinGroup></writeinGroup_Collection></chGroup></chGroup_Collection><Textbox5><Textbox2 Textbox2="" /><cgGroup_Collection><cgGroup countingGroupName="Election Day" votesDivider_cg="35488" /><cgGroup countingGroupName="Vote by Mail" votesDivider_cg="87525" /></cgGroup_Collection><Textbox13 votes3="123013" /></Textbox5></Tablix1><Tablix2><writeinGroup2_Collection /><Textbox4><cgGroup2_Collection><cgGroup2 cgName="Election Day" remainingUnqualified_cg="292" /><cgGroup2 cgName="Vote by Mail" remainingUnqualified_cg="1" /></cgGroup2_Collection><Textbox1 remainingUnresolved1="293" /></Textbox4></Tablix2></Report></CandidateResults></ContestIdGroup><ContestIdGroup contestId="MEMBER, BOARD OF EDUCATION   "><ContestStatistics><Report Name="ContestStatisticsRPT"><Tablix2><Details_Collection><Details Textbox2="Precincts Reported: 474 of 474 1" /></Details_Collection></Tablix2><Tablix1><Textbox7><cgGroup_Collection><cgGroup><cgId2 cgId2="Election Day" ballotsTextBox="45590" /></cgGroup><cgGroup><cgId2 cgId2="Vote by Mail" ballotsTextBox="118275" /></cgGroup></cgGroup_Collection><Textbox9 ballots2="163865 / 495050 " Textbox40="0.331006968993031" /></Textbox7><Textbox33><cgGroup_Collection><cgGroup><cgId2 cgId2="Election Day" undervotes="8584" /></cgGroup><cgGroup><cgId2 cgId2="Vote by Mail" undervotes="22441" /></cgGroup></cgGroup_Collection><Textbox9 undervotes3="31025" /></Textbox33><Textbox37><cgGroup_Collection><cgGroup><cgId2 cgId2="Election Day" Textbox36="65" /></cgGroup><cgGroup><cgId2 cgId2="Vote by Mail" Textbox36="463" /></cgGroup></cgGroup_Collection><Textbox9 overvotes2="528" /></Textbox37><Textbox3><cgGroup_Collection><cgGroup><cgId2 cgId2="Election Day" undervotes1="8649" /></cgGroup><cgGroup><cgId2 cgId2="Vote by Mail" undervotes1="22904" /></cgGroup></cgGroup_Collection><Textbox9 totalBlanks="31553" /></Textbox3><Textbox43><cgGroup_Collection><cgGroup><cgId2 cgId2="Election Day" Textbox39="0" /></cgGroup><cgGroup><cgId2 cgId2="Vote by Mail" Textbox39="0" /></cgGroup></cgGroup_Collection><Textbox9 pushContests2="0" /></Textbox43><Textbox11><cgGroup_Collection><cgGroup><cgId2 cgId2="Election Day" writeinOverrides="0" /></cgGroup><cgGroup><cgId2 cgId2="Vote by Mail" writeinOverrides="0" /></cgGroup></cgGroup_Collection><Textbox9 Textbox13="0" /></Textbox11></Tablix1></Report></ContestStatistics><CandidateResults><Report Name="CandidateResultsRPT"><Tablix1><chGroup_Collection><chGroup><candidateNameTextBox4 candidateNameTextBox4="JENNY LAM "><Textbox2 Textbox2="" Textbox14="" /><cgGroup_Collection><cgGroup countingGroupName="Election Day" vot7="24609" /><cgGroup countingGroupName="Vote by Mail" vot7="72842" /></cgGroup_Collection><Textbox13 vot8="97451" Textbox17="0.736524275953806" /></candidateNameTextBox4><partyGroup_Collection><partyGroup><Textbox2 Textbox2="" Textbox6="" /><cgGroup_Collection><cgGroup countingGroupName="Election Day" vot4="24609" /><cgGroup countingGroupName="Vote by Mail" vot4="72842" /></cgGroup_Collection><Textbox13 vot9="97451" Textbox18="0.736524275953806" /></partyGroup></partyGroup_Collection><writeinGroup_Collection /></chGroup><chGroup><candidateNameTextBox4 candidateNameTextBox4="KIRSTEN STROBEL "><Textbox2 Textbox2="" Textbox14="" /><cgGroup_Collection><cgGroup countingGroupName="Election Day" vot7="7148" /><cgGroup countingGroupName="Vote by Mail" vot7="13225" /></cgGroup_Collection><Textbox13 vot8="20373" Textbox17="0.153976963540722" /></candidateNameTextBox4><partyGroup_Collection><partyGroup><Textbox2 Textbox2="" Textbox6="" /><cgGroup_Collection><cgGroup countingGroupName="Election Day" vot4="7148" /><cgGroup countingGroupName="Vote by Mail" vot4="13225" /></cgGroup_Collection><Textbox13 vot9="20373" Textbox18="0.153976963540722" /></partyGroup></partyGroup_Collection><writeinGroup_Collection /></chGroup><chGroup><candidateNameTextBox4 candidateNameTextBox4="ROBERT K. COLEMAN "><Textbox2 Textbox2="" Textbox14="" /><cgGroup_Collection><cgGroup countingGroupName="Election Day" vot7="4873" /><cgGroup countingGroupName="Vote by Mail" vot7="9302" /></cgGroup_Collection><Textbox13 vot8="14175" Textbox17="0.107133139851261" /></candidateNameTextBox4><partyGroup_Collection><partyGroup><Textbox2 Textbox2="" Textbox6="" /><cgGroup_Collection><cgGroup countingGroupName="Election Day" vot4="4873" /><cgGroup countingGroupName="Vote by Mail" vot4="9302" /></cgGroup_Collection><Textbox13 vot9="14175" Textbox18="0.107133139851261" /></partyGroup></partyGroup_Collection><writeinGroup_Collection /></chGroup><chGroup><candidateNameTextBox4 candidateNameTextBox4="Write-in "><Textbox2 Textbox2="" Textbox14="" /><cgGroup_Collection><cgGroup countingGroupName="Election Day" vot7="311" /><cgGroup countingGroupName="Vote by Mail" vot7="2" /></cgGroup_Collection><Textbox13 vot8="313" Textbox17="0.00236562065421126" /></candidateNameTextBox4><partyGroup_Collection /><writeinGroup_Collection><writeinGroup choiceName2="Write-in "><Textbox2 Textbox2="" /><cgGroup_Collection><cgGroup countingGroupName="Election Day" vot5="311" /><cgGroup countingGroupName="Vote by Mail" vot5="2" /></cgGroup_Collection><Textbox13 vot12="313" Textbox19="0.00236562065421126" /></writeinGroup></writeinGroup_Collection></chGroup></chGroup_Collection><Textbox5><Textbox2 Textbox2="" /><cgGroup_Collection><cgGroup countingGroupName="Election Day" votesDivider_cg="36941" /><cgGroup countingGroupName="Vote by Mail" votesDivider_cg="95371" /></cgGroup_Collection><Textbox13 votes3="132312" /></Textbox5></Tablix1><Tablix2><writeinGroup2_Collection /><Textbox4><cgGroup2_Collection><cgGroup2 cgName="Election Day" remainingUnqualified_cg="311" /><cgGroup2 cgName="Vote by Mail" remainingUnqualified_cg="2" /></cgGroup2_Collection><Textbox1 remainingUnresolved1="313" /></Textbox4></Tablix2></Report></CandidateResults></ContestIdGroup><ContestIdGroup contestId="MEMBER, COMMUNITY COLLEGE BOARD   "><ContestStatistics><Report Name="ContestStatisticsRPT"><Tablix2><Details_Collection><Details Textbox2="Precincts Reported: 474 of 474 1" /></Details_Collection></Tablix2><Tablix1><Textbox7><cgGroup_Collection><cgGroup><cgId2 cgId2="Election Day" ballotsTextBox="45586" /></cgGroup><cgGroup><cgId2 cgId2="Vote by Mail" ballotsTextBox="118275" /></cgGroup></cgGroup_Collection><Textbox9 ballots2="163861 / 495050 " Textbox40="0.330998889001111" /></Textbox7><Textbox33><cgGroup_Collection><cgGroup><cgId2 cgId2="Election Day" undervotes="8659" /></cgGroup><cgGroup><cgId2 cgId2="Vote by Mail" undervotes="28718" /></cgGroup></cgGroup_Collection><Textbox9 undervotes3="37377" /></Textbox33><Textbox37><cgGroup_Collection><cgGroup><cgId2 cgId2="Election Day" Textbox36="8" /></cgGroup><cgGroup><cgId2 cgId2="Vote by Mail" Textbox36="37" /></cgGroup></cgGroup_Collection><Textbox9 overvotes2="45" /></Textbox37><Textbox3><cgGroup_Collection><cgGroup><cgId2 cgId2="Election Day" undervotes1="8667" /></cgGroup><cgGroup><cgId2 cgId2="Vote by Mail" undervotes1="28755" /></cgGroup></cgGroup_Collection><Textbox9 totalBlanks="37422" /></Textbox3><Textbox43><cgGroup_Collection><cgGroup><cgId2 cgId2="Election Day" Textbox39="0" /></cgGroup><cgGroup><cgId2 cgId2="Vote by Mail" Textbox39="0" /></cgGroup></cgGroup_Collection><Textbox9 pushContests2="0" /></Textbox43><Textbox11><cgGroup_Collection><cgGroup><cgId2 cgId2="Election Day" writeinOverrides="0" /></cgGroup><cgGroup><cgId2 cgId2="Vote by Mail" writeinOverrides="0" /></cgGroup></cgGroup_Collection><Textbox9 Textbox13="0" /></Textbox11></Tablix1></Report></ContestStatistics><CandidateResults><Report Name="CandidateResultsRPT"><Tablix1><chGroup_Collection><chGroup><candidateNameTextBox4 candidateNameTextBox4="IVY LEE "><Textbox2 Textbox2="" Textbox14="" /><cgGroup_Collection><cgGroup countingGroupName="Election Day" vot7="36536" /><cgGroup countingGroupName="Vote by Mail" vot7="89518" /></cgGroup_Collection><Textbox13 vot8="126054" Textbox17="0.996955053424972" /></candidateNameTextBox4><partyGroup_Collection><partyGroup><Textbox2 Textbox2="" Textbox6="" /><cgGroup_Collection><cgGroup countingGroupName="Election Day" vot4="36536" /><cgGroup countingGroupName="Vote by Mail" vot4="89518" /></cgGroup_Collection><Textbox13 vot9="126054" Textbox18="0.996955053424972" /></partyGroup></partyGroup_Collection><writeinGroup_Collection /></chGroup><chGroup><candidateNameTextBox4 candidateNameTextBox4="Write-in "><Textbox2 Textbox2="" Textbox14="" /><cgGroup_Collection><cgGroup countingGroupName="Election Day" vot7="383" /><cgGroup countingGroupName="Vote by Mail" vot7="2" /></cgGroup_Collection><Textbox13 vot8="385" Textbox17="0.00304494657502827" /></candidateNameTextBox4><partyGroup_Collection /><writeinGroup_Collection><writeinGroup choiceName2="Write-in "><Textbox2 Textbox2="" /><cgGroup_Collection><cgGroup countingGroupName="Election Day" vot5="383" /><cgGroup countingGroupName="Vote by Mail" vot5="2" /></cgGroup_Collection><Textbox13 vot12="385" Textbox19="0.00304494657502827" /></writeinGroup></writeinGroup_Collection></chGroup></chGroup_Collection><Textbox5><Textbox2 Textbox2="" /><cgGroup_Collection><cgGroup countingGroupName="Election Day" votesDivider_cg="36919" /><cgGroup countingGroupName="Vote by Mail" votesDivider_cg="89520" /></cgGroup_Collection><Textbox13 votes3="126439" /></Textbox5></Tablix1><Tablix2><writeinGroup2_Collection /><Textbox4><cgGroup2_Collection><cgGroup2 cgName="Election Day" remainingUnqualified_cg="383" /><cgGroup2 cgName="Vote by Mail" remainingUnqualified_cg="2" /></cgGroup2_Collection><Textbox1 remainingUnresolved1="385" /></Textbox4></Tablix2></Report></CandidateResults></ContestIdGroup><ContestIdGroup contestId="PROPOSITION A   "><ContestStatistics><Report Name="ContestStatisticsRPT"><Tablix2><Details_Collection><Details Textbox2="Precincts Reported: 474 of 474 1" /></Details_Collection></Tablix2><Tablix1><Textbox7><cgGroup_Collection><cgGroup><cgId2 cgId2="Election Day" ballotsTextBox="45586" /></cgGroup><cgGroup><cgId2 cgId2="Vote by Mail" ballotsTextBox="118275" /></cgGroup></cgGroup_Collection><Textbox9 ballots2="163861 / 495050 " Textbox40="0.330998889001111" /></Textbox7><Textbox33><cgGroup_Collection><cgGroup><cgId2 cgId2="Election Day" undervotes="960" /></cgGroup><cgGroup><cgId2 cgId2="Vote by Mail" undervotes="3070" /></cgGroup></cgGroup_Collection><Textbox9 undervotes3="4030" /></Textbox33><Textbox37><cgGroup_Collection><cgGroup><cgId2 cgId2="Election Day" Textbox36="9" /></cgGroup><cgGroup><cgId2 cgId2="Vote by Mail" Textbox36="19" /></cgGroup></cgGroup_Collection><Textbox9 overvotes2="28" /></Textbox37><Textbox3><cgGroup_Collection><cgGroup><cgId2 cgId2="Election Day" undervotes1="969" /></cgGroup><cgGroup><cgId2 cgId2="Vote by Mail" undervotes1="3089" /></cgGroup></cgGroup_Collection><Textbox9 totalBlanks="4058" /></Textbox3><Textbox43><cgGroup_Collection><cgGroup><cgId2 cgId2="Election Day" Textbox39="0" /></cgGroup><cgGroup><cgId2 cgId2="Vote by Mail" Textbox39="0" /></cgGroup></cgGroup_Collection><Textbox9 pushContests2="0" /></Textbox43><Textbox11><cgGroup_Collection><cgGroup><cgId2 cgId2="Election Day" writeinOverrides="0" /></cgGroup><cgGroup><cgId2 cgId2="Vote by Mail" writeinOverrides="0" /></cgGroup></cgGroup_Collection><Textbox9 Textbox13="0" /></Textbox11></Tablix1></Report></ContestStatistics><CandidateResults><Report Name="CandidateResultsRPT"><Tablix1><chGroup_Collection><chGroup><candidateNameTextBox4 candidateNameTextBox4="YES "><Textbox2 Textbox2="" Textbox14="" /><cgGroup_Collection><cgGroup countingGroupName="Election Day" vot7="33935" /><cgGroup countingGroupName="Vote by Mail" vot7="77748" /></cgGroup_Collection><Textbox13 vot8="111683" Textbox17="0.698879245070493" /></candidateNameTextBox4><partyGroup_Collection><partyGroup><Textbox2 Textbox2="" Textbox6="" /><cgGroup_Collection><cgGroup countingGroupName="Election Day" vot4="33935" /><cgGroup countingGroupName="Vote by Mail" vot4="77748" /></cgGroup_Collection><Textbox13 vot9="111683" Textbox18="0.698879245070493" /></partyGroup></partyGroup_Collection><writeinGroup_Collection /></chGroup><chGroup><candidateNameTextBox4 candidateNameTextBox4="NO "><Textbox2 Textbox2="" Textbox14="" /><cgGroup_Collection><cgGroup countingGroupName="Election Day" vot7="10682" /><cgGroup countingGroupName="Vote by Mail" vot7="37438" /></cgGroup_Collection><Textbox13 vot8="48120" Textbox17="0.301120754929507" /></candidateNameTextBox4><partyGroup_Collection><partyGroup><Textbox2 Textbox2="" Textbox6="" /><cgGroup_Collection><cgGroup countingGroupName="Election Day" vot4="10682" /><cgGroup countingGroupName="Vote by Mail" vot4="37438" /></cgGroup_Collection><Textbox13 vot9="48120" Textbox18="0.301120754929507" /></partyGroup></partyGroup_Collection><writeinGroup_Collection /></chGroup></chGroup_Collection><Textbox5><Textbox2 Textbox2="" /><cgGroup_Collection><cgGroup countingGroupName="Election Day" votesDivider_cg="44617" /><cgGroup countingGroupName="Vote by Mail" votesDivider_cg="115186" /></cgGroup_Collection><Textbox13 votes3="159803" /></Textbox5></Tablix1><Tablix2><writeinGroup2_Collection /><Textbox4><cgGroup2_Collection><cgGroup2 cgName="Election Day" remainingUnqualified_cg="0" /><cgGroup2 cgName="Vote by Mail" remainingUnqualified_cg="0" /></cgGroup2_Collection><Textbox1 remainingUnresolved1="0" /></Textbox4></Tablix2></Report></CandidateResults></ContestIdGroup><ContestIdGroup contestId="PROPOSITION B   "><ContestStatistics><Report Name="ContestStatisticsRPT"><Tablix2><Details_Collection><Details Textbox2="Precincts Reported: 474 of 474 1" /></Details_Collection></Tablix2><Tablix1><Textbox7><cgGroup_Collection><cgGroup><cgId2 cgId2="Election Day" ballotsTextBox="45586" /></cgGroup><cgGroup><cgId2 cgId2="Vote by Mail" ballotsTextBox="118275" /></cgGroup></cgGroup_Collection><Textbox9 ballots2="163861 / 495050 " Textbox40="0.330998889001111" /></Textbox7><Textbox33><cgGroup_Collection><cgGroup><cgId2 cgId2="Election Day" undervotes="2351" /></cgGroup><cgGroup><cgId2 cgId2="Vote by Mail" undervotes="6854" /></cgGroup></cgGroup_Collection><Textbox9 undervotes3="9205" /></Textbox33><Textbox37><cgGroup_Collection><cgGroup><cgId2 cgId2="Election Day" Textbox36="7" /></cgGroup><cgGroup><cgId2 cgId2="Vote by Mail" Textbox36="25" /></cgGroup></cgGroup_Collection><Textbox9 overvotes2="32" /></Textbox37><Textbox3><cgGroup_Collection><cgGroup><cgId2 cgId2="Election Day" undervotes1="2358" /></cgGroup><cgGroup><cgId2 cgId2="Vote by Mail" undervotes1="6879" /></cgGroup></cgGroup_Collection><Textbox9 totalBlanks="9237" /></Textbox3><Textbox43><cgGroup_Collection><cgGroup><cgId2 cgId2="Election Day" Textbox39="0" /></cgGroup><cgGroup><cgId2 cgId2="Vote by Mail" Textbox39="0" /></cgGroup></cgGroup_Collection><Textbox9 pushContests2="0" /></Textbox43><Textbox11><cgGroup_Collection><cgGroup><cgId2 cgId2="Election Day" writeinOverrides="0" /></cgGroup><cgGroup><cgId2 cgId2="Vote by Mail" writeinOverrides="0" /></cgGroup></cgGroup_Collection><Textbox9 Textbox13="0" /></Textbox11></Tablix1></Report></ContestStatistics><CandidateResults><Report Name="CandidateResultsRPT"><Tablix1><chGroup_Collection><chGroup><candidateNameTextBox4 candidateNameTextBox4="YES "><Textbox2 Textbox2="" Textbox14="" /><cgGroup_Collection><cgGroup countingGroupName="Election Day" vot7="34928" /><cgGroup countingGroupName="Vote by Mail" vot7="85204" /></cgGroup_Collection><Textbox13 vot8="120132" Textbox17="0.776929842715232" /></candidateNameTextBox4><partyGroup_Collection><partyGroup><Textbox2 Textbox2="" Textbox6="" /><cgGroup_Collection><cgGroup countingGroupName="Election Day" vot4="34928" /><cgGroup countingGroupName="Vote by Mail" vot4="85204" /></cgGroup_Collection><Textbox13 vot9="120132" Textbox18="0.776929842715232" /></partyGroup></partyGroup_Collection><writeinGroup_Collection /></chGroup><chGroup><candidateNameTextBox4 candidateNameTextBox4="NO "><Textbox2 Textbox2="" Textbox14="" /><cgGroup_Collection><cgGroup countingGroupName="Election Day" vot7="8300" /><cgGroup countingGroupName="Vote by Mail" vot7="26192" /></cgGroup_Collection><Textbox13 vot8="34492" Textbox17="0.223070157284768" /></candidateNameTextBox4><partyGroup_Collection><partyGroup><Textbox2 Textbox2="" Textbox6="" /><cgGroup_Collection><cgGroup countingGroupName="Election Day" vot4="8300" /><cgGroup countingGroupName="Vote by Mail" vot4="26192" /></cgGroup_Collection><Textbox13 vot9="34492" Textbox18="0.223070157284768" /></partyGroup></partyGroup_Collection><writeinGroup_Collection /></chGroup></chGroup_Collection><Textbox5><Textbox2 Textbox2="" /><cgGroup_Collection><cgGroup countingGroupName="Election Day" votesDivider_cg="43228" /><cgGroup countingGroupName="Vote by Mail" votesDivider_cg="111396" /></cgGroup_Collection><Textbox13 votes3="154624" /></Textbox5></Tablix1><Tablix2><writeinGroup2_Collection /><Textbox4><cgGroup2_Collection><cgGroup2 cgName="Election Day" remainingUnqualified_cg="0" /><cgGroup2 cgName="Vote by Mail" remainingUnqualified_cg="0" /></cgGroup2_Collection><Textbox1 remainingUnresolved1="0" /></Textbox4></Tablix2></Report></CandidateResults></ContestIdGroup><ContestIdGroup contestId="PROPOSITION C   "><ContestStatistics><Report Name="ContestStatisticsRPT"><Tablix2><Details_Collection><Details Textbox2="Precincts Reported: 474 of 474 1" /></Details_Collection></Tablix2><Tablix1><Textbox7><cgGroup_Collection><cgGroup><cgId2 cgId2="Election Day" ballotsTextBox="45586" /></cgGroup><cgGroup><cgId2 cgId2="Vote by Mail" ballotsTextBox="118275" /></cgGroup></cgGroup_Collection><Textbox9 ballots2="163861 / 495050 " Textbox40="0.330998889001111" /></Textbox7><Textbox33><cgGroup_Collection><cgGroup><cgId2 cgId2="Election Day" undervotes="878" /></cgGroup><cgGroup><cgId2 cgId2="Vote by Mail" undervotes="2681" /></cgGroup></cgGroup_Collection><Textbox9 undervotes3="3559" /></Textbox33><Textbox37><cgGroup_Collection><cgGroup><cgId2 cgId2="Election Day" Textbox36="24" /></cgGroup><cgGroup><cgId2 cgId2="Vote by Mail" Textbox36="65" /></cgGroup></cgGroup_Collection><Textbox9 overvotes2="89" /></Textbox37><Textbox3><cgGroup_Collection><cgGroup><cgId2 cgId2="Election Day" undervotes1="902" /></cgGroup><cgGroup><cgId2 cgId2="Vote by Mail" undervotes1="2746" /></cgGroup></cgGroup_Collection><Textbox9 totalBlanks="3648" /></Textbox3><Textbox43><cgGroup_Collection><cgGroup><cgId2 cgId2="Election Day" Textbox39="0" /></cgGroup><cgGroup><cgId2 cgId2="Vote by Mail" Textbox39="0" /></cgGroup></cgGroup_Collection><Textbox9 pushContests2="0" /></Textbox43><Textbox11><cgGroup_Collection><cgGroup><cgId2 cgId2="Election Day" writeinOverrides="0" /></cgGroup><cgGroup><cgId2 cgId2="Vote by Mail" writeinOverrides="0" /></cgGroup></cgGroup_Collection><Textbox9 Textbox13="0" /></Textbox11></Tablix1></Report></ContestStatistics><CandidateResults><Report Name="CandidateResultsRPT"><Tablix1><chGroup_Collection><chGroup><candidateNameTextBox4 candidateNameTextBox4="YES "><Textbox2 Textbox2="" Textbox14="" /><cgGroup_Collection><cgGroup countingGroupName="Election Day" vot7="7329" /><cgGroup countingGroupName="Vote by Mail" vot7="21828" /></cgGroup_Collection><Textbox13 vot8="29157" Textbox17="0.181988977174137" /></candidateNameTextBox4><partyGroup_Collection><partyGroup><Textbox2 Textbox2="" Textbox6="" /><cgGroup_Collection><cgGroup countingGroupName="Election Day" vot4="7329" /><cgGroup countingGroupName="Vote by Mail" vot4="21828" /></cgGroup_Collection><Textbox13 vot9="29157" Textbox18="0.181988977174137" /></partyGroup></partyGroup_Collection><writeinGroup_Collection /></chGroup><chGroup><candidateNameTextBox4 candidateNameTextBox4="NO "><Textbox2 Textbox2="" Textbox14="" /><cgGroup_Collection><cgGroup countingGroupName="Election Day" vot7="37355" /><cgGroup countingGroupName="Vote by Mail" vot7="93701" /></cgGroup_Collection><Textbox13 vot8="131056" Textbox17="0.818011022825863" /></candidateNameTextBox4><partyGroup_Collection><partyGroup><Textbox2 Textbox2="" Textbox6="" /><cgGroup_Collection><cgGroup countingGroupName="Election Day" vot4="37355" /><cgGroup countingGroupName="Vote by Mail" vot4="93701" /></cgGroup_Collection><Textbox13 vot9="131056" Textbox18="0.818011022825863" /></partyGroup></partyGroup_Collection><writeinGroup_Collection /></chGroup></chGroup_Collection><Textbox5><Textbox2 Textbox2="" /><cgGroup_Collection><cgGroup countingGroupName="Election Day" votesDivider_cg="44684" /><cgGroup countingGroupName="Vote by Mail" votesDivider_cg="115529" /></cgGroup_Collection><Textbox13 votes3="160213" /></Textbox5></Tablix1><Tablix2><writeinGroup2_Collection /><Textbox4><cgGroup2_Collection><cgGroup2 cgName="Election Day" remainingUnqualified_cg="0" /><cgGroup2 cgName="Vote by Mail" remainingUnqualified_cg="0" /></cgGroup2_Collection><Textbox1 remainingUnresolved1="0" /></Textbox4></Tablix2></Report></CandidateResults></ContestIdGroup><ContestIdGroup contestId="PROPOSITION D   "><ContestStatistics><Report Name="ContestStatisticsRPT"><Tablix2><Details_Collection><Details Textbox2="Precincts Reported: 474 of 474 1" /></Details_Collection></Tablix2><Tablix1><Textbox7><cgGroup_Collection><cgGroup><cgId2 cgId2="Election Day" ballotsTextBox="45586" /></cgGroup><cgGroup><cgId2 cgId2="Vote by Mail" ballotsTextBox="118275" /></cgGroup></cgGroup_Collection><Textbox9 ballots2="163861 / 495050 " Textbox40="0.330998889001111" /></Textbox7><Textbox33><cgGroup_Collection><cgGroup><cgId2 cgId2="Election Day" undervotes="1112" /></cgGroup><cgGroup><cgId2 cgId2="Vote by Mail" undervotes="3261" /></cgGroup></cgGroup_Collection><Textbox9 undervotes3="4373" /></Textbox33><Textbox37><cgGroup_Collection><cgGroup><cgId2 cgId2="Election Day" Textbox36="13" /></cgGroup><cgGroup><cgId2 cgId2="Vote by Mail" Textbox36="29" /></cgGroup></cgGroup_Collection><Textbox9 overvotes2="42" /></Textbox37><Textbox3><cgGroup_Collection><cgGroup><cgId2 cgId2="Election Day" undervotes1="1125" /></cgGroup><cgGroup><cgId2 cgId2="Vote by Mail" undervotes1="3290" /></cgGroup></cgGroup_Collection><Textbox9 totalBlanks="4415" /></Textbox3><Textbox43><cgGroup_Collection><cgGroup><cgId2 cgId2="Election Day" Textbox39="0" /></cgGroup><cgGroup><cgId2 cgId2="Vote by Mail" Textbox39="0" /></cgGroup></cgGroup_Collection><Textbox9 pushContests2="0" /></Textbox43><Textbox11><cgGroup_Collection><cgGroup><cgId2 cgId2="Election Day" writeinOverrides="0" /></cgGroup><cgGroup><cgId2 cgId2="Vote by Mail" writeinOverrides="0" /></cgGroup></cgGroup_Collection><Textbox9 Textbox13="0" /></Textbox11></Tablix1></Report></ContestStatistics><CandidateResults><Report Name="CandidateResultsRPT"><Tablix1><chGroup_Collection><chGroup><candidateNameTextBox4 candidateNameTextBox4="YES "><Textbox2 Textbox2="" Textbox14="" /><cgGroup_Collection><cgGroup countingGroupName="Election Day" vot7="31776" /><cgGroup countingGroupName="Vote by Mail" vot7="75543" /></cgGroup_Collection><Textbox13 vot8="107319" Textbox17="0.673074269658693" /></candidateNameTextBox4><partyGroup_Collection><partyGroup><Textbox2 Textbox2="" Textbox6="" /><cgGroup_Collection><cgGroup countingGroupName="Election Day" vot4="31776" /><cgGroup countingGroupName="Vote by Mail" vot4="75543" /></cgGroup_Collection><Textbox13 vot9="107319" Textbox18="0.673074269658693" /></partyGroup></partyGroup_Collection><writeinGroup_Collection /></chGroup><chGroup><candidateNameTextBox4 candidateNameTextBox4="NO "><Textbox2 Textbox2="" Textbox14="" /><cgGroup_Collection><cgGroup countingGroupName="Election Day" vot7="12685" /><cgGroup countingGroupName="Vote by Mail" vot7="39442" /></cgGroup_Collection><Textbox13 vot8="52127" Textbox17="0.326925730341307" /></candidateNameTextBox4><partyGroup_Collection><partyGroup><Textbox2 Textbox2="" Textbox6="" /><cgGroup_Collection><cgGroup countingGroupName="Election Day" vot4="12685" /><cgGroup countingGroupName="Vote by Mail" vot4="39442" /></cgGroup_Collection><Textbox13 vot9="52127" Textbox18="0.326925730341307" /></partyGroup></partyGroup_Collection><writeinGroup_Collection /></chGroup></chGroup_Collection><Textbox5><Textbox2 Textbox2="" /><cgGroup_Collection><cgGroup countingGroupName="Election Day" votesDivider_cg="44461" /><cgGroup countingGroupName="Vote by Mail" votesDivider_cg="114985" /></cgGroup_Collection><Textbox13 votes3="159446" /></Textbox5></Tablix1><Tablix2><writeinGroup2_Collection /><Textbox4><cgGroup2_Collection><cgGroup2 cgName="Election Day" remainingUnqualified_cg="0" /><cgGroup2 cgName="Vote by Mail" remainingUnqualified_cg="0" /></cgGroup2_Collection><Textbox1 remainingUnresolved1="0" /></Textbox4></Tablix2></Report></CandidateResults></ContestIdGroup><ContestIdGroup contestId="PROPOSITION E   "><ContestStatistics><Report Name="ContestStatisticsRPT"><Tablix2><Details_Collection><Details Textbox2="Precincts Reported: 474 of 474 1" /></Details_Collection></Tablix2><Tablix1><Textbox7><cgGroup_Collection><cgGroup><cgId2 cgId2="Election Day" ballotsTextBox="45586" /></cgGroup><cgGroup><cgId2 cgId2="Vote by Mail" ballotsTextBox="118275" /></cgGroup></cgGroup_Collection><Textbox9 ballots2="163861 / 495050 " Textbox40="0.330998889001111" /></Textbox7><Textbox33><cgGroup_Collection><cgGroup><cgId2 cgId2="Election Day" undervotes="1256" /></cgGroup><cgGroup><cgId2 cgId2="Vote by Mail" undervotes="4239" /></cgGroup></cgGroup_Collection><Textbox9 undervotes3="5495" /></Textbox33><Textbox37><cgGroup_Collection><cgGroup><cgId2 cgId2="Election Day" Textbox36="13" /></cgGroup><cgGroup><cgId2 cgId2="Vote by Mail" Textbox36="30" /></cgGroup></cgGroup_Collection><Textbox9 overvotes2="43" /></Textbox37><Textbox3><cgGroup_Collection><cgGroup><cgId2 cgId2="Election Day" undervotes1="1269" /></cgGroup><cgGroup><cgId2 cgId2="Vote by Mail" undervotes1="4269" /></cgGroup></cgGroup_Collection><Textbox9 totalBlanks="5538" /></Textbox3><Textbox43><cgGroup_Collection><cgGroup><cgId2 cgId2="Election Day" Textbox39="0" /></cgGroup><cgGroup><cgId2 cgId2="Vote by Mail" Textbox39="0" /></cgGroup></cgGroup_Collection><Textbox9 pushContests2="0" /></Textbox43><Textbox11><cgGroup_Collection><cgGroup><cgId2 cgId2="Election Day" writeinOverrides="0" /></cgGroup><cgGroup><cgId2 cgId2="Vote by Mail" writeinOverrides="0" /></cgGroup></cgGroup_Collection><Textbox9 Textbox13="0" /></Textbox11></Tablix1></Report></ContestStatistics><CandidateResults><Report Name="CandidateResultsRPT"><Tablix1><chGroup_Collection><chGroup><candidateNameTextBox4 candidateNameTextBox4="YES "><Textbox2 Textbox2="" Textbox14="" /><cgGroup_Collection><cgGroup countingGroupName="Election Day" vot7="35127" /><cgGroup countingGroupName="Vote by Mail" vot7="83960" /></cgGroup_Collection><Textbox13 vot8="119087" Textbox17="0.752177510532266" /></candidateNameTextBox4><partyGroup_Collection><partyGroup><Textbox2 Textbox2="" Textbox6="" /><cgGroup_Collection><cgGroup countingGroupName="Election Day" vot4="35127" /><cgGroup countingGroupName="Vote by Mail" vot4="83960" /></cgGroup_Collection><Textbox13 vot9="119087" Textbox18="0.752177510532266" /></partyGroup></partyGroup_Collection><writeinGroup_Collection /></chGroup><chGroup><candidateNameTextBox4 candidateNameTextBox4="NO "><Textbox2 Textbox2="" Textbox14="" /><cgGroup_Collection><cgGroup countingGroupName="Election Day" vot7="9190" /><cgGroup countingGroupName="Vote by Mail" vot7="30046" /></cgGroup_Collection><Textbox13 vot8="39236" Textbox17="0.247822489467734" /></candidateNameTextBox4><partyGroup_Collection><partyGroup><Textbox2 Textbox2="" Textbox6="" /><cgGroup_Collection><cgGroup countingGroupName="Election Day" vot4="9190" /><cgGroup countingGroupName="Vote by Mail" vot4="30046" /></cgGroup_Collection><Textbox13 vot9="39236" Textbox18="0.247822489467734" /></partyGroup></partyGroup_Collection><writeinGroup_Collection /></chGroup></chGroup_Collection><Textbox5><Textbox2 Textbox2="" /><cgGroup_Collection><cgGroup countingGroupName="Election Day" votesDivider_cg="44317" /><cgGroup countingGroupName="Vote by Mail" votesDivider_cg="114006" /></cgGroup_Collection><Textbox13 votes3="158323" /></Textbox5></Tablix1><Tablix2><writeinGroup2_Collection /><Textbox4><cgGroup2_Collection><cgGroup2 cgName="Election Day" remainingUnqualified_cg="0" /><cgGroup2 cgName="Vote by Mail" remainingUnqualified_cg="0" /></cgGroup2_Collection><Textbox1 remainingUnresolved1="0" /></Textbox4></Tablix2></Report></CandidateResults></ContestIdGroup><ContestIdGroup contestId="PROPOSITION F   "><ContestStatistics><Report Name="ContestStatisticsRPT"><Tablix2><Details_Collection><Details Textbox2="Precincts Reported: 474 of 474 1" /></Details_Collection></Tablix2><Tablix1><Textbox7><cgGroup_Collection><cgGroup><cgId2 cgId2="Election Day" ballotsTextBox="45586" /></cgGroup><cgGroup><cgId2 cgId2="Vote by Mail" ballotsTextBox="118275" /></cgGroup></cgGroup_Collection><Textbox9 ballots2="163861 / 495050 " Textbox40="0.330998889001111" /></Textbox7><Textbox33><cgGroup_Collection><cgGroup><cgId2 cgId2="Election Day" undervotes="1856" /></cgGroup><cgGroup><cgId2 cgId2="Vote by Mail" undervotes="5640" /></cgGroup></cgGroup_Collection><Textbox9 undervotes3="7496" /></Textbox33><Textbox37><cgGroup_Collection><cgGroup><cgId2 cgId2="Election Day" Textbox36="8" /></cgGroup><cgGroup><cgId2 cgId2="Vote by Mail" Textbox36="15" /></cgGroup></cgGroup_Collection><Textbox9 overvotes2="23" /></Textbox37><Textbox3><cgGroup_Collection><cgGroup><cgId2 cgId2="Election Day" undervotes1="1864" /></cgGroup><cgGroup><cgId2 cgId2="Vote by Mail" undervotes1="5655" /></cgGroup></cgGroup_Collection><Textbox9 totalBlanks="7519" /></Textbox3><Textbox43><cgGroup_Collection><cgGroup><cgId2 cgId2="Election Day" Textbox39="0" /></cgGroup><cgGroup><cgId2 cgId2="Vote by Mail" Textbox39="0" /></cgGroup></cgGroup_Collection><Textbox9 pushContests2="0" /></Textbox43><Textbox11><cgGroup_Collection><cgGroup><cgId2 cgId2="Election Day" writeinOverrides="0" /></cgGroup><cgGroup><cgId2 cgId2="Vote by Mail" writeinOverrides="0" /></cgGroup></cgGroup_Collection><Textbox9 Textbox13="0" /></Textbox11></Tablix1></Report></ContestStatistics><CandidateResults><Report Name="CandidateResultsRPT"><Tablix1><chGroup_Collection><chGroup><candidateNameTextBox4 candidateNameTextBox4="YES "><Textbox2 Textbox2="" Textbox14="" /><cgGroup_Collection><cgGroup countingGroupName="Election Day" vot7="33880" /><cgGroup countingGroupName="Vote by Mail" vot7="85779" /></cgGroup_Collection><Textbox13 vot8="119659" Textbox17="0.765366951938699" /></candidateNameTextBox4><partyGroup_Collection><partyGroup><Textbox2 Textbox2="" Textbox6="" /><cgGroup_Collection><cgGroup countingGroupName="Election Day" vot4="33880" /><cgGroup countingGroupName="Vote by Mail" vot4="85779" /></cgGroup_Collection><Textbox13 vot9="119659" Textbox18="0.765366951938699" /></partyGroup></partyGroup_Collection><writeinGroup_Collection /></chGroup><chGroup><candidateNameTextBox4 candidateNameTextBox4="NO "><Textbox2 Textbox2="" Textbox14="" /><cgGroup_Collection><cgGroup countingGroupName="Election Day" vot7="9842" /><cgGroup countingGroupName="Vote by Mail" vot7="26841" /></cgGroup_Collection><Textbox13 vot8="36683" Textbox17="0.234633048061302" /></candidateNameTextBox4><partyGroup_Collection><partyGroup><Textbox2 Textbox2="" Textbox6="" /><cgGroup_Collection><cgGroup countingGroupName="Election Day" vot4="9842" /><cgGroup countingGroupName="Vote by Mail" vot4="26841" /></cgGroup_Collection><Textbox13 vot9="36683" Textbox18="0.234633048061302" /></partyGroup></partyGroup_Collection><writeinGroup_Collection /></chGroup></chGroup_Collection><Textbox5><Textbox2 Textbox2="" /><cgGroup_Collection><cgGroup countingGroupName="Election Day" votesDivider_cg="43722" /><cgGroup countingGroupName="Vote by Mail" votesDivider_cg="112620" /></cgGroup_Collection><Textbox13 votes3="156342" /></Textbox5></Tablix1><Tablix2><writeinGroup2_Collection /><Textbox4><cgGroup2_Collection><cgGroup2 cgName="Election Day" remainingUnqualified_cg="0" /><cgGroup2 cgName="Vote by Mail" remainingUnqualified_cg="0" /></cgGroup2_Collection><Textbox1 remainingUnresolved1="0" /></Textbox4></Tablix2></Report></CandidateResults></ContestIdGroup></ContestIdGroup_Collection></contestList></Report></ElectionSummarySubReport></TabBatchGroup></TabBatchGroup_Collection></tabBatchIdList></Report>