﻿<?xml version="1.0" encoding="utf-8"?><Report xsi:schemaLocation="ElectionSummaryReportRPT http://emsserver/ReportServer?%2FEMSApplicationServerReports%2FElectionSummaryReportRPT&amp;rs%3ACommand=Render&amp;rs%3AFormat=XML&amp;rs%3ASessionID=4mys0r55d3zzoubug1l3ia55&amp;rc%3ASchema=True" Name="ElectionSummaryReportRPT" xmlns:xsi="http://www.w3.org/2001/XMLSchema-instance" xmlns="ElectionSummaryReportRPT"><Title><Report Name="Title" Textbox11="Election Summary Report" Textbox3="General Election" Textbox2="City and County of San Francisco" Textbox9="2019-11-05T00:00:00" Textbox12="" Textbox8="City and County of San Francisco&#xA;November 5, 2019, Consolidated Municipal Election&#xA;Final Summary Report" /></Title><tabBatchIdList><TabBatchGroup_Collection><TabBatchGroup contestId=""><ElectionSummarySubReport><Report Name="ElectionSummarySubReportRPT"><Tablix2><Details_Collection><Details reported="Precincts Reported: 474 of 474 (1)" /></Details_Collection></Tablix2><Tablix3><Details2_Collection><Details2 reported3="Registered Voters: 206122 of 495050 (0.416366023633976)" /></Details2_Collection></Tablix3><Tablix4><Details3_Collection><Details3 reported4="Ballots Cast: 412462" /></Details3_Collection></Tablix4><contestList><ContestIdGroup_Collection><ContestIdGroup contestId="MAYOR   "><ContestStatistics><Report Name="ContestStatisticsRPT"><Tablix2><Details_Collection><Details Textbox2="Precincts Reported: 474 of 474 1" /></Details_Collection></Tablix2><Tablix1><Textbox7><cgGroup_Collection><cgGroup><cgId2 cgId2="Election Day" ballotsTextBox="59423" /></cgGroup><cgGroup><cgId2 cgId2="Vote by Mail" ballotsTextBox="146694" /></cgGroup></cgGroup_Collection><Textbox9 ballots2="206117 / 495050 " Textbox40="0.416355923644076" /></Textbox7><Textbox33><cgGroup_Collection><cgGroup><cgId2 cgId2="Election Day" undervotes="9415" /></cgGroup><cgGroup><cgId2 cgId2="Vote by Mail" undervotes="18971" /></cgGroup></cgGroup_Collection><Textbox9 undervotes3="28386" /></Textbox33><Textbox37><cgGroup_Collection><cgGroup><cgId2 cgId2="Election Day" Textbox36="105" /></cgGroup><cgGroup><cgId2 cgId2="Vote by Mail" Textbox36="434" /></cgGroup></cgGroup_Collection><Textbox9 overvotes2="539" /></Textbox37><Textbox3><cgGroup_Collection><cgGroup><cgId2 cgId2="Election Day" undervotes1="9520" /></cgGroup><cgGroup><cgId2 cgId2="Vote by Mail" undervotes1="19405" /></cgGroup></cgGroup_Collection><Textbox9 totalBlanks="28925" /></Textbox3><Textbox43><cgGroup_Collection><cgGroup><cgId2 cgId2="Election Day" Textbox39="0" /></cgGroup><cgGroup><cgId2 cgId2="Vote by Mail" Textbox39="0" /></cgGroup></cgGroup_Collection><Textbox9 pushContests2="0" /></Textbox43><Textbox11><cgGroup_Collection><cgGroup><cgId2 cgId2="Election Day" writeinOverrides="0" /></cgGroup><cgGroup><cgId2 cgId2="Vote by Mail" writeinOverrides="0" /></cgGroup></cgGroup_Collection><Textbox9 Textbox13="0" /></Textbox11></Tablix1></Report></ContestStatistics><CandidateResults><Report Name="CandidateResultsRPT"><Tablix1><chGroup_Collection><chGroup><candidateNameTextBox4 candidateNameTextBox4="JOEL VENTRESCA "><Textbox2 Textbox2="" Textbox14="" /><cgGroup_Collection><cgGroup countingGroupName="Election Day" vot7="4008" /><cgGroup countingGroupName="Vote by Mail" vot7="8842" /></cgGroup_Collection><Textbox13 vot8="12850" Textbox17="0.0725202040724186" /></candidateNameTextBox4><partyGroup_Collection><partyGroup><Textbox2 Textbox2="" Textbox6="" /><cgGroup_Collection><cgGroup countingGroupName="Election Day" vot4="4008" /><cgGroup countingGroupName="Vote by Mail" vot4="8842" /></cgGroup_Collection><Textbox13 vot9="12850" Textbox18="0.0725202040724186" /></partyGroup></partyGroup_Collection><writeinGroup_Collection /></chGroup><chGroup><candidateNameTextBox4 candidateNameTextBox4="WILMA PANG "><Textbox2 Textbox2="" Textbox14="" /><cgGroup_Collection><cgGroup countingGroupName="Election Day" vot7="1735" /><cgGroup countingGroupName="Vote by Mail" vot7="2940" /></cgGroup_Collection><Textbox13 vot8="4675" Textbox17="0.026383809652806" /></candidateNameTextBox4><partyGroup_Collection><partyGroup><Textbox2 Textbox2="" Textbox6="" /><cgGroup_Collection><cgGroup countingGroupName="Election Day" vot4="1735" /><cgGroup countingGroupName="Vote by Mail" vot4="2940" /></cgGroup_Collection><Textbox13 vot9="4675" Textbox18="0.026383809652806" /></partyGroup></partyGroup_Collection><writeinGroup_Collection /></chGroup><chGroup><candidateNameTextBox4 candidateNameTextBox4="ROBERT L. JORDAN, JR. "><Textbox2 Textbox2="" Textbox14="" /><cgGroup_Collection><cgGroup countingGroupName="Election Day" vot7="786" /><cgGroup countingGroupName="Vote by Mail" vot7="1535" /></cgGroup_Collection><Textbox13 vot8="2321" Textbox17="0.0130987854982166" /></candidateNameTextBox4><partyGroup_Collection><partyGroup><Textbox2 Textbox2="" Textbox6="" /><cgGroup_Collection><cgGroup countingGroupName="Election Day" vot4="786" /><cgGroup countingGroupName="Vote by Mail" vot4="1535" /></cgGroup_Collection><Textbox13 vot9="2321" Textbox18="0.0130987854982166" /></partyGroup></partyGroup_Collection><writeinGroup_Collection /></chGroup><chGroup><candidateNameTextBox4 candidateNameTextBox4="PAUL YBARRA ROBERTSON "><Textbox2 Textbox2="" Textbox14="" /><cgGroup_Collection><cgGroup countingGroupName="Election Day" vot7="2091" /><cgGroup countingGroupName="Vote by Mail" vot7="5381" /></cgGroup_Collection><Textbox13 vot8="7472" Textbox17="0.0421689466793083" /></candidateNameTextBox4><partyGroup_Collection><partyGroup><Textbox2 Textbox2="" Textbox6="" /><cgGroup_Collection><cgGroup countingGroupName="Election Day" vot4="2091" /><cgGroup countingGroupName="Vote by Mail" vot4="5381" /></cgGroup_Collection><Textbox13 vot9="7472" Textbox18="0.0421689466793083" /></partyGroup></partyGroup_Collection><writeinGroup_Collection /></chGroup><chGroup><candidateNameTextBox4 candidateNameTextBox4="ELLEN LEE ZHOU "><Textbox2 Textbox2="" Textbox14="" /><cgGroup_Collection><cgGroup countingGroupName="Election Day" vot7="5676" /><cgGroup countingGroupName="Vote by Mail" vot7="18991" /></cgGroup_Collection><Textbox13 vot8="24667" Textbox17="0.139210573840805" /></candidateNameTextBox4><partyGroup_Collection><partyGroup><Textbox2 Textbox2="" Textbox6="" /><cgGroup_Collection><cgGroup countingGroupName="Election Day" vot4="5676" /><cgGroup countingGroupName="Vote by Mail" vot4="18991" /></cgGroup_Collection><Textbox13 vot9="24667" Textbox18="0.139210573840805" /></partyGroup></partyGroup_Collection><writeinGroup_Collection /></chGroup><chGroup><candidateNameTextBox4 candidateNameTextBox4="LONDON N. BREED "><Textbox2 Textbox2="" Textbox14="" /><cgGroup_Collection><cgGroup countingGroupName="Election Day" vot7="35603" /><cgGroup countingGroupName="Vote by Mail" vot7="89597" /></cgGroup_Collection><Textbox13 vot8="125200" Textbox17="0.706578175086911" /></candidateNameTextBox4><partyGroup_Collection><partyGroup><Textbox2 Textbox2="" Textbox6="" /><cgGroup_Collection><cgGroup countingGroupName="Election Day" vot4="35603" /><cgGroup countingGroupName="Vote by Mail" vot4="89597" /></cgGroup_Collection><Textbox13 vot9="125200" Textbox18="0.706578175086911" /></partyGroup></partyGroup_Collection><writeinGroup_Collection /></chGroup><chGroup><candidateNameTextBox4 candidateNameTextBox4="Write-in "><Textbox2 Textbox2="" Textbox14="" /><cgGroup_Collection><cgGroup countingGroupName="Election Day" vot7="4" /><cgGroup countingGroupName="Vote by Mail" vot7="3" /></cgGroup_Collection><Textbox13 vot8="7" Textbox17="3.95051695336133E-05" /></candidateNameTextBox4><partyGroup_Collection /><writeinGroup_Collection><writeinGroup choiceName2="Write-in "><Textbox2 Textbox2="" /><cgGroup_Collection><cgGroup countingGroupName="Election Day" vot5="4" /><cgGroup countingGroupName="Vote by Mail" vot5="3" /></cgGroup_Collection><Textbox13 vot12="7" Textbox19="3.95051695336133E-05" /></writeinGroup></writeinGroup_Collection></chGroup></chGroup_Collection><Textbox5><Textbox2 Textbox2="" /><cgGroup_Collection><cgGroup countingGroupName="Election Day" votesDivider_cg="49903" /><cgGroup countingGroupName="Vote by Mail" votesDivider_cg="127289" /></cgGroup_Collection><Textbox13 votes3="177192" /></Textbox5></Tablix1><Tablix2><writeinGroup2_Collection><writeinGroup2 name="MARC ROTH "><Textbox3><cgGroup2_Collection><cgGroup2 cgName="Election Day" votes="4" /><cgGroup2 cgName="Vote by Mail" votes="3" /></cgGroup2_Collection><Textbox1 votes2="7" Textbox11="3.95051695336133E-05" /></Textbox3></writeinGroup2></writeinGroup2_Collection><Textbox4><cgGroup2_Collection><cgGroup2 cgName="Election Day" remainingUnqualified_cg="0" /><cgGroup2 cgName="Vote by Mail" remainingUnqualified_cg="0" /></cgGroup2_Collection><Textbox1 remainingUnresolved1="0" /></Textbox4></Tablix2></Report></CandidateResults></ContestIdGroup><ContestIdGroup contestId="MEMBER, BOARD OF SUPERVISORS, DISTRICT 5   "><ContestStatistics><Report Name="ContestStatisticsRPT"><Tablix2><Details_Collection><Details Textbox2="Precincts Reported: 54 of 54 1" /></Details_Collection></Tablix2><Tablix1><Textbox7><cgGroup_Collection><cgGroup><cgId2 cgId2="Election Day" ballotsTextBox="8348" /></cgGroup><cgGroup><cgId2 cgId2="Vote by Mail" ballotsTextBox="16417" /></cgGroup></cgGroup_Collection><Textbox9 ballots2="24765 / 51976 " Textbox40="0.476469909188856" /></Textbox7><Textbox33><cgGroup_Collection><cgGroup><cgId2 cgId2="Election Day" undervotes="405" /></cgGroup><cgGroup><cgId2 cgId2="Vote by Mail" undervotes="848" /></cgGroup></cgGroup_Collection><Textbox9 undervotes3="1253" /></Textbox33><Textbox37><cgGroup_Collection><cgGroup><cgId2 cgId2="Election Day" Textbox36="8" /></cgGroup><cgGroup><cgId2 cgId2="Vote by Mail" Textbox36="31" /></cgGroup></cgGroup_Collection><Textbox9 overvotes2="39" /></Textbox37><Textbox3><cgGroup_Collection><cgGroup><cgId2 cgId2="Election Day" undervotes1="413" /></cgGroup><cgGroup><cgId2 cgId2="Vote by Mail" undervotes1="879" /></cgGroup></cgGroup_Collection><Textbox9 totalBlanks="1292" /></Textbox3><Textbox43><cgGroup_Collection><cgGroup><cgId2 cgId2="Election Day" Textbox39="0" /></cgGroup><cgGroup><cgId2 cgId2="Vote by Mail" Textbox39="0" /></cgGroup></cgGroup_Collection><Textbox9 pushContests2="0" /></Textbox43><Textbox11><cgGroup_Collection><cgGroup><cgId2 cgId2="Election Day" writeinOverrides="0" /></cgGroup><cgGroup><cgId2 cgId2="Vote by Mail" writeinOverrides="0" /></cgGroup></cgGroup_Collection><Textbox9 Textbox13="0" /></Textbox11></Tablix1></Report></ContestStatistics><CandidateResults><Report Name="CandidateResultsRPT"><Tablix1><chGroup_Collection><chGroup><candidateNameTextBox4 candidateNameTextBox4="RYAN LAM "><Textbox2 Textbox2="" Textbox14="" /><cgGroup_Collection><cgGroup countingGroupName="Election Day" vot7="223" /><cgGroup countingGroupName="Vote by Mail" vot7="695" /></cgGroup_Collection><Textbox13 vot8="918" Textbox17="0.0391087632599156" /></candidateNameTextBox4><partyGroup_Collection><partyGroup><Textbox2 Textbox2="" Textbox6="" /><cgGroup_Collection><cgGroup countingGroupName="Election Day" vot4="223" /><cgGroup countingGroupName="Vote by Mail" vot4="695" /></cgGroup_Collection><Textbox13 vot9="918" Textbox18="0.0391087632599156" /></partyGroup></partyGroup_Collection><writeinGroup_Collection /></chGroup><chGroup><candidateNameTextBox4 candidateNameTextBox4="DEAN PRESTON "><Textbox2 Textbox2="" Textbox14="" /><cgGroup_Collection><cgGroup countingGroupName="Election Day" vot7="4249" /><cgGroup countingGroupName="Vote by Mail" vot7="6870" /></cgGroup_Collection><Textbox13 vot8="11119" Textbox17="0.473693179397606" /></candidateNameTextBox4><partyGroup_Collection><partyGroup><Textbox2 Textbox2="" Textbox6="" /><cgGroup_Collection><cgGroup countingGroupName="Election Day" vot4="4249" /><cgGroup countingGroupName="Vote by Mail" vot4="6870" /></cgGroup_Collection><Textbox13 vot9="11119" Textbox18="0.473693179397606" /></partyGroup></partyGroup_Collection><writeinGroup_Collection /></chGroup><chGroup><candidateNameTextBox4 candidateNameTextBox4="NOMVULA O'MEARA "><Textbox2 Textbox2="" Textbox14="" /><cgGroup_Collection><cgGroup countingGroupName="Election Day" vot7="109" /><cgGroup countingGroupName="Vote by Mail" vot7="156" /></cgGroup_Collection><Textbox13 vot8="265" Textbox17="0.0112895667362502" /></candidateNameTextBox4><partyGroup_Collection><partyGroup><Textbox2 Textbox2="" Textbox6="" /><cgGroup_Collection><cgGroup countingGroupName="Election Day" vot4="109" /><cgGroup countingGroupName="Vote by Mail" vot4="156" /></cgGroup_Collection><Textbox13 vot9="265" Textbox18="0.0112895667362502" /></partyGroup></partyGroup_Collection><writeinGroup_Collection /></chGroup><chGroup><candidateNameTextBox4 candidateNameTextBox4="VALLIE BROWN "><Textbox2 Textbox2="" Textbox14="" /><cgGroup_Collection><cgGroup countingGroupName="Election Day" vot7="3354" /><cgGroup countingGroupName="Vote by Mail" vot7="7817" /></cgGroup_Collection><Textbox13 vot8="11171" Textbox17="0.475908490606228" /></candidateNameTextBox4><partyGroup_Collection><partyGroup><Textbox2 Textbox2="" Textbox6="" /><cgGroup_Collection><cgGroup countingGroupName="Election Day" vot4="3354" /><cgGroup countingGroupName="Vote by Mail" vot4="7817" /></cgGroup_Collection><Textbox13 vot9="11171" Textbox18="0.475908490606228" /></partyGroup></partyGroup_Collection><writeinGroup_Collection /></chGroup><chGroup><candidateNameTextBox4 candidateNameTextBox4="Write-in "><Textbox2 Textbox2="" Textbox14="" /><cgGroup_Collection><cgGroup countingGroupName="Election Day" vot7="0" /><cgGroup countingGroupName="Vote by Mail" vot7="0" /></cgGroup_Collection><Textbox13 vot8="0" Textbox17="0" /></candidateNameTextBox4><partyGroup_Collection /><writeinGroup_Collection><writeinGroup choiceName2="Write-in "><Textbox2 Textbox2="" /><cgGroup_Collection><cgGroup countingGroupName="Election Day" vot5="0" /><cgGroup countingGroupName="Vote by Mail" vot5="0" /></cgGroup_Collection><Textbox13 vot12="0" Textbox19="0" /></writeinGroup></writeinGroup_Collection></chGroup></chGroup_Collection><Textbox5><Textbox2 Textbox2="" /><cgGroup_Collection><cgGroup countingGroupName="Election Day" votesDivider_cg="7935" /><cgGroup countingGroupName="Vote by Mail" votesDivider_cg="15538" /></cgGroup_Collection><Textbox13 votes3="23473" /></Textbox5></Tablix1><Tablix2><writeinGroup2_Collection /><Textbox4><cgGroup2_Collection><cgGroup2 cgName="Election Day" remainingUnqualified_cg="0" /><cgGroup2 cgName="Vote by Mail" remainingUnqualified_cg="0" /></cgGroup2_Collection><Textbox1 remainingUnresolved1="0" /></Textbox4></Tablix2></Report></CandidateResults></ContestIdGroup><ContestIdGroup contestId="CITY ATTORNEY   "><ContestStatistics><Report Name="ContestStatisticsRPT"><Tablix2><Details_Collection><Details Textbox2="Precincts Reported: 474 of 474 1" /></Details_Collection></Tablix2><Tablix1><Textbox7><cgGroup_Collection><cgGroup><cgId2 cgId2="Election Day" ballotsTextBox="59423" /></cgGroup><cgGroup><cgId2 cgId2="Vote by Mail" ballotsTextBox="146694" /></cgGroup></cgGroup_Collection><Textbox9 ballots2="206117 / 495050 " Textbox40="0.416355923644076" /></Textbox7><Textbox33><cgGroup_Collection><cgGroup><cgId2 cgId2="Election Day" undervotes="11300" /></cgGroup><cgGroup><cgId2 cgId2="Vote by Mail" undervotes="33393" /></cgGroup></cgGroup_Collection><Textbox9 undervotes3="44693" /></Textbox33><Textbox37><cgGroup_Collection><cgGroup><cgId2 cgId2="Election Day" Textbox36="14" /></cgGroup><cgGroup><cgId2 cgId2="Vote by Mail" Textbox36="41" /></cgGroup></cgGroup_Collection><Textbox9 overvotes2="55" /></Textbox37><Textbox3><cgGroup_Collection><cgGroup><cgId2 cgId2="Election Day" undervotes1="11314" /></cgGroup><cgGroup><cgId2 cgId2="Vote by Mail" undervotes1="33434" /></cgGroup></cgGroup_Collection><Textbox9 totalBlanks="44748" /></Textbox3><Textbox43><cgGroup_Collection><cgGroup><cgId2 cgId2="Election Day" Textbox39="0" /></cgGroup><cgGroup><cgId2 cgId2="Vote by Mail" Textbox39="0" /></cgGroup></cgGroup_Collection><Textbox9 pushContests2="0" /></Textbox43><Textbox11><cgGroup_Collection><cgGroup><cgId2 cgId2="Election Day" writeinOverrides="0" /></cgGroup><cgGroup><cgId2 cgId2="Vote by Mail" writeinOverrides="0" /></cgGroup></cgGroup_Collection><Textbox9 Textbox13="0" /></Textbox11></Tablix1></Report></ContestStatistics><CandidateResults><Report Name="CandidateResultsRPT"><Tablix1><chGroup_Collection><chGroup><candidateNameTextBox4 candidateNameTextBox4="DENNIS J. HERRERA "><Textbox2 Textbox2="" Textbox14="" /><cgGroup_Collection><cgGroup countingGroupName="Election Day" vot7="48109" /><cgGroup countingGroupName="Vote by Mail" vot7="113260" /></cgGroup_Collection><Textbox13 vot8="161369" Textbox17="1" /></candidateNameTextBox4><partyGroup_Collection><partyGroup><Textbox2 Textbox2="" Textbox6="" /><cgGroup_Collection><cgGroup countingGroupName="Election Day" vot4="48109" /><cgGroup countingGroupName="Vote by Mail" vot4="113260" /></cgGroup_Collection><Textbox13 vot9="161369" Textbox18="1" /></partyGroup></partyGroup_Collection><writeinGroup_Collection /></chGroup><chGroup><candidateNameTextBox4 candidateNameTextBox4="Write-in "><Textbox2 Textbox2="" Textbox14="" /><cgGroup_Collection><cgGroup countingGroupName="Election Day" vot7="0" /><cgGroup countingGroupName="Vote by Mail" vot7="0" /></cgGroup_Collection><Textbox13 vot8="0" Textbox17="0" /></candidateNameTextBox4><partyGroup_Collection /><writeinGroup_Collection><writeinGroup choiceName2="Write-in "><Textbox2 Textbox2="" /><cgGroup_Collection><cgGroup countingGroupName="Election Day" vot5="0" /><cgGroup countingGroupName="Vote by Mail" vot5="0" /></cgGroup_Collection><Textbox13 vot12="0" Textbox19="0" /></writeinGroup><writeinGroup choiceName2="Write-in "><Textbox2 Textbox2="" /><cgGroup_Collection><cgGroup countingGroupName="Election Day" vot5="0" /><cgGroup countingGroupName="Vote by Mail" vot5="0" /></cgGroup_Collection><Textbox13 vot12="0" Textbox19="0" /></writeinGroup></writeinGroup_Collection></chGroup></chGroup_Collection><Textbox5><Textbox2 Textbox2="" /><cgGroup_Collection><cgGroup countingGroupName="Election Day" votesDivider_cg="48109" /><cgGroup countingGroupName="Vote by Mail" votesDivider_cg="113260" /></cgGroup_Collection><Textbox13 votes3="161369" /></Textbox5></Tablix1><Tablix2><writeinGroup2_Collection /><Textbox4><cgGroup2_Collection><cgGroup2 cgName="Election Day" remainingUnqualified_cg="0" /><cgGroup2 cgName="Vote by Mail" remainingUnqualified_cg="0" /></cgGroup2_Collection><Textbox1 remainingUnresolved1="0" /></Textbox4></Tablix2></Report></CandidateResults></ContestIdGroup><ContestIdGroup contestId="DISTRICT ATTORNEY   "><ContestStatistics><Report Name="ContestStatisticsRPT"><Tablix2><Details_Collection><Details Textbox2="Precincts Reported: 474 of 474 1" /></Details_Collection></Tablix2><Tablix1><Textbox7><cgGroup_Collection><cgGroup><cgId2 cgId2="Election Day" ballotsTextBox="59423" /></cgGroup><cgGroup><cgId2 cgId2="Vote by Mail" ballotsTextBox="146694" /></cgGroup></cgGroup_Collection><Textbox9 ballots2="206117 / 495050 " Textbox40="0.416355923644076" /></Textbox7><Textbox33><cgGroup_Collection><cgGroup><cgId2 cgId2="Election Day" undervotes="2869" /></cgGroup><cgGroup><cgId2 cgId2="Vote by Mail" undervotes="10721" /></cgGroup></cgGroup_Collection><Textbox9 undervotes3="13590" /></Textbox33><Textbox37><cgGroup_Collection><cgGroup><cgId2 cgId2="Election Day" Textbox36="83" /></cgGroup><cgGroup><cgId2 cgId2="Vote by Mail" Textbox36="391" /></cgGroup></cgGroup_Collection><Textbox9 overvotes2="474" /></Textbox37><Textbox3><cgGroup_Collection><cgGroup><cgId2 cgId2="Election Day" undervotes1="2952" /></cgGroup><cgGroup><cgId2 cgId2="Vote by Mail" undervotes1="11112" /></cgGroup></cgGroup_Collection><Textbox9 totalBlanks="14064" /></Textbox3><Textbox43><cgGroup_Collection><cgGroup><cgId2 cgId2="Election Day" Textbox39="0" /></cgGroup><cgGroup><cgId2 cgId2="Vote by Mail" Textbox39="0" /></cgGroup></cgGroup_Collection><Textbox9 pushContests2="0" /></Textbox43><Textbox11><cgGroup_Collection><cgGroup><cgId2 cgId2="Election Day" writeinOverrides="0" /></cgGroup><cgGroup><cgId2 cgId2="Vote by Mail" writeinOverrides="0" /></cgGroup></cgGroup_Collection><Textbox9 Textbox13="0" /></Textbox11></Tablix1></Report></ContestStatistics><CandidateResults><Report Name="CandidateResultsRPT"><Tablix1><chGroup_Collection><chGroup><candidateNameTextBox4 candidateNameTextBox4="SUZY LOFTUS "><Textbox2 Textbox2="" Textbox14="" /><cgGroup_Collection><cgGroup countingGroupName="Election Day" vot7="16562" /><cgGroup countingGroupName="Vote by Mail" vot7="43136" /></cgGroup_Collection><Textbox13 vot8="59698" Textbox17="0.310841278188833" /></candidateNameTextBox4><partyGroup_Collection><partyGroup><Textbox2 Textbox2="" Textbox6="" /><cgGroup_Collection><cgGroup countingGroupName="Election Day" vot4="16562" /><cgGroup countingGroupName="Vote by Mail" vot4="43136" /></cgGroup_Collection><Textbox13 vot9="59698" Textbox18="0.310841278188833" /></partyGroup></partyGroup_Collection><writeinGroup_Collection /></chGroup><chGroup><candidateNameTextBox4 candidateNameTextBox4="LEIF DAUTCH "><Textbox2 Textbox2="" Textbox14="" /><cgGroup_Collection><cgGroup countingGroupName="Election Day" vot7="6537" /><cgGroup countingGroupName="Vote by Mail" vot7="20221" /></cgGroup_Collection><Textbox13 vot8="26758" Textbox17="0.139326123517987" /></candidateNameTextBox4><partyGroup_Collection><partyGroup><Textbox2 Textbox2="" Textbox6="" /><cgGroup_Collection><cgGroup countingGroupName="Election Day" vot4="6537" /><cgGroup countingGroupName="Vote by Mail" vot4="20221" /></cgGroup_Collection><Textbox13 vot9="26758" Textbox18="0.139326123517987" /></partyGroup></partyGroup_Collection><writeinGroup_Collection /></chGroup><chGroup><candidateNameTextBox4 candidateNameTextBox4="NANCY TUNG "><Textbox2 Textbox2="" Textbox14="" /><cgGroup_Collection><cgGroup countingGroupName="Election Day" vot7="8090" /><cgGroup countingGroupName="Vote by Mail" vot7="28932" /></cgGroup_Collection><Textbox13 vot8="37022" Textbox17="0.192769704196237" /></candidateNameTextBox4><partyGroup_Collection><partyGroup><Textbox2 Textbox2="" Textbox6="" /><cgGroup_Collection><cgGroup countingGroupName="Election Day" vot4="8090" /><cgGroup countingGroupName="Vote by Mail" vot4="28932" /></cgGroup_Collection><Textbox13 vot9="37022" Textbox18="0.192769704196237" /></partyGroup></partyGroup_Collection><writeinGroup_Collection /></chGroup><chGroup><candidateNameTextBox4 candidateNameTextBox4="CHESA BOUDIN "><Textbox2 Textbox2="" Textbox14="" /><cgGroup_Collection><cgGroup countingGroupName="Election Day" vot7="25282" /><cgGroup countingGroupName="Vote by Mail" vot7="43293" /></cgGroup_Collection><Textbox13 vot8="68575" Textbox17="0.357062894096942" /></candidateNameTextBox4><partyGroup_Collection><partyGroup><Textbox2 Textbox2="" Textbox6="" /><cgGroup_Collection><cgGroup countingGroupName="Election Day" vot4="25282" /><cgGroup countingGroupName="Vote by Mail" vot4="43293" /></cgGroup_Collection><Textbox13 vot9="68575" Textbox18="0.357062894096942" /></partyGroup></partyGroup_Collection><writeinGroup_Collection /></chGroup><chGroup><candidateNameTextBox4 candidateNameTextBox4="Write-in "><Textbox2 Textbox2="" Textbox14="" /><cgGroup_Collection><cgGroup countingGroupName="Election Day" vot7="0" /><cgGroup countingGroupName="Vote by Mail" vot7="0" /></cgGroup_Collection><Textbox13 vot8="0" Textbox17="0" /></candidateNameTextBox4><partyGroup_Collection /><writeinGroup_Collection><writeinGroup choiceName2="Write-in "><Textbox2 Textbox2="" /><cgGroup_Collection><cgGroup countingGroupName="Election Day" vot5="0" /><cgGroup countingGroupName="Vote by Mail" vot5="0" /></cgGroup_Collection><Textbox13 vot12="0" Textbox19="0" /></writeinGroup></writeinGroup_Collection></chGroup></chGroup_Collection><Textbox5><Textbox2 Textbox2="" /><cgGroup_Collection><cgGroup countingGroupName="Election Day" votesDivider_cg="56471" /><cgGroup countingGroupName="Vote by Mail" votesDivider_cg="135582" /></cgGroup_Collection><Textbox13 votes3="192053" /></Textbox5></Tablix1><Tablix2><writeinGroup2_Collection /><Textbox4><cgGroup2_Collection><cgGroup2 cgName="Election Day" remainingUnqualified_cg="0" /><cgGroup2 cgName="Vote by Mail" remainingUnqualified_cg="0" /></cgGroup2_Collection><Textbox1 remainingUnresolved1="0" /></Textbox4></Tablix2></Report></CandidateResults></ContestIdGroup><ContestIdGroup contestId="PUBLIC DEFENDER   "><ContestStatistics><Report Name="ContestStatisticsRPT"><Tablix2><Details_Collection><Details Textbox2="Precincts Reported: 474 of 474 1" /></Details_Collection></Tablix2><Tablix1><Textbox7><cgGroup_Collection><cgGroup><cgId2 cgId2="Election Day" ballotsTextBox="59423" /></cgGroup><cgGroup><cgId2 cgId2="Vote by Mail" ballotsTextBox="146694" /></cgGroup></cgGroup_Collection><Textbox9 ballots2="206117 / 495050 " Textbox40="0.416355923644076" /></Textbox7><Textbox33><cgGroup_Collection><cgGroup><cgId2 cgId2="Election Day" undervotes="11501" /></cgGroup><cgGroup><cgId2 cgId2="Vote by Mail" undervotes="36022" /></cgGroup></cgGroup_Collection><Textbox9 undervotes3="47523" /></Textbox33><Textbox37><cgGroup_Collection><cgGroup><cgId2 cgId2="Election Day" Textbox36="6" /></cgGroup><cgGroup><cgId2 cgId2="Vote by Mail" Textbox36="28" /></cgGroup></cgGroup_Collection><Textbox9 overvotes2="34" /></Textbox37><Textbox3><cgGroup_Collection><cgGroup><cgId2 cgId2="Election Day" undervotes1="11507" /></cgGroup><cgGroup><cgId2 cgId2="Vote by Mail" undervotes1="36050" /></cgGroup></cgGroup_Collection><Textbox9 totalBlanks="47557" /></Textbox3><Textbox43><cgGroup_Collection><cgGroup><cgId2 cgId2="Election Day" Textbox39="0" /></cgGroup><cgGroup><cgId2 cgId2="Vote by Mail" Textbox39="0" /></cgGroup></cgGroup_Collection><Textbox9 pushContests2="0" /></Textbox43><Textbox11><cgGroup_Collection><cgGroup><cgId2 cgId2="Election Day" writeinOverrides="0" /></cgGroup><cgGroup><cgId2 cgId2="Vote by Mail" writeinOverrides="0" /></cgGroup></cgGroup_Collection><Textbox9 Textbox13="0" /></Textbox11></Tablix1></Report></ContestStatistics><CandidateResults><Report Name="CandidateResultsRPT"><Tablix1><chGroup_Collection><chGroup><candidateNameTextBox4 candidateNameTextBox4="MANOHAR &quot;MANO&quot; RAJU "><Textbox2 Textbox2="" Textbox14="" /><cgGroup_Collection><cgGroup countingGroupName="Election Day" vot7="47916" /><cgGroup countingGroupName="Vote by Mail" vot7="110644" /></cgGroup_Collection><Textbox13 vot8="158560" Textbox17="1" /></candidateNameTextBox4><partyGroup_Collection><partyGroup><Textbox2 Textbox2="" Textbox6="" /><cgGroup_Collection><cgGroup countingGroupName="Election Day" vot4="47916" /><cgGroup countingGroupName="Vote by Mail" vot4="110644" /></cgGroup_Collection><Textbox13 vot9="158560" Textbox18="1" /></partyGroup></partyGroup_Collection><writeinGroup_Collection /></chGroup><chGroup><candidateNameTextBox4 candidateNameTextBox4="Write-in "><Textbox2 Textbox2="" Textbox14="" /><cgGroup_Collection><cgGroup countingGroupName="Election Day" vot7="0" /><cgGroup countingGroupName="Vote by Mail" vot7="0" /></cgGroup_Collection><Textbox13 vot8="0" Textbox17="0" /></candidateNameTextBox4><partyGroup_Collection /><writeinGroup_Collection><writeinGroup choiceName2="Write-in "><Textbox2 Textbox2="" /><cgGroup_Collection><cgGroup countingGroupName="Election Day" vot5="0" /><cgGroup countingGroupName="Vote by Mail" vot5="0" /></cgGroup_Collection><Textbox13 vot12="0" Textbox19="0" /></writeinGroup><writeinGroup choiceName2="Write-in "><Textbox2 Textbox2="" /><cgGroup_Collection><cgGroup countingGroupName="Election Day" vot5="0" /><cgGroup countingGroupName="Vote by Mail" vot5="0" /></cgGroup_Collection><Textbox13 vot12="0" Textbox19="0" /></writeinGroup></writeinGroup_Collection></chGroup></chGroup_Collection><Textbox5><Textbox2 Textbox2="" /><cgGroup_Collection><cgGroup countingGroupName="Election Day" votesDivider_cg="47916" /><cgGroup countingGroupName="Vote by Mail" votesDivider_cg="110644" /></cgGroup_Collection><Textbox13 votes3="158560" /></Textbox5></Tablix1><Tablix2><writeinGroup2_Collection /><Textbox4><cgGroup2_Collection><cgGroup2 cgName="Election Day" remainingUnqualified_cg="0" /><cgGroup2 cgName="Vote by Mail" remainingUnqualified_cg="0" /></cgGroup2_Collection><Textbox1 remainingUnresolved1="0" /></Textbox4></Tablix2></Report></CandidateResults></ContestIdGroup><ContestIdGroup contestId="SHERIFF   "><ContestStatistics><Report Name="ContestStatisticsRPT"><Tablix2><Details_Collection><Details Textbox2="Precincts Reported: 474 of 474 1" /></Details_Collection></Tablix2><Tablix1><Textbox7><cgGroup_Collection><cgGroup><cgId2 cgId2="Election Day" ballotsTextBox="59423" /></cgGroup><cgGroup><cgId2 cgId2="Vote by Mail" ballotsTextBox="146694" /></cgGroup></cgGroup_Collection><Textbox9 ballots2="206117 / 495050 " Textbox40="0.416355923644076" /></Textbox7><Textbox33><cgGroup_Collection><cgGroup><cgId2 cgId2="Election Day" undervotes="16886" /></cgGroup><cgGroup><cgId2 cgId2="Vote by Mail" undervotes="42566" /></cgGroup></cgGroup_Collection><Textbox9 undervotes3="59452" /></Textbox33><Textbox37><cgGroup_Collection><cgGroup><cgId2 cgId2="Election Day" Textbox36="10" /></cgGroup><cgGroup><cgId2 cgId2="Vote by Mail" Textbox36="27" /></cgGroup></cgGroup_Collection><Textbox9 overvotes2="37" /></Textbox37><Textbox3><cgGroup_Collection><cgGroup><cgId2 cgId2="Election Day" undervotes1="16896" /></cgGroup><cgGroup><cgId2 cgId2="Vote by Mail" undervotes1="42593" /></cgGroup></cgGroup_Collection><Textbox9 totalBlanks="59489" /></Textbox3><Textbox43><cgGroup_Collection><cgGroup><cgId2 cgId2="Election Day" Textbox39="0" /></cgGroup><cgGroup><cgId2 cgId2="Vote by Mail" Textbox39="0" /></cgGroup></cgGroup_Collection><Textbox9 pushContests2="0" /></Textbox43><Textbox11><cgGroup_Collection><cgGroup><cgId2 cgId2="Election Day" writeinOverrides="0" /></cgGroup><cgGroup><cgId2 cgId2="Vote by Mail" writeinOverrides="0" /></cgGroup></cgGroup_Collection><Textbox9 Textbox13="0" /></Textbox11></Tablix1></Report></ContestStatistics><CandidateResults><Report Name="CandidateResultsRPT"><Tablix1><chGroup_Collection><chGroup><candidateNameTextBox4 candidateNameTextBox4="PAUL MIYAMOTO "><Textbox2 Textbox2="" Textbox14="" /><cgGroup_Collection><cgGroup countingGroupName="Election Day" vot7="42527" /><cgGroup countingGroupName="Vote by Mail" vot7="104101" /></cgGroup_Collection><Textbox13 vot8="146628" Textbox17="1" /></candidateNameTextBox4><partyGroup_Collection><partyGroup><Textbox2 Textbox2="" Textbox6="" /><cgGroup_Collection><cgGroup countingGroupName="Election Day" vot4="42527" /><cgGroup countingGroupName="Vote by Mail" vot4="104101" /></cgGroup_Collection><Textbox13 vot9="146628" Textbox18="1" /></partyGroup></partyGroup_Collection><writeinGroup_Collection /></chGroup><chGroup><candidateNameTextBox4 candidateNameTextBox4="Write-in "><Textbox2 Textbox2="" Textbox14="" /><cgGroup_Collection><cgGroup countingGroupName="Election Day" vot7="0" /><cgGroup countingGroupName="Vote by Mail" vot7="0" /></cgGroup_Collection><Textbox13 vot8="0" Textbox17="0" /></candidateNameTextBox4><partyGroup_Collection /><writeinGroup_Collection><writeinGroup choiceName2="Write-in "><Textbox2 Textbox2="" /><cgGroup_Collection><cgGroup countingGroupName="Election Day" vot5="0" /><cgGroup countingGroupName="Vote by Mail" vot5="0" /></cgGroup_Collection><Textbox13 vot12="0" Textbox19="0" /></writeinGroup><writeinGroup choiceName2="Write-in "><Textbox2 Textbox2="" /><cgGroup_Collection><cgGroup countingGroupName="Election Day" vot5="0" /><cgGroup countingGroupName="Vote by Mail" vot5="0" /></cgGroup_Collection><Textbox13 vot12="0" Textbox19="0" /></writeinGroup></writeinGroup_Collection></chGroup></chGroup_Collection><Textbox5><Textbox2 Textbox2="" /><cgGroup_Collection><cgGroup countingGroupName="Election Day" votesDivider_cg="42527" /><cgGroup countingGroupName="Vote by Mail" votesDivider_cg="104101" /></cgGroup_Collection><Textbox13 votes3="146628" /></Textbox5></Tablix1><Tablix2><writeinGroup2_Collection /><Textbox4><cgGroup2_Collection><cgGroup2 cgName="Election Day" remainingUnqualified_cg="0" /><cgGroup2 cgName="Vote by Mail" remainingUnqualified_cg="0" /></cgGroup2_Collection><Textbox1 remainingUnresolved1="0" /></Textbox4></Tablix2></Report></CandidateResults></ContestIdGroup><ContestIdGroup contestId="TREASURER   "><ContestStatistics><Report Name="ContestStatisticsRPT"><Tablix2><Details_Collection><Details Textbox2="Precincts Reported: 474 of 474 1" /></Details_Collection></Tablix2><Tablix1><Textbox7><cgGroup_Collection><cgGroup><cgId2 cgId2="Election Day" ballotsTextBox="59423" /></cgGroup><cgGroup><cgId2 cgId2="Vote by Mail" ballotsTextBox="146694" /></cgGroup></cgGroup_Collection><Textbox9 ballots2="206117 / 495050 " Textbox40="0.416355923644076" /></Textbox7><Textbox33><cgGroup_Collection><cgGroup><cgId2 cgId2="Election Day" undervotes="14355" /></cgGroup><cgGroup><cgId2 cgId2="Vote by Mail" undervotes="39028" /></cgGroup></cgGroup_Collection><Textbox9 undervotes3="53383" /></Textbox33><Textbox37><cgGroup_Collection><cgGroup><cgId2 cgId2="Election Day" Textbox36="7" /></cgGroup><cgGroup><cgId2 cgId2="Vote by Mail" Textbox36="24" /></cgGroup></cgGroup_Collection><Textbox9 overvotes2="31" /></Textbox37><Textbox3><cgGroup_Collection><cgGroup><cgId2 cgId2="Election Day" undervotes1="14362" /></cgGroup><cgGroup><cgId2 cgId2="Vote by Mail" undervotes1="39052" /></cgGroup></cgGroup_Collection><Textbox9 totalBlanks="53414" /></Textbox3><Textbox43><cgGroup_Collection><cgGroup><cgId2 cgId2="Election Day" Textbox39="0" /></cgGroup><cgGroup><cgId2 cgId2="Vote by Mail" Textbox39="0" /></cgGroup></cgGroup_Collection><Textbox9 pushContests2="0" /></Textbox43><Textbox11><cgGroup_Collection><cgGroup><cgId2 cgId2="Election Day" writeinOverrides="0" /></cgGroup><cgGroup><cgId2 cgId2="Vote by Mail" writeinOverrides="0" /></cgGroup></cgGroup_Collection><Textbox9 Textbox13="0" /></Textbox11></Tablix1></Report></ContestStatistics><CandidateResults><Report Name="CandidateResultsRPT"><Tablix1><chGroup_Collection><chGroup><candidateNameTextBox4 candidateNameTextBox4="JOSÉ CISNEROS "><Textbox2 Textbox2="" Textbox14="" /><cgGroup_Collection><cgGroup countingGroupName="Election Day" vot7="45061" /><cgGroup countingGroupName="Vote by Mail" vot7="107642" /></cgGroup_Collection><Textbox13 vot8="152703" Textbox17="1" /></candidateNameTextBox4><partyGroup_Collection><partyGroup><Textbox2 Textbox2="" Textbox6="" /><cgGroup_Collection><cgGroup countingGroupName="Election Day" vot4="45061" /><cgGroup countingGroupName="Vote by Mail" vot4="107642" /></cgGroup_Collection><Textbox13 vot9="152703" Textbox18="1" /></partyGroup></partyGroup_Collection><writeinGroup_Collection /></chGroup><chGroup><candidateNameTextBox4 candidateNameTextBox4="Write-in "><Textbox2 Textbox2="" Textbox14="" /><cgGroup_Collection><cgGroup countingGroupName="Election Day" vot7="0" /><cgGroup countingGroupName="Vote by Mail" vot7="0" /></cgGroup_Collection><Textbox13 vot8="0" Textbox17="0" /></candidateNameTextBox4><partyGroup_Collection /><writeinGroup_Collection><writeinGroup choiceName2="Write-in "><Textbox2 Textbox2="" /><cgGroup_Collection><cgGroup countingGroupName="Election Day" vot5="0" /><cgGroup countingGroupName="Vote by Mail" vot5="0" /></cgGroup_Collection><Textbox13 vot12="0" Textbox19="0" /></writeinGroup><writeinGroup choiceName2="Write-in "><Textbox2 Textbox2="" /><cgGroup_Collection><cgGroup countingGroupName="Election Day" vot5="0" /><cgGroup countingGroupName="Vote by Mail" vot5="0" /></cgGroup_Collection><Textbox13 vot12="0" Textbox19="0" /></writeinGroup></writeinGroup_Collection></chGroup></chGroup_Collection><Textbox5><Textbox2 Textbox2="" /><cgGroup_Collection><cgGroup countingGroupName="Election Day" votesDivider_cg="45061" /><cgGroup countingGroupName="Vote by Mail" votesDivider_cg="107642" /></cgGroup_Collection><Textbox13 votes3="152703" /></Textbox5></Tablix1><Tablix2><writeinGroup2_Collection /><Textbox4><cgGroup2_Collection><cgGroup2 cgName="Election Day" remainingUnqualified_cg="0" /><cgGroup2 cgName="Vote by Mail" remainingUnqualified_cg="0" /></cgGroup2_Collection><Textbox1 remainingUnresolved1="0" /></Textbox4></Tablix2></Report></CandidateResults></ContestIdGroup><ContestIdGroup contestId="MEMBER, BOARD OF EDUCATION   "><ContestStatistics><Report Name="ContestStatisticsRPT"><Tablix2><Details_Collection><Details Textbox2="Precincts Reported: 474 of 474 1" /></Details_Collection></Tablix2><Tablix1><Textbox7><cgGroup_Collection><cgGroup><cgId2 cgId2="Election Day" ballotsTextBox="59419" /></cgGroup><cgGroup><cgId2 cgId2="Vote by Mail" ballotsTextBox="146926" /></cgGroup></cgGroup_Collection><Textbox9 ballots2="206345 / 495050 " Textbox40="0.416816483183517" /></Textbox7><Textbox33><cgGroup_Collection><cgGroup><cgId2 cgId2="Election Day" undervotes="12228" /></cgGroup><cgGroup><cgId2 cgId2="Vote by Mail" undervotes="28893" /></cgGroup></cgGroup_Collection><Textbox9 undervotes3="41121" /></Textbox33><Textbox37><cgGroup_Collection><cgGroup><cgId2 cgId2="Election Day" Textbox36="104" /></cgGroup><cgGroup><cgId2 cgId2="Vote by Mail" Textbox36="535" /></cgGroup></cgGroup_Collection><Textbox9 overvotes2="639" /></Textbox37><Textbox3><cgGroup_Collection><cgGroup><cgId2 cgId2="Election Day" undervotes1="12332" /></cgGroup><cgGroup><cgId2 cgId2="Vote by Mail" undervotes1="29428" /></cgGroup></cgGroup_Collection><Textbox9 totalBlanks="41760" /></Textbox3><Textbox43><cgGroup_Collection><cgGroup><cgId2 cgId2="Election Day" Textbox39="0" /></cgGroup><cgGroup><cgId2 cgId2="Vote by Mail" Textbox39="0" /></cgGroup></cgGroup_Collection><Textbox9 pushContests2="0" /></Textbox43><Textbox11><cgGroup_Collection><cgGroup><cgId2 cgId2="Election Day" writeinOverrides="0" /></cgGroup><cgGroup><cgId2 cgId2="Vote by Mail" writeinOverrides="0" /></cgGroup></cgGroup_Collection><Textbox9 Textbox13="0" /></Textbox11></Tablix1></Report></ContestStatistics><CandidateResults><Report Name="CandidateResultsRPT"><Tablix1><chGroup_Collection><chGroup><candidateNameTextBox4 candidateNameTextBox4="JENNY LAM "><Textbox2 Textbox2="" Textbox14="" /><cgGroup_Collection><cgGroup countingGroupName="Election Day" vot7="31352" /><cgGroup countingGroupName="Vote by Mail" vot7="89802" /></cgGroup_Collection><Textbox13 vot8="121154" Textbox17="0.736118115259592" /></candidateNameTextBox4><partyGroup_Collection><partyGroup><Textbox2 Textbox2="" Textbox6="" /><cgGroup_Collection><cgGroup countingGroupName="Election Day" vot4="31352" /><cgGroup countingGroupName="Vote by Mail" vot4="89802" /></cgGroup_Collection><Textbox13 vot9="121154" Textbox18="0.736118115259592" /></partyGroup></partyGroup_Collection><writeinGroup_Collection /></chGroup><chGroup><candidateNameTextBox4 candidateNameTextBox4="KIRSTEN STROBEL "><Textbox2 Textbox2="" Textbox14="" /><cgGroup_Collection><cgGroup countingGroupName="Election Day" vot7="9516" /><cgGroup countingGroupName="Vote by Mail" vot7="16520" /></cgGroup_Collection><Textbox13 vot8="26036" Textbox17="0.158191815779081" /></candidateNameTextBox4><partyGroup_Collection><partyGroup><Textbox2 Textbox2="" Textbox6="" /><cgGroup_Collection><cgGroup countingGroupName="Election Day" vot4="9516" /><cgGroup countingGroupName="Vote by Mail" vot4="16520" /></cgGroup_Collection><Textbox13 vot9="26036" Textbox18="0.158191815779081" /></partyGroup></partyGroup_Collection><writeinGroup_Collection /></chGroup><chGroup><candidateNameTextBox4 candidateNameTextBox4="ROBERT K. COLEMAN "><Textbox2 Textbox2="" Textbox14="" /><cgGroup_Collection><cgGroup countingGroupName="Election Day" vot7="6219" /><cgGroup countingGroupName="Vote by Mail" vot7="11176" /></cgGroup_Collection><Textbox13 vot8="17395" Textbox17="0.105690068961327" /></candidateNameTextBox4><partyGroup_Collection><partyGroup><Textbox2 Textbox2="" Textbox6="" /><cgGroup_Collection><cgGroup countingGroupName="Election Day" vot4="6219" /><cgGroup countingGroupName="Vote by Mail" vot4="11176" /></cgGroup_Collection><Textbox13 vot9="17395" Textbox18="0.105690068961327" /></partyGroup></partyGroup_Collection><writeinGroup_Collection /></chGroup><chGroup><candidateNameTextBox4 candidateNameTextBox4="Write-in "><Textbox2 Textbox2="" Textbox14="" /><cgGroup_Collection><cgGroup countingGroupName="Election Day" vot7="0" /><cgGroup countingGroupName="Vote by Mail" vot7="0" /></cgGroup_Collection><Textbox13 vot8="0" Textbox17="0" /></candidateNameTextBox4><partyGroup_Collection /><writeinGroup_Collection><writeinGroup choiceName2="Write-in "><Textbox2 Textbox2="" /><cgGroup_Collection><cgGroup countingGroupName="Election Day" vot5="0" /><cgGroup countingGroupName="Vote by Mail" vot5="0" /></cgGroup_Collection><Textbox13 vot12="0" Textbox19="0" /></writeinGroup></writeinGroup_Collection></chGroup></chGroup_Collection><Textbox5><Textbox2 Textbox2="" /><cgGroup_Collection><cgGroup countingGroupName="Election Day" votesDivider_cg="47087" /><cgGroup countingGroupName="Vote by Mail" votesDivider_cg="117498" /></cgGroup_Collection><Textbox13 votes3="164585" /></Textbox5></Tablix1><Tablix2><writeinGroup2_Collection /><Textbox4><cgGroup2_Collection><cgGroup2 cgName="Election Day" remainingUnqualified_cg="0" /><cgGroup2 cgName="Vote by Mail" remainingUnqualified_cg="0" /></cgGroup2_Collection><Textbox1 remainingUnresolved1="0" /></Textbox4></Tablix2></Report></CandidateResults></ContestIdGroup><ContestIdGroup contestId="MEMBER, COMMUNITY COLLEGE BOARD   "><ContestStatistics><Report Name="ContestStatisticsRPT"><Tablix2><Details_Collection><Details Textbox2="Precincts Reported: 474 of 474 1" /></Details_Collection></Tablix2><Tablix1><Textbox7><cgGroup_Collection><cgGroup><cgId2 cgId2="Election Day" ballotsTextBox="59414" /></cgGroup><cgGroup><cgId2 cgId2="Vote by Mail" ballotsTextBox="146926" /></cgGroup></cgGroup_Collection><Textbox9 ballots2="206340 / 495050 " Textbox40="0.416806383193617" /></Textbox7><Textbox33><cgGroup_Collection><cgGroup><cgId2 cgId2="Election Day" undervotes="12367" /></cgGroup><cgGroup><cgId2 cgId2="Vote by Mail" undervotes="36060" /></cgGroup></cgGroup_Collection><Textbox9 undervotes3="48427" /></Textbox33><Textbox37><cgGroup_Collection><cgGroup><cgId2 cgId2="Election Day" Textbox36="12" /></cgGroup><cgGroup><cgId2 cgId2="Vote by Mail" Textbox36="43" /></cgGroup></cgGroup_Collection><Textbox9 overvotes2="55" /></Textbox37><Textbox3><cgGroup_Collection><cgGroup><cgId2 cgId2="Election Day" undervotes1="12379" /></cgGroup><cgGroup><cgId2 cgId2="Vote by Mail" undervotes1="36103" /></cgGroup></cgGroup_Collection><Textbox9 totalBlanks="48482" /></Textbox3><Textbox43><cgGroup_Collection><cgGroup><cgId2 cgId2="Election Day" Textbox39="0" /></cgGroup><cgGroup><cgId2 cgId2="Vote by Mail" Textbox39="0" /></cgGroup></cgGroup_Collection><Textbox9 pushContests2="0" /></Textbox43><Textbox11><cgGroup_Collection><cgGroup><cgId2 cgId2="Election Day" writeinOverrides="0" /></cgGroup><cgGroup><cgId2 cgId2="Vote by Mail" writeinOverrides="0" /></cgGroup></cgGroup_Collection><Textbox9 Textbox13="0" /></Textbox11></Tablix1></Report></ContestStatistics><CandidateResults><Report Name="CandidateResultsRPT"><Tablix1><chGroup_Collection><chGroup><candidateNameTextBox4 candidateNameTextBox4="IVY LEE "><Textbox2 Textbox2="" Textbox14="" /><cgGroup_Collection><cgGroup countingGroupName="Election Day" vot7="47035" /><cgGroup countingGroupName="Vote by Mail" vot7="110823" /></cgGroup_Collection><Textbox13 vot8="157858" Textbox17="1" /></candidateNameTextBox4><partyGroup_Collection><partyGroup><Textbox2 Textbox2="" Textbox6="" /><cgGroup_Collection><cgGroup countingGroupName="Election Day" vot4="47035" /><cgGroup countingGroupName="Vote by Mail" vot4="110823" /></cgGroup_Collection><Textbox13 vot9="157858" Textbox18="1" /></partyGroup></partyGroup_Collection><writeinGroup_Collection /></chGroup><chGroup><candidateNameTextBox4 candidateNameTextBox4="Write-in "><Textbox2 Textbox2="" Textbox14="" /><cgGroup_Collection><cgGroup countingGroupName="Election Day" vot7="0" /><cgGroup countingGroupName="Vote by Mail" vot7="0" /></cgGroup_Collection><Textbox13 vot8="0" Textbox17="0" /></candidateNameTextBox4><partyGroup_Collection /><writeinGroup_Collection><writeinGroup choiceName2="Write-in "><Textbox2 Textbox2="" /><cgGroup_Collection><cgGroup countingGroupName="Election Day" vot5="0" /><cgGroup countingGroupName="Vote by Mail" vot5="0" /></cgGroup_Collection><Textbox13 vot12="0" Textbox19="0" /></writeinGroup></writeinGroup_Collection></chGroup></chGroup_Collection><Textbox5><Textbox2 Textbox2="" /><cgGroup_Collection><cgGroup countingGroupName="Election Day" votesDivider_cg="47035" /><cgGroup countingGroupName="Vote by Mail" votesDivider_cg="110823" /></cgGroup_Collection><Textbox13 votes3="157858" /></Textbox5></Tablix1><Tablix2><writeinGroup2_Collection /><Textbox4><cgGroup2_Collection><cgGroup2 cgName="Election Day" remainingUnqualified_cg="0" /><cgGroup2 cgName="Vote by Mail" remainingUnqualified_cg="0" /></cgGroup2_Collection><Textbox1 remainingUnresolved1="0" /></Textbox4></Tablix2></Report></CandidateResults></ContestIdGroup><ContestIdGroup contestId="PROPOSITION A   "><ContestStatistics><Report Name="ContestStatisticsRPT"><Tablix2><Details_Collection><Details Textbox2="Precincts Reported: 474 of 474 1" /></Details_Collection></Tablix2><Tablix1><Textbox7><cgGroup_Collection><cgGroup><cgId2 cgId2="Election Day" ballotsTextBox="59414" /></cgGroup><cgGroup><cgId2 cgId2="Vote by Mail" ballotsTextBox="146926" /></cgGroup></cgGroup_Collection><Textbox9 ballots2="206340 / 495050 " Textbox40="0.416806383193617" /></Textbox7><Textbox33><cgGroup_Collection><cgGroup><cgId2 cgId2="Election Day" undervotes="1414" /></cgGroup><cgGroup><cgId2 cgId2="Vote by Mail" undervotes="3855" /></cgGroup></cgGroup_Collection><Textbox9 undervotes3="5269" /></Textbox33><Textbox37><cgGroup_Collection><cgGroup><cgId2 cgId2="Election Day" Textbox36="11" /></cgGroup><cgGroup><cgId2 cgId2="Vote by Mail" Textbox36="31" /></cgGroup></cgGroup_Collection><Textbox9 overvotes2="42" /></Textbox37><Textbox3><cgGroup_Collection><cgGroup><cgId2 cgId2="Election Day" undervotes1="1425" /></cgGroup><cgGroup><cgId2 cgId2="Vote by Mail" undervotes1="3886" /></cgGroup></cgGroup_Collection><Textbox9 totalBlanks="5311" /></Textbox3><Textbox43><cgGroup_Collection><cgGroup><cgId2 cgId2="Election Day" Textbox39="0" /></cgGroup><cgGroup><cgId2 cgId2="Vote by Mail" Textbox39="0" /></cgGroup></cgGroup_Collection><Textbox9 pushContests2="0" /></Textbox43><Textbox11><cgGroup_Collection><cgGroup><cgId2 cgId2="Election Day" writeinOverrides="0" /></cgGroup><cgGroup><cgId2 cgId2="Vote by Mail" writeinOverrides="0" /></cgGroup></cgGroup_Collection><Textbox9 Textbox13="0" /></Textbox11></Tablix1></Report></ContestStatistics><CandidateResults><Report Name="CandidateResultsRPT"><Tablix1><chGroup_Collection><chGroup><candidateNameTextBox4 candidateNameTextBox4="YES "><Textbox2 Textbox2="" Textbox14="" /><cgGroup_Collection><cgGroup countingGroupName="Election Day" vot7="44590" /><cgGroup countingGroupName="Vote by Mail" vot7="98465" /></cgGroup_Collection><Textbox13 vot8="143055" Textbox17="0.711613747270294" /></candidateNameTextBox4><partyGroup_Collection><partyGroup><Textbox2 Textbox2="" Textbox6="" /><cgGroup_Collection><cgGroup countingGroupName="Election Day" vot4="44590" /><cgGroup countingGroupName="Vote by Mail" vot4="98465" /></cgGroup_Collection><Textbox13 vot9="143055" Textbox18="0.711613747270294" /></partyGroup></partyGroup_Collection><writeinGroup_Collection /></chGroup><chGroup><candidateNameTextBox4 candidateNameTextBox4="NO "><Textbox2 Textbox2="" Textbox14="" /><cgGroup_Collection><cgGroup countingGroupName="Election Day" vot7="13399" /><cgGroup countingGroupName="Vote by Mail" vot7="44575" /></cgGroup_Collection><Textbox13 vot8="57974" Textbox17="0.288386252729706" /></candidateNameTextBox4><partyGroup_Collection><partyGroup><Textbox2 Textbox2="" Textbox6="" /><cgGroup_Collection><cgGroup countingGroupName="Election Day" vot4="13399" /><cgGroup countingGroupName="Vote by Mail" vot4="44575" /></cgGroup_Collection><Textbox13 vot9="57974" Textbox18="0.288386252729706" /></partyGroup></partyGroup_Collection><writeinGroup_Collection /></chGroup></chGroup_Collection><Textbox5><Textbox2 Textbox2="" /><cgGroup_Collection><cgGroup countingGroupName="Election Day" votesDivider_cg="57989" /><cgGroup countingGroupName="Vote by Mail" votesDivider_cg="143040" /></cgGroup_Collection><Textbox13 votes3="201029" /></Textbox5></Tablix1><Tablix2><writeinGroup2_Collection /><Textbox4><cgGroup2_Collection><cgGroup2 cgName="Election Day" remainingUnqualified_cg="0" /><cgGroup2 cgName="Vote by Mail" remainingUnqualified_cg="0" /></cgGroup2_Collection><Textbox1 remainingUnresolved1="0" /></Textbox4></Tablix2></Report></CandidateResults></ContestIdGroup><ContestIdGroup contestId="PROPOSITION B   "><ContestStatistics><Report Name="ContestStatisticsRPT"><Tablix2><Details_Collection><Details Textbox2="Precincts Reported: 474 of 474 1" /></Details_Collection></Tablix2><Tablix1><Textbox7><cgGroup_Collection><cgGroup><cgId2 cgId2="Election Day" ballotsTextBox="59414" /></cgGroup><cgGroup><cgId2 cgId2="Vote by Mail" ballotsTextBox="146926" /></cgGroup></cgGroup_Collection><Textbox9 ballots2="206340 / 495050 " Textbox40="0.416806383193617" /></Textbox7><Textbox33><cgGroup_Collection><cgGroup><cgId2 cgId2="Election Day" undervotes="3393" /></cgGroup><cgGroup><cgId2 cgId2="Vote by Mail" undervotes="8681" /></cgGroup></cgGroup_Collection><Textbox9 undervotes3="12074" /></Textbox33><Textbox37><cgGroup_Collection><cgGroup><cgId2 cgId2="Election Day" Textbox36="7" /></cgGroup><cgGroup><cgId2 cgId2="Vote by Mail" Textbox36="28" /></cgGroup></cgGroup_Collection><Textbox9 overvotes2="35" /></Textbox37><Textbox3><cgGroup_Collection><cgGroup><cgId2 cgId2="Election Day" undervotes1="3400" /></cgGroup><cgGroup><cgId2 cgId2="Vote by Mail" undervotes1="8709" /></cgGroup></cgGroup_Collection><Textbox9 totalBlanks="12109" /></Textbox3><Textbox43><cgGroup_Collection><cgGroup><cgId2 cgId2="Election Day" Textbox39="0" /></cgGroup><cgGroup><cgId2 cgId2="Vote by Mail" Textbox39="0" /></cgGroup></cgGroup_Collection><Textbox9 pushContests2="0" /></Textbox43><Textbox11><cgGroup_Collection><cgGroup><cgId2 cgId2="Election Day" writeinOverrides="0" /></cgGroup><cgGroup><cgId2 cgId2="Vote by Mail" writeinOverrides="0" /></cgGroup></cgGroup_Collection><Textbox9 Textbox13="0" /></Textbox11></Tablix1></Report></ContestStatistics><CandidateResults><Report Name="CandidateResultsRPT"><Tablix1><chGroup_Collection><chGroup><candidateNameTextBox4 candidateNameTextBox4="YES "><Textbox2 Textbox2="" Textbox14="" /><cgGroup_Collection><cgGroup countingGroupName="Election Day" vot7="45329" /><cgGroup countingGroupName="Vote by Mail" vot7="107127" /></cgGroup_Collection><Textbox13 vot8="152456" Textbox17="0.784921047618557" /></candidateNameTextBox4><partyGroup_Collection><partyGroup><Textbox2 Textbox2="" Textbox6="" /><cgGroup_Collection><cgGroup countingGroupName="Election Day" vot4="45329" /><cgGroup countingGroupName="Vote by Mail" vot4="107127" /></cgGroup_Collection><Textbox13 vot9="152456" Textbox18="0.784921047618557" /></partyGroup></partyGroup_Collection><writeinGroup_Collection /></chGroup><chGroup><candidateNameTextBox4 candidateNameTextBox4="NO "><Textbox2 Textbox2="" Textbox14="" /><cgGroup_Collection><cgGroup countingGroupName="Election Day" vot7="10685" /><cgGroup countingGroupName="Vote by Mail" vot7="31090" /></cgGroup_Collection><Textbox13 vot8="41775" Textbox17="0.215078952381443" /></candidateNameTextBox4><partyGroup_Collection><partyGroup><Textbox2 Textbox2="" Textbox6="" /><cgGroup_Collection><cgGroup countingGroupName="Election Day" vot4="10685" /><cgGroup countingGroupName="Vote by Mail" vot4="31090" /></cgGroup_Collection><Textbox13 vot9="41775" Textbox18="0.215078952381443" /></partyGroup></partyGroup_Collection><writeinGroup_Collection /></chGroup></chGroup_Collection><Textbox5><Textbox2 Textbox2="" /><cgGroup_Collection><cgGroup countingGroupName="Election Day" votesDivider_cg="56014" /><cgGroup countingGroupName="Vote by Mail" votesDivider_cg="138217" /></cgGroup_Collection><Textbox13 votes3="194231" /></Textbox5></Tablix1><Tablix2><writeinGroup2_Collection /><Textbox4><cgGroup2_Collection><cgGroup2 cgName="Election Day" remainingUnqualified_cg="0" /><cgGroup2 cgName="Vote by Mail" remainingUnqualified_cg="0" /></cgGroup2_Collection><Textbox1 remainingUnresolved1="0" /></Textbox4></Tablix2></Report></CandidateResults></ContestIdGroup><ContestIdGroup contestId="PROPOSITION C   "><ContestStatistics><Report Name="ContestStatisticsRPT"><Tablix2><Details_Collection><Details Textbox2="Precincts Reported: 474 of 474 1" /></Details_Collection></Tablix2><Tablix1><Textbox7><cgGroup_Collection><cgGroup><cgId2 cgId2="Election Day" ballotsTextBox="59414" /></cgGroup><cgGroup><cgId2 cgId2="Vote by Mail" ballotsTextBox="146926" /></cgGroup></cgGroup_Collection><Textbox9 ballots2="206340 / 495050 " Textbox40="0.416806383193617" /></Textbox7><Textbox33><cgGroup_Collection><cgGroup><cgId2 cgId2="Election Day" undervotes="1301" /></cgGroup><cgGroup><cgId2 cgId2="Vote by Mail" undervotes="3369" /></cgGroup></cgGroup_Collection><Textbox9 undervotes3="4670" /></Textbox33><Textbox37><cgGroup_Collection><cgGroup><cgId2 cgId2="Election Day" Textbox36="32" /></cgGroup><cgGroup><cgId2 cgId2="Vote by Mail" Textbox36="87" /></cgGroup></cgGroup_Collection><Textbox9 overvotes2="119" /></Textbox37><Textbox3><cgGroup_Collection><cgGroup><cgId2 cgId2="Election Day" undervotes1="1333" /></cgGroup><cgGroup><cgId2 cgId2="Vote by Mail" undervotes1="3456" /></cgGroup></cgGroup_Collection><Textbox9 totalBlanks="4789" /></Textbox3><Textbox43><cgGroup_Collection><cgGroup><cgId2 cgId2="Election Day" Textbox39="0" /></cgGroup><cgGroup><cgId2 cgId2="Vote by Mail" Textbox39="0" /></cgGroup></cgGroup_Collection><Textbox9 pushContests2="0" /></Textbox43><Textbox11><cgGroup_Collection><cgGroup><cgId2 cgId2="Election Day" writeinOverrides="0" /></cgGroup><cgGroup><cgId2 cgId2="Vote by Mail" writeinOverrides="0" /></cgGroup></cgGroup_Collection><Textbox9 Textbox13="0" /></Textbox11></Tablix1></Report></ContestStatistics><CandidateResults><Report Name="CandidateResultsRPT"><Tablix1><chGroup_Collection><chGroup><candidateNameTextBox4 candidateNameTextBox4="YES "><Textbox2 Textbox2="" Textbox14="" /><cgGroup_Collection><cgGroup countingGroupName="Election Day" vot7="10092" /><cgGroup countingGroupName="Vote by Mail" vot7="26574" /></cgGroup_Collection><Textbox13 vot8="36666" Textbox17="0.181919216476227" /></candidateNameTextBox4><partyGroup_Collection><partyGroup><Textbox2 Textbox2="" Textbox6="" /><cgGroup_Collection><cgGroup countingGroupName="Election Day" vot4="10092" /><cgGroup countingGroupName="Vote by Mail" vot4="26574" /></cgGroup_Collection><Textbox13 vot9="36666" Textbox18="0.181919216476227" /></partyGroup></partyGroup_Collection><writeinGroup_Collection /></chGroup><chGroup><candidateNameTextBox4 candidateNameTextBox4="NO "><Textbox2 Textbox2="" Textbox14="" /><cgGroup_Collection><cgGroup countingGroupName="Election Day" vot7="47989" /><cgGroup countingGroupName="Vote by Mail" vot7="116896" /></cgGroup_Collection><Textbox13 vot8="164885" Textbox17="0.818080783523773" /></candidateNameTextBox4><partyGroup_Collection><partyGroup><Textbox2 Textbox2="" Textbox6="" /><cgGroup_Collection><cgGroup countingGroupName="Election Day" vot4="47989" /><cgGroup countingGroupName="Vote by Mail" vot4="116896" /></cgGroup_Collection><Textbox13 vot9="164885" Textbox18="0.818080783523773" /></partyGroup></partyGroup_Collection><writeinGroup_Collection /></chGroup></chGroup_Collection><Textbox5><Textbox2 Textbox2="" /><cgGroup_Collection><cgGroup countingGroupName="Election Day" votesDivider_cg="58081" /><cgGroup countingGroupName="Vote by Mail" votesDivider_cg="143470" /></cgGroup_Collection><Textbox13 votes3="201551" /></Textbox5></Tablix1><Tablix2><writeinGroup2_Collection /><Textbox4><cgGroup2_Collection><cgGroup2 cgName="Election Day" remainingUnqualified_cg="0" /><cgGroup2 cgName="Vote by Mail" remainingUnqualified_cg="0" /></cgGroup2_Collection><Textbox1 remainingUnresolved1="0" /></Textbox4></Tablix2></Report></CandidateResults></ContestIdGroup><ContestIdGroup contestId="PROPOSITION D   "><ContestStatistics><Report Name="ContestStatisticsRPT"><Tablix2><Details_Collection><Details Textbox2="Precincts Reported: 474 of 474 1" /></Details_Collection></Tablix2><Tablix1><Textbox7><cgGroup_Collection><cgGroup><cgId2 cgId2="Election Day" ballotsTextBox="59414" /></cgGroup><cgGroup><cgId2 cgId2="Vote by Mail" ballotsTextBox="146926" /></cgGroup></cgGroup_Collection><Textbox9 ballots2="206340 / 495050 " Textbox40="0.416806383193617" /></Textbox7><Textbox33><cgGroup_Collection><cgGroup><cgId2 cgId2="Election Day" undervotes="1618" /></cgGroup><cgGroup><cgId2 cgId2="Vote by Mail" undervotes="4056" /></cgGroup></cgGroup_Collection><Textbox9 undervotes3="5674" /></Textbox33><Textbox37><cgGroup_Collection><cgGroup><cgId2 cgId2="Election Day" Textbox36="13" /></cgGroup><cgGroup><cgId2 cgId2="Vote by Mail" Textbox36="36" /></cgGroup></cgGroup_Collection><Textbox9 overvotes2="49" /></Textbox37><Textbox3><cgGroup_Collection><cgGroup><cgId2 cgId2="Election Day" undervotes1="1631" /></cgGroup><cgGroup><cgId2 cgId2="Vote by Mail" undervotes1="4092" /></cgGroup></cgGroup_Collection><Textbox9 totalBlanks="5723" /></Textbox3><Textbox43><cgGroup_Collection><cgGroup><cgId2 cgId2="Election Day" Textbox39="0" /></cgGroup><cgGroup><cgId2 cgId2="Vote by Mail" Textbox39="0" /></cgGroup></cgGroup_Collection><Textbox9 pushContests2="0" /></Textbox43><Textbox11><cgGroup_Collection><cgGroup><cgId2 cgId2="Election Day" writeinOverrides="0" /></cgGroup><cgGroup><cgId2 cgId2="Vote by Mail" writeinOverrides="0" /></cgGroup></cgGroup_Collection><Textbox9 Textbox13="0" /></Textbox11></Tablix1></Report></ContestStatistics><CandidateResults><Report Name="CandidateResultsRPT"><Tablix1><chGroup_Collection><chGroup><candidateNameTextBox4 candidateNameTextBox4="YES "><Textbox2 Textbox2="" Textbox14="" /><cgGroup_Collection><cgGroup countingGroupName="Election Day" vot7="40886" /><cgGroup countingGroupName="Vote by Mail" vot7="94835" /></cgGroup_Collection><Textbox13 vot8="135721" Textbox17="0.676517942148472" /></candidateNameTextBox4><partyGroup_Collection><partyGroup><Textbox2 Textbox2="" Textbox6="" /><cgGroup_Collection><cgGroup countingGroupName="Election Day" vot4="40886" /><cgGroup countingGroupName="Vote by Mail" vot4="94835" /></cgGroup_Collection><Textbox13 vot9="135721" Textbox18="0.676517942148472" /></partyGroup></partyGroup_Collection><writeinGroup_Collection /></chGroup><chGroup><candidateNameTextBox4 candidateNameTextBox4="NO "><Textbox2 Textbox2="" Textbox14="" /><cgGroup_Collection><cgGroup countingGroupName="Election Day" vot7="16897" /><cgGroup countingGroupName="Vote by Mail" vot7="47999" /></cgGroup_Collection><Textbox13 vot8="64896" Textbox17="0.323482057851528" /></candidateNameTextBox4><partyGroup_Collection><partyGroup><Textbox2 Textbox2="" Textbox6="" /><cgGroup_Collection><cgGroup countingGroupName="Election Day" vot4="16897" /><cgGroup countingGroupName="Vote by Mail" vot4="47999" /></cgGroup_Collection><Textbox13 vot9="64896" Textbox18="0.323482057851528" /></partyGroup></partyGroup_Collection><writeinGroup_Collection /></chGroup></chGroup_Collection><Textbox5><Textbox2 Textbox2="" /><cgGroup_Collection><cgGroup countingGroupName="Election Day" votesDivider_cg="57783" /><cgGroup countingGroupName="Vote by Mail" votesDivider_cg="142834" /></cgGroup_Collection><Textbox13 votes3="200617" /></Textbox5></Tablix1><Tablix2><writeinGroup2_Collection /><Textbox4><cgGroup2_Collection><cgGroup2 cgName="Election Day" remainingUnqualified_cg="0" /><cgGroup2 cgName="Vote by Mail" remainingUnqualified_cg="0" /></cgGroup2_Collection><Textbox1 remainingUnresolved1="0" /></Textbox4></Tablix2></Report></CandidateResults></ContestIdGroup><ContestIdGroup contestId="PROPOSITION E   "><ContestStatistics><Report Name="ContestStatisticsRPT"><Tablix2><Details_Collection><Details Textbox2="Precincts Reported: 474 of 474 1" /></Details_Collection></Tablix2><Tablix1><Textbox7><cgGroup_Collection><cgGroup><cgId2 cgId2="Election Day" ballotsTextBox="59414" /></cgGroup><cgGroup><cgId2 cgId2="Vote by Mail" ballotsTextBox="146926" /></cgGroup></cgGroup_Collection><Textbox9 ballots2="206340 / 495050 " Textbox40="0.416806383193617" /></Textbox7><Textbox33><cgGroup_Collection><cgGroup><cgId2 cgId2="Election Day" undervotes="1870" /></cgGroup><cgGroup><cgId2 cgId2="Vote by Mail" undervotes="5370" /></cgGroup></cgGroup_Collection><Textbox9 undervotes3="7240" /></Textbox33><Textbox37><cgGroup_Collection><cgGroup><cgId2 cgId2="Election Day" Textbox36="19" /></cgGroup><cgGroup><cgId2 cgId2="Vote by Mail" Textbox36="41" /></cgGroup></cgGroup_Collection><Textbox9 overvotes2="60" /></Textbox37><Textbox3><cgGroup_Collection><cgGroup><cgId2 cgId2="Election Day" undervotes1="1889" /></cgGroup><cgGroup><cgId2 cgId2="Vote by Mail" undervotes1="5411" /></cgGroup></cgGroup_Collection><Textbox9 totalBlanks="7300" /></Textbox3><Textbox43><cgGroup_Collection><cgGroup><cgId2 cgId2="Election Day" Textbox39="0" /></cgGroup><cgGroup><cgId2 cgId2="Vote by Mail" Textbox39="0" /></cgGroup></cgGroup_Collection><Textbox9 pushContests2="0" /></Textbox43><Textbox11><cgGroup_Collection><cgGroup><cgId2 cgId2="Election Day" writeinOverrides="0" /></cgGroup><cgGroup><cgId2 cgId2="Vote by Mail" writeinOverrides="0" /></cgGroup></cgGroup_Collection><Textbox9 Textbox13="0" /></Textbox11></Tablix1></Report></ContestStatistics><CandidateResults><Report Name="CandidateResultsRPT"><Tablix1><chGroup_Collection><chGroup><candidateNameTextBox4 candidateNameTextBox4="YES "><Textbox2 Textbox2="" Textbox14="" /><cgGroup_Collection><cgGroup countingGroupName="Election Day" vot7="46079" /><cgGroup countingGroupName="Vote by Mail" vot7="105786" /></cgGroup_Collection><Textbox13 vot8="151865" Textbox17="0.762987339228296" /></candidateNameTextBox4><partyGroup_Collection><partyGroup><Textbox2 Textbox2="" Textbox6="" /><cgGroup_Collection><cgGroup countingGroupName="Election Day" vot4="46079" /><cgGroup countingGroupName="Vote by Mail" vot4="105786" /></cgGroup_Collection><Textbox13 vot9="151865" Textbox18="0.762987339228296" /></partyGroup></partyGroup_Collection><writeinGroup_Collection /></chGroup><chGroup><candidateNameTextBox4 candidateNameTextBox4="NO "><Textbox2 Textbox2="" Textbox14="" /><cgGroup_Collection><cgGroup countingGroupName="Election Day" vot7="11446" /><cgGroup countingGroupName="Vote by Mail" vot7="35729" /></cgGroup_Collection><Textbox13 vot8="47175" Textbox17="0.237012660771704" /></candidateNameTextBox4><partyGroup_Collection><partyGroup><Textbox2 Textbox2="" Textbox6="" /><cgGroup_Collection><cgGroup countingGroupName="Election Day" vot4="11446" /><cgGroup countingGroupName="Vote by Mail" vot4="35729" /></cgGroup_Collection><Textbox13 vot9="47175" Textbox18="0.237012660771704" /></partyGroup></partyGroup_Collection><writeinGroup_Collection /></chGroup></chGroup_Collection><Textbox5><Textbox2 Textbox2="" /><cgGroup_Collection><cgGroup countingGroupName="Election Day" votesDivider_cg="57525" /><cgGroup countingGroupName="Vote by Mail" votesDivider_cg="141515" /></cgGroup_Collection><Textbox13 votes3="199040" /></Textbox5></Tablix1><Tablix2><writeinGroup2_Collection /><Textbox4><cgGroup2_Collection><cgGroup2 cgName="Election Day" remainingUnqualified_cg="0" /><cgGroup2 cgName="Vote by Mail" remainingUnqualified_cg="0" /></cgGroup2_Collection><Textbox1 remainingUnresolved1="0" /></Textbox4></Tablix2></Report></CandidateResults></ContestIdGroup><ContestIdGroup contestId="PROPOSITION F   "><ContestStatistics><Report Name="ContestStatisticsRPT"><Tablix2><Details_Collection><Details Textbox2="Precincts Reported: 474 of 474 1" /></Details_Collection></Tablix2><Tablix1><Textbox7><cgGroup_Collection><cgGroup><cgId2 cgId2="Election Day" ballotsTextBox="59414" /></cgGroup><cgGroup><cgId2 cgId2="Vote by Mail" ballotsTextBox="146926" /></cgGroup></cgGroup_Collection><Textbox9 ballots2="206340 / 495050 " Textbox40="0.416806383193617" /></Textbox7><Textbox33><cgGroup_Collection><cgGroup><cgId2 cgId2="Election Day" undervotes="2694" /></cgGroup><cgGroup><cgId2 cgId2="Vote by Mail" undervotes="7211" /></cgGroup></cgGroup_Collection><Textbox9 undervotes3="9905" /></Textbox33><Textbox37><cgGroup_Collection><cgGroup><cgId2 cgId2="Election Day" Textbox36="8" /></cgGroup><cgGroup><cgId2 cgId2="Vote by Mail" Textbox36="20" /></cgGroup></cgGroup_Collection><Textbox9 overvotes2="28" /></Textbox37><Textbox3><cgGroup_Collection><cgGroup><cgId2 cgId2="Election Day" undervotes1="2702" /></cgGroup><cgGroup><cgId2 cgId2="Vote by Mail" undervotes1="7231" /></cgGroup></cgGroup_Collection><Textbox9 totalBlanks="9933" /></Textbox3><Textbox43><cgGroup_Collection><cgGroup><cgId2 cgId2="Election Day" Textbox39="0" /></cgGroup><cgGroup><cgId2 cgId2="Vote by Mail" Textbox39="0" /></cgGroup></cgGroup_Collection><Textbox9 pushContests2="0" /></Textbox43><Textbox11><cgGroup_Collection><cgGroup><cgId2 cgId2="Election Day" writeinOverrides="0" /></cgGroup><cgGroup><cgId2 cgId2="Vote by Mail" writeinOverrides="0" /></cgGroup></cgGroup_Collection><Textbox9 Textbox13="0" /></Textbox11></Tablix1></Report></ContestStatistics><CandidateResults><Report Name="CandidateResultsRPT"><Tablix1><chGroup_Collection><chGroup><candidateNameTextBox4 candidateNameTextBox4="YES "><Textbox2 Textbox2="" Textbox14="" /><cgGroup_Collection><cgGroup countingGroupName="Election Day" vot7="44143" /><cgGroup countingGroupName="Vote by Mail" vot7="106880" /></cgGroup_Collection><Textbox13 vot8="151023" Textbox17="0.768928805999786" /></candidateNameTextBox4><partyGroup_Collection><partyGroup><Textbox2 Textbox2="" Textbox6="" /><cgGroup_Collection><cgGroup countingGroupName="Election Day" vot4="44143" /><cgGroup countingGroupName="Vote by Mail" vot4="106880" /></cgGroup_Collection><Textbox13 vot9="151023" Textbox18="0.768928805999786" /></partyGroup></partyGroup_Collection><writeinGroup_Collection /></chGroup><chGroup><candidateNameTextBox4 candidateNameTextBox4="NO "><Textbox2 Textbox2="" Textbox14="" /><cgGroup_Collection><cgGroup countingGroupName="Election Day" vot7="12569" /><cgGroup countingGroupName="Vote by Mail" vot7="32815" /></cgGroup_Collection><Textbox13 vot8="45384" Textbox17="0.231071194000214" /></candidateNameTextBox4><partyGroup_Collection><partyGroup><Textbox2 Textbox2="" Textbox6="" /><cgGroup_Collection><cgGroup countingGroupName="Election Day" vot4="12569" /><cgGroup countingGroupName="Vote by Mail" vot4="32815" /></cgGroup_Collection><Textbox13 vot9="45384" Textbox18="0.231071194000214" /></partyGroup></partyGroup_Collection><writeinGroup_Collection /></chGroup></chGroup_Collection><Textbox5><Textbox2 Textbox2="" /><cgGroup_Collection><cgGroup countingGroupName="Election Day" votesDivider_cg="56712" /><cgGroup countingGroupName="Vote by Mail" votesDivider_cg="139695" /></cgGroup_Collection><Textbox13 votes3="196407" /></Textbox5></Tablix1><Tablix2><writeinGroup2_Collection /><Textbox4><cgGroup2_Collection><cgGroup2 cgName="Election Day" remainingUnqualified_cg="0" /><cgGroup2 cgName="Vote by Mail" remainingUnqualified_cg="0" /></cgGroup2_Collection><Textbox1 remainingUnresolved1="0" /></Textbox4></Tablix2></Report></CandidateResults></ContestIdGroup></ContestIdGroup_Collection></contestList></Report></ElectionSummarySubReport></TabBatchGroup></TabBatchGroup_Collection></tabBatchIdList></Report>