﻿<?xml version="1.0" encoding="utf-8"?><Report xsi:schemaLocation="ElectionSummaryReportRPT http://emsserver/ReportServer?%2FEMSApplicationServerReports%2FElectionSummaryReportRPT&amp;rs%3ACommand=Render&amp;rs%3AFormat=XML&amp;rs%3ASessionID=tk04le55mrzpb055ktef5hrp&amp;rc%3ASchema=True" Name="ElectionSummaryReportRPT" xmlns:xsi="http://www.w3.org/2001/XMLSchema-instance" xmlns="ElectionSummaryReportRPT"><Title><Report Name="Title" Textbox11="Election Summary Report" Textbox3="General Election" Textbox2="City and County of San Francisco" Textbox9="2019-11-05T00:00:00" Textbox12="" Textbox8="City and County of San Francisco&#xA;November 5, 2019, Consolidated Municipal Election&#xA;Summary Report - 9" /></Title><tabBatchIdList><TabBatchGroup_Collection><TabBatchGroup contestId=""><ElectionSummarySubReport><Report Name="ElectionSummarySubReportRPT"><Tablix2><Details_Collection><Details reported="Precincts Reported: 0 of 474 (0)" /></Details_Collection></Tablix2><Tablix3><Details2_Collection><Details2 reported3="Registered Voters: 206025 of 495050 (0.416170083829916)" /></Details2_Collection></Tablix3><Tablix4><Details3_Collection><Details3 reported4="Ballots Cast: 412262" /></Details3_Collection></Tablix4><contestList><ContestIdGroup_Collection><ContestIdGroup contestId="MAYOR   "><ContestStatistics><Report Name="ContestStatisticsRPT"><Tablix2><Details_Collection><Details Textbox2="Precincts Reported: 0 of 474 0" /></Details_Collection></Tablix2><Tablix1><Textbox7><cgGroup_Collection><cgGroup><cgId2 cgId2="Election Day" ballotsTextBox="59416" /></cgGroup><cgGroup><cgId2 cgId2="Vote by Mail" ballotsTextBox="146604" /></cgGroup></cgGroup_Collection><Textbox9 ballots2="206020 / 495050 " Textbox40="0.416159983840016" /></Textbox7><Textbox33><cgGroup_Collection><cgGroup><cgId2 cgId2="Election Day" undervotes="9399" /></cgGroup><cgGroup><cgId2 cgId2="Vote by Mail" undervotes="18958" /></cgGroup></cgGroup_Collection><Textbox9 undervotes3="28357" /></Textbox33><Textbox37><cgGroup_Collection><cgGroup><cgId2 cgId2="Election Day" Textbox36="105" /></cgGroup><cgGroup><cgId2 cgId2="Vote by Mail" Textbox36="433" /></cgGroup></cgGroup_Collection><Textbox9 overvotes2="538" /></Textbox37><Textbox3><cgGroup_Collection><cgGroup><cgId2 cgId2="Election Day" undervotes1="9504" /></cgGroup><cgGroup><cgId2 cgId2="Vote by Mail" undervotes1="19391" /></cgGroup></cgGroup_Collection><Textbox9 totalBlanks="28895" /></Textbox3><Textbox43><cgGroup_Collection><cgGroup><cgId2 cgId2="Election Day" Textbox39="0" /></cgGroup><cgGroup><cgId2 cgId2="Vote by Mail" Textbox39="0" /></cgGroup></cgGroup_Collection><Textbox9 pushContests2="0" /></Textbox43><Textbox11><cgGroup_Collection><cgGroup><cgId2 cgId2="Election Day" writeinOverrides="0" /></cgGroup><cgGroup><cgId2 cgId2="Vote by Mail" writeinOverrides="0" /></cgGroup></cgGroup_Collection><Textbox9 Textbox13="0" /></Textbox11></Tablix1></Report></ContestStatistics><CandidateResults><Report Name="CandidateResultsRPT"><Tablix1><chGroup_Collection><chGroup><candidateNameTextBox4 candidateNameTextBox4="JOEL VENTRESCA "><Textbox2 Textbox2="" Textbox14="" /><cgGroup_Collection><cgGroup countingGroupName="Election Day" vot7="4007" /><cgGroup countingGroupName="Vote by Mail" vot7="8836" /></cgGroup_Collection><Textbox13 vot8="12843" Textbox17="0.0725081157374735" /></candidateNameTextBox4><partyGroup_Collection><partyGroup><Textbox2 Textbox2="" Textbox6="" /><cgGroup_Collection><cgGroup countingGroupName="Election Day" vot4="4007" /><cgGroup countingGroupName="Vote by Mail" vot4="8836" /></cgGroup_Collection><Textbox13 vot9="12843" Textbox18="0.0725081157374735" /></partyGroup></partyGroup_Collection><writeinGroup_Collection /></chGroup><chGroup><candidateNameTextBox4 candidateNameTextBox4="WILMA PANG "><Textbox2 Textbox2="" Textbox14="" /><cgGroup_Collection><cgGroup countingGroupName="Election Day" vot7="1735" /><cgGroup countingGroupName="Vote by Mail" vot7="2937" /></cgGroup_Collection><Textbox13 vot8="4672" Textbox17="0.0263768525052929" /></candidateNameTextBox4><partyGroup_Collection><partyGroup><Textbox2 Textbox2="" Textbox6="" /><cgGroup_Collection><cgGroup countingGroupName="Election Day" vot4="1735" /><cgGroup countingGroupName="Vote by Mail" vot4="2937" /></cgGroup_Collection><Textbox13 vot9="4672" Textbox18="0.0263768525052929" /></partyGroup></partyGroup_Collection><writeinGroup_Collection /></chGroup><chGroup><candidateNameTextBox4 candidateNameTextBox4="ROBERT L. JORDAN, JR. "><Textbox2 Textbox2="" Textbox14="" /><cgGroup_Collection><cgGroup countingGroupName="Election Day" vot7="786" /><cgGroup countingGroupName="Vote by Mail" vot7="1534" /></cgGroup_Collection><Textbox13 vot8="2320" Textbox17="0.0130980945659845" /></candidateNameTextBox4><partyGroup_Collection><partyGroup><Textbox2 Textbox2="" Textbox6="" /><cgGroup_Collection><cgGroup countingGroupName="Election Day" vot4="786" /><cgGroup countingGroupName="Vote by Mail" vot4="1534" /></cgGroup_Collection><Textbox13 vot9="2320" Textbox18="0.0130980945659845" /></partyGroup></partyGroup_Collection><writeinGroup_Collection /></chGroup><chGroup><candidateNameTextBox4 candidateNameTextBox4="PAUL YBARRA ROBERTSON "><Textbox2 Textbox2="" Textbox14="" /><cgGroup_Collection><cgGroup countingGroupName="Election Day" vot7="2091" /><cgGroup countingGroupName="Vote by Mail" vot7="5376" /></cgGroup_Collection><Textbox13 vot8="7467" Textbox17="0.0421566690190543" /></candidateNameTextBox4><partyGroup_Collection><partyGroup><Textbox2 Textbox2="" Textbox6="" /><cgGroup_Collection><cgGroup countingGroupName="Election Day" vot4="2091" /><cgGroup countingGroupName="Vote by Mail" vot4="5376" /></cgGroup_Collection><Textbox13 vot9="7467" Textbox18="0.0421566690190543" /></partyGroup></partyGroup_Collection><writeinGroup_Collection /></chGroup><chGroup><candidateNameTextBox4 candidateNameTextBox4="ELLEN LEE ZHOU "><Textbox2 Textbox2="" Textbox14="" /><cgGroup_Collection><cgGroup countingGroupName="Election Day" vot7="5676" /><cgGroup countingGroupName="Vote by Mail" vot7="18975" /></cgGroup_Collection><Textbox13 vot8="24651" Textbox17="0.139172900494001" /></candidateNameTextBox4><partyGroup_Collection><partyGroup><Textbox2 Textbox2="" Textbox6="" /><cgGroup_Collection><cgGroup countingGroupName="Election Day" vot4="5676" /><cgGroup countingGroupName="Vote by Mail" vot4="18975" /></cgGroup_Collection><Textbox13 vot9="24651" Textbox18="0.139172900494001" /></partyGroup></partyGroup_Collection><writeinGroup_Collection /></chGroup><chGroup><candidateNameTextBox4 candidateNameTextBox4="LONDON N. BREED "><Textbox2 Textbox2="" Textbox14="" /><cgGroup_Collection><cgGroup countingGroupName="Election Day" vot7="35599" /><cgGroup countingGroupName="Vote by Mail" vot7="89551" /></cgGroup_Collection><Textbox13 vot8="125150" Textbox17="0.706563161609033" /></candidateNameTextBox4><partyGroup_Collection><partyGroup><Textbox2 Textbox2="" Textbox6="" /><cgGroup_Collection><cgGroup countingGroupName="Election Day" vot4="35599" /><cgGroup countingGroupName="Vote by Mail" vot4="89551" /></cgGroup_Collection><Textbox13 vot9="125150" Textbox18="0.706563161609033" /></partyGroup></partyGroup_Collection><writeinGroup_Collection /></chGroup><chGroup><candidateNameTextBox4 candidateNameTextBox4="Write-in "><Textbox2 Textbox2="" Textbox14="" /><cgGroup_Collection><cgGroup countingGroupName="Election Day" vot7="18" /><cgGroup countingGroupName="Vote by Mail" vot7="4" /></cgGroup_Collection><Textbox13 vot8="22" Textbox17="0.000124206069160198" /></candidateNameTextBox4><partyGroup_Collection /><writeinGroup_Collection><writeinGroup choiceName2="Write-in "><Textbox2 Textbox2="" /><cgGroup_Collection><cgGroup countingGroupName="Election Day" vot5="18" /><cgGroup countingGroupName="Vote by Mail" vot5="4" /></cgGroup_Collection><Textbox13 vot12="22" Textbox19="0.000124206069160198" /></writeinGroup></writeinGroup_Collection></chGroup></chGroup_Collection><Textbox5><Textbox2 Textbox2="" /><cgGroup_Collection><cgGroup countingGroupName="Election Day" votesDivider_cg="49912" /><cgGroup countingGroupName="Vote by Mail" votesDivider_cg="127213" /></cgGroup_Collection><Textbox13 votes3="177125" /></Textbox5></Tablix1><Tablix2><writeinGroup2_Collection><writeinGroup2 name="MARC ROTH "><Textbox3><cgGroup2_Collection><cgGroup2 cgName="Election Day" votes="4" /><cgGroup2 cgName="Vote by Mail" votes="3" /></cgGroup2_Collection><Textbox1 votes2="7" Textbox11="3.95201129146083E-05" /></Textbox3></writeinGroup2></writeinGroup2_Collection><Textbox4><cgGroup2_Collection><cgGroup2 cgName="Election Day" remainingUnqualified_cg="14" /><cgGroup2 cgName="Vote by Mail" remainingUnqualified_cg="1" /></cgGroup2_Collection><Textbox1 remainingUnresolved1="15" /></Textbox4></Tablix2></Report></CandidateResults></ContestIdGroup><ContestIdGroup contestId="MEMBER, BOARD OF SUPERVISORS, DISTRICT 5   "><ContestStatistics><Report Name="ContestStatisticsRPT"><Tablix2><Details_Collection><Details Textbox2="Precincts Reported: 0 of 54 0" /></Details_Collection></Tablix2><Tablix1><Textbox7><cgGroup_Collection><cgGroup><cgId2 cgId2="Election Day" ballotsTextBox="8348" /></cgGroup><cgGroup><cgId2 cgId2="Vote by Mail" ballotsTextBox="16411" /></cgGroup></cgGroup_Collection><Textbox9 ballots2="24759 / 51976 " Textbox40="0.476354471294444" /></Textbox7><Textbox33><cgGroup_Collection><cgGroup><cgId2 cgId2="Election Day" undervotes="403" /></cgGroup><cgGroup><cgId2 cgId2="Vote by Mail" undervotes="846" /></cgGroup></cgGroup_Collection><Textbox9 undervotes3="1249" /></Textbox33><Textbox37><cgGroup_Collection><cgGroup><cgId2 cgId2="Election Day" Textbox36="8" /></cgGroup><cgGroup><cgId2 cgId2="Vote by Mail" Textbox36="31" /></cgGroup></cgGroup_Collection><Textbox9 overvotes2="39" /></Textbox37><Textbox3><cgGroup_Collection><cgGroup><cgId2 cgId2="Election Day" undervotes1="411" /></cgGroup><cgGroup><cgId2 cgId2="Vote by Mail" undervotes1="877" /></cgGroup></cgGroup_Collection><Textbox9 totalBlanks="1288" /></Textbox3><Textbox43><cgGroup_Collection><cgGroup><cgId2 cgId2="Election Day" Textbox39="0" /></cgGroup><cgGroup><cgId2 cgId2="Vote by Mail" Textbox39="0" /></cgGroup></cgGroup_Collection><Textbox9 pushContests2="0" /></Textbox43><Textbox11><cgGroup_Collection><cgGroup><cgId2 cgId2="Election Day" writeinOverrides="0" /></cgGroup><cgGroup><cgId2 cgId2="Vote by Mail" writeinOverrides="0" /></cgGroup></cgGroup_Collection><Textbox9 Textbox13="0" /></Textbox11></Tablix1></Report></ContestStatistics><CandidateResults><Report Name="CandidateResultsRPT"><Tablix1><chGroup_Collection><chGroup><candidateNameTextBox4 candidateNameTextBox4="RYAN LAM "><Textbox2 Textbox2="" Textbox14="" /><cgGroup_Collection><cgGroup countingGroupName="Election Day" vot7="223" /><cgGroup countingGroupName="Vote by Mail" vot7="694" /></cgGroup_Collection><Textbox13 vot8="917" Textbox17="0.0390694900089472" /></candidateNameTextBox4><partyGroup_Collection><partyGroup><Textbox2 Textbox2="" Textbox6="" /><cgGroup_Collection><cgGroup countingGroupName="Election Day" vot4="223" /><cgGroup countingGroupName="Vote by Mail" vot4="694" /></cgGroup_Collection><Textbox13 vot9="917" Textbox18="0.0390694900089472" /></partyGroup></partyGroup_Collection><writeinGroup_Collection /></chGroup><chGroup><candidateNameTextBox4 candidateNameTextBox4="DEAN PRESTON "><Textbox2 Textbox2="" Textbox14="" /><cgGroup_Collection><cgGroup countingGroupName="Election Day" vot7="4249" /><cgGroup countingGroupName="Vote by Mail" vot7="6870" /></cgGroup_Collection><Textbox13 vot8="11119" Textbox17="0.473733543521793" /></candidateNameTextBox4><partyGroup_Collection><partyGroup><Textbox2 Textbox2="" Textbox6="" /><cgGroup_Collection><cgGroup countingGroupName="Election Day" vot4="4249" /><cgGroup countingGroupName="Vote by Mail" vot4="6870" /></cgGroup_Collection><Textbox13 vot9="11119" Textbox18="0.473733543521793" /></partyGroup></partyGroup_Collection><writeinGroup_Collection /></chGroup><chGroup><candidateNameTextBox4 candidateNameTextBox4="NOMVULA O'MEARA "><Textbox2 Textbox2="" Textbox14="" /><cgGroup_Collection><cgGroup countingGroupName="Election Day" vot7="109" /><cgGroup countingGroupName="Vote by Mail" vot7="156" /></cgGroup_Collection><Textbox13 vot8="265" Textbox17="0.0112905287375911" /></candidateNameTextBox4><partyGroup_Collection><partyGroup><Textbox2 Textbox2="" Textbox6="" /><cgGroup_Collection><cgGroup countingGroupName="Election Day" vot4="109" /><cgGroup countingGroupName="Vote by Mail" vot4="156" /></cgGroup_Collection><Textbox13 vot9="265" Textbox18="0.0112905287375911" /></partyGroup></partyGroup_Collection><writeinGroup_Collection /></chGroup><chGroup><candidateNameTextBox4 candidateNameTextBox4="VALLIE BROWN "><Textbox2 Textbox2="" Textbox14="" /><cgGroup_Collection><cgGroup countingGroupName="Election Day" vot7="3354" /><cgGroup countingGroupName="Vote by Mail" vot7="7814" /></cgGroup_Collection><Textbox13 vot8="11168" Textbox17="0.475821226194027" /></candidateNameTextBox4><partyGroup_Collection><partyGroup><Textbox2 Textbox2="" Textbox6="" /><cgGroup_Collection><cgGroup countingGroupName="Election Day" vot4="3354" /><cgGroup countingGroupName="Vote by Mail" vot4="7814" /></cgGroup_Collection><Textbox13 vot9="11168" Textbox18="0.475821226194027" /></partyGroup></partyGroup_Collection><writeinGroup_Collection /></chGroup><chGroup><candidateNameTextBox4 candidateNameTextBox4="Write-in "><Textbox2 Textbox2="" Textbox14="" /><cgGroup_Collection><cgGroup countingGroupName="Election Day" vot7="2" /><cgGroup countingGroupName="Vote by Mail" vot7="0" /></cgGroup_Collection><Textbox13 vot8="2" Textbox17="8.52115376421967E-05" /></candidateNameTextBox4><partyGroup_Collection /><writeinGroup_Collection><writeinGroup choiceName2="Write-in "><Textbox2 Textbox2="" /><cgGroup_Collection><cgGroup countingGroupName="Election Day" vot5="2" /><cgGroup countingGroupName="Vote by Mail" vot5="0" /></cgGroup_Collection><Textbox13 vot12="2" Textbox19="8.52115376421967E-05" /></writeinGroup></writeinGroup_Collection></chGroup></chGroup_Collection><Textbox5><Textbox2 Textbox2="" /><cgGroup_Collection><cgGroup countingGroupName="Election Day" votesDivider_cg="7937" /><cgGroup countingGroupName="Vote by Mail" votesDivider_cg="15534" /></cgGroup_Collection><Textbox13 votes3="23471" /></Textbox5></Tablix1><Tablix2><writeinGroup2_Collection /><Textbox4><cgGroup2_Collection><cgGroup2 cgName="Election Day" remainingUnqualified_cg="2" /><cgGroup2 cgName="Vote by Mail" remainingUnqualified_cg="0" /></cgGroup2_Collection><Textbox1 remainingUnresolved1="2" /></Textbox4></Tablix2></Report></CandidateResults></ContestIdGroup><ContestIdGroup contestId="CITY ATTORNEY   "><ContestStatistics><Report Name="ContestStatisticsRPT"><Tablix2><Details_Collection><Details Textbox2="Precincts Reported: 0 of 474 0" /></Details_Collection></Tablix2><Tablix1><Textbox7><cgGroup_Collection><cgGroup><cgId2 cgId2="Election Day" ballotsTextBox="59416" /></cgGroup><cgGroup><cgId2 cgId2="Vote by Mail" ballotsTextBox="146604" /></cgGroup></cgGroup_Collection><Textbox9 ballots2="206020 / 495050 " Textbox40="0.416159983840016" /></Textbox7><Textbox33><cgGroup_Collection><cgGroup><cgId2 cgId2="Election Day" undervotes="11298" /></cgGroup><cgGroup><cgId2 cgId2="Vote by Mail" undervotes="33362" /></cgGroup></cgGroup_Collection><Textbox9 undervotes3="44660" /></Textbox33><Textbox37><cgGroup_Collection><cgGroup><cgId2 cgId2="Election Day" Textbox36="14" /></cgGroup><cgGroup><cgId2 cgId2="Vote by Mail" Textbox36="41" /></cgGroup></cgGroup_Collection><Textbox9 overvotes2="55" /></Textbox37><Textbox3><cgGroup_Collection><cgGroup><cgId2 cgId2="Election Day" undervotes1="11312" /></cgGroup><cgGroup><cgId2 cgId2="Vote by Mail" undervotes1="33403" /></cgGroup></cgGroup_Collection><Textbox9 totalBlanks="44715" /></Textbox3><Textbox43><cgGroup_Collection><cgGroup><cgId2 cgId2="Election Day" Textbox39="0" /></cgGroup><cgGroup><cgId2 cgId2="Vote by Mail" Textbox39="0" /></cgGroup></cgGroup_Collection><Textbox9 pushContests2="0" /></Textbox43><Textbox11><cgGroup_Collection><cgGroup><cgId2 cgId2="Election Day" writeinOverrides="0" /></cgGroup><cgGroup><cgId2 cgId2="Vote by Mail" writeinOverrides="0" /></cgGroup></cgGroup_Collection><Textbox9 Textbox13="0" /></Textbox11></Tablix1></Report></ContestStatistics><CandidateResults><Report Name="CandidateResultsRPT"><Tablix1><chGroup_Collection><chGroup><candidateNameTextBox4 candidateNameTextBox4="DENNIS J. HERRERA "><Textbox2 Textbox2="" Textbox14="" /><cgGroup_Collection><cgGroup countingGroupName="Election Day" vot7="48102" /><cgGroup countingGroupName="Vote by Mail" vot7="113196" /></cgGroup_Collection><Textbox13 vot8="161298" Textbox17="0.999956603949041" /></candidateNameTextBox4><partyGroup_Collection><partyGroup><Textbox2 Textbox2="" Textbox6="" /><cgGroup_Collection><cgGroup countingGroupName="Election Day" vot4="48102" /><cgGroup countingGroupName="Vote by Mail" vot4="113196" /></cgGroup_Collection><Textbox13 vot9="161298" Textbox18="0.999956603949041" /></partyGroup></partyGroup_Collection><writeinGroup_Collection /></chGroup><chGroup><candidateNameTextBox4 candidateNameTextBox4="Write-in "><Textbox2 Textbox2="" Textbox14="" /><cgGroup_Collection><cgGroup countingGroupName="Election Day" vot7="2" /><cgGroup countingGroupName="Vote by Mail" vot7="5" /></cgGroup_Collection><Textbox13 vot8="7" Textbox17="4.33960509593627E-05" /></candidateNameTextBox4><partyGroup_Collection /><writeinGroup_Collection><writeinGroup choiceName2="Write-in "><Textbox2 Textbox2="" /><cgGroup_Collection><cgGroup countingGroupName="Election Day" vot5="2" /><cgGroup countingGroupName="Vote by Mail" vot5="5" /></cgGroup_Collection><Textbox13 vot12="7" Textbox19="4.33960509593627E-05" /></writeinGroup><writeinGroup choiceName2="Write-in "><Textbox2 Textbox2="" /><cgGroup_Collection><cgGroup countingGroupName="Election Day" vot5="0" /><cgGroup countingGroupName="Vote by Mail" vot5="0" /></cgGroup_Collection><Textbox13 vot12="0" Textbox19="0" /></writeinGroup></writeinGroup_Collection></chGroup></chGroup_Collection><Textbox5><Textbox2 Textbox2="" /><cgGroup_Collection><cgGroup countingGroupName="Election Day" votesDivider_cg="48104" /><cgGroup countingGroupName="Vote by Mail" votesDivider_cg="113201" /></cgGroup_Collection><Textbox13 votes3="161305" /></Textbox5></Tablix1><Tablix2><writeinGroup2_Collection /><Textbox4><cgGroup2_Collection><cgGroup2 cgName="Election Day" remainingUnqualified_cg="2" /><cgGroup2 cgName="Vote by Mail" remainingUnqualified_cg="5" /></cgGroup2_Collection><Textbox1 remainingUnresolved1="7" /></Textbox4></Tablix2></Report></CandidateResults></ContestIdGroup><ContestIdGroup contestId="DISTRICT ATTORNEY   "><ContestStatistics><Report Name="ContestStatisticsRPT"><Tablix2><Details_Collection><Details Textbox2="Precincts Reported: 0 of 474 0" /></Details_Collection></Tablix2><Tablix1><Textbox7><cgGroup_Collection><cgGroup><cgId2 cgId2="Election Day" ballotsTextBox="59416" /></cgGroup><cgGroup><cgId2 cgId2="Vote by Mail" ballotsTextBox="146604" /></cgGroup></cgGroup_Collection><Textbox9 ballots2="206020 / 495050 " Textbox40="0.416159983840016" /></Textbox7><Textbox33><cgGroup_Collection><cgGroup><cgId2 cgId2="Election Day" undervotes="2866" /></cgGroup><cgGroup><cgId2 cgId2="Vote by Mail" undervotes="10707" /></cgGroup></cgGroup_Collection><Textbox9 undervotes3="13573" /></Textbox33><Textbox37><cgGroup_Collection><cgGroup><cgId2 cgId2="Election Day" Textbox36="83" /></cgGroup><cgGroup><cgId2 cgId2="Vote by Mail" Textbox36="391" /></cgGroup></cgGroup_Collection><Textbox9 overvotes2="474" /></Textbox37><Textbox3><cgGroup_Collection><cgGroup><cgId2 cgId2="Election Day" undervotes1="2949" /></cgGroup><cgGroup><cgId2 cgId2="Vote by Mail" undervotes1="11098" /></cgGroup></cgGroup_Collection><Textbox9 totalBlanks="14047" /></Textbox3><Textbox43><cgGroup_Collection><cgGroup><cgId2 cgId2="Election Day" Textbox39="0" /></cgGroup><cgGroup><cgId2 cgId2="Vote by Mail" Textbox39="0" /></cgGroup></cgGroup_Collection><Textbox9 pushContests2="0" /></Textbox43><Textbox11><cgGroup_Collection><cgGroup><cgId2 cgId2="Election Day" writeinOverrides="0" /></cgGroup><cgGroup><cgId2 cgId2="Vote by Mail" writeinOverrides="0" /></cgGroup></cgGroup_Collection><Textbox9 Textbox13="0" /></Textbox11></Tablix1></Report></ContestStatistics><CandidateResults><Report Name="CandidateResultsRPT"><Tablix1><chGroup_Collection><chGroup><candidateNameTextBox4 candidateNameTextBox4="SUZY LOFTUS "><Textbox2 Textbox2="" Textbox14="" /><cgGroup_Collection><cgGroup countingGroupName="Election Day" vot7="16559" /><cgGroup countingGroupName="Vote by Mail" vot7="43120" /></cgGroup_Collection><Textbox13 vot8="59679" Textbox17="0.31087184135269" /></candidateNameTextBox4><partyGroup_Collection><partyGroup><Textbox2 Textbox2="" Textbox6="" /><cgGroup_Collection><cgGroup countingGroupName="Election Day" vot4="16559" /><cgGroup countingGroupName="Vote by Mail" vot4="43120" /></cgGroup_Collection><Textbox13 vot9="59679" Textbox18="0.31087184135269" /></partyGroup></partyGroup_Collection><writeinGroup_Collection /></chGroup><chGroup><candidateNameTextBox4 candidateNameTextBox4="LEIF DAUTCH "><Textbox2 Textbox2="" Textbox14="" /><cgGroup_Collection><cgGroup countingGroupName="Election Day" vot7="6537" /><cgGroup countingGroupName="Vote by Mail" vot7="20210" /></cgGroup_Collection><Textbox13 vot8="26747" Textbox17="0.139326884509801" /></candidateNameTextBox4><partyGroup_Collection><partyGroup><Textbox2 Textbox2="" Textbox6="" /><cgGroup_Collection><cgGroup countingGroupName="Election Day" vot4="6537" /><cgGroup countingGroupName="Vote by Mail" vot4="20210" /></cgGroup_Collection><Textbox13 vot9="26747" Textbox18="0.139326884509801" /></partyGroup></partyGroup_Collection><writeinGroup_Collection /></chGroup><chGroup><candidateNameTextBox4 candidateNameTextBox4="NANCY TUNG "><Textbox2 Textbox2="" Textbox14="" /><cgGroup_Collection><cgGroup countingGroupName="Election Day" vot7="8090" /><cgGroup countingGroupName="Vote by Mail" vot7="28909" /></cgGroup_Collection><Textbox13 vot8="36999" Textbox17="0.192730227688269" /></candidateNameTextBox4><partyGroup_Collection><partyGroup><Textbox2 Textbox2="" Textbox6="" /><cgGroup_Collection><cgGroup countingGroupName="Election Day" vot4="8090" /><cgGroup countingGroupName="Vote by Mail" vot4="28909" /></cgGroup_Collection><Textbox13 vot9="36999" Textbox18="0.192730227688269" /></partyGroup></partyGroup_Collection><writeinGroup_Collection /></chGroup><chGroup><candidateNameTextBox4 candidateNameTextBox4="CHESA BOUDIN "><Textbox2 Textbox2="" Textbox14="" /><cgGroup_Collection><cgGroup countingGroupName="Election Day" vot7="25280" /><cgGroup countingGroupName="Vote by Mail" vot7="43264" /></cgGroup_Collection><Textbox13 vot8="68544" Textbox17="0.357050210185807" /></candidateNameTextBox4><partyGroup_Collection><partyGroup><Textbox2 Textbox2="" Textbox6="" /><cgGroup_Collection><cgGroup countingGroupName="Election Day" vot4="25280" /><cgGroup countingGroupName="Vote by Mail" vot4="43264" /></cgGroup_Collection><Textbox13 vot9="68544" Textbox18="0.357050210185807" /></partyGroup></partyGroup_Collection><writeinGroup_Collection /></chGroup><chGroup><candidateNameTextBox4 candidateNameTextBox4="Write-in "><Textbox2 Textbox2="" Textbox14="" /><cgGroup_Collection><cgGroup countingGroupName="Election Day" vot7="1" /><cgGroup countingGroupName="Vote by Mail" vot7="3" /></cgGroup_Collection><Textbox13 vot8="4" Textbox17="2.08362634328786E-05" /></candidateNameTextBox4><partyGroup_Collection /><writeinGroup_Collection><writeinGroup choiceName2="Write-in "><Textbox2 Textbox2="" /><cgGroup_Collection><cgGroup countingGroupName="Election Day" vot5="1" /><cgGroup countingGroupName="Vote by Mail" vot5="3" /></cgGroup_Collection><Textbox13 vot12="4" Textbox19="2.08362634328786E-05" /></writeinGroup></writeinGroup_Collection></chGroup></chGroup_Collection><Textbox5><Textbox2 Textbox2="" /><cgGroup_Collection><cgGroup countingGroupName="Election Day" votesDivider_cg="56467" /><cgGroup countingGroupName="Vote by Mail" votesDivider_cg="135506" /></cgGroup_Collection><Textbox13 votes3="191973" /></Textbox5></Tablix1><Tablix2><writeinGroup2_Collection /><Textbox4><cgGroup2_Collection><cgGroup2 cgName="Election Day" remainingUnqualified_cg="1" /><cgGroup2 cgName="Vote by Mail" remainingUnqualified_cg="3" /></cgGroup2_Collection><Textbox1 remainingUnresolved1="4" /></Textbox4></Tablix2></Report></CandidateResults></ContestIdGroup><ContestIdGroup contestId="PUBLIC DEFENDER   "><ContestStatistics><Report Name="ContestStatisticsRPT"><Tablix2><Details_Collection><Details Textbox2="Precincts Reported: 0 of 474 0" /></Details_Collection></Tablix2><Tablix1><Textbox7><cgGroup_Collection><cgGroup><cgId2 cgId2="Election Day" ballotsTextBox="59416" /></cgGroup><cgGroup><cgId2 cgId2="Vote by Mail" ballotsTextBox="146604" /></cgGroup></cgGroup_Collection><Textbox9 ballots2="206020 / 495050 " Textbox40="0.416159983840016" /></Textbox7><Textbox33><cgGroup_Collection><cgGroup><cgId2 cgId2="Election Day" undervotes="11495" /></cgGroup><cgGroup><cgId2 cgId2="Vote by Mail" undervotes="35989" /></cgGroup></cgGroup_Collection><Textbox9 undervotes3="47484" /></Textbox33><Textbox37><cgGroup_Collection><cgGroup><cgId2 cgId2="Election Day" Textbox36="6" /></cgGroup><cgGroup><cgId2 cgId2="Vote by Mail" Textbox36="28" /></cgGroup></cgGroup_Collection><Textbox9 overvotes2="34" /></Textbox37><Textbox3><cgGroup_Collection><cgGroup><cgId2 cgId2="Election Day" undervotes1="11501" /></cgGroup><cgGroup><cgId2 cgId2="Vote by Mail" undervotes1="36017" /></cgGroup></cgGroup_Collection><Textbox9 totalBlanks="47518" /></Textbox3><Textbox43><cgGroup_Collection><cgGroup><cgId2 cgId2="Election Day" Textbox39="0" /></cgGroup><cgGroup><cgId2 cgId2="Vote by Mail" Textbox39="0" /></cgGroup></cgGroup_Collection><Textbox9 pushContests2="0" /></Textbox43><Textbox11><cgGroup_Collection><cgGroup><cgId2 cgId2="Election Day" writeinOverrides="0" /></cgGroup><cgGroup><cgId2 cgId2="Vote by Mail" writeinOverrides="0" /></cgGroup></cgGroup_Collection><Textbox9 Textbox13="0" /></Textbox11></Tablix1></Report></ContestStatistics><CandidateResults><Report Name="CandidateResultsRPT"><Tablix1><chGroup_Collection><chGroup><candidateNameTextBox4 candidateNameTextBox4="MANOHAR &quot;MANO&quot; RAJU "><Textbox2 Textbox2="" Textbox14="" /><cgGroup_Collection><cgGroup countingGroupName="Election Day" vot7="47911" /><cgGroup countingGroupName="Vote by Mail" vot7="110584" /></cgGroup_Collection><Textbox13 vot8="158495" Textbox17="0.999955836519413" /></candidateNameTextBox4><partyGroup_Collection><partyGroup><Textbox2 Textbox2="" Textbox6="" /><cgGroup_Collection><cgGroup countingGroupName="Election Day" vot4="47911" /><cgGroup countingGroupName="Vote by Mail" vot4="110584" /></cgGroup_Collection><Textbox13 vot9="158495" Textbox18="0.999955836519413" /></partyGroup></partyGroup_Collection><writeinGroup_Collection /></chGroup><chGroup><candidateNameTextBox4 candidateNameTextBox4="Write-in "><Textbox2 Textbox2="" Textbox14="" /><cgGroup_Collection><cgGroup countingGroupName="Election Day" vot7="4" /><cgGroup countingGroupName="Vote by Mail" vot7="3" /></cgGroup_Collection><Textbox13 vot8="7" Textbox17="4.41634805869957E-05" /></candidateNameTextBox4><partyGroup_Collection /><writeinGroup_Collection><writeinGroup choiceName2="Write-in "><Textbox2 Textbox2="" /><cgGroup_Collection><cgGroup countingGroupName="Election Day" vot5="3" /><cgGroup countingGroupName="Vote by Mail" vot5="3" /></cgGroup_Collection><Textbox13 vot12="6" Textbox19="3.78544119317106E-05" /></writeinGroup><writeinGroup choiceName2="Write-in "><Textbox2 Textbox2="" /><cgGroup_Collection><cgGroup countingGroupName="Election Day" vot5="1" /><cgGroup countingGroupName="Vote by Mail" vot5="0" /></cgGroup_Collection><Textbox13 vot12="1" Textbox19="6.30906865528511E-06" /></writeinGroup></writeinGroup_Collection></chGroup></chGroup_Collection><Textbox5><Textbox2 Textbox2="" /><cgGroup_Collection><cgGroup countingGroupName="Election Day" votesDivider_cg="47915" /><cgGroup countingGroupName="Vote by Mail" votesDivider_cg="110587" /></cgGroup_Collection><Textbox13 votes3="158502" /></Textbox5></Tablix1><Tablix2><writeinGroup2_Collection /><Textbox4><cgGroup2_Collection><cgGroup2 cgName="Election Day" remainingUnqualified_cg="4" /><cgGroup2 cgName="Vote by Mail" remainingUnqualified_cg="3" /></cgGroup2_Collection><Textbox1 remainingUnresolved1="7" /></Textbox4></Tablix2></Report></CandidateResults></ContestIdGroup><ContestIdGroup contestId="SHERIFF   "><ContestStatistics><Report Name="ContestStatisticsRPT"><Tablix2><Details_Collection><Details Textbox2="Precincts Reported: 0 of 474 0" /></Details_Collection></Tablix2><Tablix1><Textbox7><cgGroup_Collection><cgGroup><cgId2 cgId2="Election Day" ballotsTextBox="59416" /></cgGroup><cgGroup><cgId2 cgId2="Vote by Mail" ballotsTextBox="146604" /></cgGroup></cgGroup_Collection><Textbox9 ballots2="206020 / 495050 " Textbox40="0.416159983840016" /></Textbox7><Textbox33><cgGroup_Collection><cgGroup><cgId2 cgId2="Election Day" undervotes="16878" /></cgGroup><cgGroup><cgId2 cgId2="Vote by Mail" undervotes="42529" /></cgGroup></cgGroup_Collection><Textbox9 undervotes3="59407" /></Textbox33><Textbox37><cgGroup_Collection><cgGroup><cgId2 cgId2="Election Day" Textbox36="10" /></cgGroup><cgGroup><cgId2 cgId2="Vote by Mail" Textbox36="27" /></cgGroup></cgGroup_Collection><Textbox9 overvotes2="37" /></Textbox37><Textbox3><cgGroup_Collection><cgGroup><cgId2 cgId2="Election Day" undervotes1="16888" /></cgGroup><cgGroup><cgId2 cgId2="Vote by Mail" undervotes1="42556" /></cgGroup></cgGroup_Collection><Textbox9 totalBlanks="59444" /></Textbox3><Textbox43><cgGroup_Collection><cgGroup><cgId2 cgId2="Election Day" Textbox39="0" /></cgGroup><cgGroup><cgId2 cgId2="Vote by Mail" Textbox39="0" /></cgGroup></cgGroup_Collection><Textbox9 pushContests2="0" /></Textbox43><Textbox11><cgGroup_Collection><cgGroup><cgId2 cgId2="Election Day" writeinOverrides="0" /></cgGroup><cgGroup><cgId2 cgId2="Vote by Mail" writeinOverrides="0" /></cgGroup></cgGroup_Collection><Textbox9 Textbox13="0" /></Textbox11></Tablix1></Report></ContestStatistics><CandidateResults><Report Name="CandidateResultsRPT"><Tablix1><chGroup_Collection><chGroup><candidateNameTextBox4 candidateNameTextBox4="PAUL MIYAMOTO "><Textbox2 Textbox2="" Textbox14="" /><cgGroup_Collection><cgGroup countingGroupName="Election Day" vot7="42522" /><cgGroup countingGroupName="Vote by Mail" vot7="104047" /></cgGroup_Collection><Textbox13 vot8="146569" Textbox17="0.99995224320489" /></candidateNameTextBox4><partyGroup_Collection><partyGroup><Textbox2 Textbox2="" Textbox6="" /><cgGroup_Collection><cgGroup countingGroupName="Election Day" vot4="42522" /><cgGroup countingGroupName="Vote by Mail" vot4="104047" /></cgGroup_Collection><Textbox13 vot9="146569" Textbox18="0.99995224320489" /></partyGroup></partyGroup_Collection><writeinGroup_Collection /></chGroup><chGroup><candidateNameTextBox4 candidateNameTextBox4="Write-in "><Textbox2 Textbox2="" Textbox14="" /><cgGroup_Collection><cgGroup countingGroupName="Election Day" vot7="6" /><cgGroup countingGroupName="Vote by Mail" vot7="1" /></cgGroup_Collection><Textbox13 vot8="7" Textbox17="4.77567951097042E-05" /></candidateNameTextBox4><partyGroup_Collection /><writeinGroup_Collection><writeinGroup choiceName2="Write-in "><Textbox2 Textbox2="" /><cgGroup_Collection><cgGroup countingGroupName="Election Day" vot5="4" /><cgGroup countingGroupName="Vote by Mail" vot5="1" /></cgGroup_Collection><Textbox13 vot12="5" Textbox19="3.41119965069316E-05" /></writeinGroup><writeinGroup choiceName2="Write-in "><Textbox2 Textbox2="" /><cgGroup_Collection><cgGroup countingGroupName="Election Day" vot5="2" /><cgGroup countingGroupName="Vote by Mail" vot5="0" /></cgGroup_Collection><Textbox13 vot12="2" Textbox19="1.36447986027726E-05" /></writeinGroup></writeinGroup_Collection></chGroup></chGroup_Collection><Textbox5><Textbox2 Textbox2="" /><cgGroup_Collection><cgGroup countingGroupName="Election Day" votesDivider_cg="42528" /><cgGroup countingGroupName="Vote by Mail" votesDivider_cg="104048" /></cgGroup_Collection><Textbox13 votes3="146576" /></Textbox5></Tablix1><Tablix2><writeinGroup2_Collection /><Textbox4><cgGroup2_Collection><cgGroup2 cgName="Election Day" remainingUnqualified_cg="6" /><cgGroup2 cgName="Vote by Mail" remainingUnqualified_cg="1" /></cgGroup2_Collection><Textbox1 remainingUnresolved1="7" /></Textbox4></Tablix2></Report></CandidateResults></ContestIdGroup><ContestIdGroup contestId="TREASURER   "><ContestStatistics><Report Name="ContestStatisticsRPT"><Tablix2><Details_Collection><Details Textbox2="Precincts Reported: 0 of 474 0" /></Details_Collection></Tablix2><Tablix1><Textbox7><cgGroup_Collection><cgGroup><cgId2 cgId2="Election Day" ballotsTextBox="59416" /></cgGroup><cgGroup><cgId2 cgId2="Vote by Mail" ballotsTextBox="146604" /></cgGroup></cgGroup_Collection><Textbox9 ballots2="206020 / 495050 " Textbox40="0.416159983840016" /></Textbox7><Textbox33><cgGroup_Collection><cgGroup><cgId2 cgId2="Election Day" undervotes="14348" /></cgGroup><cgGroup><cgId2 cgId2="Vote by Mail" undervotes="38991" /></cgGroup></cgGroup_Collection><Textbox9 undervotes3="53339" /></Textbox33><Textbox37><cgGroup_Collection><cgGroup><cgId2 cgId2="Election Day" Textbox36="7" /></cgGroup><cgGroup><cgId2 cgId2="Vote by Mail" Textbox36="24" /></cgGroup></cgGroup_Collection><Textbox9 overvotes2="31" /></Textbox37><Textbox3><cgGroup_Collection><cgGroup><cgId2 cgId2="Election Day" undervotes1="14355" /></cgGroup><cgGroup><cgId2 cgId2="Vote by Mail" undervotes1="39015" /></cgGroup></cgGroup_Collection><Textbox9 totalBlanks="53370" /></Textbox3><Textbox43><cgGroup_Collection><cgGroup><cgId2 cgId2="Election Day" Textbox39="0" /></cgGroup><cgGroup><cgId2 cgId2="Vote by Mail" Textbox39="0" /></cgGroup></cgGroup_Collection><Textbox9 pushContests2="0" /></Textbox43><Textbox11><cgGroup_Collection><cgGroup><cgId2 cgId2="Election Day" writeinOverrides="0" /></cgGroup><cgGroup><cgId2 cgId2="Vote by Mail" writeinOverrides="0" /></cgGroup></cgGroup_Collection><Textbox9 Textbox13="0" /></Textbox11></Tablix1></Report></ContestStatistics><CandidateResults><Report Name="CandidateResultsRPT"><Tablix1><chGroup_Collection><chGroup><candidateNameTextBox4 candidateNameTextBox4="JOSÉ CISNEROS "><Textbox2 Textbox2="" Textbox14="" /><cgGroup_Collection><cgGroup countingGroupName="Election Day" vot7="45057" /><cgGroup countingGroupName="Vote by Mail" vot7="107588" /></cgGroup_Collection><Textbox13 vot8="152645" Textbox17="0.99996724533246" /></candidateNameTextBox4><partyGroup_Collection><partyGroup><Textbox2 Textbox2="" Textbox6="" /><cgGroup_Collection><cgGroup countingGroupName="Election Day" vot4="45057" /><cgGroup countingGroupName="Vote by Mail" vot4="107588" /></cgGroup_Collection><Textbox13 vot9="152645" Textbox18="0.99996724533246" /></partyGroup></partyGroup_Collection><writeinGroup_Collection /></chGroup><chGroup><candidateNameTextBox4 candidateNameTextBox4="Write-in "><Textbox2 Textbox2="" Textbox14="" /><cgGroup_Collection><cgGroup countingGroupName="Election Day" vot7="4" /><cgGroup countingGroupName="Vote by Mail" vot7="1" /></cgGroup_Collection><Textbox13 vot8="5" Textbox17="3.27546675401245E-05" /></candidateNameTextBox4><partyGroup_Collection /><writeinGroup_Collection><writeinGroup choiceName2="Write-in "><Textbox2 Textbox2="" /><cgGroup_Collection><cgGroup countingGroupName="Election Day" vot5="2" /><cgGroup countingGroupName="Vote by Mail" vot5="0" /></cgGroup_Collection><Textbox13 vot12="2" Textbox19="1.31018670160498E-05" /></writeinGroup><writeinGroup choiceName2="Write-in "><Textbox2 Textbox2="" /><cgGroup_Collection><cgGroup countingGroupName="Election Day" vot5="2" /><cgGroup countingGroupName="Vote by Mail" vot5="1" /></cgGroup_Collection><Textbox13 vot12="3" Textbox19="1.96528005240747E-05" /></writeinGroup></writeinGroup_Collection></chGroup></chGroup_Collection><Textbox5><Textbox2 Textbox2="" /><cgGroup_Collection><cgGroup countingGroupName="Election Day" votesDivider_cg="45061" /><cgGroup countingGroupName="Vote by Mail" votesDivider_cg="107589" /></cgGroup_Collection><Textbox13 votes3="152650" /></Textbox5></Tablix1><Tablix2><writeinGroup2_Collection /><Textbox4><cgGroup2_Collection><cgGroup2 cgName="Election Day" remainingUnqualified_cg="4" /><cgGroup2 cgName="Vote by Mail" remainingUnqualified_cg="1" /></cgGroup2_Collection><Textbox1 remainingUnresolved1="5" /></Textbox4></Tablix2></Report></CandidateResults></ContestIdGroup><ContestIdGroup contestId="MEMBER, BOARD OF EDUCATION   "><ContestStatistics><Report Name="ContestStatisticsRPT"><Tablix2><Details_Collection><Details Textbox2="Precincts Reported: 0 of 474 0" /></Details_Collection></Tablix2><Tablix1><Textbox7><cgGroup_Collection><cgGroup><cgId2 cgId2="Election Day" ballotsTextBox="59407" /></cgGroup><cgGroup><cgId2 cgId2="Vote by Mail" ballotsTextBox="146835" /></cgGroup></cgGroup_Collection><Textbox9 ballots2="206242 / 495050 " Textbox40="0.416608423391577" /></Textbox7><Textbox33><cgGroup_Collection><cgGroup><cgId2 cgId2="Election Day" undervotes="12220" /></cgGroup><cgGroup><cgId2 cgId2="Vote by Mail" undervotes="28862" /></cgGroup></cgGroup_Collection><Textbox9 undervotes3="41082" /></Textbox33><Textbox37><cgGroup_Collection><cgGroup><cgId2 cgId2="Election Day" Textbox36="104" /></cgGroup><cgGroup><cgId2 cgId2="Vote by Mail" Textbox36="535" /></cgGroup></cgGroup_Collection><Textbox9 overvotes2="639" /></Textbox37><Textbox3><cgGroup_Collection><cgGroup><cgId2 cgId2="Election Day" undervotes1="12324" /></cgGroup><cgGroup><cgId2 cgId2="Vote by Mail" undervotes1="29397" /></cgGroup></cgGroup_Collection><Textbox9 totalBlanks="41721" /></Textbox3><Textbox43><cgGroup_Collection><cgGroup><cgId2 cgId2="Election Day" Textbox39="0" /></cgGroup><cgGroup><cgId2 cgId2="Vote by Mail" Textbox39="0" /></cgGroup></cgGroup_Collection><Textbox9 pushContests2="0" /></Textbox43><Textbox11><cgGroup_Collection><cgGroup><cgId2 cgId2="Election Day" writeinOverrides="0" /></cgGroup><cgGroup><cgId2 cgId2="Vote by Mail" writeinOverrides="0" /></cgGroup></cgGroup_Collection><Textbox9 Textbox13="0" /></Textbox11></Tablix1></Report></ContestStatistics><CandidateResults><Report Name="CandidateResultsRPT"><Tablix1><chGroup_Collection><chGroup><candidateNameTextBox4 candidateNameTextBox4="JENNY LAM "><Textbox2 Textbox2="" Textbox14="" /><cgGroup_Collection><cgGroup countingGroupName="Election Day" vot7="31349" /><cgGroup countingGroupName="Vote by Mail" vot7="89750" /></cgGroup_Collection><Textbox13 vot8="121099" Textbox17="0.736070167334261" /></candidateNameTextBox4><partyGroup_Collection><partyGroup><Textbox2 Textbox2="" Textbox6="" /><cgGroup_Collection><cgGroup countingGroupName="Election Day" vot4="31349" /><cgGroup countingGroupName="Vote by Mail" vot4="89750" /></cgGroup_Collection><Textbox13 vot9="121099" Textbox18="0.736070167334261" /></partyGroup></partyGroup_Collection><writeinGroup_Collection /></chGroup><chGroup><candidateNameTextBox4 candidateNameTextBox4="KIRSTEN STROBEL "><Textbox2 Textbox2="" Textbox14="" /><cgGroup_Collection><cgGroup countingGroupName="Election Day" vot7="9511" /><cgGroup countingGroupName="Vote by Mail" vot7="16516" /></cgGroup_Collection><Textbox13 vot8="26027" Textbox17="0.158198649412537" /></candidateNameTextBox4><partyGroup_Collection><partyGroup><Textbox2 Textbox2="" Textbox6="" /><cgGroup_Collection><cgGroup countingGroupName="Election Day" vot4="9511" /><cgGroup countingGroupName="Vote by Mail" vot4="16516" /></cgGroup_Collection><Textbox13 vot9="26027" Textbox18="0.158198649412537" /></partyGroup></partyGroup_Collection><writeinGroup_Collection /></chGroup><chGroup><candidateNameTextBox4 candidateNameTextBox4="ROBERT K. COLEMAN "><Textbox2 Textbox2="" Textbox14="" /><cgGroup_Collection><cgGroup countingGroupName="Election Day" vot7="6217" /><cgGroup countingGroupName="Vote by Mail" vot7="11170" /></cgGroup_Collection><Textbox13 vot8="17387" Textbox17="0.105682557241933" /></candidateNameTextBox4><partyGroup_Collection><partyGroup><Textbox2 Textbox2="" Textbox6="" /><cgGroup_Collection><cgGroup countingGroupName="Election Day" vot4="6217" /><cgGroup countingGroupName="Vote by Mail" vot4="11170" /></cgGroup_Collection><Textbox13 vot9="17387" Textbox18="0.105682557241933" /></partyGroup></partyGroup_Collection><writeinGroup_Collection /></chGroup><chGroup><candidateNameTextBox4 candidateNameTextBox4="Write-in "><Textbox2 Textbox2="" Textbox14="" /><cgGroup_Collection><cgGroup countingGroupName="Election Day" vot7="6" /><cgGroup countingGroupName="Vote by Mail" vot7="2" /></cgGroup_Collection><Textbox13 vot8="8" Textbox17="4.86260112690781E-05" /></candidateNameTextBox4><partyGroup_Collection /><writeinGroup_Collection><writeinGroup choiceName2="Write-in "><Textbox2 Textbox2="" /><cgGroup_Collection><cgGroup countingGroupName="Election Day" vot5="6" /><cgGroup countingGroupName="Vote by Mail" vot5="2" /></cgGroup_Collection><Textbox13 vot12="8" Textbox19="4.86260112690781E-05" /></writeinGroup></writeinGroup_Collection></chGroup></chGroup_Collection><Textbox5><Textbox2 Textbox2="" /><cgGroup_Collection><cgGroup countingGroupName="Election Day" votesDivider_cg="47083" /><cgGroup countingGroupName="Vote by Mail" votesDivider_cg="117438" /></cgGroup_Collection><Textbox13 votes3="164521" /></Textbox5></Tablix1><Tablix2><writeinGroup2_Collection /><Textbox4><cgGroup2_Collection><cgGroup2 cgName="Election Day" remainingUnqualified_cg="6" /><cgGroup2 cgName="Vote by Mail" remainingUnqualified_cg="2" /></cgGroup2_Collection><Textbox1 remainingUnresolved1="8" /></Textbox4></Tablix2></Report></CandidateResults></ContestIdGroup><ContestIdGroup contestId="MEMBER, COMMUNITY COLLEGE BOARD   "><ContestStatistics><Report Name="ContestStatisticsRPT"><Tablix2><Details_Collection><Details Textbox2="Precincts Reported: 0 of 474 0" /></Details_Collection></Tablix2><Tablix1><Textbox7><cgGroup_Collection><cgGroup><cgId2 cgId2="Election Day" ballotsTextBox="59402" /></cgGroup><cgGroup><cgId2 cgId2="Vote by Mail" ballotsTextBox="146835" /></cgGroup></cgGroup_Collection><Textbox9 ballots2="206237 / 495050 " Textbox40="0.416598323401677" /></Textbox7><Textbox33><cgGroup_Collection><cgGroup><cgId2 cgId2="Election Day" undervotes="12359" /></cgGroup><cgGroup><cgId2 cgId2="Vote by Mail" undervotes="36030" /></cgGroup></cgGroup_Collection><Textbox9 undervotes3="48389" /></Textbox33><Textbox37><cgGroup_Collection><cgGroup><cgId2 cgId2="Election Day" Textbox36="12" /></cgGroup><cgGroup><cgId2 cgId2="Vote by Mail" Textbox36="43" /></cgGroup></cgGroup_Collection><Textbox9 overvotes2="55" /></Textbox37><Textbox3><cgGroup_Collection><cgGroup><cgId2 cgId2="Election Day" undervotes1="12371" /></cgGroup><cgGroup><cgId2 cgId2="Vote by Mail" undervotes1="36073" /></cgGroup></cgGroup_Collection><Textbox9 totalBlanks="48444" /></Textbox3><Textbox43><cgGroup_Collection><cgGroup><cgId2 cgId2="Election Day" Textbox39="0" /></cgGroup><cgGroup><cgId2 cgId2="Vote by Mail" Textbox39="0" /></cgGroup></cgGroup_Collection><Textbox9 pushContests2="0" /></Textbox43><Textbox11><cgGroup_Collection><cgGroup><cgId2 cgId2="Election Day" writeinOverrides="0" /></cgGroup><cgGroup><cgId2 cgId2="Vote by Mail" writeinOverrides="0" /></cgGroup></cgGroup_Collection><Textbox9 Textbox13="0" /></Textbox11></Tablix1></Report></ContestStatistics><CandidateResults><Report Name="CandidateResultsRPT"><Tablix1><chGroup_Collection><chGroup><candidateNameTextBox4 candidateNameTextBox4="IVY LEE "><Textbox2 Textbox2="" Textbox14="" /><cgGroup_Collection><cgGroup countingGroupName="Election Day" vot7="47026" /><cgGroup countingGroupName="Vote by Mail" vot7="110760" /></cgGroup_Collection><Textbox13 vot8="157786" Textbox17="0.999955638082805" /></candidateNameTextBox4><partyGroup_Collection><partyGroup><Textbox2 Textbox2="" Textbox6="" /><cgGroup_Collection><cgGroup countingGroupName="Election Day" vot4="47026" /><cgGroup countingGroupName="Vote by Mail" vot4="110760" /></cgGroup_Collection><Textbox13 vot9="157786" Textbox18="0.999955638082805" /></partyGroup></partyGroup_Collection><writeinGroup_Collection /></chGroup><chGroup><candidateNameTextBox4 candidateNameTextBox4="Write-in "><Textbox2 Textbox2="" Textbox14="" /><cgGroup_Collection><cgGroup countingGroupName="Election Day" vot7="5" /><cgGroup countingGroupName="Vote by Mail" vot7="2" /></cgGroup_Collection><Textbox13 vot8="7" Textbox17="4.43619171953128E-05" /></candidateNameTextBox4><partyGroup_Collection /><writeinGroup_Collection><writeinGroup choiceName2="Write-in "><Textbox2 Textbox2="" /><cgGroup_Collection><cgGroup countingGroupName="Election Day" vot5="5" /><cgGroup countingGroupName="Vote by Mail" vot5="2" /></cgGroup_Collection><Textbox13 vot12="7" Textbox19="4.43619171953128E-05" /></writeinGroup></writeinGroup_Collection></chGroup></chGroup_Collection><Textbox5><Textbox2 Textbox2="" /><cgGroup_Collection><cgGroup countingGroupName="Election Day" votesDivider_cg="47031" /><cgGroup countingGroupName="Vote by Mail" votesDivider_cg="110762" /></cgGroup_Collection><Textbox13 votes3="157793" /></Textbox5></Tablix1><Tablix2><writeinGroup2_Collection /><Textbox4><cgGroup2_Collection><cgGroup2 cgName="Election Day" remainingUnqualified_cg="5" /><cgGroup2 cgName="Vote by Mail" remainingUnqualified_cg="2" /></cgGroup2_Collection><Textbox1 remainingUnresolved1="7" /></Textbox4></Tablix2></Report></CandidateResults></ContestIdGroup><ContestIdGroup contestId="PROPOSITION A   "><ContestStatistics><Report Name="ContestStatisticsRPT"><Tablix2><Details_Collection><Details Textbox2="Precincts Reported: 0 of 474 0" /></Details_Collection></Tablix2><Tablix1><Textbox7><cgGroup_Collection><cgGroup><cgId2 cgId2="Election Day" ballotsTextBox="59402" /></cgGroup><cgGroup><cgId2 cgId2="Vote by Mail" ballotsTextBox="146835" /></cgGroup></cgGroup_Collection><Textbox9 ballots2="206237 / 495050 " Textbox40="0.416598323401677" /></Textbox7><Textbox33><cgGroup_Collection><cgGroup><cgId2 cgId2="Election Day" undervotes="1413" /></cgGroup><cgGroup><cgId2 cgId2="Vote by Mail" undervotes="3849" /></cgGroup></cgGroup_Collection><Textbox9 undervotes3="5262" /></Textbox33><Textbox37><cgGroup_Collection><cgGroup><cgId2 cgId2="Election Day" Textbox36="11" /></cgGroup><cgGroup><cgId2 cgId2="Vote by Mail" Textbox36="31" /></cgGroup></cgGroup_Collection><Textbox9 overvotes2="42" /></Textbox37><Textbox3><cgGroup_Collection><cgGroup><cgId2 cgId2="Election Day" undervotes1="1424" /></cgGroup><cgGroup><cgId2 cgId2="Vote by Mail" undervotes1="3880" /></cgGroup></cgGroup_Collection><Textbox9 totalBlanks="5304" /></Textbox3><Textbox43><cgGroup_Collection><cgGroup><cgId2 cgId2="Election Day" Textbox39="0" /></cgGroup><cgGroup><cgId2 cgId2="Vote by Mail" Textbox39="0" /></cgGroup></cgGroup_Collection><Textbox9 pushContests2="0" /></Textbox43><Textbox11><cgGroup_Collection><cgGroup><cgId2 cgId2="Election Day" writeinOverrides="0" /></cgGroup><cgGroup><cgId2 cgId2="Vote by Mail" writeinOverrides="0" /></cgGroup></cgGroup_Collection><Textbox9 Textbox13="0" /></Textbox11></Tablix1></Report></ContestStatistics><CandidateResults><Report Name="CandidateResultsRPT"><Tablix1><chGroup_Collection><chGroup><candidateNameTextBox4 candidateNameTextBox4="YES "><Textbox2 Textbox2="" Textbox14="" /><cgGroup_Collection><cgGroup countingGroupName="Election Day" vot7="44581" /><cgGroup countingGroupName="Vote by Mail" vot7="98409" /></cgGroup_Collection><Textbox13 vot8="142990" Textbox17="0.711630244907506" /></candidateNameTextBox4><partyGroup_Collection><partyGroup><Textbox2 Textbox2="" Textbox6="" /><cgGroup_Collection><cgGroup countingGroupName="Election Day" vot4="44581" /><cgGroup countingGroupName="Vote by Mail" vot4="98409" /></cgGroup_Collection><Textbox13 vot9="142990" Textbox18="0.711630244907506" /></partyGroup></partyGroup_Collection><writeinGroup_Collection /></chGroup><chGroup><candidateNameTextBox4 candidateNameTextBox4="NO "><Textbox2 Textbox2="" Textbox14="" /><cgGroup_Collection><cgGroup countingGroupName="Election Day" vot7="13397" /><cgGroup countingGroupName="Vote by Mail" vot7="44546" /></cgGroup_Collection><Textbox13 vot8="57943" Textbox17="0.288369755092494" /></candidateNameTextBox4><partyGroup_Collection><partyGroup><Textbox2 Textbox2="" Textbox6="" /><cgGroup_Collection><cgGroup countingGroupName="Election Day" vot4="13397" /><cgGroup countingGroupName="Vote by Mail" vot4="44546" /></cgGroup_Collection><Textbox13 vot9="57943" Textbox18="0.288369755092494" /></partyGroup></partyGroup_Collection><writeinGroup_Collection /></chGroup></chGroup_Collection><Textbox5><Textbox2 Textbox2="" /><cgGroup_Collection><cgGroup countingGroupName="Election Day" votesDivider_cg="57978" /><cgGroup countingGroupName="Vote by Mail" votesDivider_cg="142955" /></cgGroup_Collection><Textbox13 votes3="200933" /></Textbox5></Tablix1><Tablix2><writeinGroup2_Collection /><Textbox4><cgGroup2_Collection><cgGroup2 cgName="Election Day" remainingUnqualified_cg="0" /><cgGroup2 cgName="Vote by Mail" remainingUnqualified_cg="0" /></cgGroup2_Collection><Textbox1 remainingUnresolved1="0" /></Textbox4></Tablix2></Report></CandidateResults></ContestIdGroup><ContestIdGroup contestId="PROPOSITION B   "><ContestStatistics><Report Name="ContestStatisticsRPT"><Tablix2><Details_Collection><Details Textbox2="Precincts Reported: 0 of 474 0" /></Details_Collection></Tablix2><Tablix1><Textbox7><cgGroup_Collection><cgGroup><cgId2 cgId2="Election Day" ballotsTextBox="59402" /></cgGroup><cgGroup><cgId2 cgId2="Vote by Mail" ballotsTextBox="146835" /></cgGroup></cgGroup_Collection><Textbox9 ballots2="206237 / 495050 " Textbox40="0.416598323401677" /></Textbox7><Textbox33><cgGroup_Collection><cgGroup><cgId2 cgId2="Election Day" undervotes="3392" /></cgGroup><cgGroup><cgId2 cgId2="Vote by Mail" undervotes="8671" /></cgGroup></cgGroup_Collection><Textbox9 undervotes3="12063" /></Textbox33><Textbox37><cgGroup_Collection><cgGroup><cgId2 cgId2="Election Day" Textbox36="7" /></cgGroup><cgGroup><cgId2 cgId2="Vote by Mail" Textbox36="28" /></cgGroup></cgGroup_Collection><Textbox9 overvotes2="35" /></Textbox37><Textbox3><cgGroup_Collection><cgGroup><cgId2 cgId2="Election Day" undervotes1="3399" /></cgGroup><cgGroup><cgId2 cgId2="Vote by Mail" undervotes1="8699" /></cgGroup></cgGroup_Collection><Textbox9 totalBlanks="12098" /></Textbox3><Textbox43><cgGroup_Collection><cgGroup><cgId2 cgId2="Election Day" Textbox39="0" /></cgGroup><cgGroup><cgId2 cgId2="Vote by Mail" Textbox39="0" /></cgGroup></cgGroup_Collection><Textbox9 pushContests2="0" /></Textbox43><Textbox11><cgGroup_Collection><cgGroup><cgId2 cgId2="Election Day" writeinOverrides="0" /></cgGroup><cgGroup><cgId2 cgId2="Vote by Mail" writeinOverrides="0" /></cgGroup></cgGroup_Collection><Textbox9 Textbox13="0" /></Textbox11></Tablix1></Report></ContestStatistics><CandidateResults><Report Name="CandidateResultsRPT"><Tablix1><chGroup_Collection><chGroup><candidateNameTextBox4 candidateNameTextBox4="YES "><Textbox2 Textbox2="" Textbox14="" /><cgGroup_Collection><cgGroup countingGroupName="Election Day" vot7="45321" /><cgGroup countingGroupName="Vote by Mail" vot7="107071" /></cgGroup_Collection><Textbox13 vot8="152392" Textbox17="0.784963351001087" /></candidateNameTextBox4><partyGroup_Collection><partyGroup><Textbox2 Textbox2="" Textbox6="" /><cgGroup_Collection><cgGroup countingGroupName="Election Day" vot4="45321" /><cgGroup countingGroupName="Vote by Mail" vot4="107071" /></cgGroup_Collection><Textbox13 vot9="152392" Textbox18="0.784963351001087" /></partyGroup></partyGroup_Collection><writeinGroup_Collection /></chGroup><chGroup><candidateNameTextBox4 candidateNameTextBox4="NO "><Textbox2 Textbox2="" Textbox14="" /><cgGroup_Collection><cgGroup countingGroupName="Election Day" vot7="10682" /><cgGroup countingGroupName="Vote by Mail" vot7="31065" /></cgGroup_Collection><Textbox13 vot8="41747" Textbox17="0.215036648998913" /></candidateNameTextBox4><partyGroup_Collection><partyGroup><Textbox2 Textbox2="" Textbox6="" /><cgGroup_Collection><cgGroup countingGroupName="Election Day" vot4="10682" /><cgGroup countingGroupName="Vote by Mail" vot4="31065" /></cgGroup_Collection><Textbox13 vot9="41747" Textbox18="0.215036648998913" /></partyGroup></partyGroup_Collection><writeinGroup_Collection /></chGroup></chGroup_Collection><Textbox5><Textbox2 Textbox2="" /><cgGroup_Collection><cgGroup countingGroupName="Election Day" votesDivider_cg="56003" /><cgGroup countingGroupName="Vote by Mail" votesDivider_cg="138136" /></cgGroup_Collection><Textbox13 votes3="194139" /></Textbox5></Tablix1><Tablix2><writeinGroup2_Collection /><Textbox4><cgGroup2_Collection><cgGroup2 cgName="Election Day" remainingUnqualified_cg="0" /><cgGroup2 cgName="Vote by Mail" remainingUnqualified_cg="0" /></cgGroup2_Collection><Textbox1 remainingUnresolved1="0" /></Textbox4></Tablix2></Report></CandidateResults></ContestIdGroup><ContestIdGroup contestId="PROPOSITION C   "><ContestStatistics><Report Name="ContestStatisticsRPT"><Tablix2><Details_Collection><Details Textbox2="Precincts Reported: 0 of 474 0" /></Details_Collection></Tablix2><Tablix1><Textbox7><cgGroup_Collection><cgGroup><cgId2 cgId2="Election Day" ballotsTextBox="59402" /></cgGroup><cgGroup><cgId2 cgId2="Vote by Mail" ballotsTextBox="146835" /></cgGroup></cgGroup_Collection><Textbox9 ballots2="206237 / 495050 " Textbox40="0.416598323401677" /></Textbox7><Textbox33><cgGroup_Collection><cgGroup><cgId2 cgId2="Election Day" undervotes="1300" /></cgGroup><cgGroup><cgId2 cgId2="Vote by Mail" undervotes="3366" /></cgGroup></cgGroup_Collection><Textbox9 undervotes3="4666" /></Textbox33><Textbox37><cgGroup_Collection><cgGroup><cgId2 cgId2="Election Day" Textbox36="32" /></cgGroup><cgGroup><cgId2 cgId2="Vote by Mail" Textbox36="87" /></cgGroup></cgGroup_Collection><Textbox9 overvotes2="119" /></Textbox37><Textbox3><cgGroup_Collection><cgGroup><cgId2 cgId2="Election Day" undervotes1="1332" /></cgGroup><cgGroup><cgId2 cgId2="Vote by Mail" undervotes1="3453" /></cgGroup></cgGroup_Collection><Textbox9 totalBlanks="4785" /></Textbox3><Textbox43><cgGroup_Collection><cgGroup><cgId2 cgId2="Election Day" Textbox39="0" /></cgGroup><cgGroup><cgId2 cgId2="Vote by Mail" Textbox39="0" /></cgGroup></cgGroup_Collection><Textbox9 pushContests2="0" /></Textbox43><Textbox11><cgGroup_Collection><cgGroup><cgId2 cgId2="Election Day" writeinOverrides="0" /></cgGroup><cgGroup><cgId2 cgId2="Vote by Mail" writeinOverrides="0" /></cgGroup></cgGroup_Collection><Textbox9 Textbox13="0" /></Textbox11></Tablix1></Report></ContestStatistics><CandidateResults><Report Name="CandidateResultsRPT"><Tablix1><chGroup_Collection><chGroup><candidateNameTextBox4 candidateNameTextBox4="YES "><Textbox2 Textbox2="" Textbox14="" /><cgGroup_Collection><cgGroup countingGroupName="Election Day" vot7="10090" /><cgGroup countingGroupName="Vote by Mail" vot7="26542" /></cgGroup_Collection><Textbox13 vot8="36632" Textbox17="0.181839842741695" /></candidateNameTextBox4><partyGroup_Collection><partyGroup><Textbox2 Textbox2="" Textbox6="" /><cgGroup_Collection><cgGroup countingGroupName="Election Day" vot4="10090" /><cgGroup countingGroupName="Vote by Mail" vot4="26542" /></cgGroup_Collection><Textbox13 vot9="36632" Textbox18="0.181839842741695" /></partyGroup></partyGroup_Collection><writeinGroup_Collection /></chGroup><chGroup><candidateNameTextBox4 candidateNameTextBox4="NO "><Textbox2 Textbox2="" Textbox14="" /><cgGroup_Collection><cgGroup countingGroupName="Election Day" vot7="47980" /><cgGroup countingGroupName="Vote by Mail" vot7="116840" /></cgGroup_Collection><Textbox13 vot8="164820" Textbox17="0.818160157258305" /></candidateNameTextBox4><partyGroup_Collection><partyGroup><Textbox2 Textbox2="" Textbox6="" /><cgGroup_Collection><cgGroup countingGroupName="Election Day" vot4="47980" /><cgGroup countingGroupName="Vote by Mail" vot4="116840" /></cgGroup_Collection><Textbox13 vot9="164820" Textbox18="0.818160157258305" /></partyGroup></partyGroup_Collection><writeinGroup_Collection /></chGroup></chGroup_Collection><Textbox5><Textbox2 Textbox2="" /><cgGroup_Collection><cgGroup countingGroupName="Election Day" votesDivider_cg="58070" /><cgGroup countingGroupName="Vote by Mail" votesDivider_cg="143382" /></cgGroup_Collection><Textbox13 votes3="201452" /></Textbox5></Tablix1><Tablix2><writeinGroup2_Collection /><Textbox4><cgGroup2_Collection><cgGroup2 cgName="Election Day" remainingUnqualified_cg="0" /><cgGroup2 cgName="Vote by Mail" remainingUnqualified_cg="0" /></cgGroup2_Collection><Textbox1 remainingUnresolved1="0" /></Textbox4></Tablix2></Report></CandidateResults></ContestIdGroup><ContestIdGroup contestId="PROPOSITION D   "><ContestStatistics><Report Name="ContestStatisticsRPT"><Tablix2><Details_Collection><Details Textbox2="Precincts Reported: 0 of 474 0" /></Details_Collection></Tablix2><Tablix1><Textbox7><cgGroup_Collection><cgGroup><cgId2 cgId2="Election Day" ballotsTextBox="59402" /></cgGroup><cgGroup><cgId2 cgId2="Vote by Mail" ballotsTextBox="146835" /></cgGroup></cgGroup_Collection><Textbox9 ballots2="206237 / 495050 " Textbox40="0.416598323401677" /></Textbox7><Textbox33><cgGroup_Collection><cgGroup><cgId2 cgId2="Election Day" undervotes="1617" /></cgGroup><cgGroup><cgId2 cgId2="Vote by Mail" undervotes="4048" /></cgGroup></cgGroup_Collection><Textbox9 undervotes3="5665" /></Textbox33><Textbox37><cgGroup_Collection><cgGroup><cgId2 cgId2="Election Day" Textbox36="13" /></cgGroup><cgGroup><cgId2 cgId2="Vote by Mail" Textbox36="36" /></cgGroup></cgGroup_Collection><Textbox9 overvotes2="49" /></Textbox37><Textbox3><cgGroup_Collection><cgGroup><cgId2 cgId2="Election Day" undervotes1="1630" /></cgGroup><cgGroup><cgId2 cgId2="Vote by Mail" undervotes1="4084" /></cgGroup></cgGroup_Collection><Textbox9 totalBlanks="5714" /></Textbox3><Textbox43><cgGroup_Collection><cgGroup><cgId2 cgId2="Election Day" Textbox39="0" /></cgGroup><cgGroup><cgId2 cgId2="Vote by Mail" Textbox39="0" /></cgGroup></cgGroup_Collection><Textbox9 pushContests2="0" /></Textbox43><Textbox11><cgGroup_Collection><cgGroup><cgId2 cgId2="Election Day" writeinOverrides="0" /></cgGroup><cgGroup><cgId2 cgId2="Vote by Mail" writeinOverrides="0" /></cgGroup></cgGroup_Collection><Textbox9 Textbox13="0" /></Textbox11></Tablix1></Report></ContestStatistics><CandidateResults><Report Name="CandidateResultsRPT"><Tablix1><chGroup_Collection><chGroup><candidateNameTextBox4 candidateNameTextBox4="YES "><Textbox2 Textbox2="" Textbox14="" /><cgGroup_Collection><cgGroup countingGroupName="Election Day" vot7="40879" /><cgGroup countingGroupName="Vote by Mail" vot7="94778" /></cgGroup_Collection><Textbox13 vot8="135657" Textbox17="0.676515910893015" /></candidateNameTextBox4><partyGroup_Collection><partyGroup><Textbox2 Textbox2="" Textbox6="" /><cgGroup_Collection><cgGroup countingGroupName="Election Day" vot4="40879" /><cgGroup countingGroupName="Vote by Mail" vot4="94778" /></cgGroup_Collection><Textbox13 vot9="135657" Textbox18="0.676515910893015" /></partyGroup></partyGroup_Collection><writeinGroup_Collection /></chGroup><chGroup><candidateNameTextBox4 candidateNameTextBox4="NO "><Textbox2 Textbox2="" Textbox14="" /><cgGroup_Collection><cgGroup countingGroupName="Election Day" vot7="16893" /><cgGroup countingGroupName="Vote by Mail" vot7="47973" /></cgGroup_Collection><Textbox13 vot8="64866" Textbox17="0.323484089106985" /></candidateNameTextBox4><partyGroup_Collection><partyGroup><Textbox2 Textbox2="" Textbox6="" /><cgGroup_Collection><cgGroup countingGroupName="Election Day" vot4="16893" /><cgGroup countingGroupName="Vote by Mail" vot4="47973" /></cgGroup_Collection><Textbox13 vot9="64866" Textbox18="0.323484089106985" /></partyGroup></partyGroup_Collection><writeinGroup_Collection /></chGroup></chGroup_Collection><Textbox5><Textbox2 Textbox2="" /><cgGroup_Collection><cgGroup countingGroupName="Election Day" votesDivider_cg="57772" /><cgGroup countingGroupName="Vote by Mail" votesDivider_cg="142751" /></cgGroup_Collection><Textbox13 votes3="200523" /></Textbox5></Tablix1><Tablix2><writeinGroup2_Collection /><Textbox4><cgGroup2_Collection><cgGroup2 cgName="Election Day" remainingUnqualified_cg="0" /><cgGroup2 cgName="Vote by Mail" remainingUnqualified_cg="0" /></cgGroup2_Collection><Textbox1 remainingUnresolved1="0" /></Textbox4></Tablix2></Report></CandidateResults></ContestIdGroup><ContestIdGroup contestId="PROPOSITION E   "><ContestStatistics><Report Name="ContestStatisticsRPT"><Tablix2><Details_Collection><Details Textbox2="Precincts Reported: 0 of 474 0" /></Details_Collection></Tablix2><Tablix1><Textbox7><cgGroup_Collection><cgGroup><cgId2 cgId2="Election Day" ballotsTextBox="59402" /></cgGroup><cgGroup><cgId2 cgId2="Vote by Mail" ballotsTextBox="146835" /></cgGroup></cgGroup_Collection><Textbox9 ballots2="206237 / 495050 " Textbox40="0.416598323401677" /></Textbox7><Textbox33><cgGroup_Collection><cgGroup><cgId2 cgId2="Election Day" undervotes="1869" /></cgGroup><cgGroup><cgId2 cgId2="Vote by Mail" undervotes="5359" /></cgGroup></cgGroup_Collection><Textbox9 undervotes3="7228" /></Textbox33><Textbox37><cgGroup_Collection><cgGroup><cgId2 cgId2="Election Day" Textbox36="19" /></cgGroup><cgGroup><cgId2 cgId2="Vote by Mail" Textbox36="41" /></cgGroup></cgGroup_Collection><Textbox9 overvotes2="60" /></Textbox37><Textbox3><cgGroup_Collection><cgGroup><cgId2 cgId2="Election Day" undervotes1="1888" /></cgGroup><cgGroup><cgId2 cgId2="Vote by Mail" undervotes1="5400" /></cgGroup></cgGroup_Collection><Textbox9 totalBlanks="7288" /></Textbox3><Textbox43><cgGroup_Collection><cgGroup><cgId2 cgId2="Election Day" Textbox39="0" /></cgGroup><cgGroup><cgId2 cgId2="Vote by Mail" Textbox39="0" /></cgGroup></cgGroup_Collection><Textbox9 pushContests2="0" /></Textbox43><Textbox11><cgGroup_Collection><cgGroup><cgId2 cgId2="Election Day" writeinOverrides="0" /></cgGroup><cgGroup><cgId2 cgId2="Vote by Mail" writeinOverrides="0" /></cgGroup></cgGroup_Collection><Textbox9 Textbox13="0" /></Textbox11></Tablix1></Report></ContestStatistics><CandidateResults><Report Name="CandidateResultsRPT"><Tablix1><chGroup_Collection><chGroup><candidateNameTextBox4 candidateNameTextBox4="YES "><Textbox2 Textbox2="" Textbox14="" /><cgGroup_Collection><cgGroup countingGroupName="Election Day" vot7="46068" /><cgGroup countingGroupName="Vote by Mail" vot7="105729" /></cgGroup_Collection><Textbox13 vot8="151797" Textbox17="0.762994536288194" /></candidateNameTextBox4><partyGroup_Collection><partyGroup><Textbox2 Textbox2="" Textbox6="" /><cgGroup_Collection><cgGroup countingGroupName="Election Day" vot4="46068" /><cgGroup countingGroupName="Vote by Mail" vot4="105729" /></cgGroup_Collection><Textbox13 vot9="151797" Textbox18="0.762994536288194" /></partyGroup></partyGroup_Collection><writeinGroup_Collection /></chGroup><chGroup><candidateNameTextBox4 candidateNameTextBox4="NO "><Textbox2 Textbox2="" Textbox14="" /><cgGroup_Collection><cgGroup countingGroupName="Election Day" vot7="11446" /><cgGroup countingGroupName="Vote by Mail" vot7="35706" /></cgGroup_Collection><Textbox13 vot8="47152" Textbox17="0.237005463711806" /></candidateNameTextBox4><partyGroup_Collection><partyGroup><Textbox2 Textbox2="" Textbox6="" /><cgGroup_Collection><cgGroup countingGroupName="Election Day" vot4="11446" /><cgGroup countingGroupName="Vote by Mail" vot4="35706" /></cgGroup_Collection><Textbox13 vot9="47152" Textbox18="0.237005463711806" /></partyGroup></partyGroup_Collection><writeinGroup_Collection /></chGroup></chGroup_Collection><Textbox5><Textbox2 Textbox2="" /><cgGroup_Collection><cgGroup countingGroupName="Election Day" votesDivider_cg="57514" /><cgGroup countingGroupName="Vote by Mail" votesDivider_cg="141435" /></cgGroup_Collection><Textbox13 votes3="198949" /></Textbox5></Tablix1><Tablix2><writeinGroup2_Collection /><Textbox4><cgGroup2_Collection><cgGroup2 cgName="Election Day" remainingUnqualified_cg="0" /><cgGroup2 cgName="Vote by Mail" remainingUnqualified_cg="0" /></cgGroup2_Collection><Textbox1 remainingUnresolved1="0" /></Textbox4></Tablix2></Report></CandidateResults></ContestIdGroup><ContestIdGroup contestId="PROPOSITION F   "><ContestStatistics><Report Name="ContestStatisticsRPT"><Tablix2><Details_Collection><Details Textbox2="Precincts Reported: 0 of 474 0" /></Details_Collection></Tablix2><Tablix1><Textbox7><cgGroup_Collection><cgGroup><cgId2 cgId2="Election Day" ballotsTextBox="59402" /></cgGroup><cgGroup><cgId2 cgId2="Vote by Mail" ballotsTextBox="146835" /></cgGroup></cgGroup_Collection><Textbox9 ballots2="206237 / 495050 " Textbox40="0.416598323401677" /></Textbox7><Textbox33><cgGroup_Collection><cgGroup><cgId2 cgId2="Election Day" undervotes="2693" /></cgGroup><cgGroup><cgId2 cgId2="Vote by Mail" undervotes="7200" /></cgGroup></cgGroup_Collection><Textbox9 undervotes3="9893" /></Textbox33><Textbox37><cgGroup_Collection><cgGroup><cgId2 cgId2="Election Day" Textbox36="8" /></cgGroup><cgGroup><cgId2 cgId2="Vote by Mail" Textbox36="20" /></cgGroup></cgGroup_Collection><Textbox9 overvotes2="28" /></Textbox37><Textbox3><cgGroup_Collection><cgGroup><cgId2 cgId2="Election Day" undervotes1="2701" /></cgGroup><cgGroup><cgId2 cgId2="Vote by Mail" undervotes1="7220" /></cgGroup></cgGroup_Collection><Textbox9 totalBlanks="9921" /></Textbox3><Textbox43><cgGroup_Collection><cgGroup><cgId2 cgId2="Election Day" Textbox39="0" /></cgGroup><cgGroup><cgId2 cgId2="Vote by Mail" Textbox39="0" /></cgGroup></cgGroup_Collection><Textbox9 pushContests2="0" /></Textbox43><Textbox11><cgGroup_Collection><cgGroup><cgId2 cgId2="Election Day" writeinOverrides="0" /></cgGroup><cgGroup><cgId2 cgId2="Vote by Mail" writeinOverrides="0" /></cgGroup></cgGroup_Collection><Textbox9 Textbox13="0" /></Textbox11></Tablix1></Report></ContestStatistics><CandidateResults><Report Name="CandidateResultsRPT"><Tablix1><chGroup_Collection><chGroup><candidateNameTextBox4 candidateNameTextBox4="YES "><Textbox2 Textbox2="" Textbox14="" /><cgGroup_Collection><cgGroup countingGroupName="Election Day" vot7="44133" /><cgGroup countingGroupName="Vote by Mail" vot7="106822" /></cgGroup_Collection><Textbox13 vot8="150955" Textbox17="0.768938853684875" /></candidateNameTextBox4><partyGroup_Collection><partyGroup><Textbox2 Textbox2="" Textbox6="" /><cgGroup_Collection><cgGroup countingGroupName="Election Day" vot4="44133" /><cgGroup countingGroupName="Vote by Mail" vot4="106822" /></cgGroup_Collection><Textbox13 vot9="150955" Textbox18="0.768938853684875" /></partyGroup></partyGroup_Collection><writeinGroup_Collection /></chGroup><chGroup><candidateNameTextBox4 candidateNameTextBox4="NO "><Textbox2 Textbox2="" Textbox14="" /><cgGroup_Collection><cgGroup countingGroupName="Election Day" vot7="12568" /><cgGroup countingGroupName="Vote by Mail" vot7="32793" /></cgGroup_Collection><Textbox13 vot8="45361" Textbox17="0.231061146315125" /></candidateNameTextBox4><partyGroup_Collection><partyGroup><Textbox2 Textbox2="" Textbox6="" /><cgGroup_Collection><cgGroup countingGroupName="Election Day" vot4="12568" /><cgGroup countingGroupName="Vote by Mail" vot4="32793" /></cgGroup_Collection><Textbox13 vot9="45361" Textbox18="0.231061146315125" /></partyGroup></partyGroup_Collection><writeinGroup_Collection /></chGroup></chGroup_Collection><Textbox5><Textbox2 Textbox2="" /><cgGroup_Collection><cgGroup countingGroupName="Election Day" votesDivider_cg="56701" /><cgGroup countingGroupName="Vote by Mail" votesDivider_cg="139615" /></cgGroup_Collection><Textbox13 votes3="196316" /></Textbox5></Tablix1><Tablix2><writeinGroup2_Collection /><Textbox4><cgGroup2_Collection><cgGroup2 cgName="Election Day" remainingUnqualified_cg="0" /><cgGroup2 cgName="Vote by Mail" remainingUnqualified_cg="0" /></cgGroup2_Collection><Textbox1 remainingUnresolved1="0" /></Textbox4></Tablix2></Report></CandidateResults></ContestIdGroup></ContestIdGroup_Collection></contestList></Report></ElectionSummarySubReport></TabBatchGroup></TabBatchGroup_Collection></tabBatchIdList></Report>