﻿<?xml version="1.0" encoding="utf-8"?><Report xsi:schemaLocation="ElectionSummaryReportRPT http://emsserver/ReportServer?%2FEMSApplicationServerReports%2FElectionSummaryReportRPT&amp;rs%3ACommand=Render&amp;rs%3AFormat=XML&amp;rs%3ASessionID=gg42tmuvecy4qn45s5o3m255&amp;rc%3ASchema=True" Name="ElectionSummaryReportRPT" xmlns:xsi="http://www.w3.org/2001/XMLSchema-instance" xmlns="ElectionSummaryReportRPT"><Title><Report Name="Title" Textbox11="Election Summary Report" Textbox3="General Election" Textbox2="City and County of San Francisco" Textbox9="2019-11-05T00:00:00" Textbox12="" Textbox8="City and County of San Francisco&#xA;November 5, 2019, Consolidated Municipal Election&#xA;Summary Report - 4" /></Title><tabBatchIdList><TabBatchGroup_Collection><TabBatchGroup contestId=""><ElectionSummarySubReport><Report Name="ElectionSummarySubReportRPT"><Tablix2><Details_Collection><Details reported="Precincts Reported: 474 of 474 (1)" /></Details_Collection></Tablix2><Tablix3><Details2_Collection><Details2 reported3="Registered Voters: 115183 of 495050 (0.232669427330573)" /></Details2_Collection></Tablix3><Tablix4><Details3_Collection><Details3 reported4="Ballots Cast: 230448" /></Details3_Collection></Tablix4><contestList><ContestIdGroup_Collection><ContestIdGroup contestId="MAYOR   "><ContestStatistics><Report Name="ContestStatisticsRPT"><Tablix2><Details_Collection><Details Textbox2="Precincts Reported: 474 of 474 1" /></Details_Collection></Tablix2><Tablix1><Textbox7><cgGroup_Collection><cgGroup><cgId2 cgId2="Election Day" ballotsTextBox="45590" /></cgGroup><cgGroup><cgId2 cgId2="Vote by Mail" ballotsTextBox="69589" /></cgGroup></cgGroup_Collection><Textbox9 ballots2="115179 / 495050 " Textbox40="0.232661347338653" /></Textbox7><Textbox33><cgGroup_Collection><cgGroup><cgId2 cgId2="Election Day" undervotes="5878" /></cgGroup><cgGroup><cgId2 cgId2="Vote by Mail" undervotes="7174" /></cgGroup></cgGroup_Collection><Textbox9 undervotes3="13052" /></Textbox33><Textbox37><cgGroup_Collection><cgGroup><cgId2 cgId2="Election Day" Textbox36="70" /></cgGroup><cgGroup><cgId2 cgId2="Vote by Mail" Textbox36="274" /></cgGroup></cgGroup_Collection><Textbox9 overvotes2="344" /></Textbox37><Textbox3><cgGroup_Collection><cgGroup><cgId2 cgId2="Election Day" undervotes1="5948" /></cgGroup><cgGroup><cgId2 cgId2="Vote by Mail" undervotes1="7448" /></cgGroup></cgGroup_Collection><Textbox9 totalBlanks="13396" /></Textbox3><Textbox43><cgGroup_Collection><cgGroup><cgId2 cgId2="Election Day" Textbox39="0" /></cgGroup><cgGroup><cgId2 cgId2="Vote by Mail" Textbox39="0" /></cgGroup></cgGroup_Collection><Textbox9 pushContests2="0" /></Textbox43><Textbox11><cgGroup_Collection><cgGroup><cgId2 cgId2="Election Day" writeinOverrides="0" /></cgGroup><cgGroup><cgId2 cgId2="Vote by Mail" writeinOverrides="0" /></cgGroup></cgGroup_Collection><Textbox9 Textbox13="0" /></Textbox11></Tablix1></Report></ContestStatistics><CandidateResults><Report Name="CandidateResultsRPT"><Tablix1><chGroup_Collection><chGroup><candidateNameTextBox4 candidateNameTextBox4="JOEL VENTRESCA "><Textbox2 Textbox2="" Textbox14="" /><cgGroup_Collection><cgGroup countingGroupName="Election Day" vot7="3254" /><cgGroup countingGroupName="Vote by Mail" vot7="4259" /></cgGroup_Collection><Textbox13 vot8="7513" Textbox17="0.0738138981951799" /></candidateNameTextBox4><partyGroup_Collection><partyGroup><Textbox2 Textbox2="" Textbox6="" /><cgGroup_Collection><cgGroup countingGroupName="Election Day" vot4="3254" /><cgGroup countingGroupName="Vote by Mail" vot4="4259" /></cgGroup_Collection><Textbox13 vot9="7513" Textbox18="0.0738138981951799" /></partyGroup></partyGroup_Collection><writeinGroup_Collection /></chGroup><chGroup><candidateNameTextBox4 candidateNameTextBox4="WILMA PANG "><Textbox2 Textbox2="" Textbox14="" /><cgGroup_Collection><cgGroup countingGroupName="Election Day" vot7="1344" /><cgGroup countingGroupName="Vote by Mail" vot7="1541" /></cgGroup_Collection><Textbox13 vot8="2885" Textbox17="0.0283446155055363" /></candidateNameTextBox4><partyGroup_Collection><partyGroup><Textbox2 Textbox2="" Textbox6="" /><cgGroup_Collection><cgGroup countingGroupName="Election Day" vot4="1344" /><cgGroup countingGroupName="Vote by Mail" vot4="1541" /></cgGroup_Collection><Textbox13 vot9="2885" Textbox18="0.0283446155055363" /></partyGroup></partyGroup_Collection><writeinGroup_Collection /></chGroup><chGroup><candidateNameTextBox4 candidateNameTextBox4="ROBERT L. JORDAN, JR. "><Textbox2 Textbox2="" Textbox14="" /><cgGroup_Collection><cgGroup countingGroupName="Election Day" vot7="588" /><cgGroup countingGroupName="Vote by Mail" vot7="945" /></cgGroup_Collection><Textbox13 vot8="1533" Textbox17="0.0150614542703595" /></candidateNameTextBox4><partyGroup_Collection><partyGroup><Textbox2 Textbox2="" Textbox6="" /><cgGroup_Collection><cgGroup countingGroupName="Election Day" vot4="588" /><cgGroup countingGroupName="Vote by Mail" vot4="945" /></cgGroup_Collection><Textbox13 vot9="1533" Textbox18="0.0150614542703595" /></partyGroup></partyGroup_Collection><writeinGroup_Collection /></chGroup><chGroup><candidateNameTextBox4 candidateNameTextBox4="PAUL YBARRA ROBERTSON "><Textbox2 Textbox2="" Textbox14="" /><cgGroup_Collection><cgGroup countingGroupName="Election Day" vot7="1600" /><cgGroup countingGroupName="Vote by Mail" vot7="3044" /></cgGroup_Collection><Textbox13 vot8="4644" Textbox17="0.0456264798640244" /></candidateNameTextBox4><partyGroup_Collection><partyGroup><Textbox2 Textbox2="" Textbox6="" /><cgGroup_Collection><cgGroup countingGroupName="Election Day" vot4="1600" /><cgGroup countingGroupName="Vote by Mail" vot4="3044" /></cgGroup_Collection><Textbox13 vot9="4644" Textbox18="0.0456264798640244" /></partyGroup></partyGroup_Collection><writeinGroup_Collection /></chGroup><chGroup><candidateNameTextBox4 candidateNameTextBox4="ELLEN LEE ZHOU "><Textbox2 Textbox2="" Textbox14="" /><cgGroup_Collection><cgGroup countingGroupName="Election Day" vot7="4333" /><cgGroup countingGroupName="Vote by Mail" vot7="10431" /></cgGroup_Collection><Textbox13 vot8="14764" Textbox17="0.145053692659874" /></candidateNameTextBox4><partyGroup_Collection><partyGroup><Textbox2 Textbox2="" Textbox6="" /><cgGroup_Collection><cgGroup countingGroupName="Election Day" vot4="4333" /><cgGroup countingGroupName="Vote by Mail" vot4="10431" /></cgGroup_Collection><Textbox13 vot9="14764" Textbox18="0.145053692659874" /></partyGroup></partyGroup_Collection><writeinGroup_Collection /></chGroup><chGroup><candidateNameTextBox4 candidateNameTextBox4="LONDON N. BREED "><Textbox2 Textbox2="" Textbox14="" /><cgGroup_Collection><cgGroup countingGroupName="Election Day" vot7="27295" /><cgGroup countingGroupName="Vote by Mail" vot7="41921" /></cgGroup_Collection><Textbox13 vot8="69216" Textbox17="0.6800349763713" /></candidateNameTextBox4><partyGroup_Collection><partyGroup><Textbox2 Textbox2="" Textbox6="" /><cgGroup_Collection><cgGroup countingGroupName="Election Day" vot4="27295" /><cgGroup countingGroupName="Vote by Mail" vot4="41921" /></cgGroup_Collection><Textbox13 vot9="69216" Textbox18="0.6800349763713" /></partyGroup></partyGroup_Collection><writeinGroup_Collection /></chGroup><chGroup><candidateNameTextBox4 candidateNameTextBox4="Write-in "><Textbox2 Textbox2="" Textbox14="" /><cgGroup_Collection><cgGroup countingGroupName="Election Day" vot7="1228" /><cgGroup countingGroupName="Vote by Mail" vot7="0" /></cgGroup_Collection><Textbox13 vot8="1228" Textbox17="0.0120648831337257" /></candidateNameTextBox4><partyGroup_Collection /><writeinGroup_Collection><writeinGroup choiceName2="Write-in "><Textbox2 Textbox2="" /><cgGroup_Collection><cgGroup countingGroupName="Election Day" vot5="1228" /><cgGroup countingGroupName="Vote by Mail" vot5="0" /></cgGroup_Collection><Textbox13 vot12="1228" Textbox19="0.0120648831337257" /></writeinGroup></writeinGroup_Collection></chGroup></chGroup_Collection><Textbox5><Textbox2 Textbox2="" /><cgGroup_Collection><cgGroup countingGroupName="Election Day" votesDivider_cg="39642" /><cgGroup countingGroupName="Vote by Mail" votesDivider_cg="62141" /></cgGroup_Collection><Textbox13 votes3="101783" /></Textbox5></Tablix1><Tablix2><writeinGroup2_Collection><writeinGroup2 name="MARC ROTH "><Textbox3><cgGroup2_Collection><cgGroup2 cgName="Election Day" votes="0" /><cgGroup2 cgName="Vote by Mail" votes="0" /></cgGroup2_Collection><Textbox1 votes2="0" Textbox11="0" /></Textbox3></writeinGroup2></writeinGroup2_Collection><Textbox4><cgGroup2_Collection><cgGroup2 cgName="Election Day" remainingUnqualified_cg="1228" /><cgGroup2 cgName="Vote by Mail" remainingUnqualified_cg="0" /></cgGroup2_Collection><Textbox1 remainingUnresolved1="1228" /></Textbox4></Tablix2></Report></CandidateResults></ContestIdGroup><ContestIdGroup contestId="MEMBER, BOARD OF SUPERVISORS, DISTRICT 5   "><ContestStatistics><Report Name="ContestStatisticsRPT"><Tablix2><Details_Collection><Details Textbox2="Precincts Reported: 54 of 54 1" /></Details_Collection></Tablix2><Tablix1><Textbox7><cgGroup_Collection><cgGroup><cgId2 cgId2="Election Day" ballotsTextBox="6296" /></cgGroup><cgGroup><cgId2 cgId2="Vote by Mail" ballotsTextBox="7099" /></cgGroup></cgGroup_Collection><Textbox9 ballots2="13395 / 51976 " Textbox40="0.257715099276589" /></Textbox7><Textbox33><cgGroup_Collection><cgGroup><cgId2 cgId2="Election Day" undervotes="139" /></cgGroup><cgGroup><cgId2 cgId2="Vote by Mail" undervotes="346" /></cgGroup></cgGroup_Collection><Textbox9 undervotes3="485" /></Textbox33><Textbox37><cgGroup_Collection><cgGroup><cgId2 cgId2="Election Day" Textbox36="4" /></cgGroup><cgGroup><cgId2 cgId2="Vote by Mail" Textbox36="20" /></cgGroup></cgGroup_Collection><Textbox9 overvotes2="24" /></Textbox37><Textbox3><cgGroup_Collection><cgGroup><cgId2 cgId2="Election Day" undervotes1="143" /></cgGroup><cgGroup><cgId2 cgId2="Vote by Mail" undervotes1="366" /></cgGroup></cgGroup_Collection><Textbox9 totalBlanks="509" /></Textbox3><Textbox43><cgGroup_Collection><cgGroup><cgId2 cgId2="Election Day" Textbox39="0" /></cgGroup><cgGroup><cgId2 cgId2="Vote by Mail" Textbox39="0" /></cgGroup></cgGroup_Collection><Textbox9 pushContests2="0" /></Textbox43><Textbox11><cgGroup_Collection><cgGroup><cgId2 cgId2="Election Day" writeinOverrides="0" /></cgGroup><cgGroup><cgId2 cgId2="Vote by Mail" writeinOverrides="0" /></cgGroup></cgGroup_Collection><Textbox9 Textbox13="0" /></Textbox11></Tablix1></Report></ContestStatistics><CandidateResults><Report Name="CandidateResultsRPT"><Tablix1><chGroup_Collection><chGroup><candidateNameTextBox4 candidateNameTextBox4="RYAN LAM "><Textbox2 Textbox2="" Textbox14="" /><cgGroup_Collection><cgGroup countingGroupName="Election Day" vot7="162" /><cgGroup countingGroupName="Vote by Mail" vot7="431" /></cgGroup_Collection><Textbox13 vot8="593" Textbox17="0.0460189352785969" /></candidateNameTextBox4><partyGroup_Collection><partyGroup><Textbox2 Textbox2="" Textbox6="" /><cgGroup_Collection><cgGroup countingGroupName="Election Day" vot4="162" /><cgGroup countingGroupName="Vote by Mail" vot4="431" /></cgGroup_Collection><Textbox13 vot9="593" Textbox18="0.0460189352785969" /></partyGroup></partyGroup_Collection><writeinGroup_Collection /></chGroup><chGroup><candidateNameTextBox4 candidateNameTextBox4="DEAN PRESTON "><Textbox2 Textbox2="" Textbox14="" /><cgGroup_Collection><cgGroup countingGroupName="Election Day" vot7="3309" /><cgGroup countingGroupName="Vote by Mail" vot7="2776" /></cgGroup_Collection><Textbox13 vot8="6085" Textbox17="0.472217910911066" /></candidateNameTextBox4><partyGroup_Collection><partyGroup><Textbox2 Textbox2="" Textbox6="" /><cgGroup_Collection><cgGroup countingGroupName="Election Day" vot4="3309" /><cgGroup countingGroupName="Vote by Mail" vot4="2776" /></cgGroup_Collection><Textbox13 vot9="6085" Textbox18="0.472217910911066" /></partyGroup></partyGroup_Collection><writeinGroup_Collection /></chGroup><chGroup><candidateNameTextBox4 candidateNameTextBox4="NOMVULA O'MEARA "><Textbox2 Textbox2="" Textbox14="" /><cgGroup_Collection><cgGroup countingGroupName="Election Day" vot7="83" /><cgGroup countingGroupName="Vote by Mail" vot7="93" /></cgGroup_Collection><Textbox13 vot8="176" Textbox17="0.0136582337420456" /></candidateNameTextBox4><partyGroup_Collection><partyGroup><Textbox2 Textbox2="" Textbox6="" /><cgGroup_Collection><cgGroup countingGroupName="Election Day" vot4="83" /><cgGroup countingGroupName="Vote by Mail" vot4="93" /></cgGroup_Collection><Textbox13 vot9="176" Textbox18="0.0136582337420456" /></partyGroup></partyGroup_Collection><writeinGroup_Collection /></chGroup><chGroup><candidateNameTextBox4 candidateNameTextBox4="VALLIE BROWN "><Textbox2 Textbox2="" Textbox14="" /><cgGroup_Collection><cgGroup countingGroupName="Election Day" vot7="2555" /><cgGroup countingGroupName="Vote by Mail" vot7="3433" /></cgGroup_Collection><Textbox13 vot8="5988" Textbox17="0.46469036163278" /></candidateNameTextBox4><partyGroup_Collection><partyGroup><Textbox2 Textbox2="" Textbox6="" /><cgGroup_Collection><cgGroup countingGroupName="Election Day" vot4="2555" /><cgGroup countingGroupName="Vote by Mail" vot4="3433" /></cgGroup_Collection><Textbox13 vot9="5988" Textbox18="0.46469036163278" /></partyGroup></partyGroup_Collection><writeinGroup_Collection /></chGroup><chGroup><candidateNameTextBox4 candidateNameTextBox4="Write-in "><Textbox2 Textbox2="" Textbox14="" /><cgGroup_Collection><cgGroup countingGroupName="Election Day" vot7="44" /><cgGroup countingGroupName="Vote by Mail" vot7="0" /></cgGroup_Collection><Textbox13 vot8="44" Textbox17="0.00341455843551141" /></candidateNameTextBox4><partyGroup_Collection /><writeinGroup_Collection><writeinGroup choiceName2="Write-in "><Textbox2 Textbox2="" /><cgGroup_Collection><cgGroup countingGroupName="Election Day" vot5="44" /><cgGroup countingGroupName="Vote by Mail" vot5="0" /></cgGroup_Collection><Textbox13 vot12="44" Textbox19="0.00341455843551141" /></writeinGroup></writeinGroup_Collection></chGroup></chGroup_Collection><Textbox5><Textbox2 Textbox2="" /><cgGroup_Collection><cgGroup countingGroupName="Election Day" votesDivider_cg="6153" /><cgGroup countingGroupName="Vote by Mail" votesDivider_cg="6733" /></cgGroup_Collection><Textbox13 votes3="12886" /></Textbox5></Tablix1><Tablix2><writeinGroup2_Collection /><Textbox4><cgGroup2_Collection><cgGroup2 cgName="Election Day" remainingUnqualified_cg="44" /><cgGroup2 cgName="Vote by Mail" remainingUnqualified_cg="0" /></cgGroup2_Collection><Textbox1 remainingUnresolved1="44" /></Textbox4></Tablix2></Report></CandidateResults></ContestIdGroup><ContestIdGroup contestId="CITY ATTORNEY   "><ContestStatistics><Report Name="ContestStatisticsRPT"><Tablix2><Details_Collection><Details Textbox2="Precincts Reported: 474 of 474 1" /></Details_Collection></Tablix2><Tablix1><Textbox7><cgGroup_Collection><cgGroup><cgId2 cgId2="Election Day" ballotsTextBox="45590" /></cgGroup><cgGroup><cgId2 cgId2="Vote by Mail" ballotsTextBox="69589" /></cgGroup></cgGroup_Collection><Textbox9 ballots2="115179 / 495050 " Textbox40="0.232661347338653" /></Textbox7><Textbox33><cgGroup_Collection><cgGroup><cgId2 cgId2="Election Day" undervotes="7938" /></cgGroup><cgGroup><cgId2 cgId2="Vote by Mail" undervotes="15540" /></cgGroup></cgGroup_Collection><Textbox9 undervotes3="23478" /></Textbox33><Textbox37><cgGroup_Collection><cgGroup><cgId2 cgId2="Election Day" Textbox36="8" /></cgGroup><cgGroup><cgId2 cgId2="Vote by Mail" Textbox36="23" /></cgGroup></cgGroup_Collection><Textbox9 overvotes2="31" /></Textbox37><Textbox3><cgGroup_Collection><cgGroup><cgId2 cgId2="Election Day" undervotes1="7946" /></cgGroup><cgGroup><cgId2 cgId2="Vote by Mail" undervotes1="15563" /></cgGroup></cgGroup_Collection><Textbox9 totalBlanks="23509" /></Textbox3><Textbox43><cgGroup_Collection><cgGroup><cgId2 cgId2="Election Day" Textbox39="0" /></cgGroup><cgGroup><cgId2 cgId2="Vote by Mail" Textbox39="0" /></cgGroup></cgGroup_Collection><Textbox9 pushContests2="0" /></Textbox43><Textbox11><cgGroup_Collection><cgGroup><cgId2 cgId2="Election Day" writeinOverrides="0" /></cgGroup><cgGroup><cgId2 cgId2="Vote by Mail" writeinOverrides="0" /></cgGroup></cgGroup_Collection><Textbox9 Textbox13="0" /></Textbox11></Tablix1></Report></ContestStatistics><CandidateResults><Report Name="CandidateResultsRPT"><Tablix1><chGroup_Collection><chGroup><candidateNameTextBox4 candidateNameTextBox4="DENNIS J. HERRERA "><Textbox2 Textbox2="" Textbox14="" /><cgGroup_Collection><cgGroup countingGroupName="Election Day" vot7="37331" /><cgGroup countingGroupName="Vote by Mail" vot7="54024" /></cgGroup_Collection><Textbox13 vot8="91355" Textbox17="0.99656376131777" /></candidateNameTextBox4><partyGroup_Collection><partyGroup><Textbox2 Textbox2="" Textbox6="" /><cgGroup_Collection><cgGroup countingGroupName="Election Day" vot4="37331" /><cgGroup countingGroupName="Vote by Mail" vot4="54024" /></cgGroup_Collection><Textbox13 vot9="91355" Textbox18="0.99656376131777" /></partyGroup></partyGroup_Collection><writeinGroup_Collection /></chGroup><chGroup><candidateNameTextBox4 candidateNameTextBox4="Write-in "><Textbox2 Textbox2="" Textbox14="" /><cgGroup_Collection><cgGroup countingGroupName="Election Day" vot7="313" /><cgGroup countingGroupName="Vote by Mail" vot7="2" /></cgGroup_Collection><Textbox13 vot8="315" Textbox17="0.00343623868222974" /></candidateNameTextBox4><partyGroup_Collection /><writeinGroup_Collection><writeinGroup choiceName2="Write-in "><Textbox2 Textbox2="" /><cgGroup_Collection><cgGroup countingGroupName="Election Day" vot5="271" /><cgGroup countingGroupName="Vote by Mail" vot5="2" /></cgGroup_Collection><Textbox13 vot12="273" Textbox19="0.00297807352459911" /></writeinGroup><writeinGroup choiceName2="Write-in "><Textbox2 Textbox2="" /><cgGroup_Collection><cgGroup countingGroupName="Election Day" vot5="42" /><cgGroup countingGroupName="Vote by Mail" vot5="0" /></cgGroup_Collection><Textbox13 vot12="42" Textbox19="0.000458165157630632" /></writeinGroup></writeinGroup_Collection></chGroup></chGroup_Collection><Textbox5><Textbox2 Textbox2="" /><cgGroup_Collection><cgGroup countingGroupName="Election Day" votesDivider_cg="37644" /><cgGroup countingGroupName="Vote by Mail" votesDivider_cg="54026" /></cgGroup_Collection><Textbox13 votes3="91670" /></Textbox5></Tablix1><Tablix2><writeinGroup2_Collection /><Textbox4><cgGroup2_Collection><cgGroup2 cgName="Election Day" remainingUnqualified_cg="313" /><cgGroup2 cgName="Vote by Mail" remainingUnqualified_cg="2" /></cgGroup2_Collection><Textbox1 remainingUnresolved1="315" /></Textbox4></Tablix2></Report></CandidateResults></ContestIdGroup><ContestIdGroup contestId="DISTRICT ATTORNEY   "><ContestStatistics><Report Name="ContestStatisticsRPT"><Tablix2><Details_Collection><Details Textbox2="Precincts Reported: 474 of 474 1" /></Details_Collection></Tablix2><Tablix1><Textbox7><cgGroup_Collection><cgGroup><cgId2 cgId2="Election Day" ballotsTextBox="45590" /></cgGroup><cgGroup><cgId2 cgId2="Vote by Mail" ballotsTextBox="69589" /></cgGroup></cgGroup_Collection><Textbox9 ballots2="115179 / 495050 " Textbox40="0.232661347338653" /></Textbox7><Textbox33><cgGroup_Collection><cgGroup><cgId2 cgId2="Election Day" undervotes="1716" /></cgGroup><cgGroup><cgId2 cgId2="Vote by Mail" undervotes="5479" /></cgGroup></cgGroup_Collection><Textbox9 undervotes3="7195" /></Textbox33><Textbox37><cgGroup_Collection><cgGroup><cgId2 cgId2="Election Day" Textbox36="42" /></cgGroup><cgGroup><cgId2 cgId2="Vote by Mail" Textbox36="246" /></cgGroup></cgGroup_Collection><Textbox9 overvotes2="288" /></Textbox37><Textbox3><cgGroup_Collection><cgGroup><cgId2 cgId2="Election Day" undervotes1="1758" /></cgGroup><cgGroup><cgId2 cgId2="Vote by Mail" undervotes1="5725" /></cgGroup></cgGroup_Collection><Textbox9 totalBlanks="7483" /></Textbox3><Textbox43><cgGroup_Collection><cgGroup><cgId2 cgId2="Election Day" Textbox39="0" /></cgGroup><cgGroup><cgId2 cgId2="Vote by Mail" Textbox39="0" /></cgGroup></cgGroup_Collection><Textbox9 pushContests2="0" /></Textbox43><Textbox11><cgGroup_Collection><cgGroup><cgId2 cgId2="Election Day" writeinOverrides="0" /></cgGroup><cgGroup><cgId2 cgId2="Vote by Mail" writeinOverrides="0" /></cgGroup></cgGroup_Collection><Textbox9 Textbox13="0" /></Textbox11></Tablix1></Report></ContestStatistics><CandidateResults><Report Name="CandidateResultsRPT"><Tablix1><chGroup_Collection><chGroup><candidateNameTextBox4 candidateNameTextBox4="SUZY LOFTUS "><Textbox2 Textbox2="" Textbox14="" /><cgGroup_Collection><cgGroup countingGroupName="Election Day" vot7="13246" /><cgGroup countingGroupName="Vote by Mail" vot7="19963" /></cgGroup_Collection><Textbox13 vot8="33209" Textbox17="0.30835871341554" /></candidateNameTextBox4><partyGroup_Collection><partyGroup><Textbox2 Textbox2="" Textbox6="" /><cgGroup_Collection><cgGroup countingGroupName="Election Day" vot4="13246" /><cgGroup countingGroupName="Vote by Mail" vot4="19963" /></cgGroup_Collection><Textbox13 vot9="33209" Textbox18="0.30835871341554" /></partyGroup></partyGroup_Collection><writeinGroup_Collection /></chGroup><chGroup><candidateNameTextBox4 candidateNameTextBox4="LEIF DAUTCH "><Textbox2 Textbox2="" Textbox14="" /><cgGroup_Collection><cgGroup countingGroupName="Election Day" vot7="5031" /><cgGroup countingGroupName="Vote by Mail" vot7="11497" /></cgGroup_Collection><Textbox13 vot8="16528" Textbox17="0.15346902391918" /></candidateNameTextBox4><partyGroup_Collection><partyGroup><Textbox2 Textbox2="" Textbox6="" /><cgGroup_Collection><cgGroup countingGroupName="Election Day" vot4="5031" /><cgGroup countingGroupName="Vote by Mail" vot4="11497" /></cgGroup_Collection><Textbox13 vot9="16528" Textbox18="0.15346902391918" /></partyGroup></partyGroup_Collection><writeinGroup_Collection /></chGroup><chGroup><candidateNameTextBox4 candidateNameTextBox4="NANCY TUNG "><Textbox2 Textbox2="" Textbox14="" /><cgGroup_Collection><cgGroup countingGroupName="Election Day" vot7="6211" /><cgGroup countingGroupName="Vote by Mail" vot7="16124" /></cgGroup_Collection><Textbox13 vot8="22335" Textbox17="0.207389318080523" /></candidateNameTextBox4><partyGroup_Collection><partyGroup><Textbox2 Textbox2="" Textbox6="" /><cgGroup_Collection><cgGroup countingGroupName="Election Day" vot4="6211" /><cgGroup countingGroupName="Vote by Mail" vot4="16124" /></cgGroup_Collection><Textbox13 vot9="22335" Textbox18="0.207389318080523" /></partyGroup></partyGroup_Collection><writeinGroup_Collection /></chGroup><chGroup><candidateNameTextBox4 candidateNameTextBox4="CHESA BOUDIN "><Textbox2 Textbox2="" Textbox14="" /><cgGroup_Collection><cgGroup countingGroupName="Election Day" vot7="19167" /><cgGroup countingGroupName="Vote by Mail" vot7="16278" /></cgGroup_Collection><Textbox13 vot8="35445" Textbox17="0.329120858713416" /></candidateNameTextBox4><partyGroup_Collection><partyGroup><Textbox2 Textbox2="" Textbox6="" /><cgGroup_Collection><cgGroup countingGroupName="Election Day" vot4="19167" /><cgGroup countingGroupName="Vote by Mail" vot4="16278" /></cgGroup_Collection><Textbox13 vot9="35445" Textbox18="0.329120858713416" /></partyGroup></partyGroup_Collection><writeinGroup_Collection /></chGroup><chGroup><candidateNameTextBox4 candidateNameTextBox4="Write-in "><Textbox2 Textbox2="" Textbox14="" /><cgGroup_Collection><cgGroup countingGroupName="Election Day" vot7="177" /><cgGroup countingGroupName="Vote by Mail" vot7="2" /></cgGroup_Collection><Textbox13 vot8="179" Textbox17="0.00166208587134155" /></candidateNameTextBox4><partyGroup_Collection /><writeinGroup_Collection><writeinGroup choiceName2="Write-in "><Textbox2 Textbox2="" /><cgGroup_Collection><cgGroup countingGroupName="Election Day" vot5="177" /><cgGroup countingGroupName="Vote by Mail" vot5="2" /></cgGroup_Collection><Textbox13 vot12="179" Textbox19="0.00166208587134155" /></writeinGroup></writeinGroup_Collection></chGroup></chGroup_Collection><Textbox5><Textbox2 Textbox2="" /><cgGroup_Collection><cgGroup countingGroupName="Election Day" votesDivider_cg="43832" /><cgGroup countingGroupName="Vote by Mail" votesDivider_cg="63864" /></cgGroup_Collection><Textbox13 votes3="107696" /></Textbox5></Tablix1><Tablix2><writeinGroup2_Collection /><Textbox4><cgGroup2_Collection><cgGroup2 cgName="Election Day" remainingUnqualified_cg="177" /><cgGroup2 cgName="Vote by Mail" remainingUnqualified_cg="2" /></cgGroup2_Collection><Textbox1 remainingUnresolved1="179" /></Textbox4></Tablix2></Report></CandidateResults></ContestIdGroup><ContestIdGroup contestId="PUBLIC DEFENDER   "><ContestStatistics><Report Name="ContestStatisticsRPT"><Tablix2><Details_Collection><Details Textbox2="Precincts Reported: 474 of 474 1" /></Details_Collection></Tablix2><Tablix1><Textbox7><cgGroup_Collection><cgGroup><cgId2 cgId2="Election Day" ballotsTextBox="45590" /></cgGroup><cgGroup><cgId2 cgId2="Vote by Mail" ballotsTextBox="69589" /></cgGroup></cgGroup_Collection><Textbox9 ballots2="115179 / 495050 " Textbox40="0.232661347338653" /></Textbox7><Textbox33><cgGroup_Collection><cgGroup><cgId2 cgId2="Election Day" undervotes="8112" /></cgGroup><cgGroup><cgId2 cgId2="Vote by Mail" undervotes="17015" /></cgGroup></cgGroup_Collection><Textbox9 undervotes3="25127" /></Textbox33><Textbox37><cgGroup_Collection><cgGroup><cgId2 cgId2="Election Day" Textbox36="3" /></cgGroup><cgGroup><cgId2 cgId2="Vote by Mail" Textbox36="18" /></cgGroup></cgGroup_Collection><Textbox9 overvotes2="21" /></Textbox37><Textbox3><cgGroup_Collection><cgGroup><cgId2 cgId2="Election Day" undervotes1="8115" /></cgGroup><cgGroup><cgId2 cgId2="Vote by Mail" undervotes1="17033" /></cgGroup></cgGroup_Collection><Textbox9 totalBlanks="25148" /></Textbox3><Textbox43><cgGroup_Collection><cgGroup><cgId2 cgId2="Election Day" Textbox39="0" /></cgGroup><cgGroup><cgId2 cgId2="Vote by Mail" Textbox39="0" /></cgGroup></cgGroup_Collection><Textbox9 pushContests2="0" /></Textbox43><Textbox11><cgGroup_Collection><cgGroup><cgId2 cgId2="Election Day" writeinOverrides="0" /></cgGroup><cgGroup><cgId2 cgId2="Vote by Mail" writeinOverrides="0" /></cgGroup></cgGroup_Collection><Textbox9 Textbox13="0" /></Textbox11></Tablix1></Report></ContestStatistics><CandidateResults><Report Name="CandidateResultsRPT"><Tablix1><chGroup_Collection><chGroup><candidateNameTextBox4 candidateNameTextBox4="MANOHAR &quot;MANO&quot; RAJU "><Textbox2 Textbox2="" Textbox14="" /><cgGroup_Collection><cgGroup countingGroupName="Election Day" vot7="37183" /><cgGroup countingGroupName="Vote by Mail" vot7="52553" /></cgGroup_Collection><Textbox13 vot8="89736" Textbox17="0.99672335084582" /></candidateNameTextBox4><partyGroup_Collection><partyGroup><Textbox2 Textbox2="" Textbox6="" /><cgGroup_Collection><cgGroup countingGroupName="Election Day" vot4="37183" /><cgGroup countingGroupName="Vote by Mail" vot4="52553" /></cgGroup_Collection><Textbox13 vot9="89736" Textbox18="0.99672335084582" /></partyGroup></partyGroup_Collection><writeinGroup_Collection /></chGroup><chGroup><candidateNameTextBox4 candidateNameTextBox4="Write-in "><Textbox2 Textbox2="" Textbox14="" /><cgGroup_Collection><cgGroup countingGroupName="Election Day" vot7="292" /><cgGroup countingGroupName="Vote by Mail" vot7="3" /></cgGroup_Collection><Textbox13 vot8="295" Textbox17="0.00327664915418023" /></candidateNameTextBox4><partyGroup_Collection /><writeinGroup_Collection><writeinGroup choiceName2="Write-in "><Textbox2 Textbox2="" /><cgGroup_Collection><cgGroup countingGroupName="Election Day" vot5="243" /><cgGroup countingGroupName="Vote by Mail" vot5="3" /></cgGroup_Collection><Textbox13 vot12="246" Textbox19="0.00273239217602826" /></writeinGroup><writeinGroup choiceName2="Write-in "><Textbox2 Textbox2="" /><cgGroup_Collection><cgGroup countingGroupName="Election Day" vot5="49" /><cgGroup countingGroupName="Vote by Mail" vot5="0" /></cgGroup_Collection><Textbox13 vot12="49" Textbox19="0.00054425697815197" /></writeinGroup></writeinGroup_Collection></chGroup></chGroup_Collection><Textbox5><Textbox2 Textbox2="" /><cgGroup_Collection><cgGroup countingGroupName="Election Day" votesDivider_cg="37475" /><cgGroup countingGroupName="Vote by Mail" votesDivider_cg="52556" /></cgGroup_Collection><Textbox13 votes3="90031" /></Textbox5></Tablix1><Tablix2><writeinGroup2_Collection /><Textbox4><cgGroup2_Collection><cgGroup2 cgName="Election Day" remainingUnqualified_cg="292" /><cgGroup2 cgName="Vote by Mail" remainingUnqualified_cg="3" /></cgGroup2_Collection><Textbox1 remainingUnresolved1="295" /></Textbox4></Tablix2></Report></CandidateResults></ContestIdGroup><ContestIdGroup contestId="SHERIFF   "><ContestStatistics><Report Name="ContestStatisticsRPT"><Tablix2><Details_Collection><Details Textbox2="Precincts Reported: 474 of 474 1" /></Details_Collection></Tablix2><Tablix1><Textbox7><cgGroup_Collection><cgGroup><cgId2 cgId2="Election Day" ballotsTextBox="45590" /></cgGroup><cgGroup><cgId2 cgId2="Vote by Mail" ballotsTextBox="69589" /></cgGroup></cgGroup_Collection><Textbox9 ballots2="115179 / 495050 " Textbox40="0.232661347338653" /></Textbox7><Textbox33><cgGroup_Collection><cgGroup><cgId2 cgId2="Election Day" undervotes="12042" /></cgGroup><cgGroup><cgId2 cgId2="Vote by Mail" undervotes="18137" /></cgGroup></cgGroup_Collection><Textbox9 undervotes3="30179" /></Textbox33><Textbox37><cgGroup_Collection><cgGroup><cgId2 cgId2="Election Day" Textbox36="4" /></cgGroup><cgGroup><cgId2 cgId2="Vote by Mail" Textbox36="18" /></cgGroup></cgGroup_Collection><Textbox9 overvotes2="22" /></Textbox37><Textbox3><cgGroup_Collection><cgGroup><cgId2 cgId2="Election Day" undervotes1="12046" /></cgGroup><cgGroup><cgId2 cgId2="Vote by Mail" undervotes1="18155" /></cgGroup></cgGroup_Collection><Textbox9 totalBlanks="30201" /></Textbox3><Textbox43><cgGroup_Collection><cgGroup><cgId2 cgId2="Election Day" Textbox39="0" /></cgGroup><cgGroup><cgId2 cgId2="Vote by Mail" Textbox39="0" /></cgGroup></cgGroup_Collection><Textbox9 pushContests2="0" /></Textbox43><Textbox11><cgGroup_Collection><cgGroup><cgId2 cgId2="Election Day" writeinOverrides="0" /></cgGroup><cgGroup><cgId2 cgId2="Vote by Mail" writeinOverrides="0" /></cgGroup></cgGroup_Collection><Textbox9 Textbox13="0" /></Textbox11></Tablix1></Report></ContestStatistics><CandidateResults><Report Name="CandidateResultsRPT"><Tablix1><chGroup_Collection><chGroup><candidateNameTextBox4 candidateNameTextBox4="PAUL MIYAMOTO "><Textbox2 Textbox2="" Textbox14="" /><cgGroup_Collection><cgGroup countingGroupName="Election Day" vot7="33137" /><cgGroup countingGroupName="Vote by Mail" vot7="51434" /></cgGroup_Collection><Textbox13 vot8="84571" Textbox17="0.995210525077079" /></candidateNameTextBox4><partyGroup_Collection><partyGroup><Textbox2 Textbox2="" Textbox6="" /><cgGroup_Collection><cgGroup countingGroupName="Election Day" vot4="33137" /><cgGroup countingGroupName="Vote by Mail" vot4="51434" /></cgGroup_Collection><Textbox13 vot9="84571" Textbox18="0.995210525077079" /></partyGroup></partyGroup_Collection><writeinGroup_Collection /></chGroup><chGroup><candidateNameTextBox4 candidateNameTextBox4="Write-in "><Textbox2 Textbox2="" Textbox14="" /><cgGroup_Collection><cgGroup countingGroupName="Election Day" vot7="407" /><cgGroup countingGroupName="Vote by Mail" vot7="0" /></cgGroup_Collection><Textbox13 vot8="407" Textbox17="0.00478947492292123" /></candidateNameTextBox4><partyGroup_Collection /><writeinGroup_Collection><writeinGroup choiceName2="Write-in "><Textbox2 Textbox2="" /><cgGroup_Collection><cgGroup countingGroupName="Election Day" vot5="333" /><cgGroup countingGroupName="Vote by Mail" vot5="0" /></cgGroup_Collection><Textbox13 vot12="333" Textbox19="0.00391866130057191" /></writeinGroup><writeinGroup choiceName2="Write-in "><Textbox2 Textbox2="" /><cgGroup_Collection><cgGroup countingGroupName="Election Day" vot5="74" /><cgGroup countingGroupName="Vote by Mail" vot5="0" /></cgGroup_Collection><Textbox13 vot12="74" Textbox19="0.000870813622349314" /></writeinGroup></writeinGroup_Collection></chGroup></chGroup_Collection><Textbox5><Textbox2 Textbox2="" /><cgGroup_Collection><cgGroup countingGroupName="Election Day" votesDivider_cg="33544" /><cgGroup countingGroupName="Vote by Mail" votesDivider_cg="51434" /></cgGroup_Collection><Textbox13 votes3="84978" /></Textbox5></Tablix1><Tablix2><writeinGroup2_Collection /><Textbox4><cgGroup2_Collection><cgGroup2 cgName="Election Day" remainingUnqualified_cg="407" /><cgGroup2 cgName="Vote by Mail" remainingUnqualified_cg="0" /></cgGroup2_Collection><Textbox1 remainingUnresolved1="407" /></Textbox4></Tablix2></Report></CandidateResults></ContestIdGroup><ContestIdGroup contestId="TREASURER   "><ContestStatistics><Report Name="ContestStatisticsRPT"><Tablix2><Details_Collection><Details Textbox2="Precincts Reported: 474 of 474 1" /></Details_Collection></Tablix2><Tablix1><Textbox7><cgGroup_Collection><cgGroup><cgId2 cgId2="Election Day" ballotsTextBox="45590" /></cgGroup><cgGroup><cgId2 cgId2="Vote by Mail" ballotsTextBox="69589" /></cgGroup></cgGroup_Collection><Textbox9 ballots2="115179 / 495050 " Textbox40="0.232661347338653" /></Textbox7><Textbox33><cgGroup_Collection><cgGroup><cgId2 cgId2="Election Day" undervotes="10096" /></cgGroup><cgGroup><cgId2 cgId2="Vote by Mail" undervotes="16872" /></cgGroup></cgGroup_Collection><Textbox9 undervotes3="26968" /></Textbox33><Textbox37><cgGroup_Collection><cgGroup><cgId2 cgId2="Election Day" Textbox36="6" /></cgGroup><cgGroup><cgId2 cgId2="Vote by Mail" Textbox36="18" /></cgGroup></cgGroup_Collection><Textbox9 overvotes2="24" /></Textbox37><Textbox3><cgGroup_Collection><cgGroup><cgId2 cgId2="Election Day" undervotes1="10102" /></cgGroup><cgGroup><cgId2 cgId2="Vote by Mail" undervotes1="16890" /></cgGroup></cgGroup_Collection><Textbox9 totalBlanks="26992" /></Textbox3><Textbox43><cgGroup_Collection><cgGroup><cgId2 cgId2="Election Day" Textbox39="0" /></cgGroup><cgGroup><cgId2 cgId2="Vote by Mail" Textbox39="0" /></cgGroup></cgGroup_Collection><Textbox9 pushContests2="0" /></Textbox43><Textbox11><cgGroup_Collection><cgGroup><cgId2 cgId2="Election Day" writeinOverrides="0" /></cgGroup><cgGroup><cgId2 cgId2="Vote by Mail" writeinOverrides="0" /></cgGroup></cgGroup_Collection><Textbox9 Textbox13="0" /></Textbox11></Tablix1></Report></ContestStatistics><CandidateResults><Report Name="CandidateResultsRPT"><Tablix1><chGroup_Collection><chGroup><candidateNameTextBox4 candidateNameTextBox4="JOSÉ CISNEROS "><Textbox2 Textbox2="" Textbox14="" /><cgGroup_Collection><cgGroup countingGroupName="Election Day" vot7="35196" /><cgGroup countingGroupName="Vote by Mail" vot7="52698" /></cgGroup_Collection><Textbox13 vot8="87894" Textbox17="0.996677514826448" /></candidateNameTextBox4><partyGroup_Collection><partyGroup><Textbox2 Textbox2="" Textbox6="" /><cgGroup_Collection><cgGroup countingGroupName="Election Day" vot4="35196" /><cgGroup countingGroupName="Vote by Mail" vot4="52698" /></cgGroup_Collection><Textbox13 vot9="87894" Textbox18="0.996677514826448" /></partyGroup></partyGroup_Collection><writeinGroup_Collection /></chGroup><chGroup><candidateNameTextBox4 candidateNameTextBox4="Write-in "><Textbox2 Textbox2="" Textbox14="" /><cgGroup_Collection><cgGroup countingGroupName="Election Day" vot7="292" /><cgGroup countingGroupName="Vote by Mail" vot7="1" /></cgGroup_Collection><Textbox13 vot8="293" Textbox17="0.00332248517355166" /></candidateNameTextBox4><partyGroup_Collection /><writeinGroup_Collection><writeinGroup choiceName2="Write-in "><Textbox2 Textbox2="" /><cgGroup_Collection><cgGroup countingGroupName="Election Day" vot5="232" /><cgGroup countingGroupName="Vote by Mail" vot5="0" /></cgGroup_Collection><Textbox13 vot12="232" Textbox19="0.00263077324322179" /></writeinGroup><writeinGroup choiceName2="Write-in "><Textbox2 Textbox2="" /><cgGroup_Collection><cgGroup countingGroupName="Election Day" vot5="60" /><cgGroup countingGroupName="Vote by Mail" vot5="1" /></cgGroup_Collection><Textbox13 vot12="61" Textbox19="0.000691711930329867" /></writeinGroup></writeinGroup_Collection></chGroup></chGroup_Collection><Textbox5><Textbox2 Textbox2="" /><cgGroup_Collection><cgGroup countingGroupName="Election Day" votesDivider_cg="35488" /><cgGroup countingGroupName="Vote by Mail" votesDivider_cg="52699" /></cgGroup_Collection><Textbox13 votes3="88187" /></Textbox5></Tablix1><Tablix2><writeinGroup2_Collection /><Textbox4><cgGroup2_Collection><cgGroup2 cgName="Election Day" remainingUnqualified_cg="292" /><cgGroup2 cgName="Vote by Mail" remainingUnqualified_cg="1" /></cgGroup2_Collection><Textbox1 remainingUnresolved1="293" /></Textbox4></Tablix2></Report></CandidateResults></ContestIdGroup><ContestIdGroup contestId="MEMBER, BOARD OF EDUCATION   "><ContestStatistics><Report Name="ContestStatisticsRPT"><Tablix2><Details_Collection><Details Textbox2="Precincts Reported: 474 of 474 1" /></Details_Collection></Tablix2><Tablix1><Textbox7><cgGroup_Collection><cgGroup><cgId2 cgId2="Election Day" ballotsTextBox="45590" /></cgGroup><cgGroup><cgId2 cgId2="Vote by Mail" ballotsTextBox="69679" /></cgGroup></cgGroup_Collection><Textbox9 ballots2="115269 / 495050 " Textbox40="0.232843147156853" /></Textbox7><Textbox33><cgGroup_Collection><cgGroup><cgId2 cgId2="Election Day" undervotes="8584" /></cgGroup><cgGroup><cgId2 cgId2="Vote by Mail" undervotes="11952" /></cgGroup></cgGroup_Collection><Textbox9 undervotes3="20536" /></Textbox33><Textbox37><cgGroup_Collection><cgGroup><cgId2 cgId2="Election Day" Textbox36="65" /></cgGroup><cgGroup><cgId2 cgId2="Vote by Mail" Textbox36="325" /></cgGroup></cgGroup_Collection><Textbox9 overvotes2="390" /></Textbox37><Textbox3><cgGroup_Collection><cgGroup><cgId2 cgId2="Election Day" undervotes1="8649" /></cgGroup><cgGroup><cgId2 cgId2="Vote by Mail" undervotes1="12277" /></cgGroup></cgGroup_Collection><Textbox9 totalBlanks="20926" /></Textbox3><Textbox43><cgGroup_Collection><cgGroup><cgId2 cgId2="Election Day" Textbox39="0" /></cgGroup><cgGroup><cgId2 cgId2="Vote by Mail" Textbox39="0" /></cgGroup></cgGroup_Collection><Textbox9 pushContests2="0" /></Textbox43><Textbox11><cgGroup_Collection><cgGroup><cgId2 cgId2="Election Day" writeinOverrides="0" /></cgGroup><cgGroup><cgId2 cgId2="Vote by Mail" writeinOverrides="0" /></cgGroup></cgGroup_Collection><Textbox9 Textbox13="0" /></Textbox11></Tablix1></Report></ContestStatistics><CandidateResults><Report Name="CandidateResultsRPT"><Tablix1><chGroup_Collection><chGroup><candidateNameTextBox4 candidateNameTextBox4="JENNY LAM "><Textbox2 Textbox2="" Textbox14="" /><cgGroup_Collection><cgGroup countingGroupName="Election Day" vot7="24609" /><cgGroup countingGroupName="Vote by Mail" vot7="43007" /></cgGroup_Collection><Textbox13 vot8="67616" Textbox17="0.716703941998876" /></candidateNameTextBox4><partyGroup_Collection><partyGroup><Textbox2 Textbox2="" Textbox6="" /><cgGroup_Collection><cgGroup countingGroupName="Election Day" vot4="24609" /><cgGroup countingGroupName="Vote by Mail" vot4="43007" /></cgGroup_Collection><Textbox13 vot9="67616" Textbox18="0.716703941998876" /></partyGroup></partyGroup_Collection><writeinGroup_Collection /></chGroup><chGroup><candidateNameTextBox4 candidateNameTextBox4="KIRSTEN STROBEL "><Textbox2 Textbox2="" Textbox14="" /><cgGroup_Collection><cgGroup countingGroupName="Election Day" vot7="7148" /><cgGroup countingGroupName="Vote by Mail" vot7="8288" /></cgGroup_Collection><Textbox13 vot8="15436" Textbox17="0.163615742556416" /></candidateNameTextBox4><partyGroup_Collection><partyGroup><Textbox2 Textbox2="" Textbox6="" /><cgGroup_Collection><cgGroup countingGroupName="Election Day" vot4="7148" /><cgGroup countingGroupName="Vote by Mail" vot4="8288" /></cgGroup_Collection><Textbox13 vot9="15436" Textbox18="0.163615742556416" /></partyGroup></partyGroup_Collection><writeinGroup_Collection /></chGroup><chGroup><candidateNameTextBox4 candidateNameTextBox4="ROBERT K. COLEMAN "><Textbox2 Textbox2="" Textbox14="" /><cgGroup_Collection><cgGroup countingGroupName="Election Day" vot7="4873" /><cgGroup countingGroupName="Vote by Mail" vot7="6106" /></cgGroup_Collection><Textbox13 vot8="10979" Textbox17="0.116373233838229" /></candidateNameTextBox4><partyGroup_Collection><partyGroup><Textbox2 Textbox2="" Textbox6="" /><cgGroup_Collection><cgGroup countingGroupName="Election Day" vot4="4873" /><cgGroup countingGroupName="Vote by Mail" vot4="6106" /></cgGroup_Collection><Textbox13 vot9="10979" Textbox18="0.116373233838229" /></partyGroup></partyGroup_Collection><writeinGroup_Collection /></chGroup><chGroup><candidateNameTextBox4 candidateNameTextBox4="Write-in "><Textbox2 Textbox2="" Textbox14="" /><cgGroup_Collection><cgGroup countingGroupName="Election Day" vot7="311" /><cgGroup countingGroupName="Vote by Mail" vot7="1" /></cgGroup_Collection><Textbox13 vot8="312" Textbox17="0.00330708160647849" /></candidateNameTextBox4><partyGroup_Collection /><writeinGroup_Collection><writeinGroup choiceName2="Write-in "><Textbox2 Textbox2="" /><cgGroup_Collection><cgGroup countingGroupName="Election Day" vot5="311" /><cgGroup countingGroupName="Vote by Mail" vot5="1" /></cgGroup_Collection><Textbox13 vot12="312" Textbox19="0.00330708160647849" /></writeinGroup></writeinGroup_Collection></chGroup></chGroup_Collection><Textbox5><Textbox2 Textbox2="" /><cgGroup_Collection><cgGroup countingGroupName="Election Day" votesDivider_cg="36941" /><cgGroup countingGroupName="Vote by Mail" votesDivider_cg="57402" /></cgGroup_Collection><Textbox13 votes3="94343" /></Textbox5></Tablix1><Tablix2><writeinGroup2_Collection /><Textbox4><cgGroup2_Collection><cgGroup2 cgName="Election Day" remainingUnqualified_cg="311" /><cgGroup2 cgName="Vote by Mail" remainingUnqualified_cg="1" /></cgGroup2_Collection><Textbox1 remainingUnresolved1="312" /></Textbox4></Tablix2></Report></CandidateResults></ContestIdGroup><ContestIdGroup contestId="MEMBER, COMMUNITY COLLEGE BOARD   "><ContestStatistics><Report Name="ContestStatisticsRPT"><Tablix2><Details_Collection><Details Textbox2="Precincts Reported: 474 of 474 1" /></Details_Collection></Tablix2><Tablix1><Textbox7><cgGroup_Collection><cgGroup><cgId2 cgId2="Election Day" ballotsTextBox="45586" /></cgGroup><cgGroup><cgId2 cgId2="Vote by Mail" ballotsTextBox="69679" /></cgGroup></cgGroup_Collection><Textbox9 ballots2="115265 / 495050 " Textbox40="0.232835067164933" /></Textbox7><Textbox33><cgGroup_Collection><cgGroup><cgId2 cgId2="Election Day" undervotes="8659" /></cgGroup><cgGroup><cgId2 cgId2="Vote by Mail" undervotes="16531" /></cgGroup></cgGroup_Collection><Textbox9 undervotes3="25190" /></Textbox33><Textbox37><cgGroup_Collection><cgGroup><cgId2 cgId2="Election Day" Textbox36="8" /></cgGroup><cgGroup><cgId2 cgId2="Vote by Mail" Textbox36="23" /></cgGroup></cgGroup_Collection><Textbox9 overvotes2="31" /></Textbox37><Textbox3><cgGroup_Collection><cgGroup><cgId2 cgId2="Election Day" undervotes1="8667" /></cgGroup><cgGroup><cgId2 cgId2="Vote by Mail" undervotes1="16554" /></cgGroup></cgGroup_Collection><Textbox9 totalBlanks="25221" /></Textbox3><Textbox43><cgGroup_Collection><cgGroup><cgId2 cgId2="Election Day" Textbox39="0" /></cgGroup><cgGroup><cgId2 cgId2="Vote by Mail" Textbox39="0" /></cgGroup></cgGroup_Collection><Textbox9 pushContests2="0" /></Textbox43><Textbox11><cgGroup_Collection><cgGroup><cgId2 cgId2="Election Day" writeinOverrides="0" /></cgGroup><cgGroup><cgId2 cgId2="Vote by Mail" writeinOverrides="0" /></cgGroup></cgGroup_Collection><Textbox9 Textbox13="0" /></Textbox11></Tablix1></Report></ContestStatistics><CandidateResults><Report Name="CandidateResultsRPT"><Tablix1><chGroup_Collection><chGroup><candidateNameTextBox4 candidateNameTextBox4="IVY LEE "><Textbox2 Textbox2="" Textbox14="" /><cgGroup_Collection><cgGroup countingGroupName="Election Day" vot7="36536" /><cgGroup countingGroupName="Vote by Mail" vot7="53125" /></cgGroup_Collection><Textbox13 vot8="89661" Textbox17="0.995746523921638" /></candidateNameTextBox4><partyGroup_Collection><partyGroup><Textbox2 Textbox2="" Textbox6="" /><cgGroup_Collection><cgGroup countingGroupName="Election Day" vot4="36536" /><cgGroup countingGroupName="Vote by Mail" vot4="53125" /></cgGroup_Collection><Textbox13 vot9="89661" Textbox18="0.995746523921638" /></partyGroup></partyGroup_Collection><writeinGroup_Collection /></chGroup><chGroup><candidateNameTextBox4 candidateNameTextBox4="Write-in "><Textbox2 Textbox2="" Textbox14="" /><cgGroup_Collection><cgGroup countingGroupName="Election Day" vot7="383" /><cgGroup countingGroupName="Vote by Mail" vot7="0" /></cgGroup_Collection><Textbox13 vot8="383" Textbox17="0.00425347607836169" /></candidateNameTextBox4><partyGroup_Collection /><writeinGroup_Collection><writeinGroup choiceName2="Write-in "><Textbox2 Textbox2="" /><cgGroup_Collection><cgGroup countingGroupName="Election Day" vot5="383" /><cgGroup countingGroupName="Vote by Mail" vot5="0" /></cgGroup_Collection><Textbox13 vot12="383" Textbox19="0.00425347607836169" /></writeinGroup></writeinGroup_Collection></chGroup></chGroup_Collection><Textbox5><Textbox2 Textbox2="" /><cgGroup_Collection><cgGroup countingGroupName="Election Day" votesDivider_cg="36919" /><cgGroup countingGroupName="Vote by Mail" votesDivider_cg="53125" /></cgGroup_Collection><Textbox13 votes3="90044" /></Textbox5></Tablix1><Tablix2><writeinGroup2_Collection /><Textbox4><cgGroup2_Collection><cgGroup2 cgName="Election Day" remainingUnqualified_cg="383" /><cgGroup2 cgName="Vote by Mail" remainingUnqualified_cg="0" /></cgGroup2_Collection><Textbox1 remainingUnresolved1="383" /></Textbox4></Tablix2></Report></CandidateResults></ContestIdGroup><ContestIdGroup contestId="PROPOSITION A   "><ContestStatistics><Report Name="ContestStatisticsRPT"><Tablix2><Details_Collection><Details Textbox2="Precincts Reported: 474 of 474 1" /></Details_Collection></Tablix2><Tablix1><Textbox7><cgGroup_Collection><cgGroup><cgId2 cgId2="Election Day" ballotsTextBox="45586" /></cgGroup><cgGroup><cgId2 cgId2="Vote by Mail" ballotsTextBox="69679" /></cgGroup></cgGroup_Collection><Textbox9 ballots2="115265 / 495050 " Textbox40="0.232835067164933" /></Textbox7><Textbox33><cgGroup_Collection><cgGroup><cgId2 cgId2="Election Day" undervotes="960" /></cgGroup><cgGroup><cgId2 cgId2="Vote by Mail" undervotes="1883" /></cgGroup></cgGroup_Collection><Textbox9 undervotes3="2843" /></Textbox33><Textbox37><cgGroup_Collection><cgGroup><cgId2 cgId2="Election Day" Textbox36="9" /></cgGroup><cgGroup><cgId2 cgId2="Vote by Mail" Textbox36="16" /></cgGroup></cgGroup_Collection><Textbox9 overvotes2="25" /></Textbox37><Textbox3><cgGroup_Collection><cgGroup><cgId2 cgId2="Election Day" undervotes1="969" /></cgGroup><cgGroup><cgId2 cgId2="Vote by Mail" undervotes1="1899" /></cgGroup></cgGroup_Collection><Textbox9 totalBlanks="2868" /></Textbox3><Textbox43><cgGroup_Collection><cgGroup><cgId2 cgId2="Election Day" Textbox39="0" /></cgGroup><cgGroup><cgId2 cgId2="Vote by Mail" Textbox39="0" /></cgGroup></cgGroup_Collection><Textbox9 pushContests2="0" /></Textbox43><Textbox11><cgGroup_Collection><cgGroup><cgId2 cgId2="Election Day" writeinOverrides="0" /></cgGroup><cgGroup><cgId2 cgId2="Vote by Mail" writeinOverrides="0" /></cgGroup></cgGroup_Collection><Textbox9 Textbox13="0" /></Textbox11></Tablix1></Report></ContestStatistics><CandidateResults><Report Name="CandidateResultsRPT"><Tablix1><chGroup_Collection><chGroup><candidateNameTextBox4 candidateNameTextBox4="YES "><Textbox2 Textbox2="" Textbox14="" /><cgGroup_Collection><cgGroup countingGroupName="Election Day" vot7="33935" /><cgGroup countingGroupName="Vote by Mail" vot7="44137" /></cgGroup_Collection><Textbox13 vot8="78072" Textbox17="0.694609286724735" /></candidateNameTextBox4><partyGroup_Collection><partyGroup><Textbox2 Textbox2="" Textbox6="" /><cgGroup_Collection><cgGroup countingGroupName="Election Day" vot4="33935" /><cgGroup countingGroupName="Vote by Mail" vot4="44137" /></cgGroup_Collection><Textbox13 vot9="78072" Textbox18="0.694609286724735" /></partyGroup></partyGroup_Collection><writeinGroup_Collection /></chGroup><chGroup><candidateNameTextBox4 candidateNameTextBox4="NO "><Textbox2 Textbox2="" Textbox14="" /><cgGroup_Collection><cgGroup countingGroupName="Election Day" vot7="10682" /><cgGroup countingGroupName="Vote by Mail" vot7="23643" /></cgGroup_Collection><Textbox13 vot8="34325" Textbox17="0.305390713275265" /></candidateNameTextBox4><partyGroup_Collection><partyGroup><Textbox2 Textbox2="" Textbox6="" /><cgGroup_Collection><cgGroup countingGroupName="Election Day" vot4="10682" /><cgGroup countingGroupName="Vote by Mail" vot4="23643" /></cgGroup_Collection><Textbox13 vot9="34325" Textbox18="0.305390713275265" /></partyGroup></partyGroup_Collection><writeinGroup_Collection /></chGroup></chGroup_Collection><Textbox5><Textbox2 Textbox2="" /><cgGroup_Collection><cgGroup countingGroupName="Election Day" votesDivider_cg="44617" /><cgGroup countingGroupName="Vote by Mail" votesDivider_cg="67780" /></cgGroup_Collection><Textbox13 votes3="112397" /></Textbox5></Tablix1><Tablix2><writeinGroup2_Collection /><Textbox4><cgGroup2_Collection><cgGroup2 cgName="Election Day" remainingUnqualified_cg="0" /><cgGroup2 cgName="Vote by Mail" remainingUnqualified_cg="0" /></cgGroup2_Collection><Textbox1 remainingUnresolved1="0" /></Textbox4></Tablix2></Report></CandidateResults></ContestIdGroup><ContestIdGroup contestId="PROPOSITION B   "><ContestStatistics><Report Name="ContestStatisticsRPT"><Tablix2><Details_Collection><Details Textbox2="Precincts Reported: 474 of 474 1" /></Details_Collection></Tablix2><Tablix1><Textbox7><cgGroup_Collection><cgGroup><cgId2 cgId2="Election Day" ballotsTextBox="45586" /></cgGroup><cgGroup><cgId2 cgId2="Vote by Mail" ballotsTextBox="69679" /></cgGroup></cgGroup_Collection><Textbox9 ballots2="115265 / 495050 " Textbox40="0.232835067164933" /></Textbox7><Textbox33><cgGroup_Collection><cgGroup><cgId2 cgId2="Election Day" undervotes="2351" /></cgGroup><cgGroup><cgId2 cgId2="Vote by Mail" undervotes="3968" /></cgGroup></cgGroup_Collection><Textbox9 undervotes3="6319" /></Textbox33><Textbox37><cgGroup_Collection><cgGroup><cgId2 cgId2="Election Day" Textbox36="7" /></cgGroup><cgGroup><cgId2 cgId2="Vote by Mail" Textbox36="15" /></cgGroup></cgGroup_Collection><Textbox9 overvotes2="22" /></Textbox37><Textbox3><cgGroup_Collection><cgGroup><cgId2 cgId2="Election Day" undervotes1="2358" /></cgGroup><cgGroup><cgId2 cgId2="Vote by Mail" undervotes1="3983" /></cgGroup></cgGroup_Collection><Textbox9 totalBlanks="6341" /></Textbox3><Textbox43><cgGroup_Collection><cgGroup><cgId2 cgId2="Election Day" Textbox39="0" /></cgGroup><cgGroup><cgId2 cgId2="Vote by Mail" Textbox39="0" /></cgGroup></cgGroup_Collection><Textbox9 pushContests2="0" /></Textbox43><Textbox11><cgGroup_Collection><cgGroup><cgId2 cgId2="Election Day" writeinOverrides="0" /></cgGroup><cgGroup><cgId2 cgId2="Vote by Mail" writeinOverrides="0" /></cgGroup></cgGroup_Collection><Textbox9 Textbox13="0" /></Textbox11></Tablix1></Report></ContestStatistics><CandidateResults><Report Name="CandidateResultsRPT"><Tablix1><chGroup_Collection><chGroup><candidateNameTextBox4 candidateNameTextBox4="YES "><Textbox2 Textbox2="" Textbox14="" /><cgGroup_Collection><cgGroup countingGroupName="Election Day" vot7="34928" /><cgGroup countingGroupName="Vote by Mail" vot7="48283" /></cgGroup_Collection><Textbox13 vot8="83211" Textbox17="0.763936322573538" /></candidateNameTextBox4><partyGroup_Collection><partyGroup><Textbox2 Textbox2="" Textbox6="" /><cgGroup_Collection><cgGroup countingGroupName="Election Day" vot4="34928" /><cgGroup countingGroupName="Vote by Mail" vot4="48283" /></cgGroup_Collection><Textbox13 vot9="83211" Textbox18="0.763936322573538" /></partyGroup></partyGroup_Collection><writeinGroup_Collection /></chGroup><chGroup><candidateNameTextBox4 candidateNameTextBox4="NO "><Textbox2 Textbox2="" Textbox14="" /><cgGroup_Collection><cgGroup countingGroupName="Election Day" vot7="8300" /><cgGroup countingGroupName="Vote by Mail" vot7="17413" /></cgGroup_Collection><Textbox13 vot8="25713" Textbox17="0.236063677426462" /></candidateNameTextBox4><partyGroup_Collection><partyGroup><Textbox2 Textbox2="" Textbox6="" /><cgGroup_Collection><cgGroup countingGroupName="Election Day" vot4="8300" /><cgGroup countingGroupName="Vote by Mail" vot4="17413" /></cgGroup_Collection><Textbox13 vot9="25713" Textbox18="0.236063677426462" /></partyGroup></partyGroup_Collection><writeinGroup_Collection /></chGroup></chGroup_Collection><Textbox5><Textbox2 Textbox2="" /><cgGroup_Collection><cgGroup countingGroupName="Election Day" votesDivider_cg="43228" /><cgGroup countingGroupName="Vote by Mail" votesDivider_cg="65696" /></cgGroup_Collection><Textbox13 votes3="108924" /></Textbox5></Tablix1><Tablix2><writeinGroup2_Collection /><Textbox4><cgGroup2_Collection><cgGroup2 cgName="Election Day" remainingUnqualified_cg="0" /><cgGroup2 cgName="Vote by Mail" remainingUnqualified_cg="0" /></cgGroup2_Collection><Textbox1 remainingUnresolved1="0" /></Textbox4></Tablix2></Report></CandidateResults></ContestIdGroup><ContestIdGroup contestId="PROPOSITION C   "><ContestStatistics><Report Name="ContestStatisticsRPT"><Tablix2><Details_Collection><Details Textbox2="Precincts Reported: 474 of 474 1" /></Details_Collection></Tablix2><Tablix1><Textbox7><cgGroup_Collection><cgGroup><cgId2 cgId2="Election Day" ballotsTextBox="45586" /></cgGroup><cgGroup><cgId2 cgId2="Vote by Mail" ballotsTextBox="69679" /></cgGroup></cgGroup_Collection><Textbox9 ballots2="115265 / 495050 " Textbox40="0.232835067164933" /></Textbox7><Textbox33><cgGroup_Collection><cgGroup><cgId2 cgId2="Election Day" undervotes="878" /></cgGroup><cgGroup><cgId2 cgId2="Vote by Mail" undervotes="1677" /></cgGroup></cgGroup_Collection><Textbox9 undervotes3="2555" /></Textbox33><Textbox37><cgGroup_Collection><cgGroup><cgId2 cgId2="Election Day" Textbox36="24" /></cgGroup><cgGroup><cgId2 cgId2="Vote by Mail" Textbox36="39" /></cgGroup></cgGroup_Collection><Textbox9 overvotes2="63" /></Textbox37><Textbox3><cgGroup_Collection><cgGroup><cgId2 cgId2="Election Day" undervotes1="902" /></cgGroup><cgGroup><cgId2 cgId2="Vote by Mail" undervotes1="1716" /></cgGroup></cgGroup_Collection><Textbox9 totalBlanks="2618" /></Textbox3><Textbox43><cgGroup_Collection><cgGroup><cgId2 cgId2="Election Day" Textbox39="0" /></cgGroup><cgGroup><cgId2 cgId2="Vote by Mail" Textbox39="0" /></cgGroup></cgGroup_Collection><Textbox9 pushContests2="0" /></Textbox43><Textbox11><cgGroup_Collection><cgGroup><cgId2 cgId2="Election Day" writeinOverrides="0" /></cgGroup><cgGroup><cgId2 cgId2="Vote by Mail" writeinOverrides="0" /></cgGroup></cgGroup_Collection><Textbox9 Textbox13="0" /></Textbox11></Tablix1></Report></ContestStatistics><CandidateResults><Report Name="CandidateResultsRPT"><Tablix1><chGroup_Collection><chGroup><candidateNameTextBox4 candidateNameTextBox4="YES "><Textbox2 Textbox2="" Textbox14="" /><cgGroup_Collection><cgGroup countingGroupName="Election Day" vot7="7329" /><cgGroup countingGroupName="Vote by Mail" vot7="14688" /></cgGroup_Collection><Textbox13 vot8="22017" Textbox17="0.195451276998056" /></candidateNameTextBox4><partyGroup_Collection><partyGroup><Textbox2 Textbox2="" Textbox6="" /><cgGroup_Collection><cgGroup countingGroupName="Election Day" vot4="7329" /><cgGroup countingGroupName="Vote by Mail" vot4="14688" /></cgGroup_Collection><Textbox13 vot9="22017" Textbox18="0.195451276998056" /></partyGroup></partyGroup_Collection><writeinGroup_Collection /></chGroup><chGroup><candidateNameTextBox4 candidateNameTextBox4="NO "><Textbox2 Textbox2="" Textbox14="" /><cgGroup_Collection><cgGroup countingGroupName="Election Day" vot7="37355" /><cgGroup countingGroupName="Vote by Mail" vot7="53275" /></cgGroup_Collection><Textbox13 vot8="90630" Textbox17="0.804548723001944" /></candidateNameTextBox4><partyGroup_Collection><partyGroup><Textbox2 Textbox2="" Textbox6="" /><cgGroup_Collection><cgGroup countingGroupName="Election Day" vot4="37355" /><cgGroup countingGroupName="Vote by Mail" vot4="53275" /></cgGroup_Collection><Textbox13 vot9="90630" Textbox18="0.804548723001944" /></partyGroup></partyGroup_Collection><writeinGroup_Collection /></chGroup></chGroup_Collection><Textbox5><Textbox2 Textbox2="" /><cgGroup_Collection><cgGroup countingGroupName="Election Day" votesDivider_cg="44684" /><cgGroup countingGroupName="Vote by Mail" votesDivider_cg="67963" /></cgGroup_Collection><Textbox13 votes3="112647" /></Textbox5></Tablix1><Tablix2><writeinGroup2_Collection /><Textbox4><cgGroup2_Collection><cgGroup2 cgName="Election Day" remainingUnqualified_cg="0" /><cgGroup2 cgName="Vote by Mail" remainingUnqualified_cg="0" /></cgGroup2_Collection><Textbox1 remainingUnresolved1="0" /></Textbox4></Tablix2></Report></CandidateResults></ContestIdGroup><ContestIdGroup contestId="PROPOSITION D   "><ContestStatistics><Report Name="ContestStatisticsRPT"><Tablix2><Details_Collection><Details Textbox2="Precincts Reported: 474 of 474 1" /></Details_Collection></Tablix2><Tablix1><Textbox7><cgGroup_Collection><cgGroup><cgId2 cgId2="Election Day" ballotsTextBox="45586" /></cgGroup><cgGroup><cgId2 cgId2="Vote by Mail" ballotsTextBox="69679" /></cgGroup></cgGroup_Collection><Textbox9 ballots2="115265 / 495050 " Textbox40="0.232835067164933" /></Textbox7><Textbox33><cgGroup_Collection><cgGroup><cgId2 cgId2="Election Day" undervotes="1112" /></cgGroup><cgGroup><cgId2 cgId2="Vote by Mail" undervotes="1957" /></cgGroup></cgGroup_Collection><Textbox9 undervotes3="3069" /></Textbox33><Textbox37><cgGroup_Collection><cgGroup><cgId2 cgId2="Election Day" Textbox36="13" /></cgGroup><cgGroup><cgId2 cgId2="Vote by Mail" Textbox36="18" /></cgGroup></cgGroup_Collection><Textbox9 overvotes2="31" /></Textbox37><Textbox3><cgGroup_Collection><cgGroup><cgId2 cgId2="Election Day" undervotes1="1125" /></cgGroup><cgGroup><cgId2 cgId2="Vote by Mail" undervotes1="1975" /></cgGroup></cgGroup_Collection><Textbox9 totalBlanks="3100" /></Textbox3><Textbox43><cgGroup_Collection><cgGroup><cgId2 cgId2="Election Day" Textbox39="0" /></cgGroup><cgGroup><cgId2 cgId2="Vote by Mail" Textbox39="0" /></cgGroup></cgGroup_Collection><Textbox9 pushContests2="0" /></Textbox43><Textbox11><cgGroup_Collection><cgGroup><cgId2 cgId2="Election Day" writeinOverrides="0" /></cgGroup><cgGroup><cgId2 cgId2="Vote by Mail" writeinOverrides="0" /></cgGroup></cgGroup_Collection><Textbox9 Textbox13="0" /></Textbox11></Tablix1></Report></ContestStatistics><CandidateResults><Report Name="CandidateResultsRPT"><Tablix1><chGroup_Collection><chGroup><candidateNameTextBox4 candidateNameTextBox4="YES "><Textbox2 Textbox2="" Textbox14="" /><cgGroup_Collection><cgGroup countingGroupName="Election Day" vot7="31776" /><cgGroup countingGroupName="Vote by Mail" vot7="42989" /></cgGroup_Collection><Textbox13 vot8="74765" Textbox17="0.666562653234075" /></candidateNameTextBox4><partyGroup_Collection><partyGroup><Textbox2 Textbox2="" Textbox6="" /><cgGroup_Collection><cgGroup countingGroupName="Election Day" vot4="31776" /><cgGroup countingGroupName="Vote by Mail" vot4="42989" /></cgGroup_Collection><Textbox13 vot9="74765" Textbox18="0.666562653234075" /></partyGroup></partyGroup_Collection><writeinGroup_Collection /></chGroup><chGroup><candidateNameTextBox4 candidateNameTextBox4="NO "><Textbox2 Textbox2="" Textbox14="" /><cgGroup_Collection><cgGroup countingGroupName="Election Day" vot7="12685" /><cgGroup countingGroupName="Vote by Mail" vot7="24715" /></cgGroup_Collection><Textbox13 vot8="37400" Textbox17="0.333437346765925" /></candidateNameTextBox4><partyGroup_Collection><partyGroup><Textbox2 Textbox2="" Textbox6="" /><cgGroup_Collection><cgGroup countingGroupName="Election Day" vot4="12685" /><cgGroup countingGroupName="Vote by Mail" vot4="24715" /></cgGroup_Collection><Textbox13 vot9="37400" Textbox18="0.333437346765925" /></partyGroup></partyGroup_Collection><writeinGroup_Collection /></chGroup></chGroup_Collection><Textbox5><Textbox2 Textbox2="" /><cgGroup_Collection><cgGroup countingGroupName="Election Day" votesDivider_cg="44461" /><cgGroup countingGroupName="Vote by Mail" votesDivider_cg="67704" /></cgGroup_Collection><Textbox13 votes3="112165" /></Textbox5></Tablix1><Tablix2><writeinGroup2_Collection /><Textbox4><cgGroup2_Collection><cgGroup2 cgName="Election Day" remainingUnqualified_cg="0" /><cgGroup2 cgName="Vote by Mail" remainingUnqualified_cg="0" /></cgGroup2_Collection><Textbox1 remainingUnresolved1="0" /></Textbox4></Tablix2></Report></CandidateResults></ContestIdGroup><ContestIdGroup contestId="PROPOSITION E   "><ContestStatistics><Report Name="ContestStatisticsRPT"><Tablix2><Details_Collection><Details Textbox2="Precincts Reported: 474 of 474 1" /></Details_Collection></Tablix2><Tablix1><Textbox7><cgGroup_Collection><cgGroup><cgId2 cgId2="Election Day" ballotsTextBox="45586" /></cgGroup><cgGroup><cgId2 cgId2="Vote by Mail" ballotsTextBox="69679" /></cgGroup></cgGroup_Collection><Textbox9 ballots2="115265 / 495050 " Textbox40="0.232835067164933" /></Textbox7><Textbox33><cgGroup_Collection><cgGroup><cgId2 cgId2="Election Day" undervotes="1256" /></cgGroup><cgGroup><cgId2 cgId2="Vote by Mail" undervotes="2546" /></cgGroup></cgGroup_Collection><Textbox9 undervotes3="3802" /></Textbox33><Textbox37><cgGroup_Collection><cgGroup><cgId2 cgId2="Election Day" Textbox36="13" /></cgGroup><cgGroup><cgId2 cgId2="Vote by Mail" Textbox36="23" /></cgGroup></cgGroup_Collection><Textbox9 overvotes2="36" /></Textbox37><Textbox3><cgGroup_Collection><cgGroup><cgId2 cgId2="Election Day" undervotes1="1269" /></cgGroup><cgGroup><cgId2 cgId2="Vote by Mail" undervotes1="2569" /></cgGroup></cgGroup_Collection><Textbox9 totalBlanks="3838" /></Textbox3><Textbox43><cgGroup_Collection><cgGroup><cgId2 cgId2="Election Day" Textbox39="0" /></cgGroup><cgGroup><cgId2 cgId2="Vote by Mail" Textbox39="0" /></cgGroup></cgGroup_Collection><Textbox9 pushContests2="0" /></Textbox43><Textbox11><cgGroup_Collection><cgGroup><cgId2 cgId2="Election Day" writeinOverrides="0" /></cgGroup><cgGroup><cgId2 cgId2="Vote by Mail" writeinOverrides="0" /></cgGroup></cgGroup_Collection><Textbox9 Textbox13="0" /></Textbox11></Tablix1></Report></ContestStatistics><CandidateResults><Report Name="CandidateResultsRPT"><Tablix1><chGroup_Collection><chGroup><candidateNameTextBox4 candidateNameTextBox4="YES "><Textbox2 Textbox2="" Textbox14="" /><cgGroup_Collection><cgGroup countingGroupName="Election Day" vot7="35127" /><cgGroup countingGroupName="Vote by Mail" vot7="47852" /></cgGroup_Collection><Textbox13 vot8="82979" Textbox17="0.744693835425884" /></candidateNameTextBox4><partyGroup_Collection><partyGroup><Textbox2 Textbox2="" Textbox6="" /><cgGroup_Collection><cgGroup countingGroupName="Election Day" vot4="35127" /><cgGroup countingGroupName="Vote by Mail" vot4="47852" /></cgGroup_Collection><Textbox13 vot9="82979" Textbox18="0.744693835425884" /></partyGroup></partyGroup_Collection><writeinGroup_Collection /></chGroup><chGroup><candidateNameTextBox4 candidateNameTextBox4="NO "><Textbox2 Textbox2="" Textbox14="" /><cgGroup_Collection><cgGroup countingGroupName="Election Day" vot7="9190" /><cgGroup countingGroupName="Vote by Mail" vot7="19258" /></cgGroup_Collection><Textbox13 vot8="28448" Textbox17="0.255306164574116" /></candidateNameTextBox4><partyGroup_Collection><partyGroup><Textbox2 Textbox2="" Textbox6="" /><cgGroup_Collection><cgGroup countingGroupName="Election Day" vot4="9190" /><cgGroup countingGroupName="Vote by Mail" vot4="19258" /></cgGroup_Collection><Textbox13 vot9="28448" Textbox18="0.255306164574116" /></partyGroup></partyGroup_Collection><writeinGroup_Collection /></chGroup></chGroup_Collection><Textbox5><Textbox2 Textbox2="" /><cgGroup_Collection><cgGroup countingGroupName="Election Day" votesDivider_cg="44317" /><cgGroup countingGroupName="Vote by Mail" votesDivider_cg="67110" /></cgGroup_Collection><Textbox13 votes3="111427" /></Textbox5></Tablix1><Tablix2><writeinGroup2_Collection /><Textbox4><cgGroup2_Collection><cgGroup2 cgName="Election Day" remainingUnqualified_cg="0" /><cgGroup2 cgName="Vote by Mail" remainingUnqualified_cg="0" /></cgGroup2_Collection><Textbox1 remainingUnresolved1="0" /></Textbox4></Tablix2></Report></CandidateResults></ContestIdGroup><ContestIdGroup contestId="PROPOSITION F   "><ContestStatistics><Report Name="ContestStatisticsRPT"><Tablix2><Details_Collection><Details Textbox2="Precincts Reported: 474 of 474 1" /></Details_Collection></Tablix2><Tablix1><Textbox7><cgGroup_Collection><cgGroup><cgId2 cgId2="Election Day" ballotsTextBox="45586" /></cgGroup><cgGroup><cgId2 cgId2="Vote by Mail" ballotsTextBox="69679" /></cgGroup></cgGroup_Collection><Textbox9 ballots2="115265 / 495050 " Textbox40="0.232835067164933" /></Textbox7><Textbox33><cgGroup_Collection><cgGroup><cgId2 cgId2="Election Day" undervotes="1856" /></cgGroup><cgGroup><cgId2 cgId2="Vote by Mail" undervotes="3219" /></cgGroup></cgGroup_Collection><Textbox9 undervotes3="5075" /></Textbox33><Textbox37><cgGroup_Collection><cgGroup><cgId2 cgId2="Election Day" Textbox36="8" /></cgGroup><cgGroup><cgId2 cgId2="Vote by Mail" Textbox36="9" /></cgGroup></cgGroup_Collection><Textbox9 overvotes2="17" /></Textbox37><Textbox3><cgGroup_Collection><cgGroup><cgId2 cgId2="Election Day" undervotes1="1864" /></cgGroup><cgGroup><cgId2 cgId2="Vote by Mail" undervotes1="3228" /></cgGroup></cgGroup_Collection><Textbox9 totalBlanks="5092" /></Textbox3><Textbox43><cgGroup_Collection><cgGroup><cgId2 cgId2="Election Day" Textbox39="0" /></cgGroup><cgGroup><cgId2 cgId2="Vote by Mail" Textbox39="0" /></cgGroup></cgGroup_Collection><Textbox9 pushContests2="0" /></Textbox43><Textbox11><cgGroup_Collection><cgGroup><cgId2 cgId2="Election Day" writeinOverrides="0" /></cgGroup><cgGroup><cgId2 cgId2="Vote by Mail" writeinOverrides="0" /></cgGroup></cgGroup_Collection><Textbox9 Textbox13="0" /></Textbox11></Tablix1></Report></ContestStatistics><CandidateResults><Report Name="CandidateResultsRPT"><Tablix1><chGroup_Collection><chGroup><candidateNameTextBox4 candidateNameTextBox4="YES "><Textbox2 Textbox2="" Textbox14="" /><cgGroup_Collection><cgGroup countingGroupName="Election Day" vot7="33880" /><cgGroup countingGroupName="Vote by Mail" vot7="50422" /></cgGroup_Collection><Textbox13 vot8="84302" Textbox17="0.765178401241684" /></candidateNameTextBox4><partyGroup_Collection><partyGroup><Textbox2 Textbox2="" Textbox6="" /><cgGroup_Collection><cgGroup countingGroupName="Election Day" vot4="33880" /><cgGroup countingGroupName="Vote by Mail" vot4="50422" /></cgGroup_Collection><Textbox13 vot9="84302" Textbox18="0.765178401241684" /></partyGroup></partyGroup_Collection><writeinGroup_Collection /></chGroup><chGroup><candidateNameTextBox4 candidateNameTextBox4="NO "><Textbox2 Textbox2="" Textbox14="" /><cgGroup_Collection><cgGroup countingGroupName="Election Day" vot7="9842" /><cgGroup countingGroupName="Vote by Mail" vot7="16029" /></cgGroup_Collection><Textbox13 vot8="25871" Textbox17="0.234821598758316" /></candidateNameTextBox4><partyGroup_Collection><partyGroup><Textbox2 Textbox2="" Textbox6="" /><cgGroup_Collection><cgGroup countingGroupName="Election Day" vot4="9842" /><cgGroup countingGroupName="Vote by Mail" vot4="16029" /></cgGroup_Collection><Textbox13 vot9="25871" Textbox18="0.234821598758316" /></partyGroup></partyGroup_Collection><writeinGroup_Collection /></chGroup></chGroup_Collection><Textbox5><Textbox2 Textbox2="" /><cgGroup_Collection><cgGroup countingGroupName="Election Day" votesDivider_cg="43722" /><cgGroup countingGroupName="Vote by Mail" votesDivider_cg="66451" /></cgGroup_Collection><Textbox13 votes3="110173" /></Textbox5></Tablix1><Tablix2><writeinGroup2_Collection /><Textbox4><cgGroup2_Collection><cgGroup2 cgName="Election Day" remainingUnqualified_cg="0" /><cgGroup2 cgName="Vote by Mail" remainingUnqualified_cg="0" /></cgGroup2_Collection><Textbox1 remainingUnresolved1="0" /></Textbox4></Tablix2></Report></CandidateResults></ContestIdGroup></ContestIdGroup_Collection></contestList></Report></ElectionSummarySubReport></TabBatchGroup></TabBatchGroup_Collection></tabBatchIdList></Report>