﻿<?xml version="1.0" encoding="utf-8"?><Report xsi:schemaLocation="ElectionSummaryReportRPT http://emsserver/ReportServer?%2FEMSApplicationServerReports%2FElectionSummaryReportRPT&amp;rs%3ACommand=Render&amp;rs%3AFormat=XML&amp;rs%3ASessionID=jta0tx45pccfjj45qgz2mn45&amp;rc%3ASchema=True" Name="ElectionSummaryReportRPT" xmlns:xsi="http://www.w3.org/2001/XMLSchema-instance" xmlns="ElectionSummaryReportRPT"><Title><Report Name="Title" Textbox11="Election Summary Report" Textbox3="General Election" Textbox2="City and County of San Francisco" Textbox9="2019-11-05T00:00:00" Textbox12="" Textbox8="City and County of San Francisco&#xA;November 5, 2019, Consolidated Municipal Election&#xA;Summary Report - 12" /></Title><tabBatchIdList><TabBatchGroup_Collection><TabBatchGroup contestId=""><ElectionSummarySubReport><Report Name="ElectionSummarySubReportRPT"><Tablix2><Details_Collection><Details reported="Precincts Reported: 474 of 474 (1)" /></Details_Collection></Tablix2><Tablix3><Details2_Collection><Details2 reported3="Registered Voters: 206090 of 495050 (0.416301383698616)" /></Details2_Collection></Tablix3><Tablix4><Details3_Collection><Details3 reported4="Ballots Cast: 412397" /></Details3_Collection></Tablix4><contestList><ContestIdGroup_Collection><ContestIdGroup contestId="MAYOR   "><ContestStatistics><Report Name="ContestStatisticsRPT"><Tablix2><Details_Collection><Details Textbox2="Precincts Reported: 474 of 474 1" /></Details_Collection></Tablix2><Tablix1><Textbox7><cgGroup_Collection><cgGroup><cgId2 cgId2="Election Day" ballotsTextBox="59423" /></cgGroup><cgGroup><cgId2 cgId2="Vote by Mail" ballotsTextBox="146662" /></cgGroup></cgGroup_Collection><Textbox9 ballots2="206085 / 495050 " Textbox40="0.416291283708716" /></Textbox7><Textbox33><cgGroup_Collection><cgGroup><cgId2 cgId2="Election Day" undervotes="9415" /></cgGroup><cgGroup><cgId2 cgId2="Vote by Mail" undervotes="18966" /></cgGroup></cgGroup_Collection><Textbox9 undervotes3="28381" /></Textbox33><Textbox37><cgGroup_Collection><cgGroup><cgId2 cgId2="Election Day" Textbox36="105" /></cgGroup><cgGroup><cgId2 cgId2="Vote by Mail" Textbox36="433" /></cgGroup></cgGroup_Collection><Textbox9 overvotes2="538" /></Textbox37><Textbox3><cgGroup_Collection><cgGroup><cgId2 cgId2="Election Day" undervotes1="9520" /></cgGroup><cgGroup><cgId2 cgId2="Vote by Mail" undervotes1="19399" /></cgGroup></cgGroup_Collection><Textbox9 totalBlanks="28919" /></Textbox3><Textbox43><cgGroup_Collection><cgGroup><cgId2 cgId2="Election Day" Textbox39="0" /></cgGroup><cgGroup><cgId2 cgId2="Vote by Mail" Textbox39="0" /></cgGroup></cgGroup_Collection><Textbox9 pushContests2="0" /></Textbox43><Textbox11><cgGroup_Collection><cgGroup><cgId2 cgId2="Election Day" writeinOverrides="0" /></cgGroup><cgGroup><cgId2 cgId2="Vote by Mail" writeinOverrides="0" /></cgGroup></cgGroup_Collection><Textbox9 Textbox13="0" /></Textbox11></Tablix1></Report></ContestStatistics><CandidateResults><Report Name="CandidateResultsRPT"><Tablix1><chGroup_Collection><chGroup><candidateNameTextBox4 candidateNameTextBox4="JOEL VENTRESCA "><Textbox2 Textbox2="" Textbox14="" /><cgGroup_Collection><cgGroup countingGroupName="Election Day" vot7="4008" /><cgGroup countingGroupName="Vote by Mail" vot7="8837" /></cgGroup_Collection><Textbox13 vot8="12845" Textbox17="0.0725026246571013" /></candidateNameTextBox4><partyGroup_Collection><partyGroup><Textbox2 Textbox2="" Textbox6="" /><cgGroup_Collection><cgGroup countingGroupName="Election Day" vot4="4008" /><cgGroup countingGroupName="Vote by Mail" vot4="8837" /></cgGroup_Collection><Textbox13 vot9="12845" Textbox18="0.0725026246571013" /></partyGroup></partyGroup_Collection><writeinGroup_Collection /></chGroup><chGroup><candidateNameTextBox4 candidateNameTextBox4="WILMA PANG "><Textbox2 Textbox2="" Textbox14="" /><cgGroup_Collection><cgGroup countingGroupName="Election Day" vot7="1735" /><cgGroup countingGroupName="Vote by Mail" vot7="2938" /></cgGroup_Collection><Textbox13 vot8="4673" Textbox17="0.0263763927615908" /></candidateNameTextBox4><partyGroup_Collection><partyGroup><Textbox2 Textbox2="" Textbox6="" /><cgGroup_Collection><cgGroup countingGroupName="Election Day" vot4="1735" /><cgGroup countingGroupName="Vote by Mail" vot4="2938" /></cgGroup_Collection><Textbox13 vot9="4673" Textbox18="0.0263763927615908" /></partyGroup></partyGroup_Collection><writeinGroup_Collection /></chGroup><chGroup><candidateNameTextBox4 candidateNameTextBox4="ROBERT L. JORDAN, JR. "><Textbox2 Textbox2="" Textbox14="" /><cgGroup_Collection><cgGroup countingGroupName="Election Day" vot7="786" /><cgGroup countingGroupName="Vote by Mail" vot7="1535" /></cgGroup_Collection><Textbox13 vot8="2321" Textbox17="0.0131007078107538" /></candidateNameTextBox4><partyGroup_Collection><partyGroup><Textbox2 Textbox2="" Textbox6="" /><cgGroup_Collection><cgGroup countingGroupName="Election Day" vot4="786" /><cgGroup countingGroupName="Vote by Mail" vot4="1535" /></cgGroup_Collection><Textbox13 vot9="2321" Textbox18="0.0131007078107538" /></partyGroup></partyGroup_Collection><writeinGroup_Collection /></chGroup><chGroup><candidateNameTextBox4 candidateNameTextBox4="PAUL YBARRA ROBERTSON "><Textbox2 Textbox2="" Textbox14="" /><cgGroup_Collection><cgGroup countingGroupName="Election Day" vot7="2091" /><cgGroup countingGroupName="Vote by Mail" vot7="5379" /></cgGroup_Collection><Textbox13 vot8="7470" Textbox17="0.0421638463362045" /></candidateNameTextBox4><partyGroup_Collection><partyGroup><Textbox2 Textbox2="" Textbox6="" /><cgGroup_Collection><cgGroup countingGroupName="Election Day" vot4="2091" /><cgGroup countingGroupName="Vote by Mail" vot4="5379" /></cgGroup_Collection><Textbox13 vot9="7470" Textbox18="0.0421638463362045" /></partyGroup></partyGroup_Collection><writeinGroup_Collection /></chGroup><chGroup><candidateNameTextBox4 candidateNameTextBox4="ELLEN LEE ZHOU "><Textbox2 Textbox2="" Textbox14="" /><cgGroup_Collection><cgGroup countingGroupName="Election Day" vot7="5676" /><cgGroup countingGroupName="Vote by Mail" vot7="18988" /></cgGroup_Collection><Textbox13 vot8="24664" Textbox17="0.139214070419832" /></candidateNameTextBox4><partyGroup_Collection><partyGroup><Textbox2 Textbox2="" Textbox6="" /><cgGroup_Collection><cgGroup countingGroupName="Election Day" vot4="5676" /><cgGroup countingGroupName="Vote by Mail" vot4="18988" /></cgGroup_Collection><Textbox13 vot9="24664" Textbox18="0.139214070419832" /></partyGroup></partyGroup_Collection><writeinGroup_Collection /></chGroup><chGroup><candidateNameTextBox4 candidateNameTextBox4="LONDON N. BREED "><Textbox2 Textbox2="" Textbox14="" /><cgGroup_Collection><cgGroup countingGroupName="Election Day" vot7="35603" /><cgGroup countingGroupName="Vote by Mail" vot7="89582" /></cgGroup_Collection><Textbox13 vot8="125185" Textbox17="0.706597202623528" /></candidateNameTextBox4><partyGroup_Collection><partyGroup><Textbox2 Textbox2="" Textbox6="" /><cgGroup_Collection><cgGroup countingGroupName="Election Day" vot4="35603" /><cgGroup countingGroupName="Vote by Mail" vot4="89582" /></cgGroup_Collection><Textbox13 vot9="125185" Textbox18="0.706597202623528" /></partyGroup></partyGroup_Collection><writeinGroup_Collection /></chGroup><chGroup><candidateNameTextBox4 candidateNameTextBox4="Write-in "><Textbox2 Textbox2="" Textbox14="" /><cgGroup_Collection><cgGroup countingGroupName="Election Day" vot7="4" /><cgGroup countingGroupName="Vote by Mail" vot7="4" /></cgGroup_Collection><Textbox13 vot8="8" Textbox17="4.51553909892417E-05" /></candidateNameTextBox4><partyGroup_Collection /><writeinGroup_Collection><writeinGroup choiceName2="Write-in "><Textbox2 Textbox2="" /><cgGroup_Collection><cgGroup countingGroupName="Election Day" vot5="4" /><cgGroup countingGroupName="Vote by Mail" vot5="4" /></cgGroup_Collection><Textbox13 vot12="8" Textbox19="4.51553909892417E-05" /></writeinGroup></writeinGroup_Collection></chGroup></chGroup_Collection><Textbox5><Textbox2 Textbox2="" /><cgGroup_Collection><cgGroup countingGroupName="Election Day" votesDivider_cg="49903" /><cgGroup countingGroupName="Vote by Mail" votesDivider_cg="127263" /></cgGroup_Collection><Textbox13 votes3="177166" /></Textbox5></Tablix1><Tablix2><writeinGroup2_Collection><writeinGroup2 name="MARC ROTH "><Textbox3><cgGroup2_Collection><cgGroup2 cgName="Election Day" votes="4" /><cgGroup2 cgName="Vote by Mail" votes="3" /></cgGroup2_Collection><Textbox1 votes2="7" Textbox11="3.95109671155865E-05" /></Textbox3></writeinGroup2></writeinGroup2_Collection><Textbox4><cgGroup2_Collection><cgGroup2 cgName="Election Day" remainingUnqualified_cg="0" /><cgGroup2 cgName="Vote by Mail" remainingUnqualified_cg="1" /></cgGroup2_Collection><Textbox1 remainingUnresolved1="1" /></Textbox4></Tablix2></Report></CandidateResults></ContestIdGroup><ContestIdGroup contestId="MEMBER, BOARD OF SUPERVISORS, DISTRICT 5   "><ContestStatistics><Report Name="ContestStatisticsRPT"><Tablix2><Details_Collection><Details Textbox2="Precincts Reported: 54 of 54 1" /></Details_Collection></Tablix2><Tablix1><Textbox7><cgGroup_Collection><cgGroup><cgId2 cgId2="Election Day" ballotsTextBox="8348" /></cgGroup><cgGroup><cgId2 cgId2="Vote by Mail" ballotsTextBox="16414" /></cgGroup></cgGroup_Collection><Textbox9 ballots2="24762 / 51976 " Textbox40="0.47641219024165" /></Textbox7><Textbox33><cgGroup_Collection><cgGroup><cgId2 cgId2="Election Day" undervotes="405" /></cgGroup><cgGroup><cgId2 cgId2="Vote by Mail" undervotes="847" /></cgGroup></cgGroup_Collection><Textbox9 undervotes3="1252" /></Textbox33><Textbox37><cgGroup_Collection><cgGroup><cgId2 cgId2="Election Day" Textbox36="8" /></cgGroup><cgGroup><cgId2 cgId2="Vote by Mail" Textbox36="31" /></cgGroup></cgGroup_Collection><Textbox9 overvotes2="39" /></Textbox37><Textbox3><cgGroup_Collection><cgGroup><cgId2 cgId2="Election Day" undervotes1="413" /></cgGroup><cgGroup><cgId2 cgId2="Vote by Mail" undervotes1="878" /></cgGroup></cgGroup_Collection><Textbox9 totalBlanks="1291" /></Textbox3><Textbox43><cgGroup_Collection><cgGroup><cgId2 cgId2="Election Day" Textbox39="0" /></cgGroup><cgGroup><cgId2 cgId2="Vote by Mail" Textbox39="0" /></cgGroup></cgGroup_Collection><Textbox9 pushContests2="0" /></Textbox43><Textbox11><cgGroup_Collection><cgGroup><cgId2 cgId2="Election Day" writeinOverrides="0" /></cgGroup><cgGroup><cgId2 cgId2="Vote by Mail" writeinOverrides="0" /></cgGroup></cgGroup_Collection><Textbox9 Textbox13="0" /></Textbox11></Tablix1></Report></ContestStatistics><CandidateResults><Report Name="CandidateResultsRPT"><Tablix1><chGroup_Collection><chGroup><candidateNameTextBox4 candidateNameTextBox4="RYAN LAM "><Textbox2 Textbox2="" Textbox14="" /><cgGroup_Collection><cgGroup countingGroupName="Election Day" vot7="223" /><cgGroup countingGroupName="Vote by Mail" vot7="695" /></cgGroup_Collection><Textbox13 vot8="918" Textbox17="0.0391120957777683" /></candidateNameTextBox4><partyGroup_Collection><partyGroup><Textbox2 Textbox2="" Textbox6="" /><cgGroup_Collection><cgGroup countingGroupName="Election Day" vot4="223" /><cgGroup countingGroupName="Vote by Mail" vot4="695" /></cgGroup_Collection><Textbox13 vot9="918" Textbox18="0.0391120957777683" /></partyGroup></partyGroup_Collection><writeinGroup_Collection /></chGroup><chGroup><candidateNameTextBox4 candidateNameTextBox4="DEAN PRESTON "><Textbox2 Textbox2="" Textbox14="" /><cgGroup_Collection><cgGroup countingGroupName="Election Day" vot7="4249" /><cgGroup countingGroupName="Vote by Mail" vot7="6870" /></cgGroup_Collection><Textbox13 vot8="11119" Textbox17="0.473733543521793" /></candidateNameTextBox4><partyGroup_Collection><partyGroup><Textbox2 Textbox2="" Textbox6="" /><cgGroup_Collection><cgGroup countingGroupName="Election Day" vot4="4249" /><cgGroup countingGroupName="Vote by Mail" vot4="6870" /></cgGroup_Collection><Textbox13 vot9="11119" Textbox18="0.473733543521793" /></partyGroup></partyGroup_Collection><writeinGroup_Collection /></chGroup><chGroup><candidateNameTextBox4 candidateNameTextBox4="NOMVULA O'MEARA "><Textbox2 Textbox2="" Textbox14="" /><cgGroup_Collection><cgGroup countingGroupName="Election Day" vot7="109" /><cgGroup countingGroupName="Vote by Mail" vot7="156" /></cgGroup_Collection><Textbox13 vot8="265" Textbox17="0.0112905287375911" /></candidateNameTextBox4><partyGroup_Collection><partyGroup><Textbox2 Textbox2="" Textbox6="" /><cgGroup_Collection><cgGroup countingGroupName="Election Day" vot4="109" /><cgGroup countingGroupName="Vote by Mail" vot4="156" /></cgGroup_Collection><Textbox13 vot9="265" Textbox18="0.0112905287375911" /></partyGroup></partyGroup_Collection><writeinGroup_Collection /></chGroup><chGroup><candidateNameTextBox4 candidateNameTextBox4="VALLIE BROWN "><Textbox2 Textbox2="" Textbox14="" /><cgGroup_Collection><cgGroup countingGroupName="Election Day" vot7="3354" /><cgGroup countingGroupName="Vote by Mail" vot7="7815" /></cgGroup_Collection><Textbox13 vot8="11169" Textbox17="0.475863831962848" /></candidateNameTextBox4><partyGroup_Collection><partyGroup><Textbox2 Textbox2="" Textbox6="" /><cgGroup_Collection><cgGroup countingGroupName="Election Day" vot4="3354" /><cgGroup countingGroupName="Vote by Mail" vot4="7815" /></cgGroup_Collection><Textbox13 vot9="11169" Textbox18="0.475863831962848" /></partyGroup></partyGroup_Collection><writeinGroup_Collection /></chGroup><chGroup><candidateNameTextBox4 candidateNameTextBox4="Write-in "><Textbox2 Textbox2="" Textbox14="" /><cgGroup_Collection><cgGroup countingGroupName="Election Day" vot7="0" /><cgGroup countingGroupName="Vote by Mail" vot7="0" /></cgGroup_Collection><Textbox13 vot8="0" Textbox17="0" /></candidateNameTextBox4><partyGroup_Collection /><writeinGroup_Collection><writeinGroup choiceName2="Write-in "><Textbox2 Textbox2="" /><cgGroup_Collection><cgGroup countingGroupName="Election Day" vot5="0" /><cgGroup countingGroupName="Vote by Mail" vot5="0" /></cgGroup_Collection><Textbox13 vot12="0" Textbox19="0" /></writeinGroup></writeinGroup_Collection></chGroup></chGroup_Collection><Textbox5><Textbox2 Textbox2="" /><cgGroup_Collection><cgGroup countingGroupName="Election Day" votesDivider_cg="7935" /><cgGroup countingGroupName="Vote by Mail" votesDivider_cg="15536" /></cgGroup_Collection><Textbox13 votes3="23471" /></Textbox5></Tablix1><Tablix2><writeinGroup2_Collection /><Textbox4><cgGroup2_Collection><cgGroup2 cgName="Election Day" remainingUnqualified_cg="0" /><cgGroup2 cgName="Vote by Mail" remainingUnqualified_cg="0" /></cgGroup2_Collection><Textbox1 remainingUnresolved1="0" /></Textbox4></Tablix2></Report></CandidateResults></ContestIdGroup><ContestIdGroup contestId="CITY ATTORNEY   "><ContestStatistics><Report Name="ContestStatisticsRPT"><Tablix2><Details_Collection><Details Textbox2="Precincts Reported: 474 of 474 1" /></Details_Collection></Tablix2><Tablix1><Textbox7><cgGroup_Collection><cgGroup><cgId2 cgId2="Election Day" ballotsTextBox="59423" /></cgGroup><cgGroup><cgId2 cgId2="Vote by Mail" ballotsTextBox="146662" /></cgGroup></cgGroup_Collection><Textbox9 ballots2="206085 / 495050 " Textbox40="0.416291283708716" /></Textbox7><Textbox33><cgGroup_Collection><cgGroup><cgId2 cgId2="Election Day" undervotes="11299" /></cgGroup><cgGroup><cgId2 cgId2="Vote by Mail" undervotes="33377" /></cgGroup></cgGroup_Collection><Textbox9 undervotes3="44676" /></Textbox33><Textbox37><cgGroup_Collection><cgGroup><cgId2 cgId2="Election Day" Textbox36="14" /></cgGroup><cgGroup><cgId2 cgId2="Vote by Mail" Textbox36="41" /></cgGroup></cgGroup_Collection><Textbox9 overvotes2="55" /></Textbox37><Textbox3><cgGroup_Collection><cgGroup><cgId2 cgId2="Election Day" undervotes1="11313" /></cgGroup><cgGroup><cgId2 cgId2="Vote by Mail" undervotes1="33418" /></cgGroup></cgGroup_Collection><Textbox9 totalBlanks="44731" /></Textbox3><Textbox43><cgGroup_Collection><cgGroup><cgId2 cgId2="Election Day" Textbox39="0" /></cgGroup><cgGroup><cgId2 cgId2="Vote by Mail" Textbox39="0" /></cgGroup></cgGroup_Collection><Textbox9 pushContests2="0" /></Textbox43><Textbox11><cgGroup_Collection><cgGroup><cgId2 cgId2="Election Day" writeinOverrides="0" /></cgGroup><cgGroup><cgId2 cgId2="Vote by Mail" writeinOverrides="0" /></cgGroup></cgGroup_Collection><Textbox9 Textbox13="0" /></Textbox11></Tablix1></Report></ContestStatistics><CandidateResults><Report Name="CandidateResultsRPT"><Tablix1><chGroup_Collection><chGroup><candidateNameTextBox4 candidateNameTextBox4="DENNIS J. HERRERA "><Textbox2 Textbox2="" Textbox14="" /><cgGroup_Collection><cgGroup countingGroupName="Election Day" vot7="48109" /><cgGroup countingGroupName="Vote by Mail" vot7="113239" /></cgGroup_Collection><Textbox13 vot8="161348" Textbox17="0.999962814680764" /></candidateNameTextBox4><partyGroup_Collection><partyGroup><Textbox2 Textbox2="" Textbox6="" /><cgGroup_Collection><cgGroup countingGroupName="Election Day" vot4="48109" /><cgGroup countingGroupName="Vote by Mail" vot4="113239" /></cgGroup_Collection><Textbox13 vot9="161348" Textbox18="0.999962814680764" /></partyGroup></partyGroup_Collection><writeinGroup_Collection /></chGroup><chGroup><candidateNameTextBox4 candidateNameTextBox4="Write-in "><Textbox2 Textbox2="" Textbox14="" /><cgGroup_Collection><cgGroup countingGroupName="Election Day" vot7="1" /><cgGroup countingGroupName="Vote by Mail" vot7="5" /></cgGroup_Collection><Textbox13 vot8="6" Textbox17="3.71853192359656E-05" /></candidateNameTextBox4><partyGroup_Collection /><writeinGroup_Collection><writeinGroup choiceName2="Write-in "><Textbox2 Textbox2="" /><cgGroup_Collection><cgGroup countingGroupName="Election Day" vot5="1" /><cgGroup countingGroupName="Vote by Mail" vot5="5" /></cgGroup_Collection><Textbox13 vot12="6" Textbox19="3.71853192359656E-05" /></writeinGroup><writeinGroup choiceName2="Write-in "><Textbox2 Textbox2="" /><cgGroup_Collection><cgGroup countingGroupName="Election Day" vot5="0" /><cgGroup countingGroupName="Vote by Mail" vot5="0" /></cgGroup_Collection><Textbox13 vot12="0" Textbox19="0" /></writeinGroup></writeinGroup_Collection></chGroup></chGroup_Collection><Textbox5><Textbox2 Textbox2="" /><cgGroup_Collection><cgGroup countingGroupName="Election Day" votesDivider_cg="48110" /><cgGroup countingGroupName="Vote by Mail" votesDivider_cg="113244" /></cgGroup_Collection><Textbox13 votes3="161354" /></Textbox5></Tablix1><Tablix2><writeinGroup2_Collection /><Textbox4><cgGroup2_Collection><cgGroup2 cgName="Election Day" remainingUnqualified_cg="1" /><cgGroup2 cgName="Vote by Mail" remainingUnqualified_cg="5" /></cgGroup2_Collection><Textbox1 remainingUnresolved1="6" /></Textbox4></Tablix2></Report></CandidateResults></ContestIdGroup><ContestIdGroup contestId="DISTRICT ATTORNEY   "><ContestStatistics><Report Name="ContestStatisticsRPT"><Tablix2><Details_Collection><Details Textbox2="Precincts Reported: 474 of 474 1" /></Details_Collection></Tablix2><Tablix1><Textbox7><cgGroup_Collection><cgGroup><cgId2 cgId2="Election Day" ballotsTextBox="59423" /></cgGroup><cgGroup><cgId2 cgId2="Vote by Mail" ballotsTextBox="146662" /></cgGroup></cgGroup_Collection><Textbox9 ballots2="206085 / 495050 " Textbox40="0.416291283708716" /></Textbox7><Textbox33><cgGroup_Collection><cgGroup><cgId2 cgId2="Election Day" undervotes="2869" /></cgGroup><cgGroup><cgId2 cgId2="Vote by Mail" undervotes="10714" /></cgGroup></cgGroup_Collection><Textbox9 undervotes3="13583" /></Textbox33><Textbox37><cgGroup_Collection><cgGroup><cgId2 cgId2="Election Day" Textbox36="83" /></cgGroup><cgGroup><cgId2 cgId2="Vote by Mail" Textbox36="391" /></cgGroup></cgGroup_Collection><Textbox9 overvotes2="474" /></Textbox37><Textbox3><cgGroup_Collection><cgGroup><cgId2 cgId2="Election Day" undervotes1="2952" /></cgGroup><cgGroup><cgId2 cgId2="Vote by Mail" undervotes1="11105" /></cgGroup></cgGroup_Collection><Textbox9 totalBlanks="14057" /></Textbox3><Textbox43><cgGroup_Collection><cgGroup><cgId2 cgId2="Election Day" Textbox39="0" /></cgGroup><cgGroup><cgId2 cgId2="Vote by Mail" Textbox39="0" /></cgGroup></cgGroup_Collection><Textbox9 pushContests2="0" /></Textbox43><Textbox11><cgGroup_Collection><cgGroup><cgId2 cgId2="Election Day" writeinOverrides="0" /></cgGroup><cgGroup><cgId2 cgId2="Vote by Mail" writeinOverrides="0" /></cgGroup></cgGroup_Collection><Textbox9 Textbox13="0" /></Textbox11></Tablix1></Report></ContestStatistics><CandidateResults><Report Name="CandidateResultsRPT"><Tablix1><chGroup_Collection><chGroup><candidateNameTextBox4 candidateNameTextBox4="SUZY LOFTUS "><Textbox2 Textbox2="" Textbox14="" /><cgGroup_Collection><cgGroup countingGroupName="Election Day" vot7="16562" /><cgGroup countingGroupName="Vote by Mail" vot7="43131" /></cgGroup_Collection><Textbox13 vot8="59693" Textbox17="0.310855708542504" /></candidateNameTextBox4><partyGroup_Collection><partyGroup><Textbox2 Textbox2="" Textbox6="" /><cgGroup_Collection><cgGroup countingGroupName="Election Day" vot4="16562" /><cgGroup countingGroupName="Vote by Mail" vot4="43131" /></cgGroup_Collection><Textbox13 vot9="59693" Textbox18="0.310855708542504" /></partyGroup></partyGroup_Collection><writeinGroup_Collection /></chGroup><chGroup><candidateNameTextBox4 candidateNameTextBox4="LEIF DAUTCH "><Textbox2 Textbox2="" Textbox14="" /><cgGroup_Collection><cgGroup countingGroupName="Election Day" vot7="6537" /><cgGroup countingGroupName="Vote by Mail" vot7="20217" /></cgGroup_Collection><Textbox13 vot8="26754" Textbox17="0.1393234319995" /></candidateNameTextBox4><partyGroup_Collection><partyGroup><Textbox2 Textbox2="" Textbox6="" /><cgGroup_Collection><cgGroup countingGroupName="Election Day" vot4="6537" /><cgGroup countingGroupName="Vote by Mail" vot4="20217" /></cgGroup_Collection><Textbox13 vot9="26754" Textbox18="0.1393234319995" /></partyGroup></partyGroup_Collection><writeinGroup_Collection /></chGroup><chGroup><candidateNameTextBox4 candidateNameTextBox4="NANCY TUNG "><Textbox2 Textbox2="" Textbox14="" /><cgGroup_Collection><cgGroup countingGroupName="Election Day" vot7="8090" /><cgGroup countingGroupName="Vote by Mail" vot7="28926" /></cgGroup_Collection><Textbox13 vot8="37016" Textbox17="0.19276355531485" /></candidateNameTextBox4><partyGroup_Collection><partyGroup><Textbox2 Textbox2="" Textbox6="" /><cgGroup_Collection><cgGroup countingGroupName="Election Day" vot4="8090" /><cgGroup countingGroupName="Vote by Mail" vot4="28926" /></cgGroup_Collection><Textbox13 vot9="37016" Textbox18="0.19276355531485" /></partyGroup></partyGroup_Collection><writeinGroup_Collection /></chGroup><chGroup><candidateNameTextBox4 candidateNameTextBox4="CHESA BOUDIN "><Textbox2 Textbox2="" Textbox14="" /><cgGroup_Collection><cgGroup countingGroupName="Election Day" vot7="25282" /><cgGroup countingGroupName="Vote by Mail" vot7="43280" /></cgGroup_Collection><Textbox13 vot8="68562" Textbox17="0.357041681421459" /></candidateNameTextBox4><partyGroup_Collection><partyGroup><Textbox2 Textbox2="" Textbox6="" /><cgGroup_Collection><cgGroup countingGroupName="Election Day" vot4="25282" /><cgGroup countingGroupName="Vote by Mail" vot4="43280" /></cgGroup_Collection><Textbox13 vot9="68562" Textbox18="0.357041681421459" /></partyGroup></partyGroup_Collection><writeinGroup_Collection /></chGroup><chGroup><candidateNameTextBox4 candidateNameTextBox4="Write-in "><Textbox2 Textbox2="" Textbox14="" /><cgGroup_Collection><cgGroup countingGroupName="Election Day" vot7="0" /><cgGroup countingGroupName="Vote by Mail" vot7="3" /></cgGroup_Collection><Textbox13 vot8="3" Textbox17="1.56227216864207E-05" /></candidateNameTextBox4><partyGroup_Collection /><writeinGroup_Collection><writeinGroup choiceName2="Write-in "><Textbox2 Textbox2="" /><cgGroup_Collection><cgGroup countingGroupName="Election Day" vot5="0" /><cgGroup countingGroupName="Vote by Mail" vot5="3" /></cgGroup_Collection><Textbox13 vot12="3" Textbox19="1.56227216864207E-05" /></writeinGroup></writeinGroup_Collection></chGroup></chGroup_Collection><Textbox5><Textbox2 Textbox2="" /><cgGroup_Collection><cgGroup countingGroupName="Election Day" votesDivider_cg="56471" /><cgGroup countingGroupName="Vote by Mail" votesDivider_cg="135557" /></cgGroup_Collection><Textbox13 votes3="192028" /></Textbox5></Tablix1><Tablix2><writeinGroup2_Collection /><Textbox4><cgGroup2_Collection><cgGroup2 cgName="Election Day" remainingUnqualified_cg="0" /><cgGroup2 cgName="Vote by Mail" remainingUnqualified_cg="3" /></cgGroup2_Collection><Textbox1 remainingUnresolved1="3" /></Textbox4></Tablix2></Report></CandidateResults></ContestIdGroup><ContestIdGroup contestId="PUBLIC DEFENDER   "><ContestStatistics><Report Name="ContestStatisticsRPT"><Tablix2><Details_Collection><Details Textbox2="Precincts Reported: 474 of 474 1" /></Details_Collection></Tablix2><Tablix1><Textbox7><cgGroup_Collection><cgGroup><cgId2 cgId2="Election Day" ballotsTextBox="59423" /></cgGroup><cgGroup><cgId2 cgId2="Vote by Mail" ballotsTextBox="146662" /></cgGroup></cgGroup_Collection><Textbox9 ballots2="206085 / 495050 " Textbox40="0.416291283708716" /></Textbox7><Textbox33><cgGroup_Collection><cgGroup><cgId2 cgId2="Election Day" undervotes="11500" /></cgGroup><cgGroup><cgId2 cgId2="Vote by Mail" undervotes="36006" /></cgGroup></cgGroup_Collection><Textbox9 undervotes3="47506" /></Textbox33><Textbox37><cgGroup_Collection><cgGroup><cgId2 cgId2="Election Day" Textbox36="6" /></cgGroup><cgGroup><cgId2 cgId2="Vote by Mail" Textbox36="28" /></cgGroup></cgGroup_Collection><Textbox9 overvotes2="34" /></Textbox37><Textbox3><cgGroup_Collection><cgGroup><cgId2 cgId2="Election Day" undervotes1="11506" /></cgGroup><cgGroup><cgId2 cgId2="Vote by Mail" undervotes1="36034" /></cgGroup></cgGroup_Collection><Textbox9 totalBlanks="47540" /></Textbox3><Textbox43><cgGroup_Collection><cgGroup><cgId2 cgId2="Election Day" Textbox39="0" /></cgGroup><cgGroup><cgId2 cgId2="Vote by Mail" Textbox39="0" /></cgGroup></cgGroup_Collection><Textbox9 pushContests2="0" /></Textbox43><Textbox11><cgGroup_Collection><cgGroup><cgId2 cgId2="Election Day" writeinOverrides="0" /></cgGroup><cgGroup><cgId2 cgId2="Vote by Mail" writeinOverrides="0" /></cgGroup></cgGroup_Collection><Textbox9 Textbox13="0" /></Textbox11></Tablix1></Report></ContestStatistics><CandidateResults><Report Name="CandidateResultsRPT"><Tablix1><chGroup_Collection><chGroup><candidateNameTextBox4 candidateNameTextBox4="MANOHAR &quot;MANO&quot; RAJU "><Textbox2 Textbox2="" Textbox14="" /><cgGroup_Collection><cgGroup countingGroupName="Election Day" vot7="47916" /><cgGroup countingGroupName="Vote by Mail" vot7="110625" /></cgGroup_Collection><Textbox13 vot8="158541" Textbox17="0.99997477056987" /></candidateNameTextBox4><partyGroup_Collection><partyGroup><Textbox2 Textbox2="" Textbox6="" /><cgGroup_Collection><cgGroup countingGroupName="Election Day" vot4="47916" /><cgGroup countingGroupName="Vote by Mail" vot4="110625" /></cgGroup_Collection><Textbox13 vot9="158541" Textbox18="0.99997477056987" /></partyGroup></partyGroup_Collection><writeinGroup_Collection /></chGroup><chGroup><candidateNameTextBox4 candidateNameTextBox4="Write-in "><Textbox2 Textbox2="" Textbox14="" /><cgGroup_Collection><cgGroup countingGroupName="Election Day" vot7="1" /><cgGroup countingGroupName="Vote by Mail" vot7="3" /></cgGroup_Collection><Textbox13 vot8="4" Textbox17="2.52294301302469E-05" /></candidateNameTextBox4><partyGroup_Collection /><writeinGroup_Collection><writeinGroup choiceName2="Write-in "><Textbox2 Textbox2="" /><cgGroup_Collection><cgGroup countingGroupName="Election Day" vot5="1" /><cgGroup countingGroupName="Vote by Mail" vot5="3" /></cgGroup_Collection><Textbox13 vot12="4" Textbox19="2.52294301302469E-05" /></writeinGroup><writeinGroup choiceName2="Write-in "><Textbox2 Textbox2="" /><cgGroup_Collection><cgGroup countingGroupName="Election Day" vot5="0" /><cgGroup countingGroupName="Vote by Mail" vot5="0" /></cgGroup_Collection><Textbox13 vot12="0" Textbox19="0" /></writeinGroup></writeinGroup_Collection></chGroup></chGroup_Collection><Textbox5><Textbox2 Textbox2="" /><cgGroup_Collection><cgGroup countingGroupName="Election Day" votesDivider_cg="47917" /><cgGroup countingGroupName="Vote by Mail" votesDivider_cg="110628" /></cgGroup_Collection><Textbox13 votes3="158545" /></Textbox5></Tablix1><Tablix2><writeinGroup2_Collection /><Textbox4><cgGroup2_Collection><cgGroup2 cgName="Election Day" remainingUnqualified_cg="1" /><cgGroup2 cgName="Vote by Mail" remainingUnqualified_cg="3" /></cgGroup2_Collection><Textbox1 remainingUnresolved1="4" /></Textbox4></Tablix2></Report></CandidateResults></ContestIdGroup><ContestIdGroup contestId="SHERIFF   "><ContestStatistics><Report Name="ContestStatisticsRPT"><Tablix2><Details_Collection><Details Textbox2="Precincts Reported: 474 of 474 1" /></Details_Collection></Tablix2><Tablix1><Textbox7><cgGroup_Collection><cgGroup><cgId2 cgId2="Election Day" ballotsTextBox="59423" /></cgGroup><cgGroup><cgId2 cgId2="Vote by Mail" ballotsTextBox="146662" /></cgGroup></cgGroup_Collection><Textbox9 ballots2="206085 / 495050 " Textbox40="0.416291283708716" /></Textbox7><Textbox33><cgGroup_Collection><cgGroup><cgId2 cgId2="Election Day" undervotes="16885" /></cgGroup><cgGroup><cgId2 cgId2="Vote by Mail" undervotes="42550" /></cgGroup></cgGroup_Collection><Textbox9 undervotes3="59435" /></Textbox33><Textbox37><cgGroup_Collection><cgGroup><cgId2 cgId2="Election Day" Textbox36="10" /></cgGroup><cgGroup><cgId2 cgId2="Vote by Mail" Textbox36="27" /></cgGroup></cgGroup_Collection><Textbox9 overvotes2="37" /></Textbox37><Textbox3><cgGroup_Collection><cgGroup><cgId2 cgId2="Election Day" undervotes1="16895" /></cgGroup><cgGroup><cgId2 cgId2="Vote by Mail" undervotes1="42577" /></cgGroup></cgGroup_Collection><Textbox9 totalBlanks="59472" /></Textbox3><Textbox43><cgGroup_Collection><cgGroup><cgId2 cgId2="Election Day" Textbox39="0" /></cgGroup><cgGroup><cgId2 cgId2="Vote by Mail" Textbox39="0" /></cgGroup></cgGroup_Collection><Textbox9 pushContests2="0" /></Textbox43><Textbox11><cgGroup_Collection><cgGroup><cgId2 cgId2="Election Day" writeinOverrides="0" /></cgGroup><cgGroup><cgId2 cgId2="Vote by Mail" writeinOverrides="0" /></cgGroup></cgGroup_Collection><Textbox9 Textbox13="0" /></Textbox11></Tablix1></Report></ContestStatistics><CandidateResults><Report Name="CandidateResultsRPT"><Tablix1><chGroup_Collection><chGroup><candidateNameTextBox4 candidateNameTextBox4="PAUL MIYAMOTO "><Textbox2 Textbox2="" Textbox14="" /><cgGroup_Collection><cgGroup countingGroupName="Election Day" vot7="42527" /><cgGroup countingGroupName="Vote by Mail" vot7="104084" /></cgGroup_Collection><Textbox13 vot8="146611" Textbox17="0.999986358644868" /></candidateNameTextBox4><partyGroup_Collection><partyGroup><Textbox2 Textbox2="" Textbox6="" /><cgGroup_Collection><cgGroup countingGroupName="Election Day" vot4="42527" /><cgGroup countingGroupName="Vote by Mail" vot4="104084" /></cgGroup_Collection><Textbox13 vot9="146611" Textbox18="0.999986358644868" /></partyGroup></partyGroup_Collection><writeinGroup_Collection /></chGroup><chGroup><candidateNameTextBox4 candidateNameTextBox4="Write-in "><Textbox2 Textbox2="" Textbox14="" /><cgGroup_Collection><cgGroup countingGroupName="Election Day" vot7="1" /><cgGroup countingGroupName="Vote by Mail" vot7="1" /></cgGroup_Collection><Textbox13 vot8="2" Textbox17="1.36413551322188E-05" /></candidateNameTextBox4><partyGroup_Collection /><writeinGroup_Collection><writeinGroup choiceName2="Write-in "><Textbox2 Textbox2="" /><cgGroup_Collection><cgGroup countingGroupName="Election Day" vot5="1" /><cgGroup countingGroupName="Vote by Mail" vot5="1" /></cgGroup_Collection><Textbox13 vot12="2" Textbox19="1.36413551322188E-05" /></writeinGroup><writeinGroup choiceName2="Write-in "><Textbox2 Textbox2="" /><cgGroup_Collection><cgGroup countingGroupName="Election Day" vot5="0" /><cgGroup countingGroupName="Vote by Mail" vot5="0" /></cgGroup_Collection><Textbox13 vot12="0" Textbox19="0" /></writeinGroup></writeinGroup_Collection></chGroup></chGroup_Collection><Textbox5><Textbox2 Textbox2="" /><cgGroup_Collection><cgGroup countingGroupName="Election Day" votesDivider_cg="42528" /><cgGroup countingGroupName="Vote by Mail" votesDivider_cg="104085" /></cgGroup_Collection><Textbox13 votes3="146613" /></Textbox5></Tablix1><Tablix2><writeinGroup2_Collection /><Textbox4><cgGroup2_Collection><cgGroup2 cgName="Election Day" remainingUnqualified_cg="1" /><cgGroup2 cgName="Vote by Mail" remainingUnqualified_cg="1" /></cgGroup2_Collection><Textbox1 remainingUnresolved1="2" /></Textbox4></Tablix2></Report></CandidateResults></ContestIdGroup><ContestIdGroup contestId="TREASURER   "><ContestStatistics><Report Name="ContestStatisticsRPT"><Tablix2><Details_Collection><Details Textbox2="Precincts Reported: 474 of 474 1" /></Details_Collection></Tablix2><Tablix1><Textbox7><cgGroup_Collection><cgGroup><cgId2 cgId2="Election Day" ballotsTextBox="59423" /></cgGroup><cgGroup><cgId2 cgId2="Vote by Mail" ballotsTextBox="146662" /></cgGroup></cgGroup_Collection><Textbox9 ballots2="206085 / 495050 " Textbox40="0.416291283708716" /></Textbox7><Textbox33><cgGroup_Collection><cgGroup><cgId2 cgId2="Election Day" undervotes="14355" /></cgGroup><cgGroup><cgId2 cgId2="Vote by Mail" undervotes="39013" /></cgGroup></cgGroup_Collection><Textbox9 undervotes3="53368" /></Textbox33><Textbox37><cgGroup_Collection><cgGroup><cgId2 cgId2="Election Day" Textbox36="7" /></cgGroup><cgGroup><cgId2 cgId2="Vote by Mail" Textbox36="24" /></cgGroup></cgGroup_Collection><Textbox9 overvotes2="31" /></Textbox37><Textbox3><cgGroup_Collection><cgGroup><cgId2 cgId2="Election Day" undervotes1="14362" /></cgGroup><cgGroup><cgId2 cgId2="Vote by Mail" undervotes1="39037" /></cgGroup></cgGroup_Collection><Textbox9 totalBlanks="53399" /></Textbox3><Textbox43><cgGroup_Collection><cgGroup><cgId2 cgId2="Election Day" Textbox39="0" /></cgGroup><cgGroup><cgId2 cgId2="Vote by Mail" Textbox39="0" /></cgGroup></cgGroup_Collection><Textbox9 pushContests2="0" /></Textbox43><Textbox11><cgGroup_Collection><cgGroup><cgId2 cgId2="Election Day" writeinOverrides="0" /></cgGroup><cgGroup><cgId2 cgId2="Vote by Mail" writeinOverrides="0" /></cgGroup></cgGroup_Collection><Textbox9 Textbox13="0" /></Textbox11></Tablix1></Report></ContestStatistics><CandidateResults><Report Name="CandidateResultsRPT"><Tablix1><chGroup_Collection><chGroup><candidateNameTextBox4 candidateNameTextBox4="JOSÉ CISNEROS "><Textbox2 Textbox2="" Textbox14="" /><cgGroup_Collection><cgGroup countingGroupName="Election Day" vot7="45061" /><cgGroup countingGroupName="Vote by Mail" vot7="107624" /></cgGroup_Collection><Textbox13 vot8="152685" Textbox17="0.999993450611058" /></candidateNameTextBox4><partyGroup_Collection><partyGroup><Textbox2 Textbox2="" Textbox6="" /><cgGroup_Collection><cgGroup countingGroupName="Election Day" vot4="45061" /><cgGroup countingGroupName="Vote by Mail" vot4="107624" /></cgGroup_Collection><Textbox13 vot9="152685" Textbox18="0.999993450611058" /></partyGroup></partyGroup_Collection><writeinGroup_Collection /></chGroup><chGroup><candidateNameTextBox4 candidateNameTextBox4="Write-in "><Textbox2 Textbox2="" Textbox14="" /><cgGroup_Collection><cgGroup countingGroupName="Election Day" vot7="0" /><cgGroup countingGroupName="Vote by Mail" vot7="1" /></cgGroup_Collection><Textbox13 vot8="1" Textbox17="6.54938894201171E-06" /></candidateNameTextBox4><partyGroup_Collection /><writeinGroup_Collection><writeinGroup choiceName2="Write-in "><Textbox2 Textbox2="" /><cgGroup_Collection><cgGroup countingGroupName="Election Day" vot5="0" /><cgGroup countingGroupName="Vote by Mail" vot5="0" /></cgGroup_Collection><Textbox13 vot12="0" Textbox19="0" /></writeinGroup><writeinGroup choiceName2="Write-in "><Textbox2 Textbox2="" /><cgGroup_Collection><cgGroup countingGroupName="Election Day" vot5="0" /><cgGroup countingGroupName="Vote by Mail" vot5="1" /></cgGroup_Collection><Textbox13 vot12="1" Textbox19="6.54938894201171E-06" /></writeinGroup></writeinGroup_Collection></chGroup></chGroup_Collection><Textbox5><Textbox2 Textbox2="" /><cgGroup_Collection><cgGroup countingGroupName="Election Day" votesDivider_cg="45061" /><cgGroup countingGroupName="Vote by Mail" votesDivider_cg="107625" /></cgGroup_Collection><Textbox13 votes3="152686" /></Textbox5></Tablix1><Tablix2><writeinGroup2_Collection /><Textbox4><cgGroup2_Collection><cgGroup2 cgName="Election Day" remainingUnqualified_cg="0" /><cgGroup2 cgName="Vote by Mail" remainingUnqualified_cg="1" /></cgGroup2_Collection><Textbox1 remainingUnresolved1="1" /></Textbox4></Tablix2></Report></CandidateResults></ContestIdGroup><ContestIdGroup contestId="MEMBER, BOARD OF EDUCATION   "><ContestStatistics><Report Name="ContestStatisticsRPT"><Tablix2><Details_Collection><Details Textbox2="Precincts Reported: 474 of 474 1" /></Details_Collection></Tablix2><Tablix1><Textbox7><cgGroup_Collection><cgGroup><cgId2 cgId2="Election Day" ballotsTextBox="59419" /></cgGroup><cgGroup><cgId2 cgId2="Vote by Mail" ballotsTextBox="146893" /></cgGroup></cgGroup_Collection><Textbox9 ballots2="206312 / 495050 " Textbox40="0.416749823250177" /></Textbox7><Textbox33><cgGroup_Collection><cgGroup><cgId2 cgId2="Election Day" undervotes="12228" /></cgGroup><cgGroup><cgId2 cgId2="Vote by Mail" undervotes="28879" /></cgGroup></cgGroup_Collection><Textbox9 undervotes3="41107" /></Textbox33><Textbox37><cgGroup_Collection><cgGroup><cgId2 cgId2="Election Day" Textbox36="104" /></cgGroup><cgGroup><cgId2 cgId2="Vote by Mail" Textbox36="535" /></cgGroup></cgGroup_Collection><Textbox9 overvotes2="639" /></Textbox37><Textbox3><cgGroup_Collection><cgGroup><cgId2 cgId2="Election Day" undervotes1="12332" /></cgGroup><cgGroup><cgId2 cgId2="Vote by Mail" undervotes1="29414" /></cgGroup></cgGroup_Collection><Textbox9 totalBlanks="41746" /></Textbox3><Textbox43><cgGroup_Collection><cgGroup><cgId2 cgId2="Election Day" Textbox39="0" /></cgGroup><cgGroup><cgId2 cgId2="Vote by Mail" Textbox39="0" /></cgGroup></cgGroup_Collection><Textbox9 pushContests2="0" /></Textbox43><Textbox11><cgGroup_Collection><cgGroup><cgId2 cgId2="Election Day" writeinOverrides="0" /></cgGroup><cgGroup><cgId2 cgId2="Vote by Mail" writeinOverrides="0" /></cgGroup></cgGroup_Collection><Textbox9 Textbox13="0" /></Textbox11></Tablix1></Report></ContestStatistics><CandidateResults><Report Name="CandidateResultsRPT"><Tablix1><chGroup_Collection><chGroup><candidateNameTextBox4 candidateNameTextBox4="JENNY LAM "><Textbox2 Textbox2="" Textbox14="" /><cgGroup_Collection><cgGroup countingGroupName="Election Day" vot7="31352" /><cgGroup countingGroupName="Vote by Mail" vot7="89787" /></cgGroup_Collection><Textbox13 vot8="121139" Textbox17="0.736111955081852" /></candidateNameTextBox4><partyGroup_Collection><partyGroup><Textbox2 Textbox2="" Textbox6="" /><cgGroup_Collection><cgGroup countingGroupName="Election Day" vot4="31352" /><cgGroup countingGroupName="Vote by Mail" vot4="89787" /></cgGroup_Collection><Textbox13 vot9="121139" Textbox18="0.736111955081852" /></partyGroup></partyGroup_Collection><writeinGroup_Collection /></chGroup><chGroup><candidateNameTextBox4 candidateNameTextBox4="KIRSTEN STROBEL "><Textbox2 Textbox2="" Textbox14="" /><cgGroup_Collection><cgGroup countingGroupName="Election Day" vot7="9516" /><cgGroup countingGroupName="Vote by Mail" vot7="16518" /></cgGroup_Collection><Textbox13 vot8="26034" Textbox17="0.15819792666772" /></candidateNameTextBox4><partyGroup_Collection><partyGroup><Textbox2 Textbox2="" Textbox6="" /><cgGroup_Collection><cgGroup countingGroupName="Election Day" vot4="9516" /><cgGroup countingGroupName="Vote by Mail" vot4="16518" /></cgGroup_Collection><Textbox13 vot9="26034" Textbox18="0.15819792666772" /></partyGroup></partyGroup_Collection><writeinGroup_Collection /></chGroup><chGroup><candidateNameTextBox4 candidateNameTextBox4="ROBERT K. COLEMAN "><Textbox2 Textbox2="" Textbox14="" /><cgGroup_Collection><cgGroup countingGroupName="Election Day" vot7="6219" /><cgGroup countingGroupName="Vote by Mail" vot7="11172" /></cgGroup_Collection><Textbox13 vot8="17391" Textbox17="0.105677965071765" /></candidateNameTextBox4><partyGroup_Collection><partyGroup><Textbox2 Textbox2="" Textbox6="" /><cgGroup_Collection><cgGroup countingGroupName="Election Day" vot4="6219" /><cgGroup countingGroupName="Vote by Mail" vot4="11172" /></cgGroup_Collection><Textbox13 vot9="17391" Textbox18="0.105677965071765" /></partyGroup></partyGroup_Collection><writeinGroup_Collection /></chGroup><chGroup><candidateNameTextBox4 candidateNameTextBox4="Write-in "><Textbox2 Textbox2="" Textbox14="" /><cgGroup_Collection><cgGroup countingGroupName="Election Day" vot7="0" /><cgGroup countingGroupName="Vote by Mail" vot7="2" /></cgGroup_Collection><Textbox13 vot8="2" Textbox17="1.21531786638795E-05" /></candidateNameTextBox4><partyGroup_Collection /><writeinGroup_Collection><writeinGroup choiceName2="Write-in "><Textbox2 Textbox2="" /><cgGroup_Collection><cgGroup countingGroupName="Election Day" vot5="0" /><cgGroup countingGroupName="Vote by Mail" vot5="2" /></cgGroup_Collection><Textbox13 vot12="2" Textbox19="1.21531786638795E-05" /></writeinGroup></writeinGroup_Collection></chGroup></chGroup_Collection><Textbox5><Textbox2 Textbox2="" /><cgGroup_Collection><cgGroup countingGroupName="Election Day" votesDivider_cg="47087" /><cgGroup countingGroupName="Vote by Mail" votesDivider_cg="117479" /></cgGroup_Collection><Textbox13 votes3="164566" /></Textbox5></Tablix1><Tablix2><writeinGroup2_Collection /><Textbox4><cgGroup2_Collection><cgGroup2 cgName="Election Day" remainingUnqualified_cg="0" /><cgGroup2 cgName="Vote by Mail" remainingUnqualified_cg="2" /></cgGroup2_Collection><Textbox1 remainingUnresolved1="2" /></Textbox4></Tablix2></Report></CandidateResults></ContestIdGroup><ContestIdGroup contestId="MEMBER, COMMUNITY COLLEGE BOARD   "><ContestStatistics><Report Name="ContestStatisticsRPT"><Tablix2><Details_Collection><Details Textbox2="Precincts Reported: 474 of 474 1" /></Details_Collection></Tablix2><Tablix1><Textbox7><cgGroup_Collection><cgGroup><cgId2 cgId2="Election Day" ballotsTextBox="59414" /></cgGroup><cgGroup><cgId2 cgId2="Vote by Mail" ballotsTextBox="146893" /></cgGroup></cgGroup_Collection><Textbox9 ballots2="206307 / 495050 " Textbox40="0.416739723260277" /></Textbox7><Textbox33><cgGroup_Collection><cgGroup><cgId2 cgId2="Election Day" undervotes="12367" /></cgGroup><cgGroup><cgId2 cgId2="Vote by Mail" undervotes="36044" /></cgGroup></cgGroup_Collection><Textbox9 undervotes3="48411" /></Textbox33><Textbox37><cgGroup_Collection><cgGroup><cgId2 cgId2="Election Day" Textbox36="12" /></cgGroup><cgGroup><cgId2 cgId2="Vote by Mail" Textbox36="43" /></cgGroup></cgGroup_Collection><Textbox9 overvotes2="55" /></Textbox37><Textbox3><cgGroup_Collection><cgGroup><cgId2 cgId2="Election Day" undervotes1="12379" /></cgGroup><cgGroup><cgId2 cgId2="Vote by Mail" undervotes1="36087" /></cgGroup></cgGroup_Collection><Textbox9 totalBlanks="48466" /></Textbox3><Textbox43><cgGroup_Collection><cgGroup><cgId2 cgId2="Election Day" Textbox39="0" /></cgGroup><cgGroup><cgId2 cgId2="Vote by Mail" Textbox39="0" /></cgGroup></cgGroup_Collection><Textbox9 pushContests2="0" /></Textbox43><Textbox11><cgGroup_Collection><cgGroup><cgId2 cgId2="Election Day" writeinOverrides="0" /></cgGroup><cgGroup><cgId2 cgId2="Vote by Mail" writeinOverrides="0" /></cgGroup></cgGroup_Collection><Textbox9 Textbox13="0" /></Textbox11></Tablix1></Report></ContestStatistics><CandidateResults><Report Name="CandidateResultsRPT"><Tablix1><chGroup_Collection><chGroup><candidateNameTextBox4 candidateNameTextBox4="IVY LEE "><Textbox2 Textbox2="" Textbox14="" /><cgGroup_Collection><cgGroup countingGroupName="Election Day" vot7="47035" /><cgGroup countingGroupName="Vote by Mail" vot7="110804" /></cgGroup_Collection><Textbox13 vot8="157839" Textbox17="0.999987329020977" /></candidateNameTextBox4><partyGroup_Collection><partyGroup><Textbox2 Textbox2="" Textbox6="" /><cgGroup_Collection><cgGroup countingGroupName="Election Day" vot4="47035" /><cgGroup countingGroupName="Vote by Mail" vot4="110804" /></cgGroup_Collection><Textbox13 vot9="157839" Textbox18="0.999987329020977" /></partyGroup></partyGroup_Collection><writeinGroup_Collection /></chGroup><chGroup><candidateNameTextBox4 candidateNameTextBox4="Write-in "><Textbox2 Textbox2="" Textbox14="" /><cgGroup_Collection><cgGroup countingGroupName="Election Day" vot7="0" /><cgGroup countingGroupName="Vote by Mail" vot7="2" /></cgGroup_Collection><Textbox13 vot8="2" Textbox17="1.26709790231942E-05" /></candidateNameTextBox4><partyGroup_Collection /><writeinGroup_Collection><writeinGroup choiceName2="Write-in "><Textbox2 Textbox2="" /><cgGroup_Collection><cgGroup countingGroupName="Election Day" vot5="0" /><cgGroup countingGroupName="Vote by Mail" vot5="2" /></cgGroup_Collection><Textbox13 vot12="2" Textbox19="1.26709790231942E-05" /></writeinGroup></writeinGroup_Collection></chGroup></chGroup_Collection><Textbox5><Textbox2 Textbox2="" /><cgGroup_Collection><cgGroup countingGroupName="Election Day" votesDivider_cg="47035" /><cgGroup countingGroupName="Vote by Mail" votesDivider_cg="110806" /></cgGroup_Collection><Textbox13 votes3="157841" /></Textbox5></Tablix1><Tablix2><writeinGroup2_Collection /><Textbox4><cgGroup2_Collection><cgGroup2 cgName="Election Day" remainingUnqualified_cg="0" /><cgGroup2 cgName="Vote by Mail" remainingUnqualified_cg="2" /></cgGroup2_Collection><Textbox1 remainingUnresolved1="2" /></Textbox4></Tablix2></Report></CandidateResults></ContestIdGroup><ContestIdGroup contestId="PROPOSITION A   "><ContestStatistics><Report Name="ContestStatisticsRPT"><Tablix2><Details_Collection><Details Textbox2="Precincts Reported: 474 of 474 1" /></Details_Collection></Tablix2><Tablix1><Textbox7><cgGroup_Collection><cgGroup><cgId2 cgId2="Election Day" ballotsTextBox="59414" /></cgGroup><cgGroup><cgId2 cgId2="Vote by Mail" ballotsTextBox="146893" /></cgGroup></cgGroup_Collection><Textbox9 ballots2="206307 / 495050 " Textbox40="0.416739723260277" /></Textbox7><Textbox33><cgGroup_Collection><cgGroup><cgId2 cgId2="Election Day" undervotes="1414" /></cgGroup><cgGroup><cgId2 cgId2="Vote by Mail" undervotes="3854" /></cgGroup></cgGroup_Collection><Textbox9 undervotes3="5268" /></Textbox33><Textbox37><cgGroup_Collection><cgGroup><cgId2 cgId2="Election Day" Textbox36="11" /></cgGroup><cgGroup><cgId2 cgId2="Vote by Mail" Textbox36="31" /></cgGroup></cgGroup_Collection><Textbox9 overvotes2="42" /></Textbox37><Textbox3><cgGroup_Collection><cgGroup><cgId2 cgId2="Election Day" undervotes1="1425" /></cgGroup><cgGroup><cgId2 cgId2="Vote by Mail" undervotes1="3885" /></cgGroup></cgGroup_Collection><Textbox9 totalBlanks="5310" /></Textbox3><Textbox43><cgGroup_Collection><cgGroup><cgId2 cgId2="Election Day" Textbox39="0" /></cgGroup><cgGroup><cgId2 cgId2="Vote by Mail" Textbox39="0" /></cgGroup></cgGroup_Collection><Textbox9 pushContests2="0" /></Textbox43><Textbox11><cgGroup_Collection><cgGroup><cgId2 cgId2="Election Day" writeinOverrides="0" /></cgGroup><cgGroup><cgId2 cgId2="Vote by Mail" writeinOverrides="0" /></cgGroup></cgGroup_Collection><Textbox9 Textbox13="0" /></Textbox11></Tablix1></Report></ContestStatistics><CandidateResults><Report Name="CandidateResultsRPT"><Tablix1><chGroup_Collection><chGroup><candidateNameTextBox4 candidateNameTextBox4="YES "><Textbox2 Textbox2="" Textbox14="" /><cgGroup_Collection><cgGroup countingGroupName="Election Day" vot7="44590" /><cgGroup countingGroupName="Vote by Mail" vot7="98443" /></cgGroup_Collection><Textbox13 vot8="143033" Textbox17="0.711617586332134" /></candidateNameTextBox4><partyGroup_Collection><partyGroup><Textbox2 Textbox2="" Textbox6="" /><cgGroup_Collection><cgGroup countingGroupName="Election Day" vot4="44590" /><cgGroup countingGroupName="Vote by Mail" vot4="98443" /></cgGroup_Collection><Textbox13 vot9="143033" Textbox18="0.711617586332134" /></partyGroup></partyGroup_Collection><writeinGroup_Collection /></chGroup><chGroup><candidateNameTextBox4 candidateNameTextBox4="NO "><Textbox2 Textbox2="" Textbox14="" /><cgGroup_Collection><cgGroup countingGroupName="Election Day" vot7="13399" /><cgGroup countingGroupName="Vote by Mail" vot7="44565" /></cgGroup_Collection><Textbox13 vot8="57964" Textbox17="0.288382413667866" /></candidateNameTextBox4><partyGroup_Collection><partyGroup><Textbox2 Textbox2="" Textbox6="" /><cgGroup_Collection><cgGroup countingGroupName="Election Day" vot4="13399" /><cgGroup countingGroupName="Vote by Mail" vot4="44565" /></cgGroup_Collection><Textbox13 vot9="57964" Textbox18="0.288382413667866" /></partyGroup></partyGroup_Collection><writeinGroup_Collection /></chGroup></chGroup_Collection><Textbox5><Textbox2 Textbox2="" /><cgGroup_Collection><cgGroup countingGroupName="Election Day" votesDivider_cg="57989" /><cgGroup countingGroupName="Vote by Mail" votesDivider_cg="143008" /></cgGroup_Collection><Textbox13 votes3="200997" /></Textbox5></Tablix1><Tablix2><writeinGroup2_Collection /><Textbox4><cgGroup2_Collection><cgGroup2 cgName="Election Day" remainingUnqualified_cg="0" /><cgGroup2 cgName="Vote by Mail" remainingUnqualified_cg="0" /></cgGroup2_Collection><Textbox1 remainingUnresolved1="0" /></Textbox4></Tablix2></Report></CandidateResults></ContestIdGroup><ContestIdGroup contestId="PROPOSITION B   "><ContestStatistics><Report Name="ContestStatisticsRPT"><Tablix2><Details_Collection><Details Textbox2="Precincts Reported: 474 of 474 1" /></Details_Collection></Tablix2><Tablix1><Textbox7><cgGroup_Collection><cgGroup><cgId2 cgId2="Election Day" ballotsTextBox="59414" /></cgGroup><cgGroup><cgId2 cgId2="Vote by Mail" ballotsTextBox="146893" /></cgGroup></cgGroup_Collection><Textbox9 ballots2="206307 / 495050 " Textbox40="0.416739723260277" /></Textbox7><Textbox33><cgGroup_Collection><cgGroup><cgId2 cgId2="Election Day" undervotes="3393" /></cgGroup><cgGroup><cgId2 cgId2="Vote by Mail" undervotes="8680" /></cgGroup></cgGroup_Collection><Textbox9 undervotes3="12073" /></Textbox33><Textbox37><cgGroup_Collection><cgGroup><cgId2 cgId2="Election Day" Textbox36="7" /></cgGroup><cgGroup><cgId2 cgId2="Vote by Mail" Textbox36="28" /></cgGroup></cgGroup_Collection><Textbox9 overvotes2="35" /></Textbox37><Textbox3><cgGroup_Collection><cgGroup><cgId2 cgId2="Election Day" undervotes1="3400" /></cgGroup><cgGroup><cgId2 cgId2="Vote by Mail" undervotes1="8708" /></cgGroup></cgGroup_Collection><Textbox9 totalBlanks="12108" /></Textbox3><Textbox43><cgGroup_Collection><cgGroup><cgId2 cgId2="Election Day" Textbox39="0" /></cgGroup><cgGroup><cgId2 cgId2="Vote by Mail" Textbox39="0" /></cgGroup></cgGroup_Collection><Textbox9 pushContests2="0" /></Textbox43><Textbox11><cgGroup_Collection><cgGroup><cgId2 cgId2="Election Day" writeinOverrides="0" /></cgGroup><cgGroup><cgId2 cgId2="Vote by Mail" writeinOverrides="0" /></cgGroup></cgGroup_Collection><Textbox9 Textbox13="0" /></Textbox11></Tablix1></Report></ContestStatistics><CandidateResults><Report Name="CandidateResultsRPT"><Tablix1><chGroup_Collection><chGroup><candidateNameTextBox4 candidateNameTextBox4="YES "><Textbox2 Textbox2="" Textbox14="" /><cgGroup_Collection><cgGroup countingGroupName="Election Day" vot7="45329" /><cgGroup countingGroupName="Vote by Mail" vot7="107106" /></cgGroup_Collection><Textbox13 vot8="152435" Textbox17="0.784942249960092" /></candidateNameTextBox4><partyGroup_Collection><partyGroup><Textbox2 Textbox2="" Textbox6="" /><cgGroup_Collection><cgGroup countingGroupName="Election Day" vot4="45329" /><cgGroup countingGroupName="Vote by Mail" vot4="107106" /></cgGroup_Collection><Textbox13 vot9="152435" Textbox18="0.784942249960092" /></partyGroup></partyGroup_Collection><writeinGroup_Collection /></chGroup><chGroup><candidateNameTextBox4 candidateNameTextBox4="NO "><Textbox2 Textbox2="" Textbox14="" /><cgGroup_Collection><cgGroup countingGroupName="Election Day" vot7="10685" /><cgGroup countingGroupName="Vote by Mail" vot7="31079" /></cgGroup_Collection><Textbox13 vot8="41764" Textbox17="0.215057750039908" /></candidateNameTextBox4><partyGroup_Collection><partyGroup><Textbox2 Textbox2="" Textbox6="" /><cgGroup_Collection><cgGroup countingGroupName="Election Day" vot4="10685" /><cgGroup countingGroupName="Vote by Mail" vot4="31079" /></cgGroup_Collection><Textbox13 vot9="41764" Textbox18="0.215057750039908" /></partyGroup></partyGroup_Collection><writeinGroup_Collection /></chGroup></chGroup_Collection><Textbox5><Textbox2 Textbox2="" /><cgGroup_Collection><cgGroup countingGroupName="Election Day" votesDivider_cg="56014" /><cgGroup countingGroupName="Vote by Mail" votesDivider_cg="138185" /></cgGroup_Collection><Textbox13 votes3="194199" /></Textbox5></Tablix1><Tablix2><writeinGroup2_Collection /><Textbox4><cgGroup2_Collection><cgGroup2 cgName="Election Day" remainingUnqualified_cg="0" /><cgGroup2 cgName="Vote by Mail" remainingUnqualified_cg="0" /></cgGroup2_Collection><Textbox1 remainingUnresolved1="0" /></Textbox4></Tablix2></Report></CandidateResults></ContestIdGroup><ContestIdGroup contestId="PROPOSITION C   "><ContestStatistics><Report Name="ContestStatisticsRPT"><Tablix2><Details_Collection><Details Textbox2="Precincts Reported: 474 of 474 1" /></Details_Collection></Tablix2><Tablix1><Textbox7><cgGroup_Collection><cgGroup><cgId2 cgId2="Election Day" ballotsTextBox="59414" /></cgGroup><cgGroup><cgId2 cgId2="Vote by Mail" ballotsTextBox="146893" /></cgGroup></cgGroup_Collection><Textbox9 ballots2="206307 / 495050 " Textbox40="0.416739723260277" /></Textbox7><Textbox33><cgGroup_Collection><cgGroup><cgId2 cgId2="Election Day" undervotes="1301" /></cgGroup><cgGroup><cgId2 cgId2="Vote by Mail" undervotes="3368" /></cgGroup></cgGroup_Collection><Textbox9 undervotes3="4669" /></Textbox33><Textbox37><cgGroup_Collection><cgGroup><cgId2 cgId2="Election Day" Textbox36="32" /></cgGroup><cgGroup><cgId2 cgId2="Vote by Mail" Textbox36="87" /></cgGroup></cgGroup_Collection><Textbox9 overvotes2="119" /></Textbox37><Textbox3><cgGroup_Collection><cgGroup><cgId2 cgId2="Election Day" undervotes1="1333" /></cgGroup><cgGroup><cgId2 cgId2="Vote by Mail" undervotes1="3455" /></cgGroup></cgGroup_Collection><Textbox9 totalBlanks="4788" /></Textbox3><Textbox43><cgGroup_Collection><cgGroup><cgId2 cgId2="Election Day" Textbox39="0" /></cgGroup><cgGroup><cgId2 cgId2="Vote by Mail" Textbox39="0" /></cgGroup></cgGroup_Collection><Textbox9 pushContests2="0" /></Textbox43><Textbox11><cgGroup_Collection><cgGroup><cgId2 cgId2="Election Day" writeinOverrides="0" /></cgGroup><cgGroup><cgId2 cgId2="Vote by Mail" writeinOverrides="0" /></cgGroup></cgGroup_Collection><Textbox9 Textbox13="0" /></Textbox11></Tablix1></Report></ContestStatistics><CandidateResults><Report Name="CandidateResultsRPT"><Tablix1><chGroup_Collection><chGroup><candidateNameTextBox4 candidateNameTextBox4="YES "><Textbox2 Textbox2="" Textbox14="" /><cgGroup_Collection><cgGroup countingGroupName="Election Day" vot7="10092" /><cgGroup countingGroupName="Vote by Mail" vot7="26562" /></cgGroup_Collection><Textbox13 vot8="36654" Textbox17="0.181888556414035" /></candidateNameTextBox4><partyGroup_Collection><partyGroup><Textbox2 Textbox2="" Textbox6="" /><cgGroup_Collection><cgGroup countingGroupName="Election Day" vot4="10092" /><cgGroup countingGroupName="Vote by Mail" vot4="26562" /></cgGroup_Collection><Textbox13 vot9="36654" Textbox18="0.181888556414035" /></partyGroup></partyGroup_Collection><writeinGroup_Collection /></chGroup><chGroup><candidateNameTextBox4 candidateNameTextBox4="NO "><Textbox2 Textbox2="" Textbox14="" /><cgGroup_Collection><cgGroup countingGroupName="Election Day" vot7="47989" /><cgGroup countingGroupName="Vote by Mail" vot7="116876" /></cgGroup_Collection><Textbox13 vot8="164865" Textbox17="0.818111443585965" /></candidateNameTextBox4><partyGroup_Collection><partyGroup><Textbox2 Textbox2="" Textbox6="" /><cgGroup_Collection><cgGroup countingGroupName="Election Day" vot4="47989" /><cgGroup countingGroupName="Vote by Mail" vot4="116876" /></cgGroup_Collection><Textbox13 vot9="164865" Textbox18="0.818111443585965" /></partyGroup></partyGroup_Collection><writeinGroup_Collection /></chGroup></chGroup_Collection><Textbox5><Textbox2 Textbox2="" /><cgGroup_Collection><cgGroup countingGroupName="Election Day" votesDivider_cg="58081" /><cgGroup countingGroupName="Vote by Mail" votesDivider_cg="143438" /></cgGroup_Collection><Textbox13 votes3="201519" /></Textbox5></Tablix1><Tablix2><writeinGroup2_Collection /><Textbox4><cgGroup2_Collection><cgGroup2 cgName="Election Day" remainingUnqualified_cg="0" /><cgGroup2 cgName="Vote by Mail" remainingUnqualified_cg="0" /></cgGroup2_Collection><Textbox1 remainingUnresolved1="0" /></Textbox4></Tablix2></Report></CandidateResults></ContestIdGroup><ContestIdGroup contestId="PROPOSITION D   "><ContestStatistics><Report Name="ContestStatisticsRPT"><Tablix2><Details_Collection><Details Textbox2="Precincts Reported: 474 of 474 1" /></Details_Collection></Tablix2><Tablix1><Textbox7><cgGroup_Collection><cgGroup><cgId2 cgId2="Election Day" ballotsTextBox="59414" /></cgGroup><cgGroup><cgId2 cgId2="Vote by Mail" ballotsTextBox="146893" /></cgGroup></cgGroup_Collection><Textbox9 ballots2="206307 / 495050 " Textbox40="0.416739723260277" /></Textbox7><Textbox33><cgGroup_Collection><cgGroup><cgId2 cgId2="Election Day" undervotes="1618" /></cgGroup><cgGroup><cgId2 cgId2="Vote by Mail" undervotes="4055" /></cgGroup></cgGroup_Collection><Textbox9 undervotes3="5673" /></Textbox33><Textbox37><cgGroup_Collection><cgGroup><cgId2 cgId2="Election Day" Textbox36="13" /></cgGroup><cgGroup><cgId2 cgId2="Vote by Mail" Textbox36="36" /></cgGroup></cgGroup_Collection><Textbox9 overvotes2="49" /></Textbox37><Textbox3><cgGroup_Collection><cgGroup><cgId2 cgId2="Election Day" undervotes1="1631" /></cgGroup><cgGroup><cgId2 cgId2="Vote by Mail" undervotes1="4091" /></cgGroup></cgGroup_Collection><Textbox9 totalBlanks="5722" /></Textbox3><Textbox43><cgGroup_Collection><cgGroup><cgId2 cgId2="Election Day" Textbox39="0" /></cgGroup><cgGroup><cgId2 cgId2="Vote by Mail" Textbox39="0" /></cgGroup></cgGroup_Collection><Textbox9 pushContests2="0" /></Textbox43><Textbox11><cgGroup_Collection><cgGroup><cgId2 cgId2="Election Day" writeinOverrides="0" /></cgGroup><cgGroup><cgId2 cgId2="Vote by Mail" writeinOverrides="0" /></cgGroup></cgGroup_Collection><Textbox9 Textbox13="0" /></Textbox11></Tablix1></Report></ContestStatistics><CandidateResults><Report Name="CandidateResultsRPT"><Tablix1><chGroup_Collection><chGroup><candidateNameTextBox4 candidateNameTextBox4="YES "><Textbox2 Textbox2="" Textbox14="" /><cgGroup_Collection><cgGroup countingGroupName="Election Day" vot7="40886" /><cgGroup countingGroupName="Vote by Mail" vot7="94816" /></cgGroup_Collection><Textbox13 vot8="135702" Textbox17="0.676531146396789" /></candidateNameTextBox4><partyGroup_Collection><partyGroup><Textbox2 Textbox2="" Textbox6="" /><cgGroup_Collection><cgGroup countingGroupName="Election Day" vot4="40886" /><cgGroup countingGroupName="Vote by Mail" vot4="94816" /></cgGroup_Collection><Textbox13 vot9="135702" Textbox18="0.676531146396789" /></partyGroup></partyGroup_Collection><writeinGroup_Collection /></chGroup><chGroup><candidateNameTextBox4 candidateNameTextBox4="NO "><Textbox2 Textbox2="" Textbox14="" /><cgGroup_Collection><cgGroup countingGroupName="Election Day" vot7="16897" /><cgGroup countingGroupName="Vote by Mail" vot7="47986" /></cgGroup_Collection><Textbox13 vot8="64883" Textbox17="0.323468853603211" /></candidateNameTextBox4><partyGroup_Collection><partyGroup><Textbox2 Textbox2="" Textbox6="" /><cgGroup_Collection><cgGroup countingGroupName="Election Day" vot4="16897" /><cgGroup countingGroupName="Vote by Mail" vot4="47986" /></cgGroup_Collection><Textbox13 vot9="64883" Textbox18="0.323468853603211" /></partyGroup></partyGroup_Collection><writeinGroup_Collection /></chGroup></chGroup_Collection><Textbox5><Textbox2 Textbox2="" /><cgGroup_Collection><cgGroup countingGroupName="Election Day" votesDivider_cg="57783" /><cgGroup countingGroupName="Vote by Mail" votesDivider_cg="142802" /></cgGroup_Collection><Textbox13 votes3="200585" /></Textbox5></Tablix1><Tablix2><writeinGroup2_Collection /><Textbox4><cgGroup2_Collection><cgGroup2 cgName="Election Day" remainingUnqualified_cg="0" /><cgGroup2 cgName="Vote by Mail" remainingUnqualified_cg="0" /></cgGroup2_Collection><Textbox1 remainingUnresolved1="0" /></Textbox4></Tablix2></Report></CandidateResults></ContestIdGroup><ContestIdGroup contestId="PROPOSITION E   "><ContestStatistics><Report Name="ContestStatisticsRPT"><Tablix2><Details_Collection><Details Textbox2="Precincts Reported: 474 of 474 1" /></Details_Collection></Tablix2><Tablix1><Textbox7><cgGroup_Collection><cgGroup><cgId2 cgId2="Election Day" ballotsTextBox="59414" /></cgGroup><cgGroup><cgId2 cgId2="Vote by Mail" ballotsTextBox="146893" /></cgGroup></cgGroup_Collection><Textbox9 ballots2="206307 / 495050 " Textbox40="0.416739723260277" /></Textbox7><Textbox33><cgGroup_Collection><cgGroup><cgId2 cgId2="Election Day" undervotes="1870" /></cgGroup><cgGroup><cgId2 cgId2="Vote by Mail" undervotes="5367" /></cgGroup></cgGroup_Collection><Textbox9 undervotes3="7237" /></Textbox33><Textbox37><cgGroup_Collection><cgGroup><cgId2 cgId2="Election Day" Textbox36="19" /></cgGroup><cgGroup><cgId2 cgId2="Vote by Mail" Textbox36="41" /></cgGroup></cgGroup_Collection><Textbox9 overvotes2="60" /></Textbox37><Textbox3><cgGroup_Collection><cgGroup><cgId2 cgId2="Election Day" undervotes1="1889" /></cgGroup><cgGroup><cgId2 cgId2="Vote by Mail" undervotes1="5408" /></cgGroup></cgGroup_Collection><Textbox9 totalBlanks="7297" /></Textbox3><Textbox43><cgGroup_Collection><cgGroup><cgId2 cgId2="Election Day" Textbox39="0" /></cgGroup><cgGroup><cgId2 cgId2="Vote by Mail" Textbox39="0" /></cgGroup></cgGroup_Collection><Textbox9 pushContests2="0" /></Textbox43><Textbox11><cgGroup_Collection><cgGroup><cgId2 cgId2="Election Day" writeinOverrides="0" /></cgGroup><cgGroup><cgId2 cgId2="Vote by Mail" writeinOverrides="0" /></cgGroup></cgGroup_Collection><Textbox9 Textbox13="0" /></Textbox11></Tablix1></Report></ContestStatistics><CandidateResults><Report Name="CandidateResultsRPT"><Tablix1><chGroup_Collection><chGroup><candidateNameTextBox4 candidateNameTextBox4="YES "><Textbox2 Textbox2="" Textbox14="" /><cgGroup_Collection><cgGroup countingGroupName="Election Day" vot7="46079" /><cgGroup countingGroupName="Vote by Mail" vot7="105766" /></cgGroup_Collection><Textbox13 vot8="151845" Textbox17="0.763001859203055" /></candidateNameTextBox4><partyGroup_Collection><partyGroup><Textbox2 Textbox2="" Textbox6="" /><cgGroup_Collection><cgGroup countingGroupName="Election Day" vot4="46079" /><cgGroup countingGroupName="Vote by Mail" vot4="105766" /></cgGroup_Collection><Textbox13 vot9="151845" Textbox18="0.763001859203055" /></partyGroup></partyGroup_Collection><writeinGroup_Collection /></chGroup><chGroup><candidateNameTextBox4 candidateNameTextBox4="NO "><Textbox2 Textbox2="" Textbox14="" /><cgGroup_Collection><cgGroup countingGroupName="Election Day" vot7="11446" /><cgGroup countingGroupName="Vote by Mail" vot7="35719" /></cgGroup_Collection><Textbox13 vot8="47165" Textbox17="0.236998140796945" /></candidateNameTextBox4><partyGroup_Collection><partyGroup><Textbox2 Textbox2="" Textbox6="" /><cgGroup_Collection><cgGroup countingGroupName="Election Day" vot4="11446" /><cgGroup countingGroupName="Vote by Mail" vot4="35719" /></cgGroup_Collection><Textbox13 vot9="47165" Textbox18="0.236998140796945" /></partyGroup></partyGroup_Collection><writeinGroup_Collection /></chGroup></chGroup_Collection><Textbox5><Textbox2 Textbox2="" /><cgGroup_Collection><cgGroup countingGroupName="Election Day" votesDivider_cg="57525" /><cgGroup countingGroupName="Vote by Mail" votesDivider_cg="141485" /></cgGroup_Collection><Textbox13 votes3="199010" /></Textbox5></Tablix1><Tablix2><writeinGroup2_Collection /><Textbox4><cgGroup2_Collection><cgGroup2 cgName="Election Day" remainingUnqualified_cg="0" /><cgGroup2 cgName="Vote by Mail" remainingUnqualified_cg="0" /></cgGroup2_Collection><Textbox1 remainingUnresolved1="0" /></Textbox4></Tablix2></Report></CandidateResults></ContestIdGroup><ContestIdGroup contestId="PROPOSITION F   "><ContestStatistics><Report Name="ContestStatisticsRPT"><Tablix2><Details_Collection><Details Textbox2="Precincts Reported: 474 of 474 1" /></Details_Collection></Tablix2><Tablix1><Textbox7><cgGroup_Collection><cgGroup><cgId2 cgId2="Election Day" ballotsTextBox="59414" /></cgGroup><cgGroup><cgId2 cgId2="Vote by Mail" ballotsTextBox="146893" /></cgGroup></cgGroup_Collection><Textbox9 ballots2="206307 / 495050 " Textbox40="0.416739723260277" /></Textbox7><Textbox33><cgGroup_Collection><cgGroup><cgId2 cgId2="Election Day" undervotes="2694" /></cgGroup><cgGroup><cgId2 cgId2="Vote by Mail" undervotes="7208" /></cgGroup></cgGroup_Collection><Textbox9 undervotes3="9902" /></Textbox33><Textbox37><cgGroup_Collection><cgGroup><cgId2 cgId2="Election Day" Textbox36="8" /></cgGroup><cgGroup><cgId2 cgId2="Vote by Mail" Textbox36="20" /></cgGroup></cgGroup_Collection><Textbox9 overvotes2="28" /></Textbox37><Textbox3><cgGroup_Collection><cgGroup><cgId2 cgId2="Election Day" undervotes1="2702" /></cgGroup><cgGroup><cgId2 cgId2="Vote by Mail" undervotes1="7228" /></cgGroup></cgGroup_Collection><Textbox9 totalBlanks="9930" /></Textbox3><Textbox43><cgGroup_Collection><cgGroup><cgId2 cgId2="Election Day" Textbox39="0" /></cgGroup><cgGroup><cgId2 cgId2="Vote by Mail" Textbox39="0" /></cgGroup></cgGroup_Collection><Textbox9 pushContests2="0" /></Textbox43><Textbox11><cgGroup_Collection><cgGroup><cgId2 cgId2="Election Day" writeinOverrides="0" /></cgGroup><cgGroup><cgId2 cgId2="Vote by Mail" writeinOverrides="0" /></cgGroup></cgGroup_Collection><Textbox9 Textbox13="0" /></Textbox11></Tablix1></Report></ContestStatistics><CandidateResults><Report Name="CandidateResultsRPT"><Tablix1><chGroup_Collection><chGroup><candidateNameTextBox4 candidateNameTextBox4="YES "><Textbox2 Textbox2="" Textbox14="" /><cgGroup_Collection><cgGroup countingGroupName="Election Day" vot7="44143" /><cgGroup countingGroupName="Vote by Mail" vot7="106860" /></cgGroup_Collection><Textbox13 vot8="151003" Textbox17="0.768944428318999" /></candidateNameTextBox4><partyGroup_Collection><partyGroup><Textbox2 Textbox2="" Textbox6="" /><cgGroup_Collection><cgGroup countingGroupName="Election Day" vot4="44143" /><cgGroup countingGroupName="Vote by Mail" vot4="106860" /></cgGroup_Collection><Textbox13 vot9="151003" Textbox18="0.768944428318999" /></partyGroup></partyGroup_Collection><writeinGroup_Collection /></chGroup><chGroup><candidateNameTextBox4 candidateNameTextBox4="NO "><Textbox2 Textbox2="" Textbox14="" /><cgGroup_Collection><cgGroup countingGroupName="Election Day" vot7="12569" /><cgGroup countingGroupName="Vote by Mail" vot7="32805" /></cgGroup_Collection><Textbox13 vot8="45374" Textbox17="0.231055571681001" /></candidateNameTextBox4><partyGroup_Collection><partyGroup><Textbox2 Textbox2="" Textbox6="" /><cgGroup_Collection><cgGroup countingGroupName="Election Day" vot4="12569" /><cgGroup countingGroupName="Vote by Mail" vot4="32805" /></cgGroup_Collection><Textbox13 vot9="45374" Textbox18="0.231055571681001" /></partyGroup></partyGroup_Collection><writeinGroup_Collection /></chGroup></chGroup_Collection><Textbox5><Textbox2 Textbox2="" /><cgGroup_Collection><cgGroup countingGroupName="Election Day" votesDivider_cg="56712" /><cgGroup countingGroupName="Vote by Mail" votesDivider_cg="139665" /></cgGroup_Collection><Textbox13 votes3="196377" /></Textbox5></Tablix1><Tablix2><writeinGroup2_Collection /><Textbox4><cgGroup2_Collection><cgGroup2 cgName="Election Day" remainingUnqualified_cg="0" /><cgGroup2 cgName="Vote by Mail" remainingUnqualified_cg="0" /></cgGroup2_Collection><Textbox1 remainingUnresolved1="0" /></Textbox4></Tablix2></Report></CandidateResults></ContestIdGroup></ContestIdGroup_Collection></contestList></Report></ElectionSummarySubReport></TabBatchGroup></TabBatchGroup_Collection></tabBatchIdList></Report>