https://www.sfelections.org/results/20191105/data/20191125/summary.pdf	summary.pdf
https://www.sfelections.org/results/20191105/data/20191125/summary.xlsx	summary.xlsx
https://www.sfelections.org/results/20191105/data/20191125/summary.xml	summary.xml
https://www.sfelections.org/results/20191105/data/20191125/CertificationLetterNov2019.pdf	CertificationLetterNov2019.pdf
https://www.sfelections.org/results/20191105/data/20191125/20191125_sov.pdf	sov.pdf
https://www.sfelections.org/results/20191105/data/20191125/20191125_sov.xlsx	sov.xlsx
https://www.sfelections.org/results/20191105/data/20191125/20191125_dsov.pdf	dsov.pdf
https://www.sfelections.org/results/20191105/data/20191125/20191125_dsov.xlsx	dsov.xlsx
https://www.sfelections.org/results/20191105/data/20191125/mayor/20191125_mayor_short.pdf	mayor_short.pdf
https://www.sfelections.org/results/20191105/data/20191125/mayor/20191125_mayor_short.xlsx	mayor_short.xlsx
https://www.sfelections.org/results/20191105/data/20191125/mayor/20191125_mayor_short.xml	mayor_short.xml
https://www.sfelections.org/results/20191105/data/20191125/mayor/20191125_mayor_detail.pdf	mayor_detail.pdf
https://www.sfelections.org/results/20191105/data/20191125/mayor/20191125_mayor_detail.xlsx	mayor_detail.xlsx
https://www.sfelections.org/results/20191105/data/20191125/mayor/20191125_mayor_detail.xml	mayor_detail.xml
https://www.sfelections.org/results/20191105/data/20191125/d5/20191125_d5_short.pdf	d5_short.pdf
https://www.sfelections.org/results/20191105/data/20191125/d5/20191125_d5_short.xlsx	d5_short.xlsx
https://www.sfelections.org/results/20191105/data/20191125/d5/20191125_d5_short.xml	d5_short.xml
https://www.sfelections.org/results/20191105/data/20191125/d5/20191125_d5_detail.pdf	d5_detail.pdf
https://www.sfelections.org/results/20191105/data/20191125/d5/20191125_d5_detail.xlsx	d5_detail.xlsx
https://www.sfelections.org/results/20191105/data/20191125/d5/20191125_d5_detail.xml	d5_detail.xml
https://www.sfelections.org/results/20191105/data/20191125/da/20191125_da_short.pdf	da_short.pdf
https://www.sfelections.org/results/20191105/data/20191125/da/20191125_da_short.xlsx	da_short.xlsx
https://www.sfelections.org/results/20191105/data/20191125/da/20191125_da_short.xml	da_short.xml
https://www.sfelections.org/results/20191105/data/20191125/da/20191125_da_detail.pdf	da_detail.pdf
https://www.sfelections.org/results/20191105/data/20191125/da/20191125_da_detail.xlsx	da_detail.xlsx
https://www.sfelections.org/results/20191105/data/20191125/da/20191125_da_detail.xml	da_detail.xml
https://www.sfelections.org/results/20191105/data/20191125/CVR_Export_20191125163446.zip	CVR_Export_20191125163446.zip
https://www.sfelections.org/results/20191105/data/20191125/20191125_vbm.pdf	vbm.pdf
https://www.sfelections.org/results/20191105/data/20191125/20191125_pv.pdf	pv.pdf
https://www.sfelections.org/results/20191105/data/20191125/20191125_cvr.pdf	cvr.pdf
https://www.sfelections.org/results/20191105/data/20191125/N19_BSM_Logs.zip	N19_BSM_Logs.zip
https://www.sfelections.org/results/20191105/data/20191125/N19_ICC_Logs.zip	N19_ICC_Logs.zip
https://www.sfelections.org/results/20191105/data/20191125/20191125_sha512.csv	sha512.csv
