https://www.sfelections.org/results/20191105/data/20191106/summary.pdf	summary.pdf
https://www.sfelections.org/results/20191105/data/20191106/summary.xlsx	summary.xlsx
https://www.sfelections.org/results/20191105/data/20191106/summary.xml	summary.xml
https://www.sfelections.org/results/20191105/data/20191106/20191106_psov.pdf	psov.pdf
https://www.sfelections.org/results/20191105/data/20191106/20191106_psov.xlsx	psov.xlsx
https://www.sfelections.org/results/20191105/data/20191106/20191106_dpsov.pdf	dpsov.pdf
https://www.sfelections.org/results/20191105/data/20191106/20191106_dpsov.xlsx	dpsov.xlsx
https://www.sfelections.org/results/20191105/data/20191106/mayor/20191106_mayor_short.pdf	mayor_short.pdf
https://www.sfelections.org/results/20191105/data/20191106/mayor/20191106_mayor_short.xlsx	mayor_short.xlsx
https://www.sfelections.org/results/20191105/data/20191106/mayor/20191106_mayor_short.xml	mayor_short.xml
https://www.sfelections.org/results/20191105/data/20191106/mayor/20191106_mayor_detail.pdf	mayor_detail.pdf
https://www.sfelections.org/results/20191105/data/20191106/mayor/20191106_mayor_detail.xlsx	mayor_detail.xlsx
https://www.sfelections.org/results/20191105/data/20191106/mayor/20191106_mayor_detail.xml	mayor_detail.xml
https://www.sfelections.org/results/20191105/data/20191106/d5/20191106_d5_short.pdf	d5_short.pdf
https://www.sfelections.org/results/20191105/data/20191106/d5/20191106_d5_short.xlsx	d5_short.xlsx
https://www.sfelections.org/results/20191105/data/20191106/d5/20191106_d5_short.xml	d5_short.xml
https://www.sfelections.org/results/20191105/data/20191106/d5/20191106_d5_detail.pdf	d5_detail.pdf
https://www.sfelections.org/results/20191105/data/20191106/d5/20191106_d5_detail.xlsx	d5_detail.xlsx
https://www.sfelections.org/results/20191105/data/20191106/d5/20191106_d5_detail.xml	d5_detail.xml
https://www.sfelections.org/results/20191105/data/20191106/da/20191106_da_short.pdf	da_short.pdf
https://www.sfelections.org/results/20191105/data/20191106/da/20191106_da_short.xlsx	da_short.xlsx
https://www.sfelections.org/results/20191105/data/20191106/da/20191106_da_short.xml	da_short.xml
https://www.sfelections.org/results/20191105/data/20191106/da/20191106_da_detail.pdf	da_detail.pdf
https://www.sfelections.org/results/20191105/data/20191106/da/20191106_da_detail.xlsx	da_detail.xlsx
https://www.sfelections.org/results/20191105/data/20191106/da/20191106_da_detail.xml	da_detail.xml
https://www.sfelections.org/results/20191105/data/20191106/CVR_Export_20191106155832.zip	CVR_Export_20191106155832.zip
https://www.sfelections.org/results/20191105/data/20191106/20191106_sha512.csv	sha512.csv
