area_id	subtotal_type	RSReg	RSCst	RSRej	RSOvr	RSUnd	RSTot	RSWri	82:DAVID CHIU	177:Starchild
ALLPCTS	TO	292422	176633	0	2	55346	121285	899	120386	35
ALLPCTS	ED	59616	61588	0	2	20763	40823	868	39955	4
ALLPCTS	MV	232806	115045	0	0	34583	80462	31	80431	31
PCT1141	MV	836	394	0	0	100	294	0	294	0
PCT1141	ED	220	184	0	0	50	134	9	125	0
PCT1141	TO	1056	578	0	0	150	428	9	419	0
PCT1142	MV	721	330	0	0	119	211	0	211	0
PCT1142	ED	175	119	0	0	36	83	3	80	0
PCT1142	TO	896	449	0	0	155	294	3	291	0
PCT1143	MV	824	360	0	0	118	242	0	242	0
PCT1143	ED	225	189	0	0	61	128	6	122	0
PCT1143	TO	1049	549	0	0	179	370	6	364	0
PCT1144	MV	727	326	0	0	111	215	0	215	0
PCT1144	ED	220	165	0	0	66	99	2	97	0
PCT1144	TO	947	491	0	0	177	314	2	312	0
PCT1145	MV	753	411	0	0	131	280	0	280	0
PCT1145	ED	152	152	0	0	41	111	1	110	0
PCT1145	TO	905	563	0	0	172	391	1	390	0
PCT1146	MV	839	364	0	0	97	267	0	267	0
PCT1146	ED	215	159	0	0	55	104	3	101	0
PCT1146	TO	1054	523	0	0	152	371	3	368	0
PCT1147	MV	673	310	0	0	87	223	0	223	0
PCT1147	ED	212	159	0	0	54	105	3	102	0
PCT1147	TO	885	469	0	0	141	328	3	325	0
PCT1148	MV	804	370	0	0	108	262	0	262	0
PCT1148	ED	224	158	0	0	66	92	3	89	0
PCT1148	TO	1028	528	0	0	174	354	3	351	0
PCT1149	MV	710	320	0	0	103	217	0	217	0
PCT1149	ED	229	160	0	0	51	109	1	108	0
PCT1149	TO	939	480	0	0	154	326	1	325	0
PCT1152	MV	710	315	0	0	89	226	0	226	0
PCT1152	ED	180	137	0	0	46	91	4	87	0
PCT1152	TO	890	452	0	0	135	317	4	313	0
PCT1153	MV	730	285	0	0	77	208	0	208	0
PCT1153	ED	210	181	0	0	73	108	1	107	0
PCT1153	TO	940	466	0	0	150	316	1	315	0
PCT7001	MV	632	331	0	0	102	229	0	229	0
PCT7001	ED	141	149	0	0	52	97	2	95	0
PCT7001	TO	773	480	0	0	154	326	2	324	0
PCT7002	MV	598	270	0	0	88	182	0	182	0
PCT7002	ED	116	142	0	0	45	97	2	95	0
PCT7002	TO	714	412	0	0	133	279	2	277	0
PCT7003	MV	759	435	0	0	139	296	0	296	0
PCT7003	ED	147	193	0	0	62	131	3	128	0
PCT7003	TO	906	628	0	0	201	427	3	424	0
PCT7004	MV	764	418	0	0	134	284	1	283	1
PCT7004	ED	149	225	0	0	85	140	4	136	0
PCT7004	TO	913	643	0	0	219	424	5	419	1
PCT7005	MV	698	351	0	0	100	251	0	251	0
PCT7005	ED	161	230	0	0	75	155	3	152	0
PCT7005	TO	859	581	0	0	175	406	3	403	0
PCT7006	MV	729	361	0	0	131	230	0	230	0
PCT7006	ED	203	238	0	0	103	135	4	131	0
PCT7006	TO	932	599	0	0	234	365	4	361	0
PCT7007	MV	777	438	0	0	131	307	0	307	0
PCT7007	ED	180	242	0	0	90	152	3	149	0
PCT7007	TO	957	680	0	0	221	459	3	456	0
PCT7008	MV	732	369	0	0	124	245	0	245	0
PCT7008	ED	177	254	0	0	81	173	7	166	0
PCT7008	TO	909	623	0	0	205	418	7	411	0
PCT7009	MV	752	391	0	0	121	270	0	270	0
PCT7009	ED	119	160	0	0	66	94	3	91	0
PCT7009	TO	871	551	0	0	187	364	3	361	0
PCT7011	MV	704	231	0	0	78	153	0	153	0
PCT7011	ED	269	142	0	0	32	110	0	110	0
PCT7011	TO	973	373	0	0	110	263	0	263	0
PCT7012	MV	999	489	0	0	135	354	0	354	0
PCT7012	ED	227	308	0	0	87	221	7	214	0
PCT7012	TO	1226	797	0	0	222	575	7	568	0
PCT7013	MV	984	431	0	0	120	311	0	311	0
PCT7013	ED	155	259	0	0	85	174	1	173	0
PCT7013	TO	1139	690	0	0	205	485	1	484	0
PCT7014	MV	610	305	0	0	87	218	0	218	0
PCT7014	ED	109	182	0	0	62	120	0	120	0
PCT7014	TO	719	487	0	0	149	338	0	338	0
PCT7015	MV	128	41	0	0	10	31	0	31	0
PCT7015	ED	-18	5	0	0	2	3	0	3	0
PCT7015	TO	110	46	0	0	12	34	0	34	0
PCT7016	MV	655	239	0	0	77	162	0	162	0
PCT7016	ED	277	105	0	0	32	73	4	69	0
PCT7016	TO	932	344	0	0	109	235	4	231	0
PCT7017	MV	543	182	0	0	43	139	0	139	0
PCT7017	ED	238	92	0	0	33	59	0	59	0
PCT7017	TO	781	274	0	0	76	198	0	198	0
PCT7018	MV	847	358	0	0	99	259	0	259	0
PCT7018	ED	200	103	0	0	22	81	1	80	0
PCT7018	TO	1047	461	0	0	121	340	1	339	0
PCT7019	MV	734	356	0	0	99	257	0	257	0
PCT7019	ED	166	112	0	0	33	79	1	78	0
PCT7019	TO	900	468	0	0	132	336	1	335	0
PCT7021	MV	679	271	0	0	89	182	0	182	0
PCT7021	ED	288	159	0	0	53	106	7	99	0
PCT7021	TO	967	430	0	0	142	288	7	281	0
PCT7022	MV	770	340	0	0	89	251	0	251	0
PCT7022	ED	193	93	0	0	26	67	1	66	0
PCT7022	TO	963	433	0	0	115	318	1	317	0
PCT7023	MV	687	331	0	0	75	256	0	256	0
PCT7023	ED	233	118	0	0	34	84	1	83	0
PCT7023	TO	920	449	0	0	109	340	1	339	0
PCT7024	MV	251	51	0	0	11	40	0	40	0
PCT7024	ED	190	35	0	0	14	21	1	20	0
PCT7024	TO	441	86	0	0	25	61	1	60	0
PCT7025	MV	316	97	0	0	24	73	0	73	0
PCT7025	ED	167	66	0	0	21	45	3	42	0
PCT7025	TO	483	163	0	0	45	118	3	115	0
PCT7026	MV	819	337	0	0	75	262	0	262	0
PCT7026	ED	191	125	0	0	37	88	0	88	0
PCT7026	TO	1010	462	0	0	112	350	0	350	0
PCT7027	MV	677	272	0	0	69	203	0	203	0
PCT7027	ED	219	143	0	0	48	95	2	93	0
PCT7027	TO	896	415	0	0	117	298	2	296	0
PCT7028	MV	586	221	0	0	56	165	0	165	0
PCT7028	ED	270	150	0	0	46	104	7	97	0
PCT7028	TO	856	371	0	0	102	269	7	262	0
PCT7029	MV	643	209	0	0	68	141	0	141	0
PCT7029	ED	266	81	0	0	30	51	1	50	0
PCT7029	TO	909	290	0	0	98	192	1	191	0
PCT7030	MV	654	274	0	0	86	188	1	187	1
PCT7030	ED	141	80	0	0	25	55	2	53	0
PCT7030	TO	795	354	0	0	111	243	3	240	1
PCT7031	MV	622	265	0	0	75	190	0	190	0
PCT7031	ED	72	77	0	0	33	44	1	43	0
PCT7031	TO	694	342	0	0	108	234	1	233	0
PCT7032	MV	643	266	0	0	64	202	0	202	0
PCT7032	ED	238	104	0	0	37	67	2	65	0
PCT7032	TO	881	370	0	0	101	269	2	267	0
PCT7033	MV	549	214	0	0	49	165	0	165	0
PCT7033	ED	229	136	0	0	41	95	2	93	0
PCT7033	TO	778	350	0	0	90	260	2	258	0
PCT7034	MV	620	142	0	0	34	108	0	108	0
PCT7034	ED	318	110	0	1	29	80	0	80	0
PCT7034	TO	938	252	0	1	63	188	0	188	0
PCT7035	MV	567	238	0	0	60	178	0	178	0
PCT7035	ED	152	101	0	0	29	72	1	71	0
PCT7035	TO	719	339	0	0	89	250	1	249	0
PCT7036	MV	781	267	0	0	77	190	0	190	0
PCT7036	ED	193	79	0	0	22	57	3	54	0
PCT7036	TO	974	346	0	0	99	247	3	244	0
PCT7037	MV	434	64	0	0	11	53	0	53	0
PCT7037	ED	312	63	0	0	32	31	0	31	0
PCT7037	TO	746	127	0	0	43	84	0	84	0
PCT7038	MV	758	308	0	0	89	219	0	219	0
PCT7038	ED	203	105	0	0	32	73	0	73	0
PCT7038	TO	961	413	0	0	121	292	0	292	0
PCT7039	MV	636	244	0	0	80	164	0	164	0
PCT7039	ED	201	146	0	0	48	98	3	95	0
PCT7039	TO	837	390	0	0	128	262	3	259	0
PCT7041	MV	70	29	0	0	10	19	0	19	0
PCT7041	ED	-4	2	0	0	0	2	0	2	0
PCT7041	TO	66	31	0	0	10	21	0	21	0
PCT7042	MV	514	224	0	0	71	153	0	153	0
PCT7042	ED	146	96	0	0	35	61	2	59	0
PCT7042	TO	660	320	0	0	106	214	2	212	0
PCT7043	MV	754	295	0	0	76	219	0	219	0
PCT7043	ED	224	121	0	0	50	71	1	70	0
PCT7043	TO	978	416	0	0	126	290	1	289	0
PCT7044	MV	586	150	0	0	37	113	0	113	0
PCT7044	ED	266	95	0	0	33	62	0	62	0
PCT7044	TO	852	245	0	0	70	175	0	175	0
PCT7045	MV	632	268	0	0	86	182	0	182	0
PCT7045	ED	154	80	0	0	31	49	1	48	0
PCT7045	TO	786	348	0	0	117	231	1	230	0
PCT7046	MV	334	134	0	0	34	100	2	98	2
PCT7046	ED	96	76	0	0	21	55	3	52	0
PCT7046	TO	430	210	0	0	55	155	5	150	2
PCT7047	MV	733	315	0	0	80	235	0	235	0
PCT7047	ED	150	100	0	0	36	64	4	60	0
PCT7047	TO	883	415	0	0	116	299	4	295	0
PCT7048	MV	685	267	0	0	71	196	0	196	0
PCT7048	ED	196	79	0	0	27	52	3	49	0
PCT7048	TO	881	346	0	0	98	248	3	245	0
PCT7049	MV	616	248	0	0	71	177	0	177	0
PCT7049	ED	210	104	0	0	31	73	1	72	0
PCT7049	TO	826	352	0	0	102	250	1	249	0
PCT7051	MV	715	311	0	0	99	212	0	212	0
PCT7051	ED	165	105	0	0	32	73	2	71	0
PCT7051	TO	880	416	0	0	131	285	2	283	0
PCT7052	MV	722	298	0	0	91	207	0	207	0
PCT7052	ED	184	135	0	0	35	100	0	100	0
PCT7052	TO	906	433	0	0	126	307	0	307	0
PCT7053	MV	542	227	0	0	55	172	0	172	0
PCT7053	ED	43	70	0	0	16	54	0	54	0
PCT7053	TO	585	297	0	0	71	226	0	226	0
PCT7054	MV	863	310	0	0	75	235	0	235	0
PCT7054	ED	273	169	0	0	54	115	4	111	0
PCT7054	TO	1136	479	0	0	129	350	4	346	0
PCT7055	MV	732	292	0	0	77	215	0	215	0
PCT7055	ED	94	150	0	0	52	98	1	97	0
PCT7055	TO	826	442	0	0	129	313	1	312	0
PCT7056	MV	618	277	0	0	73	204	1	203	1
PCT7056	ED	87	178	0	0	49	129	2	127	0
PCT7056	TO	705	455	0	0	122	333	3	330	1
PCT7101	MV	162	99	0	0	21	78	0	78	0
PCT7101	ED	-15	9	0	0	2	7	0	7	0
PCT7101	TO	147	108	0	0	23	85	0	85	0
PCT7201	MV	788	384	0	0	119	265	0	265	0
PCT7201	ED	147	194	0	0	73	121	1	120	0
PCT7201	TO	935	578	0	0	192	386	1	385	0
PCT7202	MV	708	309	0	0	105	204	0	204	0
PCT7202	ED	143	187	0	0	51	136	3	133	0
PCT7202	TO	851	496	0	0	156	340	3	337	0
PCT7203	MV	693	321	0	0	122	199	0	199	0
PCT7203	ED	186	217	0	0	87	130	3	127	0
PCT7203	TO	879	538	0	0	209	329	3	326	0
PCT7204	MV	773	425	0	0	129	296	0	296	0
PCT7204	ED	126	200	0	0	90	110	1	109	0
PCT7204	TO	899	625	0	0	219	406	1	405	0
PCT7205	MV	724	360	0	0	111	249	0	249	0
PCT7205	ED	147	203	0	0	64	139	2	137	0
PCT7205	TO	871	563	0	0	175	388	2	386	0
PCT7206	MV	299	129	0	0	41	88	0	88	0
PCT7206	ED	78	128	0	0	49	79	0	79	0
PCT7206	TO	377	257	0	0	90	167	0	167	0
PCT7207	MV	744	333	0	0	97	236	0	236	0
PCT7207	ED	123	177	0	0	66	111	2	109	0
PCT7207	TO	867	510	0	0	163	347	2	345	0
PCT7208	MV	492	254	0	0	82	172	0	172	0
PCT7208	ED	78	110	0	0	39	71	2	69	0
PCT7208	TO	570	364	0	0	121	243	2	241	0
PCT7209	MV	595	343	0	0	90	253	0	253	0
PCT7209	ED	52	82	0	0	26	56	0	56	0
PCT7209	TO	647	425	0	0	116	309	0	309	0
PCT7301	MV	813	319	0	0	75	244	0	244	0
PCT7301	ED	201	153	0	0	52	101	1	100	0
PCT7301	TO	1014	472	0	0	127	345	1	344	0
PCT7302	MV	713	352	0	0	105	247	0	247	0
PCT7302	ED	136	153	0	0	39	114	3	111	0
PCT7302	TO	849	505	0	0	144	361	3	358	0
PCT7303	MV	869	376	0	0	112	264	0	264	0
PCT7303	ED	199	254	0	0	86	168	4	164	0
PCT7303	TO	1068	630	0	0	198	432	4	428	0
PCT7304	MV	802	367	0	0	124	243	0	243	0
PCT7304	ED	199	239	0	0	78	161	2	159	0
PCT7304	TO	1001	606	0	0	202	404	2	402	0
PCT7305	MV	714	390	0	0	136	254	0	254	0
PCT7305	ED	153	206	0	0	72	134	3	131	0
PCT7305	TO	867	596	0	0	208	388	3	385	0
PCT7306	MV	801	375	0	0	142	233	0	233	0
PCT7306	ED	243	222	0	0	66	156	2	154	0
PCT7306	TO	1044	597	0	0	208	389	2	387	0
PCT7307	MV	605	275	0	0	76	199	0	199	0
PCT7307	ED	169	154	0	0	58	96	4	92	0
PCT7307	TO	774	429	0	0	134	295	4	291	0
PCT7308	MV	520	257	0	0	77	180	0	180	0
PCT7308	ED	105	174	0	0	58	116	2	114	0
PCT7308	TO	625	431	0	0	135	296	2	294	0
PCT7309	MV	691	324	0	0	100	224	1	223	1
PCT7309	ED	167	213	0	0	76	137	5	132	0
PCT7309	TO	858	537	0	0	176	361	6	355	1
PCT7311	MV	698	336	0	0	94	242	0	242	0
PCT7311	ED	208	250	0	0	68	182	1	181	0
PCT7311	TO	906	586	0	0	162	424	1	423	0
PCT7312	MV	700	397	0	0	120	277	0	277	0
PCT7312	ED	110	176	0	0	49	127	3	124	0
PCT7312	TO	810	573	0	0	169	404	3	401	0
PCT7313	MV	819	375	0	0	118	257	0	257	0
PCT7313	ED	184	181	0	0	64	117	5	112	0
PCT7313	TO	1003	556	0	0	182	374	5	369	0
PCT7314	MV	612	226	0	0	57	169	1	168	1
PCT7314	ED	147	89	0	0	30	59	1	58	0
PCT7314	TO	759	315	0	0	87	228	2	226	1
PCT7315	MV	570	207	0	0	57	150	0	150	0
PCT7315	ED	195	179	0	0	70	109	2	107	0
PCT7315	TO	765	386	0	0	127	259	2	257	0
PCT7316	MV	654	261	0	0	80	181	0	181	0
PCT7316	ED	178	161	0	0	56	105	2	103	1
PCT7316	TO	832	422	0	0	136	286	2	284	1
PCT7317	MV	744	350	0	0	116	234	0	234	0
PCT7317	ED	146	162	0	0	57	105	1	104	0
PCT7317	TO	890	512	0	0	173	339	1	338	0
PCT7318	MV	605	294	0	0	85	209	0	209	0
PCT7318	ED	118	150	0	0	53	97	3	94	0
PCT7318	TO	723	444	0	0	138	306	3	303	0
PCT7319	MV	861	346	0	0	110	236	0	236	0
PCT7319	ED	188	208	0	0	68	140	2	138	0
PCT7319	TO	1049	554	0	0	178	376	2	374	0
PCT7321	MV	557	202	0	0	70	132	0	132	0
PCT7321	ED	102	106	0	0	44	62	1	61	0
PCT7321	TO	659	308	0	0	114	194	1	193	0
PCT7322	MV	742	296	0	0	77	219	0	219	0
PCT7322	ED	146	56	0	0	21	35	1	34	0
PCT7322	TO	888	352	0	0	98	254	1	253	0
PCT7323	MV	790	369	0	0	112	257	1	256	1
PCT7323	ED	166	179	0	0	54	125	3	122	0
PCT7323	TO	956	548	0	0	166	382	4	378	1
PCT7324	MV	587	260	0	0	60	200	0	200	0
PCT7324	ED	150	135	0	0	50	85	2	83	0
PCT7324	TO	737	395	0	0	110	285	2	283	0
PCT7325	MV	714	328	0	0	89	239	0	239	0
PCT7325	ED	172	181	0	0	63	118	5	113	0
PCT7325	TO	886	509	0	0	152	357	5	352	0
PCT7326	MV	685	304	0	0	87	217	0	217	0
PCT7326	ED	174	187	0	0	69	118	0	118	0
PCT7326	TO	859	491	0	0	156	335	0	335	0
PCT7327	MV	561	230	0	0	61	169	0	169	0
PCT7327	ED	126	59	0	0	21	38	0	38	0
PCT7327	TO	687	289	0	0	82	207	0	207	0
PCT7328	MV	829	333	0	0	86	247	0	247	0
PCT7328	ED	173	85	0	0	36	49	2	47	0
PCT7328	TO	1002	418	0	0	122	296	2	294	0
PCT7329	MV	556	228	0	0	60	168	0	168	0
PCT7329	ED	95	105	0	0	39	66	0	66	0
PCT7329	TO	651	333	0	0	99	234	0	234	0
PCT7331	MV	710	363	0	0	102	261	0	261	0
PCT7331	ED	160	170	0	0	63	107	3	104	0
PCT7331	TO	870	533	0	0	165	368	3	365	0
PCT7332	MV	654	265	0	0	87	178	1	177	1
PCT7332	ED	136	173	0	0	62	111	3	108	0
PCT7332	TO	790	438	0	0	149	289	4	285	1
PCT7333	MV	822	392	0	0	121	271	1	270	1
PCT7333	ED	193	241	0	0	74	167	2	165	0
PCT7333	TO	1015	633	0	0	195	438	3	435	1
PCT7334	MV	688	307	0	0	90	217	0	217	0
PCT7334	ED	131	169	0	0	52	117	0	117	0
PCT7334	TO	819	476	0	0	142	334	0	334	0
PCT7335	MV	788	390	0	0	145	245	0	245	0
PCT7335	ED	146	217	0	0	69	148	1	147	0
PCT7335	TO	934	607	0	0	214	393	1	392	0
PCT7336	MV	779	405	0	0	136	269	1	268	1
PCT7336	ED	175	189	0	0	78	111	3	108	0
PCT7336	TO	954	594	0	0	214	380	4	376	1
PCT7337	MV	772	387	0	0	143	244	0	244	0
PCT7337	ED	125	143	0	0	49	94	1	93	0
PCT7337	TO	897	530	0	0	192	338	1	337	0
PCT7338	MV	770	360	0	0	99	261	0	261	0
PCT7338	ED	125	104	0	0	29	75	0	75	0
PCT7338	TO	895	464	0	0	128	336	0	336	0
PCT7339	MV	605	270	0	0	81	189	0	189	0
PCT7339	ED	150	149	0	0	44	105	2	103	0
PCT7339	TO	755	419	0	0	125	294	2	292	0
PCT7341	MV	675	292	0	0	88	204	0	204	0
PCT7341	ED	178	183	0	0	56	127	2	125	0
PCT7341	TO	853	475	0	0	144	331	2	329	0
PCT7342	MV	674	326	0	0	97	229	1	228	1
PCT7342	ED	230	269	0	0	85	184	5	179	0
PCT7342	TO	904	595	0	0	182	413	6	407	1
PCT7343	MV	554	253	0	0	62	191	0	191	0
PCT7343	ED	150	176	0	0	55	121	2	119	0
PCT7343	TO	704	429	0	0	117	312	2	310	0
PCT7344	MV	863	393	0	0	122	271	0	271	0
PCT7344	ED	201	237	0	0	67	170	7	163	0
PCT7344	TO	1064	630	0	0	189	441	7	434	0
PCT7345	MV	904	434	0	0	124	310	0	310	0
PCT7345	ED	210	253	0	0	80	173	7	166	0
PCT7345	TO	1114	687	0	0	204	483	7	476	0
PCT7346	MV	681	288	0	0	95	193	0	193	0
PCT7346	ED	208	208	0	0	66	142	2	140	0
PCT7346	TO	889	496	0	0	161	335	2	333	0
PCT7347	MV	833	371	0	0	110	261	0	261	0
PCT7347	ED	170	190	0	0	76	114	4	110	0
PCT7347	TO	1003	561	0	0	186	375	4	371	0
PCT7348	MV	650	279	0	0	82	197	1	196	1
PCT7348	ED	193	157	0	0	51	106	6	100	0
PCT7348	TO	843	436	0	0	133	303	7	296	1
PCT7349	MV	710	318	0	0	97	221	0	221	0
PCT7349	ED	202	178	0	0	74	104	0	104	0
PCT7349	TO	912	496	0	0	171	325	0	325	0
PCT7501	MV	456	248	0	0	92	156	0	156	0
PCT7501	ED	95	127	0	0	40	87	0	87	0
PCT7501	TO	551	375	0	0	132	243	0	243	0
PCT7502	MV	669	318	0	0	112	206	0	206	0
PCT7502	ED	120	167	0	0	66	101	2	99	0
PCT7502	TO	789	485	0	0	178	307	2	305	0
PCT7503	MV	614	286	0	0	78	208	0	208	0
PCT7503	ED	148	163	0	0	62	101	4	97	0
PCT7503	TO	762	449	0	0	140	309	4	305	0
PCT7504	MV	404	175	0	0	46	129	0	129	0
PCT7504	ED	84	92	0	0	22	70	1	69	0
PCT7504	TO	488	267	0	0	68	199	1	198	0
PCT7505	MV	729	406	0	0	92	314	0	314	0
PCT7505	ED	133	143	0	0	43	100	1	99	0
PCT7505	TO	862	549	0	0	135	414	1	413	0
PCT7506	MV	842	365	0	0	118	247	0	247	0
PCT7506	ED	158	206	0	0	66	140	0	140	0
PCT7506	TO	1000	571	0	0	184	387	0	387	0
PCT7507	MV	694	291	0	0	81	210	0	210	0
PCT7507	ED	262	155	0	0	49	106	2	104	0
PCT7507	TO	956	446	0	0	130	316	2	314	0
PCT7508	MV	618	375	0	0	122	253	0	253	0
PCT7508	ED	126	131	0	0	42	89	3	86	0
PCT7508	TO	744	506	0	0	164	342	3	339	0
PCT7509	MV	756	399	0	0	106	293	0	293	0
PCT7509	ED	173	184	0	0	48	136	3	133	0
PCT7509	TO	929	583	0	0	154	429	3	426	0
PCT7512	MV	476	248	0	0	91	157	0	157	0
PCT7512	ED	124	118	0	0	49	69	2	67	0
PCT7512	TO	600	366	0	0	140	226	2	224	0
PCT7513	MV	575	248	0	0	70	178	0	178	0
PCT7513	ED	231	159	0	0	56	103	2	101	0
PCT7513	TO	806	407	0	0	126	281	2	279	0
PCT7514	MV	709	242	0	0	67	175	0	175	0
PCT7514	ED	207	100	0	0	42	58	1	57	0
PCT7514	TO	916	342	0	0	109	233	1	232	0
PCT7515	MV	664	323	0	0	92	231	0	231	0
PCT7515	ED	200	131	0	0	42	89	2	87	0
PCT7515	TO	864	454	0	0	134	320	2	318	0
PCT7516	MV	773	424	0	0	128	296	0	296	0
PCT7516	ED	147	152	0	0	48	104	2	102	0
PCT7516	TO	920	576	0	0	176	400	2	398	0
PCT7517	MV	645	362	0	0	117	245	0	245	0
PCT7517	ED	223	265	0	0	99	166	1	165	0
PCT7517	TO	868	627	0	0	216	411	1	410	0
PCT7518	MV	708	395	0	0	131	264	0	264	0
PCT7518	ED	218	273	0	0	97	176	4	172	0
PCT7518	TO	926	668	0	0	228	440	4	436	0
PCT7519	MV	543	261	0	0	85	176	0	176	0
PCT7519	ED	172	194	0	0	63	131	1	130	0
PCT7519	TO	715	455	0	0	148	307	1	306	0
PCT7521	MV	597	323	0	0	103	220	0	220	0
PCT7521	ED	182	222	0	0	72	150	4	146	0
PCT7521	TO	779	545	0	0	175	370	4	366	0
PCT7522	MV	588	302	0	0	94	208	0	208	0
PCT7522	ED	171	221	0	0	86	135	2	133	0
PCT7522	TO	759	523	0	0	180	343	2	341	0
PCT7523	MV	564	285	0	0	89	196	0	196	0
PCT7523	ED	180	247	0	0	67	180	4	176	0
PCT7523	TO	744	532	0	0	156	376	4	372	0
PCT7524	MV	481	228	0	0	81	147	0	147	0
PCT7524	ED	143	152	0	0	39	113	3	110	0
PCT7524	TO	624	380	0	0	120	260	3	257	0
PCT7525	MV	594	247	0	0	97	150	0	150	0
PCT7525	ED	170	158	0	0	49	109	3	106	0
PCT7525	TO	764	405	0	0	146	259	3	256	0
PCT7526	MV	826	397	0	0	107	290	0	290	0
PCT7526	ED	162	258	0	0	97	161	3	158	0
PCT7526	TO	988	655	0	0	204	451	3	448	0
PCT7527	MV	538	296	0	0	106	190	0	190	0
PCT7527	ED	172	157	0	0	52	105	4	101	0
PCT7527	TO	710	453	0	0	158	295	4	291	0
PCT7529	MV	749	367	0	0	122	245	0	245	0
PCT7529	ED	154	259	0	0	97	162	6	156	0
PCT7529	TO	903	626	0	0	219	407	6	401	0
PCT7531	MV	714	336	0	0	102	234	0	234	0
PCT7531	ED	159	211	0	0	73	138	1	137	0
PCT7531	TO	873	547	0	0	175	372	1	371	0
PCT7532	MV	668	330	0	0	98	232	0	232	0
PCT7532	ED	167	225	0	0	80	145	2	143	0
PCT7532	TO	835	555	0	0	178	377	2	375	0
PCT7533	MV	776	405	0	0	158	247	0	247	0
PCT7533	ED	194	285	0	0	104	181	4	177	0
PCT7533	TO	970	690	0	0	262	428	4	424	0
PCT7534	MV	670	377	0	0	136	241	0	241	0
PCT7534	ED	233	259	0	0	92	167	3	164	0
PCT7534	TO	903	636	0	0	228	408	3	405	0
PCT7535	MV	606	303	0	0	93	210	0	210	0
PCT7535	ED	139	218	0	0	83	135	3	132	0
PCT7535	TO	745	521	0	0	176	345	3	342	0
PCT7536	MV	670	347	0	0	124	223	0	223	0
PCT7536	ED	163	231	0	0	93	138	4	134	0
PCT7536	TO	833	578	0	0	217	361	4	357	0
PCT7537	MV	619	302	0	0	96	206	0	206	0
PCT7537	ED	126	221	0	0	71	150	3	147	0
PCT7537	TO	745	523	0	0	167	356	3	353	0
PCT7538	MV	562	324	0	0	91	233	0	233	0
PCT7538	ED	189	233	0	0	88	145	1	144	0
PCT7538	TO	751	557	0	0	179	378	1	377	0
PCT7539	MV	696	376	0	0	120	256	0	256	0
PCT7539	ED	225	277	0	0	111	166	3	163	0
PCT7539	TO	921	653	0	0	231	422	3	419	0
PCT7541	MV	601	296	0	0	95	201	0	201	0
PCT7541	ED	169	235	0	0	91	144	3	141	0
PCT7541	TO	770	531	0	0	186	345	3	342	0
PCT7542	MV	632	325	0	0	98	227	1	226	1
PCT7542	ED	192	222	0	0	66	156	7	149	0
PCT7542	TO	824	547	0	0	164	383	8	375	1
PCT7543	MV	694	373	0	0	83	290	0	290	0
PCT7543	ED	230	190	0	0	72	118	3	115	0
PCT7543	TO	924	563	0	0	155	408	3	405	0
PCT7544	MV	731	389	0	0	113	276	0	276	0
PCT7544	ED	168	232	0	0	81	151	1	150	0
PCT7544	TO	899	621	0	0	194	427	1	426	0
PCT7545	MV	723	386	0	0	122	264	0	264	0
PCT7545	ED	172	211	0	0	78	133	5	128	0
PCT7545	TO	895	597	0	0	200	397	5	392	0
PCT7546	MV	770	419	0	0	130	289	0	289	0
PCT7546	ED	183	277	0	0	105	172	2	170	0
PCT7546	TO	953	696	0	0	235	461	2	459	0
PCT7547	MV	799	427	0	0	145	282	0	282	0
PCT7547	ED	182	267	0	0	104	163	2	161	0
PCT7547	TO	981	694	0	0	249	445	2	443	0
PCT7548	MV	803	450	0	0	146	304	0	304	0
PCT7548	ED	248	279	0	0	96	183	1	182	0
PCT7548	TO	1051	729	0	0	242	487	1	486	0
PCT7549	MV	660	359	0	0	116	243	0	243	0
PCT7549	ED	146	199	0	0	70	129	4	125	0
PCT7549	TO	806	558	0	0	186	372	4	368	0
PCT7551	MV	587	304	0	0	97	207	0	207	0
PCT7551	ED	136	233	0	0	76	157	6	151	0
PCT7551	TO	723	537	0	0	173	364	6	358	0
PCT7552	MV	561	289	0	0	97	192	0	192	0
PCT7552	ED	124	185	0	0	71	114	0	114	0
PCT7552	TO	685	474	0	0	168	306	0	306	0
PCT7553	MV	211	96	0	0	37	59	0	59	0
PCT7553	ED	-20	19	0	0	14	5	0	5	0
PCT7553	TO	191	115	0	0	51	64	0	64	0
PCT7554	MV	653	382	0	0	124	258	0	258	0
PCT7554	ED	168	226	0	0	79	147	2	145	0
PCT7554	TO	821	608	0	0	203	405	2	403	0
PCT7555	MV	662	418	0	0	147	271	0	271	0
PCT7555	ED	210	258	0	0	76	182	7	175	0
PCT7555	TO	872	676	0	0	223	453	7	446	0
PCT7556	MV	812	514	0	0	142	372	0	372	0
PCT7556	ED	154	236	0	0	74	162	6	156	0
PCT7556	TO	966	750	0	0	216	534	6	528	0
PCT7601	MV	485	207	0	0	53	154	0	154	0
PCT7601	ED	192	125	0	0	47	78	4	74	0
PCT7601	TO	677	332	0	0	100	232	4	228	0
PCT7602	MV	654	277	0	0	74	203	0	203	0
PCT7602	ED	232	149	0	0	53	96	3	93	0
PCT7602	TO	886	426	0	0	127	299	3	296	0
PCT7603	MV	615	296	0	0	101	195	0	195	0
PCT7603	ED	200	207	0	0	70	137	3	134	0
PCT7603	TO	815	503	0	0	171	332	3	329	0
PCT7604	MV	685	270	0	0	62	208	0	208	0
PCT7604	ED	259	186	0	0	68	118	5	113	0
PCT7604	TO	944	456	0	0	130	326	5	321	0
PCT7605	MV	468	192	0	0	62	130	0	130	0
PCT7605	ED	193	97	0	0	33	64	5	59	0
PCT7605	TO	661	289	0	0	95	194	5	189	0
PCT7606	MV	673	267	0	0	84	183	0	183	0
PCT7606	ED	210	123	0	0	43	80	1	79	0
PCT7606	TO	883	390	0	0	127	263	1	262	0
PCT7607	MV	712	288	0	0	87	201	0	201	0
PCT7607	ED	207	142	0	0	44	98	1	97	0
PCT7607	TO	919	430	0	0	131	299	1	298	0
PCT7608	MV	279	96	0	0	17	79	0	79	0
PCT7608	ED	101	28	0	0	7	21	1	20	0
PCT7608	TO	380	124	0	0	24	100	1	99	0
PCT7609	MV	699	287	0	0	52	235	0	235	0
PCT7609	ED	185	76	0	0	24	52	2	50	0
PCT7609	TO	884	363	0	0	76	287	2	285	0
PCT7611	MV	586	236	0	0	55	181	0	181	0
PCT7611	ED	202	69	0	0	17	52	2	50	0
PCT7611	TO	788	305	0	0	72	233	2	231	0
PCT7612	MV	452	216	0	0	60	156	0	156	0
PCT7612	ED	105	60	0	0	20	40	0	40	0
PCT7612	TO	557	276	0	0	80	196	0	196	0
PCT7613	MV	634	244	0	0	78	166	0	166	0
PCT7613	ED	249	122	0	0	38	84	3	81	0
PCT7613	TO	883	366	0	0	116	250	3	247	0
PCT7614	MV	713	254	0	0	73	181	0	181	0
PCT7614	ED	203	130	0	0	45	85	2	83	0
PCT7614	TO	916	384	0	0	118	266	2	264	0
PCT7615	MV	510	165	0	0	34	131	0	131	0
PCT7615	ED	240	91	0	0	29	62	1	61	0
PCT7615	TO	750	256	0	0	63	193	1	192	0
PCT7616	MV	754	332	0	0	107	225	1	224	1
PCT7616	ED	82	189	0	0	79	110	2	108	0
PCT7616	TO	836	521	0	0	186	335	3	332	1
PCT7617	MV	583	222	0	0	82	140	1	139	1
PCT7617	ED	169	78	0	0	32	46	1	45	0
PCT7617	TO	752	300	0	0	114	186	2	184	1
PCT7618	MV	763	365	0	0	108	257	0	257	0
PCT7618	ED	151	141	0	0	52	89	2	87	0
PCT7618	TO	914	506	0	0	160	346	2	344	0
PCT7619	MV	938	439	0	0	144	295	0	295	0
PCT7619	ED	169	206	0	0	74	132	2	130	0
PCT7619	TO	1107	645	0	0	218	427	2	425	0
PCT7621	MV	1006	443	0	0	112	331	0	331	0
PCT7621	ED	149	184	0	0	59	125	5	120	0
PCT7621	TO	1155	627	0	0	171	456	5	451	0
PCT7622	MV	697	216	0	0	70	146	0	146	0
PCT7622	ED	263	127	0	0	49	78	2	76	0
PCT7622	TO	960	343	0	0	119	224	2	222	0
PCT7623	MV	767	256	0	0	65	191	0	191	0
PCT7623	ED	237	167	0	0	62	105	4	101	0
PCT7623	TO	1004	423	0	0	127	296	4	292	0
PCT7624	MV	652	210	0	0	44	166	0	166	0
PCT7624	ED	223	114	0	0	45	69	2	67	0
PCT7624	TO	875	324	0	0	89	235	2	233	0
PCT7625	MV	749	396	0	0	113	283	0	283	0
PCT7625	ED	73	48	0	0	10	38	0	38	0
PCT7625	TO	822	444	0	0	123	321	0	321	0
PCT7626	MV	945	403	0	0	116	287	0	287	0
PCT7626	ED	128	164	0	0	37	127	2	125	0
PCT7626	TO	1073	567	0	0	153	414	2	412	0
PCT7627	MV	457	196	0	0	78	118	0	118	0
PCT7627	ED	67	80	0	0	30	50	2	48	0
PCT7627	TO	524	276	0	0	108	168	2	166	0
PCT7628	MV	718	333	0	0	100	233	0	233	0
PCT7628	ED	220	184	0	0	67	117	3	114	0
PCT7628	TO	938	517	0	0	167	350	3	347	0
PCT7629	MV	691	276	0	0	99	177	0	177	0
PCT7629	ED	162	156	0	0	43	113	0	113	0
PCT7629	TO	853	432	0	0	142	290	0	290	0
PCT7631	MV	1009	442	0	0	121	321	0	321	0
PCT7631	ED	210	213	0	0	82	131	3	128	0
PCT7631	TO	1219	655	0	0	203	452	3	449	0
PCT7632	MV	1002	414	0	0	136	278	0	278	0
PCT7632	ED	169	236	0	0	80	156	8	148	1
PCT7632	TO	1171	650	0	0	216	434	8	426	1
PCT7633	MV	609	278	0	0	71	207	0	207	0
PCT7633	ED	126	124	0	0	46	78	3	75	0
PCT7633	TO	735	402	0	0	117	285	3	282	0
PCT7634	MV	704	344	0	0	97	247	0	247	0
PCT7634	ED	186	154	0	0	45	109	5	104	0
PCT7634	TO	890	498	0	0	142	356	5	351	0
PCT7635	MV	665	274	0	0	65	209	0	209	0
PCT7635	ED	188	145	0	0	51	94	1	93	0
PCT7635	TO	853	419	0	0	116	303	1	302	0
PCT7636	MV	798	331	0	0	101	230	0	230	0
PCT7636	ED	161	188	0	0	61	127	1	126	0
PCT7636	TO	959	519	0	0	162	357	1	356	0
PCT7637	MV	747	344	0	0	106	238	0	238	0
PCT7637	ED	121	169	0	0	58	111	1	110	0
PCT7637	TO	868	513	0	0	164	349	1	348	0
PCT7638	MV	806	374	0	0	130	244	0	244	0
PCT7638	ED	83	148	0	0	53	95	1	94	0
PCT7638	TO	889	522	0	0	183	339	1	338	0
PCT7639	MV	889	397	0	0	127	270	0	270	0
PCT7639	ED	133	175	0	0	67	108	2	106	0
PCT7639	TO	1022	572	0	0	194	378	2	376	0
PCT7641	MV	817	401	0	0	112	289	1	288	1
PCT7641	ED	134	158	0	0	49	109	2	107	0
PCT7641	TO	951	559	0	0	161	398	3	395	1
PCT7642	MV	647	314	0	0	108	206	1	205	1
PCT7642	ED	118	156	0	0	67	89	2	87	0
PCT7642	TO	765	470	0	0	175	295	3	292	1
PCT7643	MV	810	434	0	0	111	323	0	323	0
PCT7643	ED	131	135	0	0	40	95	4	91	1
PCT7643	TO	941	569	0	0	151	418	4	414	1
PCT7644	MV	1014	404	0	0	106	298	0	298	0
PCT7644	ED	162	233	0	0	72	161	2	159	0
PCT7644	TO	1176	637	0	0	178	459	2	457	0
PCT7645	MV	595	286	0	0	90	196	0	196	0
PCT7645	ED	61	112	0	0	38	74	1	73	0
PCT7645	TO	656	398	0	0	128	270	1	269	0
PCT7646	MV	1032	485	0	0	133	352	0	352	0
PCT7646	ED	121	251	0	0	89	162	3	159	0
PCT7646	TO	1153	736	0	0	222	514	3	511	0
PCT7647	MV	724	212	0	0	65	147	0	147	0
PCT7647	ED	263	147	0	0	54	93	6	87	0
PCT7647	TO	987	359	0	0	119	240	6	234	0
PCT7648	MV	2	1	0	0	1	0	0	0	0
PCT7648	TO	2	1	0	0	1	0	0	0	0
PCT7649	MV	724	286	0	0	75	211	0	211	0
PCT7649	ED	176	150	0	0	43	107	1	106	0
PCT7649	TO	900	436	0	0	118	318	1	317	0
PCT7651	MV	834	334	0	0	92	242	0	242	0
PCT7651	ED	113	168	0	0	72	96	0	96	0
PCT7651	TO	947	502	0	0	164	338	0	338	0
PCT7652	MV	535	209	0	0	68	141	0	141	0
PCT7652	ED	100	122	0	0	43	79	0	79	0
PCT7652	TO	635	331	0	0	111	220	0	220	0
PCT7653	MV	750	337	0	0	101	236	0	236	0
PCT7653	ED	89	146	0	0	61	85	1	84	0
PCT7653	TO	839	483	0	0	162	321	1	320	0
PCT7654	MV	413	191	0	0	46	145	0	145	0
PCT7654	ED	53	105	0	0	35	70	1	69	0
PCT7654	TO	466	296	0	0	81	215	1	214	0
PCT7655	MV	583	216	0	0	57	159	0	159	0
PCT7655	ED	96	127	0	0	41	86	0	86	0
PCT7655	TO	679	343	0	0	98	245	0	245	0
PCT7656	MV	603	309	0	0	110	199	0	199	0
PCT7656	ED	35	81	0	0	36	45	0	45	0
PCT7656	TO	638	390	0	0	146	244	0	244	0
PCT7657	MV	561	270	0	0	68	202	0	202	0
PCT7657	ED	37	109	0	0	46	63	0	63	0
PCT7657	TO	598	379	0	0	114	265	0	265	0
PCT7701	MV	869	482	0	0	145	337	0	337	0
PCT7701	ED	195	250	0	0	73	177	4	173	0
PCT7701	TO	1064	732	0	0	218	514	4	510	0
PCT7702	MV	623	378	0	0	121	257	0	257	0
PCT7702	ED	133	146	0	0	59	87	4	83	0
PCT7702	TO	756	524	0	0	180	344	4	340	0
PCT7703	MV	187	71	0	0	16	55	0	55	0
PCT7703	ED	-13	1	0	0	0	1	0	1	0
PCT7703	TO	174	72	0	0	16	56	0	56	0
PCT7704	MV	798	491	0	0	154	337	0	337	0
PCT7704	ED	204	221	0	0	88	133	2	131	0
PCT7704	TO	1002	712	0	0	242	470	2	468	0
PCT7705	MV	470	286	0	0	87	199	0	199	0
PCT7705	ED	125	148	0	0	51	97	2	95	0
PCT7705	TO	595	434	0	0	138	296	2	294	0
PCT7706	MV	687	451	0	0	155	296	1	295	1
PCT7706	ED	179	198	0	0	52	146	6	140	0
PCT7706	TO	866	649	0	0	207	442	7	435	1
PCT7707	MV	683	432	0	0	112	320	0	320	0
PCT7707	ED	189	226	0	0	63	163	2	161	0
PCT7707	TO	872	658	0	0	175	483	2	481	0
PCT7708	MV	710	462	0	0	131	331	0	331	0
PCT7708	ED	165	192	0	0	51	141	3	138	0
PCT7708	TO	875	654	0	0	182	472	3	469	0
PCT7709	MV	324	194	0	0	49	145	1	144	1
PCT7709	ED	82	107	0	0	36	71	5	66	0
PCT7709	TO	406	301	0	0	85	216	6	210	1
PCT7711	MV	658	380	0	0	117	263	0	263	0
PCT7711	ED	153	162	0	0	49	113	2	111	0
PCT7711	TO	811	542	0	0	166	376	2	374	0
PCT7712	MV	425	259	0	0	91	168	0	168	0
PCT7712	ED	107	135	0	0	50	85	2	83	0
PCT7712	TO	532	394	0	0	141	253	2	251	0
PCT7801	MV	824	487	0	0	159	328	1	327	1
PCT7801	ED	150	249	0	0	84	165	1	164	0
PCT7801	TO	974	736	0	0	243	493	2	491	1
PCT7802	MV	647	402	0	0	128	274	0	274	0
PCT7802	ED	151	211	0	0	64	147	5	142	0
PCT7802	TO	798	613	0	0	192	421	5	416	0
PCT7803	MV	718	476	0	0	144	332	1	331	1
PCT7803	ED	113	160	0	0	52	108	0	108	0
PCT7803	TO	831	636	0	0	196	440	1	439	1
PCT7804	MV	734	463	0	0	143	320	0	320	0
PCT7804	ED	151	246	0	0	81	165	3	162	0
PCT7804	TO	885	709	0	0	224	485	3	482	0
PCT7805	MV	644	402	0	0	127	275	0	275	0
PCT7805	ED	156	216	0	0	66	150	5	145	0
PCT7805	TO	800	618	0	0	193	425	5	420	0
PCT7806	MV	602	362	0	0	98	264	0	264	0
PCT7806	ED	153	208	0	0	69	139	3	136	0
PCT7806	TO	755	570	0	0	167	403	3	400	0
PCT7807	MV	642	363	0	0	112	251	0	251	0
PCT7807	ED	185	247	0	0	85	162	2	160	0
PCT7807	TO	827	610	0	0	197	413	2	411	0
PCT7808	MV	525	297	0	0	98	199	0	199	0
PCT7808	ED	129	170	0	0	55	115	2	113	0
PCT7808	TO	654	467	0	0	153	314	2	312	0
PCT7809	MV	624	352	0	0	111	241	1	240	1
PCT7809	ED	140	184	0	0	67	117	0	117	0
PCT7809	TO	764	536	0	0	178	358	1	357	1
PCT7811	MV	582	311	0	0	102	209	0	209	0
PCT7811	ED	176	217	0	0	66	151	0	151	0
PCT7811	TO	758	528	0	0	168	360	0	360	0
PCT7812	MV	680	371	0	0	113	258	0	258	0
PCT7812	ED	217	232	0	0	75	157	6	151	0
PCT7812	TO	897	603	0	0	188	415	6	409	0
PCT7813	MV	843	486	0	0	142	344	0	344	0
PCT7813	ED	225	299	0	0	92	207	4	203	0
PCT7813	TO	1068	785	0	0	234	551	4	547	0
PCT7814	MV	660	281	0	0	83	198	0	198	0
PCT7814	ED	241	191	0	0	70	121	4	117	0
PCT7814	TO	901	472	0	0	153	319	4	315	0
PCT7815	MV	749	465	0	0	126	339	0	339	0
PCT7815	ED	168	231	0	0	50	181	2	179	0
PCT7815	TO	917	696	0	0	176	520	2	518	0
PCT7816	MV	724	475	0	0	110	365	0	365	0
PCT7816	ED	148	213	0	0	71	142	0	142	0
PCT7816	TO	872	688	0	0	181	507	0	507	0
PCT7817	MV	652	396	0	0	108	288	0	288	0
PCT7817	ED	186	236	0	0	67	169	4	165	0
PCT7817	TO	838	632	0	0	175	457	4	453	0
PCT7818	MV	668	393	0	0	113	280	0	280	0
PCT7818	ED	171	205	0	0	58	147	3	144	0
PCT7818	TO	839	598	0	0	171	427	3	424	0
PCT7819	MV	635	353	0	0	83	270	1	269	1
PCT7819	ED	139	183	0	0	62	121	2	119	0
PCT7819	TO	774	536	0	0	145	391	3	388	1
PCT7821	MV	806	520	0	0	155	365	0	365	0
PCT7821	ED	170	249	0	0	85	164	3	161	0
PCT7821	TO	976	769	0	0	240	529	3	526	0
PCT7822	MV	673	396	0	0	101	295	0	295	0
PCT7822	ED	219	258	0	0	83	175	2	173	0
PCT7822	TO	892	654	0	0	184	470	2	468	0
PCT7823	MV	706	411	0	0	104	307	0	307	0
PCT7823	ED	177	273	0	0	85	188	1	187	0
PCT7823	TO	883	684	0	0	189	495	1	494	0
PCT7824	MV	615	338	0	0	101	237	0	237	0
PCT7824	ED	153	219	0	0	69	150	0	150	0
PCT7824	TO	768	557	0	0	170	387	0	387	0
PCT7825	MV	457	252	0	0	74	178	0	178	0
PCT7825	ED	151	186	0	0	57	129	3	126	0
PCT7825	TO	608	438	0	0	131	307	3	304	0
PCT7826	MV	486	263	0	0	83	180	0	180	0
PCT7826	ED	204	227	0	0	75	152	3	149	0
PCT7826	TO	690	490	0	0	158	332	3	329	0
PCT7827	MV	609	320	0	0	107	213	0	213	0
PCT7827	ED	217	222	0	0	84	138	3	135	0
PCT7827	TO	826	542	0	0	191	351	3	348	0
PCT7828	MV	857	479	0	0	119	360	0	360	0
PCT7828	ED	171	251	0	0	82	169	1	168	0
PCT7828	TO	1028	730	0	0	201	529	1	528	0
PCT7829	MV	742	468	0	0	117	351	0	351	0
PCT7829	ED	149	203	0	0	57	146	4	142	0
PCT7829	TO	891	671	0	0	174	497	4	493	0
PCT7831	MV	763	486	0	0	151	335	0	335	0
PCT7831	ED	139	205	0	0	71	134	2	132	0
PCT7831	TO	902	691	0	0	222	469	2	467	0
PCT7832	MV	663	415	0	0	114	301	2	299	2
PCT7832	ED	118	170	0	0	52	118	2	116	0
PCT7832	TO	781	585	0	0	166	419	4	415	2
PCT7833	MV	587	345	0	0	115	230	0	230	0
PCT7833	ED	146	191	0	0	69	122	2	120	0
PCT7833	TO	733	536	0	0	184	352	2	350	0
PCT7834	MV	700	377	0	0	120	257	0	257	0
PCT7834	ED	194	257	0	0	98	159	4	155	0
PCT7834	TO	894	634	0	0	218	416	4	412	0
PCT7835	MV	721	430	0	0	123	307	0	307	0
PCT7835	ED	142	202	0	0	65	137	1	136	0
PCT7835	TO	863	632	0	0	188	444	1	443	0
PCT7836	MV	850	507	0	0	144	363	0	363	0
PCT7836	ED	193	232	0	0	74	158	3	155	0
PCT7836	TO	1043	739	0	0	218	521	3	518	0
PCT7837	MV	718	425	0	0	118	307	0	307	0
PCT7837	ED	205	264	0	0	71	193	0	193	0
PCT7837	TO	923	689	0	0	189	500	0	500	0
PCT7838	MV	752	494	0	0	137	357	0	357	0
PCT7838	ED	143	210	0	0	59	151	4	147	0
PCT7838	TO	895	704	0	0	196	508	4	504	0
PCT7839	MV	731	459	0	0	144	315	0	315	0
PCT7839	ED	130	201	0	0	67	134	0	134	0
PCT7839	TO	861	660	0	0	211	449	0	449	0
PCT7841	MV	752	459	0	0	156	303	0	303	0
PCT7841	ED	198	264	0	0	86	178	1	177	0
PCT7841	TO	950	723	0	0	242	481	1	480	0
PCT7842	MV	702	396	0	0	143	253	0	253	0
PCT7842	ED	177	243	0	0	76	167	4	163	0
PCT7842	TO	879	639	0	0	219	420	4	416	0
PCT7843	MV	546	296	0	0	97	199	0	199	0
PCT7843	ED	183	220	0	0	64	156	1	155	0
PCT7843	TO	729	516	0	0	161	355	1	354	0
PCT7844	MV	499	282	0	0	99	183	1	182	1
PCT7844	ED	152	187	0	0	65	122	5	117	0
PCT7844	TO	651	469	0	0	164	305	6	299	1
PCT7845	MV	676	405	0	0	90	315	0	315	0
PCT7845	ED	204	224	0	0	78	146	2	144	0
PCT7845	TO	880	629	0	0	168	461	2	459	0
PCT7846	MV	736	467	0	0	159	308	0	308	0
PCT7846	ED	172	234	0	0	72	162	1	161	0
PCT7846	TO	908	701	0	0	231	470	1	469	0
PCT7847	MV	698	432	0	0	147	285	0	285	0
PCT7847	ED	193	231	0	0	77	154	7	147	0
PCT7847	TO	891	663	0	0	224	439	7	432	0
PCT7848	MV	665	438	0	0	125	313	0	313	0
PCT7848	ED	182	226	0	0	67	159	2	157	0
PCT7848	TO	847	664	0	0	192	472	2	470	0
PCT7849	MV	729	443	0	0	150	293	0	293	0
PCT7849	ED	172	260	0	0	87	173	4	169	0
PCT7849	TO	901	703	0	0	237	466	4	462	0
PCT7851	MV	414	272	0	0	74	198	0	198	0
PCT7851	ED	112	118	0	0	33	85	0	85	0
PCT7851	TO	526	390	0	0	107	283	0	283	0
PCT7852	MV	533	351	0	0	95	256	0	256	0
PCT7852	ED	111	133	0	0	34	99	2	97	0
PCT7852	TO	644	484	0	0	129	355	2	353	0
PCT7853	MV	694	395	0	0	96	299	0	299	0
PCT7853	ED	161	196	0	0	55	141	1	140	0
PCT7853	TO	855	591	0	0	151	440	1	439	0
PCT7854	MV	703	430	0	0	126	304	0	304	0
PCT7854	ED	175	221	0	0	71	150	0	150	0
PCT7854	TO	878	651	0	0	197	454	0	454	0
PCT7855	MV	763	451	0	0	143	308	0	308	0
PCT7855	ED	211	263	0	0	84	179	2	177	0
PCT7855	TO	974	714	0	0	227	487	2	485	0
PCT7856	MV	643	378	0	0	87	291	0	291	0
PCT7856	ED	204	250	0	0	88	162	1	161	0
PCT7856	TO	847	628	0	0	175	453	1	452	0
PCT7857	MV	748	438	0	0	154	284	0	284	0
PCT7857	ED	158	220	0	0	87	133	3	130	0
PCT7857	TO	906	658	0	0	241	417	3	414	0
PCT7858	MV	622	351	0	0	89	262	1	261	1
PCT7858	ED	157	205	0	0	72	133	3	130	0
PCT7858	TO	779	556	0	0	161	395	4	391	1
PCT7859	MV	747	465	0	0	128	337	0	337	0
PCT7859	ED	152	224	0	0	77	147	0	147	0
PCT7859	TO	899	689	0	0	205	484	0	484	0
PCT7861	MV	699	435	0	0	119	316	0	316	0
PCT7861	ED	164	217	0	0	69	148	4	144	0
PCT7861	TO	863	652	0	0	188	464	4	460	0
PCT7862	MV	669	403	0	0	111	292	0	292	0
PCT7862	ED	195	241	0	0	78	163	2	161	0
PCT7862	TO	864	644	0	0	189	455	2	453	0
PCT7863	MV	693	376	0	0	114	262	0	262	0
PCT7863	ED	208	272	0	0	94	178	3	175	0
PCT7863	TO	901	648	0	0	208	440	3	437	0
PCT7864	MV	661	376	0	0	102	274	0	274	0
PCT7864	ED	153	208	0	0	54	154	4	150	0
PCT7864	TO	814	584	0	0	156	428	4	424	0
PCT7865	MV	677	410	0	0	132	278	0	278	0
PCT7865	ED	163	201	0	0	84	117	1	116	0
PCT7865	TO	840	611	0	0	216	395	1	394	0
PCT7866	MV	690	447	0	0	137	310	0	310	0
PCT7866	ED	158	192	0	0	53	139	4	135	0
PCT7866	TO	848	639	0	0	190	449	4	445	0
PCT7867	MV	766	475	0	0	120	355	1	354	1
PCT7867	ED	212	235	0	0	64	171	3	168	0
PCT7867	TO	978	710	0	0	184	526	4	522	1
PCT7868	MV	659	376	0	0	88	288	0	288	0
PCT7868	ED	217	219	0	0	60	159	7	152	0
PCT7868	TO	876	595	0	0	148	447	7	440	0
PCT7869	MV	683	445	0	0	134	311	0	311	0
PCT7869	ED	178	225	0	0	59	166	2	164	0
PCT7869	TO	861	670	0	0	193	477	2	475	0
PCT7871	MV	702	466	0	0	110	356	0	356	0
PCT7871	ED	200	198	0	0	65	133	4	129	0
PCT7871	TO	902	664	0	0	175	489	4	485	0
PCT7872	MV	675	422	0	0	142	280	0	280	0
PCT7872	ED	199	232	0	0	58	174	2	172	0
PCT7872	TO	874	654	0	0	200	454	2	452	0
PCT7873	MV	689	445	0	0	126	319	0	319	0
PCT7873	ED	202	256	0	0	78	178	3	175	0
PCT7873	TO	891	701	0	0	204	497	3	494	0
PCT7874	MV	370	191	0	0	57	134	0	134	0
PCT7874	ED	119	131	0	0	42	89	5	84	0
PCT7874	TO	489	322	0	0	99	223	5	218	0
PCT7875	MV	500	253	0	0	93	160	0	160	0
PCT7875	ED	147	158	0	0	49	109	0	109	0
PCT7875	TO	647	411	0	0	142	269	0	269	0
PCT7876	MV	462	258	0	0	82	176	0	176	0
PCT7876	ED	106	129	0	0	35	94	1	93	0
PCT7876	TO	568	387	0	0	117	270	1	269	0
PCT7901	MV	399	192	0	0	62	130	0	130	0
PCT7901	ED	150	104	0	0	30	74	1	73	0
PCT7901	TO	549	296	0	0	92	204	1	203	0
PCT7902	MV	680	291	0	0	88	203	0	203	0
PCT7902	ED	232	208	0	0	83	125	2	123	0
PCT7902	TO	912	499	0	0	171	328	2	326	0
PCT7903	MV	623	286	0	0	85	201	0	201	0
PCT7903	ED	229	196	0	0	83	113	1	112	0
PCT7903	TO	852	482	0	0	168	314	1	313	0
PCT7904	MV	680	299	0	0	97	202	1	201	1
PCT7904	ED	157	185	0	0	67	118	4	114	0
PCT7904	TO	837	484	0	0	164	320	5	315	1
PCT7905	MV	684	356	0	0	115	241	1	240	1
PCT7905	ED	191	226	0	0	85	141	4	137	0
PCT7905	TO	875	582	0	0	200	382	5	377	1
PCT7906	MV	599	283	0	0	78	205	0	205	0
PCT7906	ED	187	206	0	0	82	124	2	122	0
PCT7906	TO	786	489	0	0	160	329	2	327	0
PCT7907	MV	704	345	0	0	99	246	0	246	0
PCT7907	ED	238	251	0	0	89	162	4	158	0
PCT7907	TO	942	596	0	0	188	408	4	404	0
PCT7908	MV	752	366	0	0	119	247	0	247	0
PCT7908	ED	240	249	0	0	101	148	5	143	0
PCT7908	TO	992	615	0	0	220	395	5	390	0
PCT7909	MV	558	311	0	0	99	212	0	212	0
PCT7909	ED	185	179	0	0	53	126	8	118	0
PCT7909	TO	743	490	0	0	152	338	8	330	0
PCT7911	MV	666	323	0	0	110	213	0	213	0
PCT7911	ED	205	207	0	0	65	142	4	138	0
PCT7911	TO	871	530	0	0	175	355	4	351	0
PCT7912	MV	800	370	0	0	109	261	0	261	0
PCT7912	ED	259	262	0	0	116	146	5	141	0
PCT7912	TO	1059	632	0	0	225	407	5	402	0
PCT7913	MV	661	352	0	0	107	245	0	245	0
PCT7913	ED	262	302	0	0	113	189	7	182	0
PCT7913	TO	923	654	0	0	220	434	7	427	0
PCT7914	MV	716	391	0	0	122	269	0	269	0
PCT7914	ED	186	217	0	0	87	130	2	128	0
PCT7914	TO	902	608	0	0	209	399	2	397	0
PCT7915	MV	605	290	0	0	88	202	0	202	0
PCT7915	ED	238	249	0	0	89	160	4	156	0
PCT7915	TO	843	539	0	0	177	362	4	358	0
PCT7916	MV	639	338	0	0	114	224	0	224	0
PCT7916	ED	219	231	0	0	75	156	4	152	0
PCT7916	TO	858	569	0	0	189	380	4	376	0
PCT7917	MV	716	358	0	0	128	230	0	230	0
PCT7917	ED	271	261	0	0	90	171	5	166	0
PCT7917	TO	987	619	0	0	218	401	5	396	0
PCT7918	MV	597	297	0	0	95	202	0	202	0
PCT7918	ED	227	201	0	0	72	129	4	125	0
PCT7918	TO	824	498	0	0	167	331	4	327	0
PCT7919	MV	608	309	0	0	98	211	0	211	0
PCT7919	ED	258	250	0	0	91	159	1	158	0
PCT7919	TO	866	559	0	0	189	370	1	369	0
PCT7921	MV	682	310	0	0	99	211	0	211	0
PCT7921	ED	229	181	0	0	67	114	1	113	0
PCT7921	TO	911	491	0	0	166	325	1	324	0
PCT7922	MV	648	314	0	0	91	223	0	223	0
PCT7922	ED	210	246	0	0	91	155	1	154	0
PCT7922	TO	858	560	0	0	182	378	1	377	0
PCT7923	MV	666	338	0	0	117	221	0	221	0
PCT7923	ED	214	261	0	0	105	156	3	153	0
PCT7923	TO	880	599	0	0	222	377	3	374	0
PCT7924	MV	649	305	0	0	102	203	0	203	0
PCT7924	ED	202	190	0	0	73	117	0	117	0
PCT7924	TO	851	495	0	0	175	320	0	320	0
PCT7925	MV	434	227	0	0	74	153	0	153	0
PCT7925	ED	110	127	0	0	55	72	2	70	0
PCT7925	TO	544	354	0	0	129	225	2	223	0
PCT7926	MV	610	341	0	0	135	206	0	206	0
PCT7926	ED	178	199	0	0	58	141	6	135	0
PCT7926	TO	788	540	0	0	193	347	6	341	0
PCT7927	MV	580	335	0	0	121	214	0	214	0
PCT7927	ED	162	217	0	0	78	139	5	134	0
PCT7927	TO	742	552	0	0	199	353	5	348	0
PCT7928	MV	700	397	0	0	138	259	0	259	0
PCT7928	ED	217	276	0	0	77	199	9	190	1
PCT7928	TO	917	673	0	0	215	458	9	449	1
PCT7929	MV	678	424	0	0	127	297	0	297	0
PCT7929	ED	169	225	0	1	63	161	1	160	0
PCT7929	TO	847	649	0	1	190	458	1	457	0
PCT7931	MV	610	378	0	0	132	246	0	246	0
PCT7931	ED	141	187	0	0	49	138	3	135	0
PCT7931	TO	751	565	0	0	181	384	3	381	0
PCT7932	MV	443	277	0	0	75	202	0	202	0
PCT7932	ED	118	117	0	0	43	74	1	73	0
PCT7932	TO	561	394	0	0	118	276	1	275	0
PCT7933	MV	9	6	0	0	3	3	0	3	0
PCT7933	ED	-1	0	0	0	0	0	0	0	0
PCT7933	TO	8	6	0	0	3	3	0	3	0
PCT7934	MV	702	413	0	0	128	285	0	285	0
PCT7934	ED	182	201	0	0	77	124	1	123	0
PCT7934	TO	884	614	0	0	205	409	1	408	0
PCT7935	MV	716	440	0	0	149	291	0	291	0
PCT7935	ED	227	277	0	0	93	184	1	183	0
PCT7935	TO	943	717	0	0	242	475	1	474	0
PCT7936	MV	620	373	0	0	139	234	0	234	0
PCT7936	ED	236	271	0	0	95	176	5	171	0
PCT7936	TO	856	644	0	0	234	410	5	405	0
PCT7937	MV	698	406	0	0	117	289	0	289	0
PCT7937	ED	202	218	0	0	75	143	1	142	0
PCT7937	TO	900	624	0	0	192	432	1	431	0
PCT7938	MV	536	301	0	0	109	192	0	192	0
PCT7938	ED	215	153	0	0	56	97	3	94	0
PCT7938	TO	751	454	0	0	165	289	3	286	0
PCT7939	MV	481	292	0	0	88	204	0	204	0
PCT7939	ED	205	239	0	0	80	159	5	154	0
PCT7939	TO	686	531	0	0	168	363	5	358	0
PCT7941	MV	576	305	0	0	98	207	0	207	0
PCT7941	ED	196	201	0	0	67	134	1	133	0
PCT7941	TO	772	506	0	0	165	341	1	340	0
PCT7942	MV	658	333	0	0	97	236	0	236	0
PCT7942	ED	274	191	0	0	65	126	3	123	0
PCT7942	TO	932	524	0	0	162	362	3	359	0
PCT7943	MV	686	369	0	0	128	241	0	241	0
PCT7943	ED	214	241	0	0	79	162	3	159	0
PCT7943	TO	900	610	0	0	207	403	3	400	0
PCT7944	MV	584	343	0	0	108	235	0	235	0
PCT7944	ED	230	241	0	0	79	162	6	156	0
PCT7944	TO	814	584	0	0	187	397	6	391	0
PCT7945	MV	726	339	0	0	107	232	0	232	0
PCT7945	ED	228	137	0	0	44	93	2	91	0
PCT7945	TO	954	476	0	0	151	325	2	323	0
PCT7946	MV	779	369	0	0	94	275	0	275	0
PCT7946	ED	206	145	0	0	46	99	2	97	0
PCT7946	TO	985	514	0	0	140	374	2	372	0
PCT7947	MV	792	333	0	0	99	234	0	234	0
PCT7947	ED	194	150	0	0	59	91	1	90	0
PCT7947	TO	986	483	0	0	158	325	1	324	0
PCT7948	MV	730	375	0	0	122	253	0	253	0
PCT7948	ED	200	161	0	0	60	101	5	96	0
PCT7948	TO	930	536	0	0	182	354	5	349	0
PCT7949	MV	484	233	0	0	72	161	0	161	0
PCT7949	ED	106	84	0	0	22	62	1	61	0
PCT7949	TO	590	317	0	0	94	223	1	222	0
PCT7951	MV	731	366	0	0	132	234	0	234	0
PCT7951	ED	156	116	0	0	40	76	2	74	0
PCT7951	TO	887	482	0	0	172	310	2	308	0
PCT7952	MV	730	294	0	0	96	198	0	198	0
PCT7952	ED	182	132	0	0	45	87	2	85	0
PCT7952	TO	912	426	0	0	141	285	2	283	0
PCT7953	MV	669	331	0	0	94	237	0	237	0
PCT7953	ED	161	139	0	0	39	100	6	94	0
PCT7953	TO	830	470	0	0	133	337	6	331	0
PCT7955	MV	774	351	0	0	104	247	0	247	0
PCT7955	ED	173	142	0	0	49	93	7	86	0
PCT7955	TO	947	493	0	0	153	340	7	333	0
PCT7956	MV	699	267	0	0	76	191	0	191	0
PCT7956	ED	170	83	0	0	31	52	0	52	0
PCT7956	TO	869	350	0	0	107	243	0	243	0
PCT7957	MV	538	261	0	0	76	185	0	185	0
PCT7957	ED	135	120	0	0	38	82	2	80	0
PCT7957	TO	673	381	0	0	114	267	2	265	0
PCT7958	MV	320	108	0	0	33	75	0	75	0
PCT7958	ED	-23	14	0	0	7	7	0	7	0
PCT7958	TO	297	122	0	0	40	82	0	82	0
PCT7959	MV	541	230	0	0	67	163	0	163	0
PCT7959	ED	145	162	0	0	57	105	3	102	0
PCT7959	TO	686	392	0	0	124	268	3	265	0
CONG12	MV	355618	115045	0	0	34583	80462	31	80431	31
CONG12	ED	90230	61588	0	2	20763	40823	868	39955	4
CONG12	TO	445848	176633	0	2	55346	121285	899	120386	35
CONG14	MV	47257	0	0	0	0	0	0	0	0
CONG14	ED	10794	0	0	0	0	0	0	0	0
CONG14	TO	58051	0	0	0	0	0	0	0	0
ASSM17	MV	232806	115045	0	0	34583	80462	31	80431	31
ASSM17	ED	59616	61588	0	2	20763	40823	868	39955	4
ASSM17	TO	292422	176633	0	2	55346	121285	899	120386	35
SUPV1	MV	33870	99	0	0	21	78	0	78	0
SUPV1	ED	9246	9	0	0	2	7	0	7	0
SUPV1	TO	43116	108	0	0	23	85	0	85	0
SUPV2	MV	41436	2858	0	0	896	1962	0	1962	0
SUPV2	ED	8610	1498	0	0	545	953	14	939	0
SUPV2	TO	50046	4356	0	0	1441	2915	14	2901	0
SUPV3	MV	31944	14470	0	0	4367	10103	8	10095	8
SUPV3	ED	7433	7823	0	0	2627	5196	110	5086	1
SUPV3	TO	39377	22293	0	0	6994	15299	118	15181	9
SUPV5	MV	41973	16338	0	0	5137	11201	1	11200	1
SUPV5	ED	10927	9863	0	0	3441	6422	133	6289	0
SUPV5	TO	52900	26201	0	0	8578	17623	134	17489	1
SUPV6	MV	35758	15269	0	0	4427	10842	4	10838	4
SUPV6	ED	7937	7195	0	0	2506	4689	108	4581	2
SUPV6	TO	43695	22464	0	0	6933	15531	112	15419	6
SUPV7	MV	38893	3886	0	0	1178	2708	2	2706	2
SUPV7	ED	8550	1786	0	0	572	1214	32	1182	0
SUPV7	TO	47443	5672	0	0	1750	3922	34	3888	2
SUPV8	MV	46374	27447	0	0	8052	19395	9	19386	9
SUPV8	ED	11803	14951	0	0	4752	10199	168	10031	0
SUPV8	TO	58177	42398	0	0	12804	29594	177	29417	9
SUPV9	MV	33166	16841	0	0	5360	11481	2	11479	2
SUPV9	ED	10097	10028	0	1	3533	6494	161	6333	1
SUPV9	TO	43263	26869	0	1	8893	17975	163	17812	3
SUPV10	MV	33767	14052	0	0	4005	10047	5	10042	5
SUPV10	ED	9346	6672	0	1	2186	4485	106	4379	0
SUPV10	TO	43113	20724	0	1	6191	14532	111	14421	5
SUPV11	MV	30643	3785	0	0	1140	2645	0	2645	0
SUPV11	ED	8032	1763	0	0	599	1164	36	1128	0
SUPV11	TO	38675	5548	0	0	1739	3809	36	3773	0
NEIG1	MV	15466	5990	0	0	1589	4401	1	4400	1
NEIG1	ED	5019	2585	0	1	813	1771	42	1729	0
NEIG1	TO	20485	8575	0	1	2402	6172	43	6129	1
NEIG2	MV	14029	6299	0	0	1928	4371	4	4367	4
NEIG2	ED	3238	3333	0	0	1114	2219	42	2177	1
NEIG2	TO	17267	9632	0	0	3042	6590	46	6544	5
NEIG3	MV	22050	9525	0	0	2745	6780	6	6774	6
NEIG3	ED	5969	4972	0	0	1697	3275	85	3190	0
NEIG3	TO	28019	14497	0	0	4442	10055	91	9964	6
NEIG4	MV	5630	3506	0	0	939	2567	1	2566	1
NEIG4	ED	1430	1650	0	0	491	1159	23	1136	0
NEIG4	TO	7060	5156	0	0	1430	3726	24	3702	1
NEIG5	MV	22699	3785	0	0	1140	2645	0	2645	0
NEIG5	ED	5894	1763	0	0	599	1164	36	1128	0
NEIG5	TO	28593	5548	0	0	1739	3809	36	3773	0
NEIG6	MV	11528	5995	0	0	1968	4027	0	4027	0
NEIG6	ED	2334	3912	0	0	1378	2534	51	2483	0
NEIG6	TO	13862	9907	0	0	3346	6561	51	6510	0
NEIG8	MV	7628	837	0	0	277	560	0	560	0
NEIG8	ED	2030	444	0	0	163	281	6	275	0
NEIG8	TO	9658	1281	0	0	440	841	6	835	0
NEIG11	MV	33510	3710	0	0	1178	2532	0	2532	0
NEIG11	ED	5930	1955	0	0	713	1242	20	1222	0
NEIG11	TO	39440	5665	0	0	1891	3774	20	3754	0
NEIG12	MV	23576	11896	0	0	3733	8163	5	8158	5
NEIG12	ED	7429	7889	0	0	2844	5045	116	4929	0
NEIG12	TO	31005	19785	0	0	6577	13208	121	13087	5
NEIG14	MV	6791	4011	0	0	1335	2676	0	2676	0
NEIG14	ED	1942	2315	0	1	763	1551	35	1516	1
NEIG14	TO	8733	6326	0	1	2098	4227	35	4192	1
NEIG15	MV	5780	2686	0	0	821	1865	0	1865	0
NEIG15	ED	1308	1495	0	0	500	995	20	975	0
NEIG15	TO	7088	4181	0	0	1321	2860	20	2840	0
NEIG13	MV	13553	8197	0	0	2437	5760	0	5760	0
NEIG13	ED	3435	4440	0	0	1445	2995	45	2950	0
NEIG13	TO	16988	12637	0	0	3882	8755	45	8710	0
NEIG26	MV	7830	3541	0	0	1079	2462	0	2462	0
NEIG26	ED	1802	1384	0	0	471	913	30	883	0
NEIG26	TO	9632	4925	0	0	1550	3375	30	3345	0
NEIG16	MV	14623	6988	0	0	2057	4931	2	4929	2
NEIG16	ED	2733	3777	0	0	1282	2495	50	2445	1
NEIG16	TO	17356	10765	0	0	3339	7426	52	7374	3
NEIG19	MV	7164	4038	0	0	1287	2751	0	2751	0
NEIG19	ED	2407	2405	0	0	756	1649	35	1614	0
NEIG19	TO	9571	6443	0	0	2043	4400	35	4365	0
NEIG20	MV	20913	8934	0	0	2673	6261	2	6259	2
NEIG20	ED	4164	4203	0	0	1462	2741	59	2682	1
NEIG20	TO	25077	13137	0	0	4135	9002	61	8941	3
NEIG22	MV	15383	9329	0	0	2690	6639	4	6635	4
NEIG22	ED	3510	4898	0	0	1533	3365	49	3316	0
NEIG22	TO	18893	14227	0	0	4223	10004	53	9951	4
NEIG23	MV	6638	2426	0	0	698	1728	2	1726	2
NEIG23	ED	1850	937	0	0	312	625	20	605	0
NEIG23	TO	8488	3363	0	0	1010	2353	22	2331	2
NEIG24	MV	28440	3627	0	0	1087	2540	2	2538	2
NEIG24	ED	6934	1651	0	0	522	1129	30	1099	0
NEIG24	TO	35374	5278	0	0	1609	3669	32	3637	2
NEIG25	MV	23716	9725	0	0	2922	6803	2	6801	2
NEIG25	ED	7780	5580	0	0	1905	3675	74	3601	0
NEIG25	TO	31496	15305	0	0	4827	10478	76	10402	2
