{"Version":"5.2.18.2","List":[{"Description":"VBM BT 4","Id":1,"ExternalId":""},{"Description":"VBM BT 3","Id":2,"ExternalId":""},{"Description":"VBM BT 9","Id":3,"ExternalId":""},{"Description":"VBM BT 7","Id":4,"ExternalId":""},{"Description":"VBM BT 5","Id":5,"ExternalId":""},{"Description":"VBM BT 8","Id":6,"ExternalId":""},{"Description":"VBM BT 2","Id":7,"ExternalId":""},{"Description":"VBM BT 11","Id":8,"ExternalId":""},{"Description":"VBM BT 1","Id":9,"ExternalId":""},{"Description":"VBM BT 10","Id":10,"ExternalId":""},{"Description":"Poll BT 9","Id":11,"ExternalId":""},{"Description":"Poll BT 7","Id":12,"ExternalId":""},{"Description":"Poll BT 11","Id":13,"ExternalId":""},{"Description":"Poll BT 8","Id":14,"ExternalId":""},{"Description":"Poll BT 10","Id":15,"ExternalId":""},{"Description":"Poll BT 4","Id":16,"ExternalId":""},{"Description":"Poll BT 5","Id":17,"ExternalId":""},{"Description":"Poll BT 2","Id":18,"ExternalId":""},{"Description":"Poll BT 1","Id":19,"ExternalId":""},{"Description":"Poll BT 3","Id":20,"ExternalId":""},{"Description":"VBM BOE 2","Id":21,"ExternalId":""},{"Description":"VBM BOE 1","Id":22,"ExternalId":""},{"Description":"VBM BOE 3","Id":23,"ExternalId":""},{"Description":"Poll BOE 1","Id":24,"ExternalId":""},{"Description":"Poll BOE 3","Id":25,"ExternalId":""},{"Description":"Poll BOE 2","Id":26,"ExternalId":""},{"Description":"VBM BT 6","Id":27,"ExternalId":""},{"Description":"Poll BT 6","Id":28,"ExternalId":""}]}