{"Version":"5.2.18.2","List":[{"BallotTypeId":1,"ContestId":334},{"BallotTypeId":1,"ContestId":9},{"BallotTypeId":1,"ContestId":352},{"BallotTypeId":1,"ContestId":339},{"BallotTypeId":1,"ContestId":360},{"BallotTypeId":1,"ContestId":350},{"BallotTypeId":1,"ContestId":349},{"BallotTypeId":1,"ContestId":7},{"BallotTypeId":1,"ContestId":361},{"BallotTypeId":1,"ContestId":351},{"BallotTypeId":1,"ContestId":362},{"BallotTypeId":1,"ContestId":342},{"BallotTypeId":1,"ContestId":343},{"BallotTypeId":1,"ContestId":344},{"BallotTypeId":1,"ContestId":345},{"BallotTypeId":1,"ContestId":346},{"BallotTypeId":1,"ContestId":354},{"BallotTypeId":1,"ContestId":363},{"BallotTypeId":2,"ContestId":334},{"BallotTypeId":2,"ContestId":9},{"BallotTypeId":2,"ContestId":352},{"BallotTypeId":2,"ContestId":339},{"BallotTypeId":2,"ContestId":360},{"BallotTypeId":2,"ContestId":350},{"BallotTypeId":2,"ContestId":349},{"BallotTypeId":2,"ContestId":7},{"BallotTypeId":2,"ContestId":361},{"BallotTypeId":2,"ContestId":351},{"BallotTypeId":2,"ContestId":362},{"BallotTypeId":2,"ContestId":342},{"BallotTypeId":2,"ContestId":343},{"BallotTypeId":2,"ContestId":344},{"BallotTypeId":2,"ContestId":345},{"BallotTypeId":2,"ContestId":346},{"BallotTypeId":2,"ContestId":354},{"BallotTypeId":2,"ContestId":363},{"BallotTypeId":3,"ContestId":334},{"BallotTypeId":3,"ContestId":9},{"BallotTypeId":3,"ContestId":352},{"BallotTypeId":3,"ContestId":339},{"BallotTypeId":3,"ContestId":360},{"BallotTypeId":3,"ContestId":350},{"BallotTypeId":3,"ContestId":349},{"BallotTypeId":3,"ContestId":7},{"BallotTypeId":3,"ContestId":361},{"BallotTypeId":3,"ContestId":351},{"BallotTypeId":3,"ContestId":362},{"BallotTypeId":3,"ContestId":342},{"BallotTypeId":3,"ContestId":343},{"BallotTypeId":3,"ContestId":344},{"BallotTypeId":3,"ContestId":345},{"BallotTypeId":3,"ContestId":346},{"BallotTypeId":3,"ContestId":354},{"BallotTypeId":3,"ContestId":363},{"BallotTypeId":4,"ContestId":334},{"BallotTypeId":4,"ContestId":9},{"BallotTypeId":4,"ContestId":352},{"BallotTypeId":4,"ContestId":339},{"BallotTypeId":4,"ContestId":360},{"BallotTypeId":4,"ContestId":350},{"BallotTypeId":4,"ContestId":349},{"BallotTypeId":4,"ContestId":7},{"BallotTypeId":4,"ContestId":361},{"BallotTypeId":4,"ContestId":351},{"BallotTypeId":4,"ContestId":362},{"BallotTypeId":4,"ContestId":342},{"BallotTypeId":4,"ContestId":343},{"BallotTypeId":4,"ContestId":344},{"BallotTypeId":4,"ContestId":345},{"BallotTypeId":4,"ContestId":346},{"BallotTypeId":4,"ContestId":354},{"BallotTypeId":4,"ContestId":363},{"BallotTypeId":5,"ContestId":334},{"BallotTypeId":5,"ContestId":9},{"BallotTypeId":5,"ContestId":352},{"BallotTypeId":5,"ContestId":339},{"BallotTypeId":5,"ContestId":360},{"BallotTypeId":5,"ContestId":350},{"BallotTypeId":5,"ContestId":349},{"BallotTypeId":5,"ContestId":7},{"BallotTypeId":5,"ContestId":361},{"BallotTypeId":5,"ContestId":351},{"BallotTypeId":5,"ContestId":362},{"BallotTypeId":5,"ContestId":342},{"BallotTypeId":5,"ContestId":343},{"BallotTypeId":5,"ContestId":344},{"BallotTypeId":5,"ContestId":345},{"BallotTypeId":5,"ContestId":346},{"BallotTypeId":5,"ContestId":354},{"BallotTypeId":5,"ContestId":363},{"BallotTypeId":6,"ContestId":334},{"BallotTypeId":6,"ContestId":9},{"BallotTypeId":6,"ContestId":352},{"BallotTypeId":6,"ContestId":339},{"BallotTypeId":6,"ContestId":360},{"BallotTypeId":6,"ContestId":350},{"BallotTypeId":6,"ContestId":349},{"BallotTypeId":6,"ContestId":7},{"BallotTypeId":6,"ContestId":361},{"BallotTypeId":6,"ContestId":351},{"BallotTypeId":6,"ContestId":362},{"BallotTypeId":6,"ContestId":342},{"BallotTypeId":6,"ContestId":343},{"BallotTypeId":6,"ContestId":344},{"BallotTypeId":6,"ContestId":345},{"BallotTypeId":6,"ContestId":346},{"BallotTypeId":6,"ContestId":354},{"BallotTypeId":6,"ContestId":363},{"BallotTypeId":7,"ContestId":334},{"BallotTypeId":7,"ContestId":9},{"BallotTypeId":7,"ContestId":352},{"BallotTypeId":7,"ContestId":339},{"BallotTypeId":7,"ContestId":360},{"BallotTypeId":7,"ContestId":350},{"BallotTypeId":7,"ContestId":349},{"BallotTypeId":7,"ContestId":7},{"BallotTypeId":7,"ContestId":361},{"BallotTypeId":7,"ContestId":351},{"BallotTypeId":7,"ContestId":362},{"BallotTypeId":7,"ContestId":342},{"BallotTypeId":7,"ContestId":343},{"BallotTypeId":7,"ContestId":344},{"BallotTypeId":7,"ContestId":345},{"BallotTypeId":7,"ContestId":346},{"BallotTypeId":7,"ContestId":354},{"BallotTypeId":7,"ContestId":363},{"BallotTypeId":8,"ContestId":334},{"BallotTypeId":8,"ContestId":9},{"BallotTypeId":8,"ContestId":352},{"BallotTypeId":8,"ContestId":339},{"BallotTypeId":8,"ContestId":360},{"BallotTypeId":8,"ContestId":350},{"BallotTypeId":8,"ContestId":349},{"BallotTypeId":8,"ContestId":7},{"BallotTypeId":8,"ContestId":361},{"BallotTypeId":8,"ContestId":351},{"BallotTypeId":8,"ContestId":362},{"BallotTypeId":8,"ContestId":342},{"BallotTypeId":8,"ContestId":343},{"BallotTypeId":8,"ContestId":344},{"BallotTypeId":8,"ContestId":345},{"BallotTypeId":8,"ContestId":346},{"BallotTypeId":8,"ContestId":354},{"BallotTypeId":8,"ContestId":363},{"BallotTypeId":9,"ContestId":334},{"BallotTypeId":9,"ContestId":9},{"BallotTypeId":9,"ContestId":352},{"BallotTypeId":9,"ContestId":339},{"BallotTypeId":9,"ContestId":360},{"BallotTypeId":9,"ContestId":350},{"BallotTypeId":9,"ContestId":349},{"BallotTypeId":9,"ContestId":7},{"BallotTypeId":9,"ContestId":361},{"BallotTypeId":9,"ContestId":351},{"BallotTypeId":9,"ContestId":362},{"BallotTypeId":9,"ContestId":342},{"BallotTypeId":9,"ContestId":343},{"BallotTypeId":9,"ContestId":344},{"BallotTypeId":9,"ContestId":345},{"BallotTypeId":9,"ContestId":346},{"BallotTypeId":9,"ContestId":354},{"BallotTypeId":9,"ContestId":363},{"BallotTypeId":10,"ContestId":334},{"BallotTypeId":10,"ContestId":9},{"BallotTypeId":10,"ContestId":352},{"BallotTypeId":10,"ContestId":339},{"BallotTypeId":10,"ContestId":360},{"BallotTypeId":10,"ContestId":350},{"BallotTypeId":10,"ContestId":349},{"BallotTypeId":10,"ContestId":7},{"BallotTypeId":10,"ContestId":361},{"BallotTypeId":10,"ContestId":351},{"BallotTypeId":10,"ContestId":362},{"BallotTypeId":10,"ContestId":342},{"BallotTypeId":10,"ContestId":343},{"BallotTypeId":10,"ContestId":344},{"BallotTypeId":10,"ContestId":345},{"BallotTypeId":10,"ContestId":346},{"BallotTypeId":10,"ContestId":354},{"BallotTypeId":10,"ContestId":363},{"BallotTypeId":11,"ContestId":334},{"BallotTypeId":11,"ContestId":9},{"BallotTypeId":11,"ContestId":352},{"BallotTypeId":11,"ContestId":339},{"BallotTypeId":11,"ContestId":360},{"BallotTypeId":11,"ContestId":350},{"BallotTypeId":11,"ContestId":349},{"BallotTypeId":11,"ContestId":7},{"BallotTypeId":11,"ContestId":361},{"BallotTypeId":11,"ContestId":351},{"BallotTypeId":11,"ContestId":362},{"BallotTypeId":11,"ContestId":342},{"BallotTypeId":11,"ContestId":343},{"BallotTypeId":11,"ContestId":344},{"BallotTypeId":11,"ContestId":345},{"BallotTypeId":11,"ContestId":346},{"BallotTypeId":11,"ContestId":354},{"BallotTypeId":11,"ContestId":363},{"BallotTypeId":12,"ContestId":334},{"BallotTypeId":12,"ContestId":9},{"BallotTypeId":12,"ContestId":352},{"BallotTypeId":12,"ContestId":339},{"BallotTypeId":12,"ContestId":360},{"BallotTypeId":12,"ContestId":350},{"BallotTypeId":12,"ContestId":349},{"BallotTypeId":12,"ContestId":7},{"BallotTypeId":12,"ContestId":361},{"BallotTypeId":12,"ContestId":351},{"BallotTypeId":12,"ContestId":362},{"BallotTypeId":12,"ContestId":342},{"BallotTypeId":12,"ContestId":343},{"BallotTypeId":12,"ContestId":344},{"BallotTypeId":12,"ContestId":345},{"BallotTypeId":12,"ContestId":346},{"BallotTypeId":12,"ContestId":354},{"BallotTypeId":12,"ContestId":363},{"BallotTypeId":13,"ContestId":334},{"BallotTypeId":13,"ContestId":9},{"BallotTypeId":13,"ContestId":352},{"BallotTypeId":13,"ContestId":339},{"BallotTypeId":13,"ContestId":360},{"BallotTypeId":13,"ContestId":350},{"BallotTypeId":13,"ContestId":349},{"BallotTypeId":13,"ContestId":7},{"BallotTypeId":13,"ContestId":361},{"BallotTypeId":13,"ContestId":351},{"BallotTypeId":13,"ContestId":362},{"BallotTypeId":13,"ContestId":342},{"BallotTypeId":13,"ContestId":343},{"BallotTypeId":13,"ContestId":344},{"BallotTypeId":13,"ContestId":345},{"BallotTypeId":13,"ContestId":346},{"BallotTypeId":13,"ContestId":354},{"BallotTypeId":13,"ContestId":363},{"BallotTypeId":14,"ContestId":334},{"BallotTypeId":14,"ContestId":9},{"BallotTypeId":14,"ContestId":352},{"BallotTypeId":14,"ContestId":339},{"BallotTypeId":14,"ContestId":360},{"BallotTypeId":14,"ContestId":350},{"BallotTypeId":14,"ContestId":349},{"BallotTypeId":14,"ContestId":7},{"BallotTypeId":14,"ContestId":361},{"BallotTypeId":14,"ContestId":351},{"BallotTypeId":14,"ContestId":362},{"BallotTypeId":14,"ContestId":342},{"BallotTypeId":14,"ContestId":343},{"BallotTypeId":14,"ContestId":344},{"BallotTypeId":14,"ContestId":345},{"BallotTypeId":14,"ContestId":346},{"BallotTypeId":14,"ContestId":354},{"BallotTypeId":14,"ContestId":363},{"BallotTypeId":15,"ContestId":334},{"BallotTypeId":15,"ContestId":9},{"BallotTypeId":15,"ContestId":352},{"BallotTypeId":15,"ContestId":339},{"BallotTypeId":15,"ContestId":360},{"BallotTypeId":15,"ContestId":350},{"BallotTypeId":15,"ContestId":349},{"BallotTypeId":15,"ContestId":7},{"BallotTypeId":15,"ContestId":361},{"BallotTypeId":15,"ContestId":351},{"BallotTypeId":15,"ContestId":362},{"BallotTypeId":15,"ContestId":342},{"BallotTypeId":15,"ContestId":343},{"BallotTypeId":15,"ContestId":344},{"BallotTypeId":15,"ContestId":345},{"BallotTypeId":15,"ContestId":346},{"BallotTypeId":15,"ContestId":354},{"BallotTypeId":15,"ContestId":363},{"BallotTypeId":16,"ContestId":334},{"BallotTypeId":16,"ContestId":9},{"BallotTypeId":16,"ContestId":352},{"BallotTypeId":16,"ContestId":339},{"BallotTypeId":16,"ContestId":360},{"BallotTypeId":16,"ContestId":350},{"BallotTypeId":16,"ContestId":349},{"BallotTypeId":16,"ContestId":7},{"BallotTypeId":16,"ContestId":361},{"BallotTypeId":16,"ContestId":351},{"BallotTypeId":16,"ContestId":362},{"BallotTypeId":16,"ContestId":342},{"BallotTypeId":16,"ContestId":343},{"BallotTypeId":16,"ContestId":344},{"BallotTypeId":16,"ContestId":345},{"BallotTypeId":16,"ContestId":346},{"BallotTypeId":16,"ContestId":354},{"BallotTypeId":16,"ContestId":363},{"BallotTypeId":17,"ContestId":334},{"BallotTypeId":17,"ContestId":9},{"BallotTypeId":17,"ContestId":352},{"BallotTypeId":17,"ContestId":339},{"BallotTypeId":17,"ContestId":360},{"BallotTypeId":17,"ContestId":350},{"BallotTypeId":17,"ContestId":349},{"BallotTypeId":17,"ContestId":7},{"BallotTypeId":17,"ContestId":361},{"BallotTypeId":17,"ContestId":351},{"BallotTypeId":17,"ContestId":362},{"BallotTypeId":17,"ContestId":342},{"BallotTypeId":17,"ContestId":343},{"BallotTypeId":17,"ContestId":344},{"BallotTypeId":17,"ContestId":345},{"BallotTypeId":17,"ContestId":346},{"BallotTypeId":17,"ContestId":354},{"BallotTypeId":17,"ContestId":363},{"BallotTypeId":18,"ContestId":334},{"BallotTypeId":18,"ContestId":9},{"BallotTypeId":18,"ContestId":352},{"BallotTypeId":18,"ContestId":339},{"BallotTypeId":18,"ContestId":360},{"BallotTypeId":18,"ContestId":350},{"BallotTypeId":18,"ContestId":349},{"BallotTypeId":18,"ContestId":7},{"BallotTypeId":18,"ContestId":361},{"BallotTypeId":18,"ContestId":351},{"BallotTypeId":18,"ContestId":362},{"BallotTypeId":18,"ContestId":342},{"BallotTypeId":18,"ContestId":343},{"BallotTypeId":18,"ContestId":344},{"BallotTypeId":18,"ContestId":345},{"BallotTypeId":18,"ContestId":346},{"BallotTypeId":18,"ContestId":354},{"BallotTypeId":18,"ContestId":363},{"BallotTypeId":19,"ContestId":334},{"BallotTypeId":19,"ContestId":9},{"BallotTypeId":19,"ContestId":352},{"BallotTypeId":19,"ContestId":339},{"BallotTypeId":19,"ContestId":360},{"BallotTypeId":19,"ContestId":350},{"BallotTypeId":19,"ContestId":349},{"BallotTypeId":19,"ContestId":7},{"BallotTypeId":19,"ContestId":361},{"BallotTypeId":19,"ContestId":351},{"BallotTypeId":19,"ContestId":362},{"BallotTypeId":19,"ContestId":342},{"BallotTypeId":19,"ContestId":343},{"BallotTypeId":19,"ContestId":344},{"BallotTypeId":19,"ContestId":345},{"BallotTypeId":19,"ContestId":346},{"BallotTypeId":19,"ContestId":354},{"BallotTypeId":19,"ContestId":363},{"BallotTypeId":20,"ContestId":334},{"BallotTypeId":20,"ContestId":9},{"BallotTypeId":20,"ContestId":352},{"BallotTypeId":20,"ContestId":339},{"BallotTypeId":20,"ContestId":360},{"BallotTypeId":20,"ContestId":350},{"BallotTypeId":20,"ContestId":349},{"BallotTypeId":20,"ContestId":7},{"BallotTypeId":20,"ContestId":361},{"BallotTypeId":20,"ContestId":351},{"BallotTypeId":20,"ContestId":362},{"BallotTypeId":20,"ContestId":342},{"BallotTypeId":20,"ContestId":343},{"BallotTypeId":20,"ContestId":344},{"BallotTypeId":20,"ContestId":345},{"BallotTypeId":20,"ContestId":346},{"BallotTypeId":20,"ContestId":354},{"BallotTypeId":20,"ContestId":363},{"BallotTypeId":21,"ContestId":361},{"BallotTypeId":22,"ContestId":361},{"BallotTypeId":23,"ContestId":361},{"BallotTypeId":24,"ContestId":361},{"BallotTypeId":25,"ContestId":361},{"BallotTypeId":26,"ContestId":361},{"BallotTypeId":27,"ContestId":334},{"BallotTypeId":27,"ContestId":353},{"BallotTypeId":27,"ContestId":9},{"BallotTypeId":27,"ContestId":352},{"BallotTypeId":27,"ContestId":339},{"BallotTypeId":27,"ContestId":360},{"BallotTypeId":27,"ContestId":350},{"BallotTypeId":27,"ContestId":349},{"BallotTypeId":27,"ContestId":7},{"BallotTypeId":27,"ContestId":361},{"BallotTypeId":27,"ContestId":351},{"BallotTypeId":27,"ContestId":362},{"BallotTypeId":27,"ContestId":342},{"BallotTypeId":27,"ContestId":343},{"BallotTypeId":27,"ContestId":344},{"BallotTypeId":27,"ContestId":345},{"BallotTypeId":27,"ContestId":346},{"BallotTypeId":27,"ContestId":354},{"BallotTypeId":27,"ContestId":363},{"BallotTypeId":28,"ContestId":334},{"BallotTypeId":28,"ContestId":353},{"BallotTypeId":28,"ContestId":9},{"BallotTypeId":28,"ContestId":352},{"BallotTypeId":28,"ContestId":339},{"BallotTypeId":28,"ContestId":360},{"BallotTypeId":28,"ContestId":350},{"BallotTypeId":28,"ContestId":349},{"BallotTypeId":28,"ContestId":7},{"BallotTypeId":28,"ContestId":361},{"BallotTypeId":28,"ContestId":351},{"BallotTypeId":28,"ContestId":362},{"BallotTypeId":28,"ContestId":342},{"BallotTypeId":28,"ContestId":343},{"BallotTypeId":28,"ContestId":344},{"BallotTypeId":28,"ContestId":345},{"BallotTypeId":28,"ContestId":346},{"BallotTypeId":28,"ContestId":354},{"BallotTypeId":28,"ContestId":363}]}