{"Version":"5.2.18.2","List":[{"Description":"JOEL VENTRESCA","Id":1,"ExternalId":null,"ContestId":334,"Type":"Regular"},{"Description":"WILMA PANG","Id":2,"ExternalId":null,"ContestId":334,"Type":"Regular"},{"Description":"ROBERT L. JORDAN, JR.","Id":3,"ExternalId":null,"ContestId":334,"Type":"Regular"},{"Description":"PAUL YBARRA ROBERTSON","Id":4,"ExternalId":null,"ContestId":334,"Type":"Regular"},{"Description":"ELLEN LEE ZHOU","Id":5,"ExternalId":null,"ContestId":334,"Type":"Regular"},{"Description":"LONDON N. BREED","Id":6,"ExternalId":null,"ContestId":334,"Type":"Regular"},{"Description":"Write-in","Id":47,"ExternalId":"","ContestId":334,"Type":"WriteIn"},{"Description":"MARC ROTH","Id":53,"ExternalId":"","ContestId":334,"Type":"QualifiedWriteIn"},{"Description":"RYAN LAM","Id":8,"ExternalId":null,"ContestId":353,"Type":"Regular"},{"Description":"DEAN PRESTON","Id":9,"ExternalId":null,"ContestId":353,"Type":"Regular"},{"Description":"NOMVULA O\u0027MEARA","Id":10,"ExternalId":null,"ContestId":353,"Type":"Regular"},{"Description":"VALLIE BROWN","Id":11,"ExternalId":null,"ContestId":353,"Type":"Regular"},{"Description":"Write-in","Id":48,"ExternalId":"","ContestId":353,"Type":"WriteIn"},{"Description":"DENNIS J. HERRERA","Id":13,"ExternalId":null,"ContestId":352,"Type":"Regular"},{"Description":"Write-in","Id":52,"ExternalId":"","ContestId":352,"Type":"WriteIn"},{"Description":"SUZY LOFTUS","Id":15,"ExternalId":null,"ContestId":339,"Type":"Regular"},{"Description":"LEIF DAUTCH","Id":16,"ExternalId":null,"ContestId":339,"Type":"Regular"},{"Description":"NANCY TUNG","Id":17,"ExternalId":null,"ContestId":339,"Type":"Regular"},{"Description":"CHESA BOUDIN","Id":18,"ExternalId":null,"ContestId":339,"Type":"Regular"},{"Description":"Write-in","Id":45,"ExternalId":"","ContestId":339,"Type":"WriteIn"},{"Description":"MANOHAR \"MANO\" RAJU","Id":20,"ExternalId":null,"ContestId":360,"Type":"Regular"},{"Description":"Write-in","Id":49,"ExternalId":"","ContestId":360,"Type":"WriteIn"},{"Description":"PAUL MIYAMOTO","Id":22,"ExternalId":null,"ContestId":350,"Type":"Regular"},{"Description":"Write-in","Id":44,"ExternalId":"","ContestId":350,"Type":"WriteIn"},{"Description":"JOSÉ CISNEROS","Id":24,"ExternalId":null,"ContestId":349,"Type":"Regular"},{"Description":"Write-in","Id":46,"ExternalId":"","ContestId":349,"Type":"WriteIn"},{"Description":"JENNY LAM","Id":26,"ExternalId":null,"ContestId":361,"Type":"Regular"},{"Description":"KIRSTEN STROBEL","Id":27,"ExternalId":null,"ContestId":361,"Type":"Regular"},{"Description":"ROBERT K. COLEMAN","Id":28,"ExternalId":null,"ContestId":361,"Type":"Regular"},{"Description":"Write-in","Id":50,"ExternalId":"","ContestId":361,"Type":"WriteIn"},{"Description":"IVY LEE","Id":30,"ExternalId":null,"ContestId":351,"Type":"Regular"},{"Description":"Write-in","Id":51,"ExternalId":"","ContestId":351,"Type":"WriteIn"},{"Description":"YES","Id":32,"ExternalId":null,"ContestId":342,"Type":"Regular"},{"Description":"NO","Id":33,"ExternalId":null,"ContestId":342,"Type":"Regular"},{"Description":"YES","Id":34,"ExternalId":null,"ContestId":343,"Type":"Regular"},{"Description":"NO","Id":35,"ExternalId":null,"ContestId":343,"Type":"Regular"},{"Description":"YES","Id":36,"ExternalId":null,"ContestId":344,"Type":"Regular"},{"Description":"NO","Id":37,"ExternalId":null,"ContestId":344,"Type":"Regular"},{"Description":"YES","Id":38,"ExternalId":null,"ContestId":345,"Type":"Regular"},{"Description":"NO","Id":39,"ExternalId":null,"ContestId":345,"Type":"Regular"},{"Description":"YES","Id":40,"ExternalId":null,"ContestId":346,"Type":"Regular"},{"Description":"NO","Id":41,"ExternalId":null,"ContestId":346,"Type":"Regular"},{"Description":"YES","Id":42,"ExternalId":null,"ContestId":354,"Type":"Regular"},{"Description":"NO","Id":43,"ExternalId":null,"ContestId":354,"Type":"Regular"}]}