{"Version":"5.2.18.2","List":[{"Description":"PCT 1101","Id":1,"ExternalId":""},{"Description":"PCT 1102","Id":2,"ExternalId":""},{"Description":"PCT 1103","Id":3,"ExternalId":""},{"Description":"PCT 1104/1105","Id":4,"ExternalId":""},{"Description":"PCT 1106/1107","Id":5,"ExternalId":""},{"Description":"PCT 1108","Id":6,"ExternalId":""},{"Description":"PCT 1109","Id":7,"ExternalId":""},{"Description":"PCT 1111","Id":8,"ExternalId":""},{"Description":"PCT 1112","Id":9,"ExternalId":""},{"Description":"PCT 1114/1113","Id":10,"ExternalId":""},{"Description":"PCT 1115/1116","Id":11,"ExternalId":""},{"Description":"PCT 1117/1123","Id":12,"ExternalId":""},{"Description":"PCT 1118","Id":13,"ExternalId":""},{"Description":"PCT 1119","Id":14,"ExternalId":""},{"Description":"PCT 1122","Id":15,"ExternalId":""},{"Description":"PCT 1124","Id":16,"ExternalId":""},{"Description":"PCT 1125","Id":17,"ExternalId":""},{"Description":"PCT 1126/1121","Id":18,"ExternalId":""},{"Description":"PCT 1127/1128","Id":19,"ExternalId":""},{"Description":"PCT 1129","Id":20,"ExternalId":""},{"Description":"PCT 1131","Id":21,"ExternalId":""},{"Description":"PCT 1132","Id":22,"ExternalId":""},{"Description":"PCT 1133","Id":23,"ExternalId":""},{"Description":"PCT 1134","Id":24,"ExternalId":""},{"Description":"PCT 1135","Id":25,"ExternalId":""},{"Description":"PCT 1136","Id":26,"ExternalId":""},{"Description":"PCT 1141","Id":27,"ExternalId":""},{"Description":"PCT 1143","Id":28,"ExternalId":""},{"Description":"PCT 1144/1142","Id":29,"ExternalId":""},{"Description":"PCT 1145","Id":30,"ExternalId":""},{"Description":"PCT 1146","Id":31,"ExternalId":""},{"Description":"PCT 1147","Id":32,"ExternalId":""},{"Description":"PCT 1148","Id":33,"ExternalId":""},{"Description":"PCT 1149","Id":34,"ExternalId":""},{"Description":"PCT 1151 MB","Id":35,"ExternalId":""},{"Description":"PCT 1152/1153","Id":36,"ExternalId":""},{"Description":"PCT 1154 MB","Id":37,"ExternalId":""},{"Description":"PCT 7001","Id":38,"ExternalId":""},{"Description":"PCT 7002","Id":39,"ExternalId":""},{"Description":"PCT 7003/7004","Id":40,"ExternalId":""},{"Description":"PCT 7005","Id":41,"ExternalId":""},{"Description":"PCT 7006","Id":42,"ExternalId":""},{"Description":"PCT 7007/7008","Id":43,"ExternalId":""},{"Description":"PCT 7009","Id":44,"ExternalId":""},{"Description":"PCT 7011","Id":45,"ExternalId":""},{"Description":"PCT 7012","Id":46,"ExternalId":""},{"Description":"PCT 7013","Id":47,"ExternalId":""},{"Description":"PCT 7014/7056","Id":48,"ExternalId":""},{"Description":"PCT 7015 MB","Id":49,"ExternalId":""},{"Description":"PCT 7016","Id":50,"ExternalId":""},{"Description":"PCT 7017","Id":51,"ExternalId":""},{"Description":"PCT 7019/7018","Id":52,"ExternalId":""},{"Description":"PCT 7021","Id":53,"ExternalId":""},{"Description":"PCT 7022","Id":54,"ExternalId":""},{"Description":"PCT 7024","Id":55,"ExternalId":""},{"Description":"PCT 7025","Id":56,"ExternalId":""},{"Description":"PCT 7026","Id":57,"ExternalId":""},{"Description":"PCT 7027","Id":58,"ExternalId":""},{"Description":"PCT 7028","Id":59,"ExternalId":""},{"Description":"PCT 7029/7023","Id":60,"ExternalId":""},{"Description":"PCT 7030","Id":61,"ExternalId":""},{"Description":"PCT 7031","Id":62,"ExternalId":""},{"Description":"PCT 7032","Id":63,"ExternalId":""},{"Description":"PCT 7033","Id":64,"ExternalId":""},{"Description":"PCT 7034","Id":65,"ExternalId":""},{"Description":"PCT 7035","Id":66,"ExternalId":""},{"Description":"PCT 7037/7036","Id":67,"ExternalId":""},{"Description":"PCT 7038","Id":68,"ExternalId":""},{"Description":"PCT 7039","Id":69,"ExternalId":""},{"Description":"PCT 7041 MB","Id":70,"ExternalId":""},{"Description":"PCT 7042/7046","Id":71,"ExternalId":""},{"Description":"PCT 7043","Id":72,"ExternalId":""},{"Description":"PCT 7044","Id":73,"ExternalId":""},{"Description":"PCT 7045","Id":74,"ExternalId":""},{"Description":"PCT 7047/7051","Id":75,"ExternalId":""},{"Description":"PCT 7048","Id":76,"ExternalId":""},{"Description":"PCT 7049","Id":77,"ExternalId":""},{"Description":"PCT 7052","Id":78,"ExternalId":""},{"Description":"PCT 7053","Id":79,"ExternalId":""},{"Description":"PCT 7054","Id":80,"ExternalId":""},{"Description":"PCT 7055","Id":81,"ExternalId":""},{"Description":"PCT 7101 MB","Id":82,"ExternalId":""},{"Description":"PCT 7202/7201","Id":83,"ExternalId":""},{"Description":"PCT 7203","Id":84,"ExternalId":""},{"Description":"PCT 7204","Id":85,"ExternalId":""},{"Description":"PCT 7205","Id":86,"ExternalId":""},{"Description":"PCT 7207/7209","Id":87,"ExternalId":""},{"Description":"PCT 7208","Id":88,"ExternalId":""},{"Description":"PCT 7301/7304","Id":89,"ExternalId":""},{"Description":"PCT 7302","Id":90,"ExternalId":""},{"Description":"PCT 7305/7307","Id":91,"ExternalId":""},{"Description":"PCT 7306/7303","Id":92,"ExternalId":""},{"Description":"PCT 7308","Id":93,"ExternalId":""},{"Description":"PCT 7311","Id":94,"ExternalId":""},{"Description":"PCT 7312","Id":95,"ExternalId":""},{"Description":"PCT 7314/7313","Id":96,"ExternalId":""},{"Description":"PCT 7315/7316","Id":97,"ExternalId":""},{"Description":"PCT 7317","Id":98,"ExternalId":""},{"Description":"PCT 7318/7309","Id":99,"ExternalId":""},{"Description":"PCT 7321/7322","Id":100,"ExternalId":""},{"Description":"PCT 7323/7319","Id":101,"ExternalId":""},{"Description":"PCT 7325/7324","Id":102,"ExternalId":""},{"Description":"PCT 7326/7337","Id":103,"ExternalId":""},{"Description":"PCT 7327","Id":104,"ExternalId":""},{"Description":"PCT 7328","Id":105,"ExternalId":""},{"Description":"PCT 7329","Id":106,"ExternalId":""},{"Description":"PCT 7331","Id":107,"ExternalId":""},{"Description":"PCT 7332/7334","Id":108,"ExternalId":""},{"Description":"PCT 7333/7335","Id":109,"ExternalId":""},{"Description":"PCT 7336/7345","Id":110,"ExternalId":""},{"Description":"PCT 7338/7349","Id":111,"ExternalId":""},{"Description":"PCT 7339/7341","Id":112,"ExternalId":""},{"Description":"PCT 7342","Id":113,"ExternalId":""},{"Description":"PCT 7343","Id":114,"ExternalId":""},{"Description":"PCT 7344","Id":115,"ExternalId":""},{"Description":"PCT 7346","Id":116,"ExternalId":""},{"Description":"PCT 7348/7347","Id":117,"ExternalId":""},{"Description":"PCT 7502","Id":118,"ExternalId":""},{"Description":"PCT 7503","Id":119,"ExternalId":""},{"Description":"PCT 7504/7501","Id":120,"ExternalId":""},{"Description":"PCT 7505","Id":121,"ExternalId":""},{"Description":"PCT 7506/7507","Id":122,"ExternalId":""},{"Description":"PCT 7508","Id":123,"ExternalId":""},{"Description":"PCT 7509/7511","Id":124,"ExternalId":""},{"Description":"PCT 7512","Id":125,"ExternalId":""},{"Description":"PCT 7513","Id":126,"ExternalId":""},{"Description":"PCT 7514","Id":127,"ExternalId":""},{"Description":"PCT 7515","Id":128,"ExternalId":""},{"Description":"PCT 7516","Id":129,"ExternalId":""},{"Description":"PCT 7518/7517","Id":130,"ExternalId":""},{"Description":"PCT 7519","Id":131,"ExternalId":""},{"Description":"PCT 7521","Id":132,"ExternalId":""},{"Description":"PCT 7522/7523","Id":133,"ExternalId":""},{"Description":"PCT 7524","Id":134,"ExternalId":""},{"Description":"PCT 7525","Id":135,"ExternalId":""},{"Description":"PCT 7526","Id":136,"ExternalId":""},{"Description":"PCT 7527/7528","Id":137,"ExternalId":""},{"Description":"PCT 7529","Id":138,"ExternalId":""},{"Description":"PCT 7531","Id":139,"ExternalId":""},{"Description":"PCT 7532","Id":140,"ExternalId":""},{"Description":"PCT 7533","Id":141,"ExternalId":""},{"Description":"PCT 7534","Id":142,"ExternalId":""},{"Description":"PCT 7536/7535","Id":143,"ExternalId":""},{"Description":"PCT 7537/7538","Id":144,"ExternalId":""},{"Description":"PCT 7539","Id":145,"ExternalId":""},{"Description":"PCT 7541","Id":146,"ExternalId":""},{"Description":"PCT 7543/7542","Id":147,"ExternalId":""},{"Description":"PCT 7544","Id":148,"ExternalId":""},{"Description":"PCT 7545","Id":149,"ExternalId":""},{"Description":"PCT 7546/7547","Id":150,"ExternalId":""},{"Description":"PCT 7548","Id":151,"ExternalId":""},{"Description":"PCT 7549","Id":152,"ExternalId":""},{"Description":"PCT 7552","Id":153,"ExternalId":""},{"Description":"PCT 7553 MB","Id":154,"ExternalId":""},{"Description":"PCT 7554","Id":155,"ExternalId":""},{"Description":"PCT 7555/7551","Id":156,"ExternalId":""},{"Description":"PCT 7556/7557","Id":157,"ExternalId":""},{"Description":"PCT 7601","Id":158,"ExternalId":""},{"Description":"PCT 7602/7603","Id":159,"ExternalId":""},{"Description":"PCT 7605/7609","Id":160,"ExternalId":""},{"Description":"PCT 7606","Id":161,"ExternalId":""},{"Description":"PCT 7607","Id":162,"ExternalId":""},{"Description":"PCT 7608/7604","Id":163,"ExternalId":""},{"Description":"PCT 7611","Id":164,"ExternalId":""},{"Description":"PCT 7613/7612","Id":165,"ExternalId":""},{"Description":"PCT 7614","Id":166,"ExternalId":""},{"Description":"PCT 7615","Id":167,"ExternalId":""},{"Description":"PCT 7616/7654","Id":168,"ExternalId":""},{"Description":"PCT 7617","Id":169,"ExternalId":""},{"Description":"PCT 7618","Id":170,"ExternalId":""},{"Description":"PCT 7619","Id":171,"ExternalId":""},{"Description":"PCT 7621","Id":172,"ExternalId":""},{"Description":"PCT 7622","Id":173,"ExternalId":""},{"Description":"PCT 7623","Id":174,"ExternalId":""},{"Description":"PCT 7624","Id":175,"ExternalId":""},{"Description":"PCT 7625","Id":176,"ExternalId":""},{"Description":"PCT 7626","Id":177,"ExternalId":""},{"Description":"PCT 7628","Id":178,"ExternalId":""},{"Description":"PCT 7629","Id":179,"ExternalId":""},{"Description":"PCT 7632","Id":180,"ExternalId":""},{"Description":"PCT 7633/7631","Id":181,"ExternalId":""},{"Description":"PCT 7634","Id":182,"ExternalId":""},{"Description":"PCT 7635","Id":183,"ExternalId":""},{"Description":"PCT 7636","Id":184,"ExternalId":""},{"Description":"PCT 7637","Id":185,"ExternalId":""},{"Description":"PCT 7638/7656","Id":186,"ExternalId":""},{"Description":"PCT 7639/7641","Id":187,"ExternalId":""},{"Description":"PCT 7642","Id":188,"ExternalId":""},{"Description":"PCT 7643","Id":189,"ExternalId":""},{"Description":"PCT 7644","Id":190,"ExternalId":""},{"Description":"PCT 7645","Id":191,"ExternalId":""},{"Description":"PCT 7646","Id":192,"ExternalId":""},{"Description":"PCT 7647","Id":193,"ExternalId":""},{"Description":"PCT 7648 MB","Id":194,"ExternalId":""},{"Description":"PCT 7649","Id":195,"ExternalId":""},{"Description":"PCT 7651","Id":196,"ExternalId":""},{"Description":"PCT 7652","Id":197,"ExternalId":""},{"Description":"PCT 7653/7657","Id":198,"ExternalId":""},{"Description":"PCT 7655/7627","Id":199,"ExternalId":""},{"Description":"PCT 7701","Id":200,"ExternalId":""},{"Description":"PCT 7703 MB","Id":201,"ExternalId":""},{"Description":"PCT 7704/7702","Id":202,"ExternalId":""},{"Description":"PCT 7705","Id":203,"ExternalId":""},{"Description":"PCT 7706","Id":204,"ExternalId":""},{"Description":"PCT 7707","Id":205,"ExternalId":""},{"Description":"PCT 7708","Id":206,"ExternalId":""},{"Description":"PCT 7709","Id":207,"ExternalId":""},{"Description":"PCT 7712/7711","Id":208,"ExternalId":""},{"Description":"PCT 7801","Id":209,"ExternalId":""},{"Description":"PCT 7802","Id":210,"ExternalId":""},{"Description":"PCT 7803","Id":211,"ExternalId":""},{"Description":"PCT 7805/7804","Id":212,"ExternalId":""},{"Description":"PCT 7807","Id":213,"ExternalId":""},{"Description":"PCT 7808/7806","Id":214,"ExternalId":""},{"Description":"PCT 7809","Id":215,"ExternalId":""},{"Description":"PCT 7811","Id":216,"ExternalId":""},{"Description":"PCT 7812","Id":217,"ExternalId":""},{"Description":"PCT 7813","Id":218,"ExternalId":""},{"Description":"PCT 7814","Id":219,"ExternalId":""},{"Description":"PCT 7815/7816","Id":220,"ExternalId":""},{"Description":"PCT 7817/7818","Id":221,"ExternalId":""},{"Description":"PCT 7819/7827","Id":222,"ExternalId":""},{"Description":"PCT 7821","Id":223,"ExternalId":""},{"Description":"PCT 7822/7823","Id":224,"ExternalId":""},{"Description":"PCT 7824/7825","Id":225,"ExternalId":""},{"Description":"PCT 7826","Id":226,"ExternalId":""},{"Description":"PCT 7828","Id":227,"ExternalId":""},{"Description":"PCT 7829","Id":228,"ExternalId":""},{"Description":"PCT 7832","Id":229,"ExternalId":""},{"Description":"PCT 7834/7833","Id":230,"ExternalId":""},{"Description":"PCT 7835","Id":231,"ExternalId":""},{"Description":"PCT 7836","Id":232,"ExternalId":""},{"Description":"PCT 7837/7838","Id":233,"ExternalId":""},{"Description":"PCT 7839/7831","Id":234,"ExternalId":""},{"Description":"PCT 7841/7842","Id":235,"ExternalId":""},{"Description":"PCT 7843","Id":236,"ExternalId":""},{"Description":"PCT 7844","Id":237,"ExternalId":""},{"Description":"PCT 7845","Id":238,"ExternalId":""},{"Description":"PCT 7846","Id":239,"ExternalId":""},{"Description":"PCT 7847/7848","Id":240,"ExternalId":""},{"Description":"PCT 7849","Id":241,"ExternalId":""},{"Description":"PCT 7852/7851","Id":242,"ExternalId":""},{"Description":"PCT 7853/7859","Id":243,"ExternalId":""},{"Description":"PCT 7854","Id":244,"ExternalId":""},{"Description":"PCT 7855/7856","Id":245,"ExternalId":""},{"Description":"PCT 7858/7857","Id":246,"ExternalId":""},{"Description":"PCT 7861","Id":247,"ExternalId":""},{"Description":"PCT 7862","Id":248,"ExternalId":""},{"Description":"PCT 7863","Id":249,"ExternalId":""},{"Description":"PCT 7864","Id":250,"ExternalId":""},{"Description":"PCT 7866","Id":251,"ExternalId":""},{"Description":"PCT 7867","Id":252,"ExternalId":""},{"Description":"PCT 7868","Id":253,"ExternalId":""},{"Description":"PCT 7869","Id":254,"ExternalId":""},{"Description":"PCT 7871","Id":255,"ExternalId":""},{"Description":"PCT 7872","Id":256,"ExternalId":""},{"Description":"PCT 7873/7865","Id":257,"ExternalId":""},{"Description":"PCT 7874","Id":258,"ExternalId":""},{"Description":"PCT 7875","Id":259,"ExternalId":""},{"Description":"PCT 7876","Id":260,"ExternalId":""},{"Description":"PCT 7902/7904","Id":261,"ExternalId":""},{"Description":"PCT 7903","Id":262,"ExternalId":""},{"Description":"PCT 7905","Id":263,"ExternalId":""},{"Description":"PCT 7906","Id":264,"ExternalId":""},{"Description":"PCT 7908/7907","Id":265,"ExternalId":""},{"Description":"PCT 7909","Id":266,"ExternalId":""},{"Description":"PCT 7911","Id":267,"ExternalId":""},{"Description":"PCT 7912/7913","Id":268,"ExternalId":""},{"Description":"PCT 7915/7914","Id":269,"ExternalId":""},{"Description":"PCT 7916","Id":270,"ExternalId":""},{"Description":"PCT 7917/7919","Id":271,"ExternalId":""},{"Description":"PCT 7918","Id":272,"ExternalId":""},{"Description":"PCT 7921/7922","Id":273,"ExternalId":""},{"Description":"PCT 7923/7924","Id":274,"ExternalId":""},{"Description":"PCT 7925","Id":275,"ExternalId":""},{"Description":"PCT 7926","Id":276,"ExternalId":""},{"Description":"PCT 7928/7927","Id":277,"ExternalId":""},{"Description":"PCT 7929","Id":278,"ExternalId":""},{"Description":"PCT 7931","Id":279,"ExternalId":""},{"Description":"PCT 7932","Id":280,"ExternalId":""},{"Description":"PCT 7933 MB","Id":281,"ExternalId":""},{"Description":"PCT 7934","Id":282,"ExternalId":""},{"Description":"PCT 7935","Id":283,"ExternalId":""},{"Description":"PCT 7936/7939","Id":284,"ExternalId":""},{"Description":"PCT 7937","Id":285,"ExternalId":""},{"Description":"PCT 7938","Id":286,"ExternalId":""},{"Description":"PCT 7941","Id":287,"ExternalId":""},{"Description":"PCT 7942","Id":288,"ExternalId":""},{"Description":"PCT 7943/7944","Id":289,"ExternalId":""},{"Description":"PCT 7945","Id":290,"ExternalId":""},{"Description":"PCT 7946/7949","Id":291,"ExternalId":""},{"Description":"PCT 7947","Id":292,"ExternalId":""},{"Description":"PCT 7948","Id":293,"ExternalId":""},{"Description":"PCT 7951/7955","Id":294,"ExternalId":""},{"Description":"PCT 7953","Id":295,"ExternalId":""},{"Description":"PCT 7954 MB","Id":296,"ExternalId":""},{"Description":"PCT 7956/7952","Id":297,"ExternalId":""},{"Description":"PCT 7957","Id":298,"ExternalId":""},{"Description":"PCT 7958 MB","Id":299,"ExternalId":""},{"Description":"PCT 7959/7901","Id":300,"ExternalId":""},{"Description":"PCT 9001 MB","Id":301,"ExternalId":""},{"Description":"PCT 9103","Id":302,"ExternalId":""},{"Description":"PCT 9104","Id":303,"ExternalId":""},{"Description":"PCT 9105/9107","Id":304,"ExternalId":""},{"Description":"PCT 9106","Id":305,"ExternalId":""},{"Description":"PCT 9109/9108","Id":306,"ExternalId":""},{"Description":"PCT 9111","Id":307,"ExternalId":""},{"Description":"PCT 9113","Id":308,"ExternalId":""},{"Description":"PCT 9114/9112","Id":309,"ExternalId":""},{"Description":"PCT 9116/9115","Id":310,"ExternalId":""},{"Description":"PCT 9117/9101","Id":311,"ExternalId":""},{"Description":"PCT 9118/9102","Id":312,"ExternalId":""},{"Description":"PCT 9119","Id":313,"ExternalId":""},{"Description":"PCT 9122/9121","Id":314,"ExternalId":""},{"Description":"PCT 9124/9142","Id":315,"ExternalId":""},{"Description":"PCT 9125","Id":316,"ExternalId":""},{"Description":"PCT 9127/9126","Id":317,"ExternalId":""},{"Description":"PCT 9128","Id":318,"ExternalId":""},{"Description":"PCT 9129/9131","Id":319,"ExternalId":""},{"Description":"PCT 9132","Id":320,"ExternalId":""},{"Description":"PCT 9133/9148","Id":321,"ExternalId":""},{"Description":"PCT 9134","Id":322,"ExternalId":""},{"Description":"PCT 9135","Id":323,"ExternalId":""},{"Description":"PCT 9136","Id":324,"ExternalId":""},{"Description":"PCT 9137","Id":325,"ExternalId":""},{"Description":"PCT 9138","Id":326,"ExternalId":""},{"Description":"PCT 9139","Id":327,"ExternalId":""},{"Description":"PCT 9141/9123","Id":328,"ExternalId":""},{"Description":"PCT 9143","Id":329,"ExternalId":""},{"Description":"PCT 9144","Id":330,"ExternalId":""},{"Description":"PCT 9145","Id":331,"ExternalId":""},{"Description":"PCT 9146/9147","Id":332,"ExternalId":""},{"Description":"PCT 9149","Id":333,"ExternalId":""},{"Description":"PCT 9152/9151","Id":334,"ExternalId":""},{"Description":"PCT 9201","Id":335,"ExternalId":""},{"Description":"PCT 9202","Id":336,"ExternalId":""},{"Description":"PCT 9203","Id":337,"ExternalId":""},{"Description":"PCT 9204","Id":338,"ExternalId":""},{"Description":"PCT 9205/9212","Id":339,"ExternalId":""},{"Description":"PCT 9208/9207","Id":340,"ExternalId":""},{"Description":"PCT 9209","Id":341,"ExternalId":""},{"Description":"PCT 9211/9206","Id":342,"ExternalId":""},{"Description":"PCT 9213","Id":343,"ExternalId":""},{"Description":"PCT 9214","Id":344,"ExternalId":""},{"Description":"PCT 9215","Id":345,"ExternalId":""},{"Description":"PCT 9216","Id":346,"ExternalId":""},{"Description":"PCT 9217","Id":347,"ExternalId":""},{"Description":"PCT 9218","Id":348,"ExternalId":""},{"Description":"PCT 9219/9225","Id":349,"ExternalId":""},{"Description":"PCT 9221","Id":350,"ExternalId":""},{"Description":"PCT 9222","Id":351,"ExternalId":""},{"Description":"PCT 9223","Id":352,"ExternalId":""},{"Description":"PCT 9224","Id":353,"ExternalId":""},{"Description":"PCT 9226","Id":354,"ExternalId":""},{"Description":"PCT 9227","Id":355,"ExternalId":""},{"Description":"PCT 9228","Id":356,"ExternalId":""},{"Description":"PCT 9229","Id":357,"ExternalId":""},{"Description":"PCT 9231","Id":358,"ExternalId":""},{"Description":"PCT 9232","Id":359,"ExternalId":""},{"Description":"PCT 9233","Id":360,"ExternalId":""},{"Description":"PCT 9234","Id":361,"ExternalId":""},{"Description":"PCT 9235/9243","Id":362,"ExternalId":""},{"Description":"PCT 9236","Id":363,"ExternalId":""},{"Description":"PCT 9237","Id":364,"ExternalId":""},{"Description":"PCT 9238/9246","Id":365,"ExternalId":""},{"Description":"PCT 9239","Id":366,"ExternalId":""},{"Description":"PCT 9241","Id":367,"ExternalId":""},{"Description":"PCT 9242/9247","Id":368,"ExternalId":""},{"Description":"PCT 9244","Id":369,"ExternalId":""},{"Description":"PCT 9245/7206","Id":370,"ExternalId":""},{"Description":"PCT 9248","Id":371,"ExternalId":""},{"Description":"PCT 9251/9249","Id":372,"ExternalId":""},{"Description":"PCT 9252","Id":373,"ExternalId":""},{"Description":"PCT 9253","Id":374,"ExternalId":""},{"Description":"PCT 9255/9258","Id":375,"ExternalId":""},{"Description":"PCT 9256/9254","Id":376,"ExternalId":""},{"Description":"PCT 9257 MB","Id":377,"ExternalId":""},{"Description":"PCT 9401","Id":378,"ExternalId":""},{"Description":"PCT 9402","Id":379,"ExternalId":""},{"Description":"PCT 9404/9403","Id":380,"ExternalId":""},{"Description":"PCT 9405","Id":381,"ExternalId":""},{"Description":"PCT 9406","Id":382,"ExternalId":""},{"Description":"PCT 9407","Id":383,"ExternalId":""},{"Description":"PCT 9408","Id":384,"ExternalId":""},{"Description":"PCT 9409","Id":385,"ExternalId":""},{"Description":"PCT 9411/9412","Id":386,"ExternalId":""},{"Description":"PCT 9413","Id":387,"ExternalId":""},{"Description":"PCT 9415","Id":388,"ExternalId":""},{"Description":"PCT 9416","Id":389,"ExternalId":""},{"Description":"PCT 9418/9417","Id":390,"ExternalId":""},{"Description":"PCT 9419/9414","Id":391,"ExternalId":""},{"Description":"PCT 9421","Id":392,"ExternalId":""},{"Description":"PCT 9422","Id":393,"ExternalId":""},{"Description":"PCT 9423","Id":394,"ExternalId":""},{"Description":"PCT 9424/9425","Id":395,"ExternalId":""},{"Description":"PCT 9426","Id":396,"ExternalId":""},{"Description":"PCT 9427","Id":397,"ExternalId":""},{"Description":"PCT 9431/9429","Id":398,"ExternalId":""},{"Description":"PCT 9432","Id":399,"ExternalId":""},{"Description":"PCT 9433/9428","Id":400,"ExternalId":""},{"Description":"PCT 9434","Id":401,"ExternalId":""},{"Description":"PCT 9436","Id":402,"ExternalId":""},{"Description":"PCT 9437","Id":403,"ExternalId":""},{"Description":"PCT 9439/9438","Id":404,"ExternalId":""},{"Description":"PCT 9441","Id":405,"ExternalId":""},{"Description":"PCT 9442/9435","Id":406,"ExternalId":""},{"Description":"PCT 9443/9444","Id":407,"ExternalId":""},{"Description":"PCT 9445","Id":408,"ExternalId":""},{"Description":"PCT 9446/9452","Id":409,"ExternalId":""},{"Description":"PCT 9447","Id":410,"ExternalId":""},{"Description":"PCT 9448","Id":411,"ExternalId":""},{"Description":"PCT 9449","Id":412,"ExternalId":""},{"Description":"PCT 9451","Id":413,"ExternalId":""},{"Description":"PCT 9453","Id":414,"ExternalId":""},{"Description":"PCT 9501 MB","Id":415,"ExternalId":""},{"Description":"PCT 9502 MB","Id":416,"ExternalId":""},{"Description":"PCT 9503/9504","Id":417,"ExternalId":""},{"Description":"PCT 9505","Id":418,"ExternalId":""},{"Description":"PCT 9506","Id":419,"ExternalId":""},{"Description":"PCT 9507","Id":420,"ExternalId":""},{"Description":"PCT 9511/9509","Id":421,"ExternalId":""},{"Description":"PCT 9512/9508","Id":422,"ExternalId":""},{"Description":"PCT 9513","Id":423,"ExternalId":""},{"Description":"PCT 9514/9522","Id":424,"ExternalId":""},{"Description":"PCT 9516/9515","Id":425,"ExternalId":""},{"Description":"PCT 9517/9518","Id":426,"ExternalId":""},{"Description":"PCT 9519","Id":427,"ExternalId":""},{"Description":"PCT 9521","Id":428,"ExternalId":""},{"Description":"PCT 9701","Id":429,"ExternalId":""},{"Description":"PCT 9702","Id":430,"ExternalId":""},{"Description":"PCT 9703","Id":431,"ExternalId":""},{"Description":"PCT 9704","Id":432,"ExternalId":""},{"Description":"PCT 9705/9708","Id":433,"ExternalId":""},{"Description":"PCT 9706 MB","Id":434,"ExternalId":""},{"Description":"PCT 9709","Id":435,"ExternalId":""},{"Description":"PCT 9711/9707","Id":436,"ExternalId":""},{"Description":"PCT 9712/9715","Id":437,"ExternalId":""},{"Description":"PCT 9716","Id":438,"ExternalId":""},{"Description":"PCT 9717/9713","Id":439,"ExternalId":""},{"Description":"PCT 9718/9714","Id":440,"ExternalId":""},{"Description":"PCT 9719","Id":441,"ExternalId":""},{"Description":"PCT 9721","Id":442,"ExternalId":""},{"Description":"PCT 9722","Id":443,"ExternalId":""},{"Description":"PCT 9723","Id":444,"ExternalId":""},{"Description":"PCT 9724","Id":445,"ExternalId":""},{"Description":"PCT 9725","Id":446,"ExternalId":""},{"Description":"PCT 9726","Id":447,"ExternalId":""},{"Description":"PCT 9727","Id":448,"ExternalId":""},{"Description":"PCT 9728/9746","Id":449,"ExternalId":""},{"Description":"PCT 9729","Id":450,"ExternalId":""},{"Description":"PCT 9731","Id":451,"ExternalId":""},{"Description":"PCT 9732 MB","Id":452,"ExternalId":""},{"Description":"PCT 9733 MB","Id":453,"ExternalId":""},{"Description":"PCT 9734/9735","Id":454,"ExternalId":""},{"Description":"PCT 9737/9736","Id":455,"ExternalId":""},{"Description":"PCT 9738","Id":456,"ExternalId":""},{"Description":"PCT 9739","Id":457,"ExternalId":""},{"Description":"PCT 9741","Id":458,"ExternalId":""},{"Description":"PCT 9742","Id":459,"ExternalId":""},{"Description":"PCT 9743","Id":460,"ExternalId":""},{"Description":"PCT 9744","Id":461,"ExternalId":""},{"Description":"PCT 9745","Id":462,"ExternalId":""},{"Description":"PCT 9748","Id":463,"ExternalId":""},{"Description":"PCT 9749/9747","Id":464,"ExternalId":""},{"Description":"PCT 9751","Id":465,"ExternalId":""},{"Description":"PCT 9752","Id":466,"ExternalId":""},{"Description":"PCT 9753","Id":467,"ExternalId":""},{"Description":"PCT 9754","Id":468,"ExternalId":""},{"Description":"PCT 9755","Id":469,"ExternalId":""},{"Description":"PCT 9756","Id":470,"ExternalId":""},{"Description":"PCT 9801","Id":471,"ExternalId":""},{"Description":"PCT 9900 MB","Id":472,"ExternalId":""},{"Description":"PCT 9901 MB","Id":473,"ExternalId":""},{"Description":"PCT 9902 MB","Id":474,"ExternalId":""}]}