{"Version":"5.2.18.2","List":[{"Description":"BSM 1101","Id":1101,"ExternalId":"1101","ThresholdMin":12,"ThresholdMax":35,"WriteThresholdMin":12,"WriteThresholdMax":35},{"Description":"BSM 1102","Id":1102,"ExternalId":"1102","ThresholdMin":12,"ThresholdMax":35,"WriteThresholdMin":12,"WriteThresholdMax":35},{"Description":"BSM 1103","Id":1103,"ExternalId":"1103","ThresholdMin":12,"ThresholdMax":35,"WriteThresholdMin":12,"WriteThresholdMax":35},{"Description":"BSM 1104","Id":1104,"ExternalId":"1104","ThresholdMin":12,"ThresholdMax":35,"WriteThresholdMin":12,"WriteThresholdMax":35},{"Description":"BSM 1106","Id":1106,"ExternalId":"1106","ThresholdMin":12,"ThresholdMax":35,"WriteThresholdMin":12,"WriteThresholdMax":35},{"Description":"BSM 1108","Id":1108,"ExternalId":"1108","ThresholdMin":12,"ThresholdMax":35,"WriteThresholdMin":12,"WriteThresholdMax":35},{"Description":"BSM 1109","Id":1109,"ExternalId":"1109","ThresholdMin":12,"ThresholdMax":35,"WriteThresholdMin":12,"WriteThresholdMax":35},{"Description":"BSM 1111","Id":1111,"ExternalId":"1111","ThresholdMin":12,"ThresholdMax":35,"WriteThresholdMin":12,"WriteThresholdMax":35},{"Description":"BSM 1112","Id":1112,"ExternalId":"1112","ThresholdMin":12,"ThresholdMax":35,"WriteThresholdMin":12,"WriteThresholdMax":35},{"Description":"BSM 1114","Id":1114,"ExternalId":"1114","ThresholdMin":12,"ThresholdMax":35,"WriteThresholdMin":12,"WriteThresholdMax":35},{"Description":"BSM 1115","Id":1115,"ExternalId":"1115","ThresholdMin":12,"ThresholdMax":35,"WriteThresholdMin":12,"WriteThresholdMax":35},{"Description":"BSM 1117","Id":1117,"ExternalId":"1117","ThresholdMin":12,"ThresholdMax":35,"WriteThresholdMin":12,"WriteThresholdMax":35},{"Description":"BSM 1118","Id":1118,"ExternalId":"1118","ThresholdMin":12,"ThresholdMax":35,"WriteThresholdMin":12,"WriteThresholdMax":35},{"Description":"BSM 1119","Id":1119,"ExternalId":"1119","ThresholdMin":12,"ThresholdMax":35,"WriteThresholdMin":12,"WriteThresholdMax":35},{"Description":"BSM 1122","Id":1122,"ExternalId":"1122","ThresholdMin":12,"ThresholdMax":35,"WriteThresholdMin":12,"WriteThresholdMax":35},{"Description":"BSM 1124","Id":1124,"ExternalId":"1124","ThresholdMin":12,"ThresholdMax":35,"WriteThresholdMin":12,"WriteThresholdMax":35},{"Description":"BSM 1125","Id":1125,"ExternalId":"1125","ThresholdMin":12,"ThresholdMax":35,"WriteThresholdMin":12,"WriteThresholdMax":35},{"Description":"BSM 1126","Id":1126,"ExternalId":"1126","ThresholdMin":12,"ThresholdMax":35,"WriteThresholdMin":12,"WriteThresholdMax":35},{"Description":"BSM 1127","Id":1127,"ExternalId":"1127","ThresholdMin":12,"ThresholdMax":35,"WriteThresholdMin":12,"WriteThresholdMax":35},{"Description":"BSM 1129","Id":1129,"ExternalId":"1129","ThresholdMin":12,"ThresholdMax":35,"WriteThresholdMin":12,"WriteThresholdMax":35},{"Description":"BSM 1131","Id":1131,"ExternalId":"1131","ThresholdMin":12,"ThresholdMax":35,"WriteThresholdMin":12,"WriteThresholdMax":35},{"Description":"BSM 1132","Id":1132,"ExternalId":"1132","ThresholdMin":12,"ThresholdMax":35,"WriteThresholdMin":12,"WriteThresholdMax":35},{"Description":"BSM 1133","Id":1133,"ExternalId":"1133","ThresholdMin":12,"ThresholdMax":35,"WriteThresholdMin":12,"WriteThresholdMax":35},{"Description":"BSM 1134","Id":1134,"ExternalId":"1134","ThresholdMin":12,"ThresholdMax":35,"WriteThresholdMin":12,"WriteThresholdMax":35},{"Description":"BSM 1135","Id":1135,"ExternalId":"1135","ThresholdMin":12,"ThresholdMax":35,"WriteThresholdMin":12,"WriteThresholdMax":35},{"Description":"BSM 1136","Id":1136,"ExternalId":"1136","ThresholdMin":12,"ThresholdMax":35,"WriteThresholdMin":12,"WriteThresholdMax":35},{"Description":"BSM 1141","Id":1141,"ExternalId":"1141","ThresholdMin":12,"ThresholdMax":35,"WriteThresholdMin":12,"WriteThresholdMax":35},{"Description":"BSM 1143","Id":1143,"ExternalId":"1143","ThresholdMin":12,"ThresholdMax":35,"WriteThresholdMin":12,"WriteThresholdMax":35},{"Description":"BSM 1144","Id":1144,"ExternalId":"1144","ThresholdMin":12,"ThresholdMax":35,"WriteThresholdMin":12,"WriteThresholdMax":35},{"Description":"BSM 1145","Id":1145,"ExternalId":"1145","ThresholdMin":12,"ThresholdMax":35,"WriteThresholdMin":12,"WriteThresholdMax":35},{"Description":"BSM 1146","Id":1146,"ExternalId":"1146","ThresholdMin":12,"ThresholdMax":35,"WriteThresholdMin":12,"WriteThresholdMax":35},{"Description":"BSM 1147","Id":1147,"ExternalId":"1147","ThresholdMin":12,"ThresholdMax":35,"WriteThresholdMin":12,"WriteThresholdMax":35},{"Description":"BSM 1148","Id":1148,"ExternalId":"1148","ThresholdMin":12,"ThresholdMax":35,"WriteThresholdMin":12,"WriteThresholdMax":35},{"Description":"BSM 1149","Id":1149,"ExternalId":"1149","ThresholdMin":12,"ThresholdMax":35,"WriteThresholdMin":12,"WriteThresholdMax":35},{"Description":"BSM 1152","Id":1152,"ExternalId":"1152","ThresholdMin":12,"ThresholdMax":35,"WriteThresholdMin":12,"WriteThresholdMax":35},{"Description":"BSM 7001","Id":7001,"ExternalId":"7001","ThresholdMin":12,"ThresholdMax":35,"WriteThresholdMin":12,"WriteThresholdMax":35},{"Description":"BSM 7002","Id":7002,"ExternalId":"7002","ThresholdMin":12,"ThresholdMax":35,"WriteThresholdMin":12,"WriteThresholdMax":35},{"Description":"BSM 7003","Id":7003,"ExternalId":"7003","ThresholdMin":12,"ThresholdMax":35,"WriteThresholdMin":12,"WriteThresholdMax":35},{"Description":"BSM 7005","Id":7005,"ExternalId":"7005","ThresholdMin":12,"ThresholdMax":35,"WriteThresholdMin":12,"WriteThresholdMax":35},{"Description":"BSM 7006","Id":7006,"ExternalId":"7006","ThresholdMin":12,"ThresholdMax":35,"WriteThresholdMin":12,"WriteThresholdMax":35},{"Description":"BSM 7007","Id":7007,"ExternalId":"7007","ThresholdMin":12,"ThresholdMax":35,"WriteThresholdMin":12,"WriteThresholdMax":35},{"Description":"BSM 7009","Id":7009,"ExternalId":"7009","ThresholdMin":12,"ThresholdMax":35,"WriteThresholdMin":12,"WriteThresholdMax":35},{"Description":"BSM 7011","Id":7011,"ExternalId":"7011","ThresholdMin":12,"ThresholdMax":35,"WriteThresholdMin":12,"WriteThresholdMax":35},{"Description":"BSM 7012","Id":7012,"ExternalId":"7012","ThresholdMin":12,"ThresholdMax":35,"WriteThresholdMin":12,"WriteThresholdMax":35},{"Description":"BSM 7013","Id":7013,"ExternalId":"7013","ThresholdMin":12,"ThresholdMax":35,"WriteThresholdMin":12,"WriteThresholdMax":35},{"Description":"BSM 7014","Id":7014,"ExternalId":"7014","ThresholdMin":12,"ThresholdMax":35,"WriteThresholdMin":12,"WriteThresholdMax":35},{"Description":"BSM 7016","Id":7016,"ExternalId":"7016","ThresholdMin":12,"ThresholdMax":35,"WriteThresholdMin":12,"WriteThresholdMax":35},{"Description":"BSM 7017","Id":7017,"ExternalId":"7017","ThresholdMin":12,"ThresholdMax":35,"WriteThresholdMin":12,"WriteThresholdMax":35},{"Description":"BSM 7019","Id":7019,"ExternalId":"7019","ThresholdMin":12,"ThresholdMax":35,"WriteThresholdMin":12,"WriteThresholdMax":35},{"Description":"BSM 7021","Id":7021,"ExternalId":"7021","ThresholdMin":12,"ThresholdMax":35,"WriteThresholdMin":12,"WriteThresholdMax":35},{"Description":"BSM 7022","Id":7022,"ExternalId":"7022","ThresholdMin":12,"ThresholdMax":35,"WriteThresholdMin":12,"WriteThresholdMax":35},{"Description":"BSM 7024","Id":7024,"ExternalId":"7024","ThresholdMin":12,"ThresholdMax":35,"WriteThresholdMin":12,"WriteThresholdMax":35},{"Description":"BSM 7025","Id":7025,"ExternalId":"7025","ThresholdMin":12,"ThresholdMax":35,"WriteThresholdMin":12,"WriteThresholdMax":35},{"Description":"BSM 7026","Id":7026,"ExternalId":"7026","ThresholdMin":12,"ThresholdMax":35,"WriteThresholdMin":12,"WriteThresholdMax":35},{"Description":"BSM 7027","Id":7027,"ExternalId":"7027","ThresholdMin":12,"ThresholdMax":35,"WriteThresholdMin":12,"WriteThresholdMax":35},{"Description":"BSM 7028","Id":7028,"ExternalId":"7028","ThresholdMin":12,"ThresholdMax":35,"WriteThresholdMin":12,"WriteThresholdMax":35},{"Description":"BSM 7029","Id":7029,"ExternalId":"7029","ThresholdMin":12,"ThresholdMax":35,"WriteThresholdMin":12,"WriteThresholdMax":35},{"Description":"BSM 7030","Id":7030,"ExternalId":"7030","ThresholdMin":12,"ThresholdMax":35,"WriteThresholdMin":12,"WriteThresholdMax":35},{"Description":"BSM 7031","Id":7031,"ExternalId":"7031","ThresholdMin":12,"ThresholdMax":35,"WriteThresholdMin":12,"WriteThresholdMax":35},{"Description":"BSM 7032","Id":7032,"ExternalId":"7032","ThresholdMin":12,"ThresholdMax":35,"WriteThresholdMin":12,"WriteThresholdMax":35},{"Description":"BSM 7033","Id":7033,"ExternalId":"7033","ThresholdMin":12,"ThresholdMax":35,"WriteThresholdMin":12,"WriteThresholdMax":35},{"Description":"BSM 7034","Id":7034,"ExternalId":"7034","ThresholdMin":12,"ThresholdMax":35,"WriteThresholdMin":12,"WriteThresholdMax":35},{"Description":"BSM 7035","Id":7035,"ExternalId":"7035","ThresholdMin":12,"ThresholdMax":35,"WriteThresholdMin":12,"WriteThresholdMax":35},{"Description":"BSM 7037","Id":7037,"ExternalId":"7037","ThresholdMin":12,"ThresholdMax":35,"WriteThresholdMin":12,"WriteThresholdMax":35},{"Description":"BSM 7038","Id":7038,"ExternalId":"7038","ThresholdMin":12,"ThresholdMax":35,"WriteThresholdMin":12,"WriteThresholdMax":35},{"Description":"BSM 7039","Id":7039,"ExternalId":"7039","ThresholdMin":12,"ThresholdMax":35,"WriteThresholdMin":12,"WriteThresholdMax":35},{"Description":"BSM 7042","Id":7042,"ExternalId":"7042","ThresholdMin":12,"ThresholdMax":35,"WriteThresholdMin":12,"WriteThresholdMax":35},{"Description":"BSM 7043","Id":7043,"ExternalId":"7043","ThresholdMin":12,"ThresholdMax":35,"WriteThresholdMin":12,"WriteThresholdMax":35},{"Description":"BSM 7044","Id":7044,"ExternalId":"7044","ThresholdMin":12,"ThresholdMax":35,"WriteThresholdMin":12,"WriteThresholdMax":35},{"Description":"BSM 7045","Id":7045,"ExternalId":"7045","ThresholdMin":12,"ThresholdMax":35,"WriteThresholdMin":12,"WriteThresholdMax":35},{"Description":"BSM 7047","Id":7047,"ExternalId":"7047","ThresholdMin":12,"ThresholdMax":35,"WriteThresholdMin":12,"WriteThresholdMax":35},{"Description":"BSM 7048","Id":7048,"ExternalId":"7048","ThresholdMin":12,"ThresholdMax":35,"WriteThresholdMin":12,"WriteThresholdMax":35},{"Description":"BSM 7049","Id":7049,"ExternalId":"7049","ThresholdMin":12,"ThresholdMax":35,"WriteThresholdMin":12,"WriteThresholdMax":35},{"Description":"BSM 7052","Id":7052,"ExternalId":"7052","ThresholdMin":12,"ThresholdMax":35,"WriteThresholdMin":12,"WriteThresholdMax":35},{"Description":"BSM 7053","Id":7053,"ExternalId":"7053","ThresholdMin":12,"ThresholdMax":35,"WriteThresholdMin":12,"WriteThresholdMax":35},{"Description":"BSM 7054","Id":7054,"ExternalId":"7054","ThresholdMin":12,"ThresholdMax":35,"WriteThresholdMin":12,"WriteThresholdMax":35},{"Description":"BSM 7055","Id":7055,"ExternalId":"7055","ThresholdMin":12,"ThresholdMax":35,"WriteThresholdMin":12,"WriteThresholdMax":35},{"Description":"BSM 7202","Id":7202,"ExternalId":"7202","ThresholdMin":12,"ThresholdMax":35,"WriteThresholdMin":12,"WriteThresholdMax":35},{"Description":"BSM 7203","Id":7203,"ExternalId":"7203","ThresholdMin":12,"ThresholdMax":35,"WriteThresholdMin":12,"WriteThresholdMax":35},{"Description":"BSM 7204","Id":7204,"ExternalId":"7204","ThresholdMin":12,"ThresholdMax":35,"WriteThresholdMin":12,"WriteThresholdMax":35},{"Description":"BSM 7205","Id":7205,"ExternalId":"7205","ThresholdMin":12,"ThresholdMax":35,"WriteThresholdMin":12,"WriteThresholdMax":35},{"Description":"BSM 7207","Id":7207,"ExternalId":"7207","ThresholdMin":12,"ThresholdMax":35,"WriteThresholdMin":12,"WriteThresholdMax":35},{"Description":"BSM 7208","Id":7208,"ExternalId":"7208","ThresholdMin":12,"ThresholdMax":35,"WriteThresholdMin":12,"WriteThresholdMax":35},{"Description":"BSM 7301","Id":7301,"ExternalId":"7301","ThresholdMin":12,"ThresholdMax":35,"WriteThresholdMin":12,"WriteThresholdMax":35},{"Description":"BSM 7302","Id":7302,"ExternalId":"7302","ThresholdMin":12,"ThresholdMax":35,"WriteThresholdMin":12,"WriteThresholdMax":35},{"Description":"BSM 7305","Id":7305,"ExternalId":"7305","ThresholdMin":12,"ThresholdMax":35,"WriteThresholdMin":12,"WriteThresholdMax":35},{"Description":"BSM 7306","Id":7306,"ExternalId":"7306","ThresholdMin":12,"ThresholdMax":35,"WriteThresholdMin":12,"WriteThresholdMax":35},{"Description":"BSM 7308","Id":7308,"ExternalId":"7308","ThresholdMin":12,"ThresholdMax":35,"WriteThresholdMin":12,"WriteThresholdMax":35},{"Description":"BSM 7311","Id":7311,"ExternalId":"7311","ThresholdMin":12,"ThresholdMax":35,"WriteThresholdMin":12,"WriteThresholdMax":35},{"Description":"BSM 7312","Id":7312,"ExternalId":"7312","ThresholdMin":12,"ThresholdMax":35,"WriteThresholdMin":12,"WriteThresholdMax":35},{"Description":"BSM 7314","Id":7314,"ExternalId":"7314","ThresholdMin":12,"ThresholdMax":35,"WriteThresholdMin":12,"WriteThresholdMax":35},{"Description":"BSM 7315","Id":7315,"ExternalId":"7315","ThresholdMin":12,"ThresholdMax":35,"WriteThresholdMin":12,"WriteThresholdMax":35},{"Description":"BSM 7317","Id":7317,"ExternalId":"7317","ThresholdMin":12,"ThresholdMax":35,"WriteThresholdMin":12,"WriteThresholdMax":35},{"Description":"BSM 7318","Id":7318,"ExternalId":"7318","ThresholdMin":12,"ThresholdMax":35,"WriteThresholdMin":12,"WriteThresholdMax":35},{"Description":"BSM 7321","Id":7321,"ExternalId":"7321","ThresholdMin":12,"ThresholdMax":35,"WriteThresholdMin":12,"WriteThresholdMax":35},{"Description":"BSM 7323","Id":7323,"ExternalId":"7323","ThresholdMin":12,"ThresholdMax":35,"WriteThresholdMin":12,"WriteThresholdMax":35},{"Description":"BSM 7325","Id":7325,"ExternalId":"7325","ThresholdMin":12,"ThresholdMax":35,"WriteThresholdMin":12,"WriteThresholdMax":35},{"Description":"BSM 7326","Id":7326,"ExternalId":"7326","ThresholdMin":12,"ThresholdMax":35,"WriteThresholdMin":12,"WriteThresholdMax":35},{"Description":"BSM 7327","Id":7327,"ExternalId":"7327","ThresholdMin":12,"ThresholdMax":35,"WriteThresholdMin":12,"WriteThresholdMax":35},{"Description":"BSM 7328","Id":7328,"ExternalId":"7328","ThresholdMin":12,"ThresholdMax":35,"WriteThresholdMin":12,"WriteThresholdMax":35},{"Description":"BSM 7329","Id":7329,"ExternalId":"7329","ThresholdMin":12,"ThresholdMax":35,"WriteThresholdMin":12,"WriteThresholdMax":35},{"Description":"BSM 7331","Id":7331,"ExternalId":"7331","ThresholdMin":12,"ThresholdMax":35,"WriteThresholdMin":12,"WriteThresholdMax":35},{"Description":"BSM 7332","Id":7332,"ExternalId":"7332","ThresholdMin":12,"ThresholdMax":35,"WriteThresholdMin":12,"WriteThresholdMax":35},{"Description":"BSM 7333","Id":7333,"ExternalId":"7333","ThresholdMin":12,"ThresholdMax":35,"WriteThresholdMin":12,"WriteThresholdMax":35},{"Description":"BSM 7336","Id":7336,"ExternalId":"7336","ThresholdMin":12,"ThresholdMax":35,"WriteThresholdMin":12,"WriteThresholdMax":35},{"Description":"BSM 7338","Id":7338,"ExternalId":"7338","ThresholdMin":12,"ThresholdMax":35,"WriteThresholdMin":12,"WriteThresholdMax":35},{"Description":"BSM 7339","Id":7339,"ExternalId":"7339","ThresholdMin":12,"ThresholdMax":35,"WriteThresholdMin":12,"WriteThresholdMax":35},{"Description":"BSM 7342","Id":7342,"ExternalId":"7342","ThresholdMin":12,"ThresholdMax":35,"WriteThresholdMin":12,"WriteThresholdMax":35},{"Description":"BSM 7343","Id":7343,"ExternalId":"7343","ThresholdMin":12,"ThresholdMax":35,"WriteThresholdMin":12,"WriteThresholdMax":35},{"Description":"BSM 7344","Id":7344,"ExternalId":"7344","ThresholdMin":12,"ThresholdMax":35,"WriteThresholdMin":12,"WriteThresholdMax":35},{"Description":"BSM 7346","Id":7346,"ExternalId":"7346","ThresholdMin":12,"ThresholdMax":35,"WriteThresholdMin":12,"WriteThresholdMax":35},{"Description":"BSM 7348","Id":7348,"ExternalId":"7348","ThresholdMin":12,"ThresholdMax":35,"WriteThresholdMin":12,"WriteThresholdMax":35},{"Description":"BSM 7502","Id":7502,"ExternalId":"7502","ThresholdMin":12,"ThresholdMax":35,"WriteThresholdMin":12,"WriteThresholdMax":35},{"Description":"BSM 7503","Id":7503,"ExternalId":"7503","ThresholdMin":12,"ThresholdMax":35,"WriteThresholdMin":12,"WriteThresholdMax":35},{"Description":"BSM 7504","Id":7504,"ExternalId":"7504","ThresholdMin":12,"ThresholdMax":35,"WriteThresholdMin":12,"WriteThresholdMax":35},{"Description":"BSM 7505","Id":7505,"ExternalId":"7505","ThresholdMin":12,"ThresholdMax":35,"WriteThresholdMin":12,"WriteThresholdMax":35},{"Description":"BSM 7506","Id":7506,"ExternalId":"7506","ThresholdMin":12,"ThresholdMax":35,"WriteThresholdMin":12,"WriteThresholdMax":35},{"Description":"BSM 7508","Id":7508,"ExternalId":"7508","ThresholdMin":12,"ThresholdMax":35,"WriteThresholdMin":12,"WriteThresholdMax":35},{"Description":"BSM 7509","Id":7509,"ExternalId":"7509","ThresholdMin":12,"ThresholdMax":35,"WriteThresholdMin":12,"WriteThresholdMax":35},{"Description":"BSM 7512","Id":7512,"ExternalId":"7512","ThresholdMin":12,"ThresholdMax":35,"WriteThresholdMin":12,"WriteThresholdMax":35},{"Description":"BSM 7513","Id":7513,"ExternalId":"7513","ThresholdMin":12,"ThresholdMax":35,"WriteThresholdMin":12,"WriteThresholdMax":35},{"Description":"BSM 7514","Id":7514,"ExternalId":"7514","ThresholdMin":12,"ThresholdMax":35,"WriteThresholdMin":12,"WriteThresholdMax":35},{"Description":"BSM 7515","Id":7515,"ExternalId":"7515","ThresholdMin":12,"ThresholdMax":35,"WriteThresholdMin":12,"WriteThresholdMax":35},{"Description":"BSM 7516","Id":7516,"ExternalId":"7516","ThresholdMin":12,"ThresholdMax":35,"WriteThresholdMin":12,"WriteThresholdMax":35},{"Description":"BSM 7518","Id":7518,"ExternalId":"7518","ThresholdMin":12,"ThresholdMax":35,"WriteThresholdMin":12,"WriteThresholdMax":35},{"Description":"BSM 7519","Id":7519,"ExternalId":"7519","ThresholdMin":12,"ThresholdMax":35,"WriteThresholdMin":12,"WriteThresholdMax":35},{"Description":"BSM 7521","Id":7521,"ExternalId":"7521","ThresholdMin":12,"ThresholdMax":35,"WriteThresholdMin":12,"WriteThresholdMax":35},{"Description":"BSM 7522","Id":7522,"ExternalId":"7522","ThresholdMin":12,"ThresholdMax":35,"WriteThresholdMin":12,"WriteThresholdMax":35},{"Description":"BSM 7524","Id":7524,"ExternalId":"7524","ThresholdMin":12,"ThresholdMax":35,"WriteThresholdMin":12,"WriteThresholdMax":35},{"Description":"BSM 7525","Id":7525,"ExternalId":"7525","ThresholdMin":12,"ThresholdMax":35,"WriteThresholdMin":12,"WriteThresholdMax":35},{"Description":"BSM 7526","Id":7526,"ExternalId":"7526","ThresholdMin":12,"ThresholdMax":35,"WriteThresholdMin":12,"WriteThresholdMax":35},{"Description":"BSM 7527","Id":7527,"ExternalId":"7527","ThresholdMin":12,"ThresholdMax":35,"WriteThresholdMin":12,"WriteThresholdMax":35},{"Description":"BSM 7529","Id":7529,"ExternalId":"7529","ThresholdMin":12,"ThresholdMax":35,"WriteThresholdMin":12,"WriteThresholdMax":35},{"Description":"BSM 7531","Id":7531,"ExternalId":"7531","ThresholdMin":12,"ThresholdMax":35,"WriteThresholdMin":12,"WriteThresholdMax":35},{"Description":"BSM 7532","Id":7532,"ExternalId":"7532","ThresholdMin":12,"ThresholdMax":35,"WriteThresholdMin":12,"WriteThresholdMax":35},{"Description":"BSM 7533","Id":7533,"ExternalId":"7533","ThresholdMin":12,"ThresholdMax":35,"WriteThresholdMin":12,"WriteThresholdMax":35},{"Description":"BSM 7534","Id":7534,"ExternalId":"7534","ThresholdMin":12,"ThresholdMax":35,"WriteThresholdMin":12,"WriteThresholdMax":35},{"Description":"BSM 7536","Id":7536,"ExternalId":"7536","ThresholdMin":12,"ThresholdMax":35,"WriteThresholdMin":12,"WriteThresholdMax":35},{"Description":"BSM 7537","Id":7537,"ExternalId":"7537","ThresholdMin":12,"ThresholdMax":35,"WriteThresholdMin":12,"WriteThresholdMax":35},{"Description":"BSM 7539","Id":7539,"ExternalId":"7539","ThresholdMin":12,"ThresholdMax":35,"WriteThresholdMin":12,"WriteThresholdMax":35},{"Description":"BSM 7541","Id":7541,"ExternalId":"7541","ThresholdMin":12,"ThresholdMax":35,"WriteThresholdMin":12,"WriteThresholdMax":35},{"Description":"BSM 7543","Id":7543,"ExternalId":"7543","ThresholdMin":12,"ThresholdMax":35,"WriteThresholdMin":12,"WriteThresholdMax":35},{"Description":"BSM 7544","Id":7544,"ExternalId":"7544","ThresholdMin":12,"ThresholdMax":35,"WriteThresholdMin":12,"WriteThresholdMax":35},{"Description":"BSM 7545","Id":7545,"ExternalId":"7545","ThresholdMin":12,"ThresholdMax":35,"WriteThresholdMin":12,"WriteThresholdMax":35},{"Description":"BSM 7546","Id":7546,"ExternalId":"7546","ThresholdMin":12,"ThresholdMax":35,"WriteThresholdMin":12,"WriteThresholdMax":35},{"Description":"BSM 7548","Id":7548,"ExternalId":"7548","ThresholdMin":12,"ThresholdMax":35,"WriteThresholdMin":12,"WriteThresholdMax":35},{"Description":"BSM 7549","Id":7549,"ExternalId":"7549","ThresholdMin":12,"ThresholdMax":35,"WriteThresholdMin":12,"WriteThresholdMax":35},{"Description":"BSM 7552","Id":7552,"ExternalId":"7552","ThresholdMin":12,"ThresholdMax":35,"WriteThresholdMin":12,"WriteThresholdMax":35},{"Description":"BSM 7554","Id":7554,"ExternalId":"7554","ThresholdMin":12,"ThresholdMax":35,"WriteThresholdMin":12,"WriteThresholdMax":35},{"Description":"BSM 7555","Id":7555,"ExternalId":"7555","ThresholdMin":12,"ThresholdMax":35,"WriteThresholdMin":12,"WriteThresholdMax":35},{"Description":"BSM 7556","Id":7556,"ExternalId":"7556","ThresholdMin":12,"ThresholdMax":35,"WriteThresholdMin":12,"WriteThresholdMax":35},{"Description":"BSM 7601","Id":7601,"ExternalId":"7601","ThresholdMin":12,"ThresholdMax":35,"WriteThresholdMin":12,"WriteThresholdMax":35},{"Description":"BSM 7602","Id":7602,"ExternalId":"7602","ThresholdMin":12,"ThresholdMax":35,"WriteThresholdMin":12,"WriteThresholdMax":35},{"Description":"BSM 7605","Id":7605,"ExternalId":"7605","ThresholdMin":12,"ThresholdMax":35,"WriteThresholdMin":12,"WriteThresholdMax":35},{"Description":"BSM 7606","Id":7606,"ExternalId":"7606","ThresholdMin":12,"ThresholdMax":35,"WriteThresholdMin":12,"WriteThresholdMax":35},{"Description":"BSM 7607","Id":7607,"ExternalId":"7607","ThresholdMin":12,"ThresholdMax":35,"WriteThresholdMin":12,"WriteThresholdMax":35},{"Description":"BSM 7608","Id":7608,"ExternalId":"7608","ThresholdMin":12,"ThresholdMax":35,"WriteThresholdMin":12,"WriteThresholdMax":35},{"Description":"BSM 7611","Id":7611,"ExternalId":"7611","ThresholdMin":12,"ThresholdMax":35,"WriteThresholdMin":12,"WriteThresholdMax":35},{"Description":"BSM 7613","Id":7613,"ExternalId":"7613","ThresholdMin":12,"ThresholdMax":35,"WriteThresholdMin":12,"WriteThresholdMax":35},{"Description":"BSM 7614","Id":7614,"ExternalId":"7614","ThresholdMin":12,"ThresholdMax":35,"WriteThresholdMin":12,"WriteThresholdMax":35},{"Description":"BSM 7615","Id":7615,"ExternalId":"7615","ThresholdMin":12,"ThresholdMax":35,"WriteThresholdMin":12,"WriteThresholdMax":35},{"Description":"BSM 7616","Id":7616,"ExternalId":"7616","ThresholdMin":12,"ThresholdMax":35,"WriteThresholdMin":12,"WriteThresholdMax":35},{"Description":"BSM 7617","Id":7617,"ExternalId":"7617","ThresholdMin":12,"ThresholdMax":35,"WriteThresholdMin":12,"WriteThresholdMax":35},{"Description":"BSM 7618","Id":7618,"ExternalId":"7618","ThresholdMin":12,"ThresholdMax":35,"WriteThresholdMin":12,"WriteThresholdMax":35},{"Description":"BSM 7619","Id":7619,"ExternalId":"7619","ThresholdMin":12,"ThresholdMax":35,"WriteThresholdMin":12,"WriteThresholdMax":35},{"Description":"BSM 7621","Id":7621,"ExternalId":"7621","ThresholdMin":12,"ThresholdMax":35,"WriteThresholdMin":12,"WriteThresholdMax":35},{"Description":"BSM 7622","Id":7622,"ExternalId":"7622","ThresholdMin":12,"ThresholdMax":35,"WriteThresholdMin":12,"WriteThresholdMax":35},{"Description":"BSM 7623","Id":7623,"ExternalId":"7623","ThresholdMin":12,"ThresholdMax":35,"WriteThresholdMin":12,"WriteThresholdMax":35},{"Description":"BSM 7624","Id":7624,"ExternalId":"7624","ThresholdMin":12,"ThresholdMax":35,"WriteThresholdMin":12,"WriteThresholdMax":35},{"Description":"BSM 7625","Id":7625,"ExternalId":"7625","ThresholdMin":12,"ThresholdMax":35,"WriteThresholdMin":12,"WriteThresholdMax":35},{"Description":"BSM 7626","Id":7626,"ExternalId":"7626","ThresholdMin":12,"ThresholdMax":35,"WriteThresholdMin":12,"WriteThresholdMax":35},{"Description":"BSM 7628","Id":7628,"ExternalId":"7628","ThresholdMin":12,"ThresholdMax":35,"WriteThresholdMin":12,"WriteThresholdMax":35},{"Description":"BSM 7629","Id":7629,"ExternalId":"7629","ThresholdMin":12,"ThresholdMax":35,"WriteThresholdMin":12,"WriteThresholdMax":35},{"Description":"BSM 7632","Id":7632,"ExternalId":"7632","ThresholdMin":12,"ThresholdMax":35,"WriteThresholdMin":12,"WriteThresholdMax":35},{"Description":"BSM 7633","Id":7633,"ExternalId":"7633","ThresholdMin":12,"ThresholdMax":35,"WriteThresholdMin":12,"WriteThresholdMax":35},{"Description":"BSM 7634","Id":7634,"ExternalId":"7634","ThresholdMin":12,"ThresholdMax":35,"WriteThresholdMin":12,"WriteThresholdMax":35},{"Description":"BSM 7635","Id":7635,"ExternalId":"7635","ThresholdMin":12,"ThresholdMax":35,"WriteThresholdMin":12,"WriteThresholdMax":35},{"Description":"BSM 7636","Id":7636,"ExternalId":"7636","ThresholdMin":12,"ThresholdMax":35,"WriteThresholdMin":12,"WriteThresholdMax":35},{"Description":"BSM 7637","Id":7637,"ExternalId":"7637","ThresholdMin":12,"ThresholdMax":35,"WriteThresholdMin":12,"WriteThresholdMax":35},{"Description":"BSM 7638","Id":7638,"ExternalId":"7638","ThresholdMin":12,"ThresholdMax":35,"WriteThresholdMin":12,"WriteThresholdMax":35},{"Description":"BSM 7639","Id":7639,"ExternalId":"7639","ThresholdMin":12,"ThresholdMax":35,"WriteThresholdMin":12,"WriteThresholdMax":35},{"Description":"BSM 7642","Id":7642,"ExternalId":"7642","ThresholdMin":12,"ThresholdMax":35,"WriteThresholdMin":12,"WriteThresholdMax":35},{"Description":"BSM 7643","Id":7643,"ExternalId":"7643","ThresholdMin":12,"ThresholdMax":35,"WriteThresholdMin":12,"WriteThresholdMax":35},{"Description":"BSM 7644","Id":7644,"ExternalId":"7644","ThresholdMin":12,"ThresholdMax":35,"WriteThresholdMin":12,"WriteThresholdMax":35},{"Description":"BSM 7645","Id":7645,"ExternalId":"7645","ThresholdMin":12,"ThresholdMax":35,"WriteThresholdMin":12,"WriteThresholdMax":35},{"Description":"BSM 7646","Id":7646,"ExternalId":"7646","ThresholdMin":12,"ThresholdMax":35,"WriteThresholdMin":12,"WriteThresholdMax":35},{"Description":"BSM 7647","Id":7647,"ExternalId":"7647","ThresholdMin":12,"ThresholdMax":35,"WriteThresholdMin":12,"WriteThresholdMax":35},{"Description":"BSM 7649","Id":7649,"ExternalId":"7649","ThresholdMin":12,"ThresholdMax":35,"WriteThresholdMin":12,"WriteThresholdMax":35},{"Description":"BSM 7651","Id":7651,"ExternalId":"7651","ThresholdMin":12,"ThresholdMax":35,"WriteThresholdMin":12,"WriteThresholdMax":35},{"Description":"BSM 7652","Id":7652,"ExternalId":"7652","ThresholdMin":12,"ThresholdMax":35,"WriteThresholdMin":12,"WriteThresholdMax":35},{"Description":"BSM 7653","Id":7653,"ExternalId":"7653","ThresholdMin":12,"ThresholdMax":35,"WriteThresholdMin":12,"WriteThresholdMax":35},{"Description":"BSM 7655","Id":7655,"ExternalId":"7655","ThresholdMin":12,"ThresholdMax":35,"WriteThresholdMin":12,"WriteThresholdMax":35},{"Description":"BSM 7701","Id":7701,"ExternalId":"7701","ThresholdMin":12,"ThresholdMax":35,"WriteThresholdMin":12,"WriteThresholdMax":35},{"Description":"BSM 7704","Id":7704,"ExternalId":"7704","ThresholdMin":12,"ThresholdMax":35,"WriteThresholdMin":12,"WriteThresholdMax":35},{"Description":"BSM 7705","Id":7705,"ExternalId":"7705","ThresholdMin":12,"ThresholdMax":35,"WriteThresholdMin":12,"WriteThresholdMax":35},{"Description":"BSM 7706","Id":7706,"ExternalId":"7706","ThresholdMin":12,"ThresholdMax":35,"WriteThresholdMin":12,"WriteThresholdMax":35},{"Description":"BSM 7707","Id":7707,"ExternalId":"7707","ThresholdMin":12,"ThresholdMax":35,"WriteThresholdMin":12,"WriteThresholdMax":35},{"Description":"BSM 7708","Id":7708,"ExternalId":"7708","ThresholdMin":12,"ThresholdMax":35,"WriteThresholdMin":12,"WriteThresholdMax":35},{"Description":"BSM 7709","Id":7709,"ExternalId":"7709","ThresholdMin":12,"ThresholdMax":35,"WriteThresholdMin":12,"WriteThresholdMax":35},{"Description":"BSM 7712","Id":7712,"ExternalId":"7712","ThresholdMin":12,"ThresholdMax":35,"WriteThresholdMin":12,"WriteThresholdMax":35},{"Description":"BSM 7801","Id":7801,"ExternalId":"7801","ThresholdMin":12,"ThresholdMax":35,"WriteThresholdMin":12,"WriteThresholdMax":35},{"Description":"BSM 7802","Id":7802,"ExternalId":"7802","ThresholdMin":12,"ThresholdMax":35,"WriteThresholdMin":12,"WriteThresholdMax":35},{"Description":"BSM 7803","Id":7803,"ExternalId":"7803","ThresholdMin":12,"ThresholdMax":35,"WriteThresholdMin":12,"WriteThresholdMax":35},{"Description":"BSM 7805","Id":7805,"ExternalId":"7805","ThresholdMin":12,"ThresholdMax":35,"WriteThresholdMin":12,"WriteThresholdMax":35},{"Description":"BSM 7807","Id":7807,"ExternalId":"7807","ThresholdMin":12,"ThresholdMax":35,"WriteThresholdMin":12,"WriteThresholdMax":35},{"Description":"BSM 7808","Id":7808,"ExternalId":"7808","ThresholdMin":12,"ThresholdMax":35,"WriteThresholdMin":12,"WriteThresholdMax":35},{"Description":"BSM 7809","Id":7809,"ExternalId":"7809","ThresholdMin":12,"ThresholdMax":35,"WriteThresholdMin":12,"WriteThresholdMax":35},{"Description":"BSM 7811","Id":7811,"ExternalId":"7811","ThresholdMin":12,"ThresholdMax":35,"WriteThresholdMin":12,"WriteThresholdMax":35},{"Description":"BSM 7812","Id":7812,"ExternalId":"7812","ThresholdMin":12,"ThresholdMax":35,"WriteThresholdMin":12,"WriteThresholdMax":35},{"Description":"BSM 7813","Id":7813,"ExternalId":"7813","ThresholdMin":12,"ThresholdMax":35,"WriteThresholdMin":12,"WriteThresholdMax":35},{"Description":"BSM 7814","Id":7814,"ExternalId":"7814","ThresholdMin":12,"ThresholdMax":35,"WriteThresholdMin":12,"WriteThresholdMax":35},{"Description":"BSM 7815","Id":7815,"ExternalId":"7815","ThresholdMin":12,"ThresholdMax":35,"WriteThresholdMin":12,"WriteThresholdMax":35},{"Description":"BSM 7817","Id":7817,"ExternalId":"7817","ThresholdMin":12,"ThresholdMax":35,"WriteThresholdMin":12,"WriteThresholdMax":35},{"Description":"BSM 7819","Id":7819,"ExternalId":"7819","ThresholdMin":12,"ThresholdMax":35,"WriteThresholdMin":12,"WriteThresholdMax":35},{"Description":"BSM 7821","Id":7821,"ExternalId":"7821","ThresholdMin":12,"ThresholdMax":35,"WriteThresholdMin":12,"WriteThresholdMax":35},{"Description":"BSM 7822","Id":7822,"ExternalId":"7822","ThresholdMin":12,"ThresholdMax":35,"WriteThresholdMin":12,"WriteThresholdMax":35},{"Description":"BSM 7824","Id":7824,"ExternalId":"7824","ThresholdMin":12,"ThresholdMax":35,"WriteThresholdMin":12,"WriteThresholdMax":35},{"Description":"BSM 7826","Id":7826,"ExternalId":"7826","ThresholdMin":12,"ThresholdMax":35,"WriteThresholdMin":12,"WriteThresholdMax":35},{"Description":"BSM 7828","Id":7828,"ExternalId":"7828","ThresholdMin":12,"ThresholdMax":35,"WriteThresholdMin":12,"WriteThresholdMax":35},{"Description":"BSM 7829","Id":7829,"ExternalId":"7829","ThresholdMin":12,"ThresholdMax":35,"WriteThresholdMin":12,"WriteThresholdMax":35},{"Description":"BSM 7832","Id":7832,"ExternalId":"7832","ThresholdMin":12,"ThresholdMax":35,"WriteThresholdMin":12,"WriteThresholdMax":35},{"Description":"BSM 7834","Id":7834,"ExternalId":"7834","ThresholdMin":12,"ThresholdMax":35,"WriteThresholdMin":12,"WriteThresholdMax":35},{"Description":"BSM 7835","Id":7835,"ExternalId":"7835","ThresholdMin":12,"ThresholdMax":35,"WriteThresholdMin":12,"WriteThresholdMax":35},{"Description":"BSM 7836","Id":7836,"ExternalId":"7836","ThresholdMin":12,"ThresholdMax":35,"WriteThresholdMin":12,"WriteThresholdMax":35},{"Description":"BSM 7837","Id":7837,"ExternalId":"7837","ThresholdMin":12,"ThresholdMax":35,"WriteThresholdMin":12,"WriteThresholdMax":35},{"Description":"BSM 7839","Id":7839,"ExternalId":"7839","ThresholdMin":12,"ThresholdMax":35,"WriteThresholdMin":12,"WriteThresholdMax":35},{"Description":"BSM 7841","Id":7841,"ExternalId":"7841","ThresholdMin":12,"ThresholdMax":35,"WriteThresholdMin":12,"WriteThresholdMax":35},{"Description":"BSM 7843","Id":7843,"ExternalId":"7843","ThresholdMin":12,"ThresholdMax":35,"WriteThresholdMin":12,"WriteThresholdMax":35},{"Description":"BSM 7844","Id":7844,"ExternalId":"7844","ThresholdMin":12,"ThresholdMax":35,"WriteThresholdMin":12,"WriteThresholdMax":35},{"Description":"BSM 7845","Id":7845,"ExternalId":"7845","ThresholdMin":12,"ThresholdMax":35,"WriteThresholdMin":12,"WriteThresholdMax":35},{"Description":"BSM 7846","Id":7846,"ExternalId":"7846","ThresholdMin":12,"ThresholdMax":35,"WriteThresholdMin":12,"WriteThresholdMax":35},{"Description":"BSM 7847","Id":7847,"ExternalId":"7847","ThresholdMin":12,"ThresholdMax":35,"WriteThresholdMin":12,"WriteThresholdMax":35},{"Description":"BSM 7849","Id":7849,"ExternalId":"7849","ThresholdMin":12,"ThresholdMax":35,"WriteThresholdMin":12,"WriteThresholdMax":35},{"Description":"BSM 7852","Id":7852,"ExternalId":"7852","ThresholdMin":12,"ThresholdMax":35,"WriteThresholdMin":12,"WriteThresholdMax":35},{"Description":"BSM 7853","Id":7853,"ExternalId":"7853","ThresholdMin":12,"ThresholdMax":35,"WriteThresholdMin":12,"WriteThresholdMax":35},{"Description":"BSM 7854","Id":7854,"ExternalId":"7854","ThresholdMin":12,"ThresholdMax":35,"WriteThresholdMin":12,"WriteThresholdMax":35},{"Description":"BSM 7855","Id":7855,"ExternalId":"7855","ThresholdMin":12,"ThresholdMax":35,"WriteThresholdMin":12,"WriteThresholdMax":35},{"Description":"BSM 7858","Id":7858,"ExternalId":"7858","ThresholdMin":12,"ThresholdMax":35,"WriteThresholdMin":12,"WriteThresholdMax":35},{"Description":"BSM 7861","Id":7861,"ExternalId":"7861","ThresholdMin":12,"ThresholdMax":35,"WriteThresholdMin":12,"WriteThresholdMax":35},{"Description":"BSM 7862","Id":7862,"ExternalId":"7862","ThresholdMin":12,"ThresholdMax":35,"WriteThresholdMin":12,"WriteThresholdMax":35},{"Description":"BSM 7863","Id":7863,"ExternalId":"7863","ThresholdMin":12,"ThresholdMax":35,"WriteThresholdMin":12,"WriteThresholdMax":35},{"Description":"BSM 7864","Id":7864,"ExternalId":"7864","ThresholdMin":12,"ThresholdMax":35,"WriteThresholdMin":12,"WriteThresholdMax":35},{"Description":"BSM 7866","Id":7866,"ExternalId":"7866","ThresholdMin":12,"ThresholdMax":35,"WriteThresholdMin":12,"WriteThresholdMax":35},{"Description":"BSM 7867","Id":7867,"ExternalId":"7867","ThresholdMin":12,"ThresholdMax":35,"WriteThresholdMin":12,"WriteThresholdMax":35},{"Description":"BSM 7868","Id":7868,"ExternalId":"7868","ThresholdMin":12,"ThresholdMax":35,"WriteThresholdMin":12,"WriteThresholdMax":35},{"Description":"BSM 7869","Id":7869,"ExternalId":"7869","ThresholdMin":12,"ThresholdMax":35,"WriteThresholdMin":12,"WriteThresholdMax":35},{"Description":"BSM 7871","Id":7871,"ExternalId":"7871","ThresholdMin":12,"ThresholdMax":35,"WriteThresholdMin":12,"WriteThresholdMax":35},{"Description":"BSM 7872","Id":7872,"ExternalId":"7872","ThresholdMin":12,"ThresholdMax":35,"WriteThresholdMin":12,"WriteThresholdMax":35},{"Description":"BSM 7873","Id":7873,"ExternalId":"7873","ThresholdMin":12,"ThresholdMax":35,"WriteThresholdMin":12,"WriteThresholdMax":35},{"Description":"BSM 7874","Id":7874,"ExternalId":"7874","ThresholdMin":12,"ThresholdMax":35,"WriteThresholdMin":12,"WriteThresholdMax":35},{"Description":"BSM 7875","Id":7875,"ExternalId":"7875","ThresholdMin":12,"ThresholdMax":35,"WriteThresholdMin":12,"WriteThresholdMax":35},{"Description":"BSM 7876","Id":7876,"ExternalId":"7876","ThresholdMin":12,"ThresholdMax":35,"WriteThresholdMin":12,"WriteThresholdMax":35},{"Description":"BSM 7902","Id":7902,"ExternalId":"7902","ThresholdMin":12,"ThresholdMax":35,"WriteThresholdMin":12,"WriteThresholdMax":35},{"Description":"BSM 7903","Id":7903,"ExternalId":"7903","ThresholdMin":12,"ThresholdMax":35,"WriteThresholdMin":12,"WriteThresholdMax":35},{"Description":"BSM 7905","Id":7905,"ExternalId":"7905","ThresholdMin":12,"ThresholdMax":35,"WriteThresholdMin":12,"WriteThresholdMax":35},{"Description":"BSM 7906","Id":7906,"ExternalId":"7906","ThresholdMin":12,"ThresholdMax":35,"WriteThresholdMin":12,"WriteThresholdMax":35},{"Description":"BSM 7908","Id":7908,"ExternalId":"7908","ThresholdMin":12,"ThresholdMax":35,"WriteThresholdMin":12,"WriteThresholdMax":35},{"Description":"BSM 7909","Id":7909,"ExternalId":"7909","ThresholdMin":12,"ThresholdMax":35,"WriteThresholdMin":12,"WriteThresholdMax":35},{"Description":"BSM 7911","Id":7911,"ExternalId":"7911","ThresholdMin":12,"ThresholdMax":35,"WriteThresholdMin":12,"WriteThresholdMax":35},{"Description":"BSM 7912","Id":7912,"ExternalId":"7912","ThresholdMin":12,"ThresholdMax":35,"WriteThresholdMin":12,"WriteThresholdMax":35},{"Description":"BSM 7915","Id":7915,"ExternalId":"7915","ThresholdMin":12,"ThresholdMax":35,"WriteThresholdMin":12,"WriteThresholdMax":35},{"Description":"BSM 7916","Id":7916,"ExternalId":"7916","ThresholdMin":12,"ThresholdMax":35,"WriteThresholdMin":12,"WriteThresholdMax":35},{"Description":"BSM 7917","Id":7917,"ExternalId":"7917","ThresholdMin":12,"ThresholdMax":35,"WriteThresholdMin":12,"WriteThresholdMax":35},{"Description":"BSM 7918","Id":7918,"ExternalId":"7918","ThresholdMin":12,"ThresholdMax":35,"WriteThresholdMin":12,"WriteThresholdMax":35},{"Description":"BSM 7921","Id":7921,"ExternalId":"7921","ThresholdMin":12,"ThresholdMax":35,"WriteThresholdMin":12,"WriteThresholdMax":35},{"Description":"BSM 7923","Id":7923,"ExternalId":"7923","ThresholdMin":12,"ThresholdMax":35,"WriteThresholdMin":12,"WriteThresholdMax":35},{"Description":"BSM 7925","Id":7925,"ExternalId":"7925","ThresholdMin":12,"ThresholdMax":35,"WriteThresholdMin":12,"WriteThresholdMax":35},{"Description":"BSM 7926","Id":7926,"ExternalId":"7926","ThresholdMin":12,"ThresholdMax":35,"WriteThresholdMin":12,"WriteThresholdMax":35},{"Description":"BSM 7928","Id":7928,"ExternalId":"7928","ThresholdMin":12,"ThresholdMax":35,"WriteThresholdMin":12,"WriteThresholdMax":35},{"Description":"BSM 7929","Id":7929,"ExternalId":"7929","ThresholdMin":12,"ThresholdMax":35,"WriteThresholdMin":12,"WriteThresholdMax":35},{"Description":"BSM 7931","Id":7931,"ExternalId":"7931","ThresholdMin":12,"ThresholdMax":35,"WriteThresholdMin":12,"WriteThresholdMax":35},{"Description":"BSM 7932","Id":7932,"ExternalId":"7932","ThresholdMin":12,"ThresholdMax":35,"WriteThresholdMin":12,"WriteThresholdMax":35},{"Description":"BSM 7934","Id":7934,"ExternalId":"7934","ThresholdMin":12,"ThresholdMax":35,"WriteThresholdMin":12,"WriteThresholdMax":35},{"Description":"BSM 7935","Id":7935,"ExternalId":"7935","ThresholdMin":12,"ThresholdMax":35,"WriteThresholdMin":12,"WriteThresholdMax":35},{"Description":"BSM 7936","Id":7936,"ExternalId":"7936","ThresholdMin":12,"ThresholdMax":35,"WriteThresholdMin":12,"WriteThresholdMax":35},{"Description":"BSM 7937","Id":7937,"ExternalId":"7937","ThresholdMin":12,"ThresholdMax":35,"WriteThresholdMin":12,"WriteThresholdMax":35},{"Description":"BSM 7938","Id":7938,"ExternalId":"7938","ThresholdMin":12,"ThresholdMax":35,"WriteThresholdMin":12,"WriteThresholdMax":35},{"Description":"BSM 7941","Id":7941,"ExternalId":"7941","ThresholdMin":12,"ThresholdMax":35,"WriteThresholdMin":12,"WriteThresholdMax":35},{"Description":"BSM 7942","Id":7942,"ExternalId":"7942","ThresholdMin":12,"ThresholdMax":35,"WriteThresholdMin":12,"WriteThresholdMax":35},{"Description":"BSM 7943","Id":7943,"ExternalId":"7943","ThresholdMin":12,"ThresholdMax":35,"WriteThresholdMin":12,"WriteThresholdMax":35},{"Description":"BSM 7945","Id":7945,"ExternalId":"7945","ThresholdMin":12,"ThresholdMax":35,"WriteThresholdMin":12,"WriteThresholdMax":35},{"Description":"BSM 7946","Id":7946,"ExternalId":"7946","ThresholdMin":12,"ThresholdMax":35,"WriteThresholdMin":12,"WriteThresholdMax":35},{"Description":"BSM 7947","Id":7947,"ExternalId":"7947","ThresholdMin":12,"ThresholdMax":35,"WriteThresholdMin":12,"WriteThresholdMax":35},{"Description":"BSM 7948","Id":7948,"ExternalId":"7948","ThresholdMin":12,"ThresholdMax":35,"WriteThresholdMin":12,"WriteThresholdMax":35},{"Description":"BSM 7951","Id":7951,"ExternalId":"7951","ThresholdMin":12,"ThresholdMax":35,"WriteThresholdMin":12,"WriteThresholdMax":35},{"Description":"BSM 7953","Id":7953,"ExternalId":"7953","ThresholdMin":12,"ThresholdMax":35,"WriteThresholdMin":12,"WriteThresholdMax":35},{"Description":"BSM 7956","Id":7956,"ExternalId":"7956","ThresholdMin":12,"ThresholdMax":35,"WriteThresholdMin":12,"WriteThresholdMax":35},{"Description":"BSM 7957","Id":7957,"ExternalId":"7957","ThresholdMin":12,"ThresholdMax":35,"WriteThresholdMin":12,"WriteThresholdMax":35},{"Description":"BSM 7959","Id":7959,"ExternalId":"959","ThresholdMin":12,"ThresholdMax":35,"WriteThresholdMin":12,"WriteThresholdMax":35},{"Description":"BSM 9103","Id":9103,"ExternalId":"9103","ThresholdMin":12,"ThresholdMax":35,"WriteThresholdMin":12,"WriteThresholdMax":35},{"Description":"BSM 9104","Id":9104,"ExternalId":"9104","ThresholdMin":12,"ThresholdMax":35,"WriteThresholdMin":12,"WriteThresholdMax":35},{"Description":"BSM 9105","Id":9105,"ExternalId":"9105","ThresholdMin":12,"ThresholdMax":35,"WriteThresholdMin":12,"WriteThresholdMax":35},{"Description":"BSM 9106","Id":9106,"ExternalId":"9106","ThresholdMin":12,"ThresholdMax":35,"WriteThresholdMin":12,"WriteThresholdMax":35},{"Description":"BSM 9109","Id":9109,"ExternalId":"9109","ThresholdMin":12,"ThresholdMax":35,"WriteThresholdMin":12,"WriteThresholdMax":35},{"Description":"BSM 9111","Id":9111,"ExternalId":"9111","ThresholdMin":12,"ThresholdMax":35,"WriteThresholdMin":12,"WriteThresholdMax":35},{"Description":"BSM 9113","Id":9113,"ExternalId":"9113","ThresholdMin":12,"ThresholdMax":35,"WriteThresholdMin":12,"WriteThresholdMax":35},{"Description":"BSM 9114","Id":9114,"ExternalId":"9114","ThresholdMin":12,"ThresholdMax":35,"WriteThresholdMin":12,"WriteThresholdMax":35},{"Description":"BSM 9116","Id":9116,"ExternalId":"9116","ThresholdMin":12,"ThresholdMax":35,"WriteThresholdMin":12,"WriteThresholdMax":35},{"Description":"BSM 9117","Id":9117,"ExternalId":"9117","ThresholdMin":12,"ThresholdMax":35,"WriteThresholdMin":12,"WriteThresholdMax":35},{"Description":"BSM 9118","Id":9118,"ExternalId":"9118","ThresholdMin":12,"ThresholdMax":35,"WriteThresholdMin":12,"WriteThresholdMax":35},{"Description":"BSM 9119","Id":9119,"ExternalId":"9119","ThresholdMin":12,"ThresholdMax":35,"WriteThresholdMin":12,"WriteThresholdMax":35},{"Description":"BSM 9122","Id":9122,"ExternalId":"9122","ThresholdMin":12,"ThresholdMax":35,"WriteThresholdMin":12,"WriteThresholdMax":35},{"Description":"BSM 9124","Id":9124,"ExternalId":"9124","ThresholdMin":12,"ThresholdMax":35,"WriteThresholdMin":12,"WriteThresholdMax":35},{"Description":"BSM 9125","Id":9125,"ExternalId":"9125","ThresholdMin":12,"ThresholdMax":35,"WriteThresholdMin":12,"WriteThresholdMax":35},{"Description":"BSM 9127","Id":9127,"ExternalId":"9127","ThresholdMin":12,"ThresholdMax":35,"WriteThresholdMin":12,"WriteThresholdMax":35},{"Description":"BSM 9128","Id":9128,"ExternalId":"9128","ThresholdMin":12,"ThresholdMax":35,"WriteThresholdMin":12,"WriteThresholdMax":35},{"Description":"BSM 9129","Id":9129,"ExternalId":"9129","ThresholdMin":12,"ThresholdMax":35,"WriteThresholdMin":12,"WriteThresholdMax":35},{"Description":"BSM 9132","Id":9132,"ExternalId":"9132","ThresholdMin":12,"ThresholdMax":35,"WriteThresholdMin":12,"WriteThresholdMax":35},{"Description":"BSM 9133","Id":9133,"ExternalId":"9133","ThresholdMin":12,"ThresholdMax":35,"WriteThresholdMin":12,"WriteThresholdMax":35},{"Description":"BSM 9134","Id":9134,"ExternalId":"9134","ThresholdMin":12,"ThresholdMax":35,"WriteThresholdMin":12,"WriteThresholdMax":35},{"Description":"BSM 9135","Id":9135,"ExternalId":"9135","ThresholdMin":12,"ThresholdMax":35,"WriteThresholdMin":12,"WriteThresholdMax":35},{"Description":"BSM 9136","Id":9136,"ExternalId":"9136","ThresholdMin":12,"ThresholdMax":35,"WriteThresholdMin":12,"WriteThresholdMax":35},{"Description":"BSM 9137","Id":9137,"ExternalId":"9137","ThresholdMin":12,"ThresholdMax":35,"WriteThresholdMin":12,"WriteThresholdMax":35},{"Description":"BSM 9138","Id":9138,"ExternalId":"9138","ThresholdMin":12,"ThresholdMax":35,"WriteThresholdMin":12,"WriteThresholdMax":35},{"Description":"BSM 9139","Id":9139,"ExternalId":"9139","ThresholdMin":12,"ThresholdMax":35,"WriteThresholdMin":12,"WriteThresholdMax":35},{"Description":"BSM 9141","Id":9141,"ExternalId":"9141","ThresholdMin":12,"ThresholdMax":35,"WriteThresholdMin":12,"WriteThresholdMax":35},{"Description":"BSM 9143","Id":9143,"ExternalId":"9143","ThresholdMin":12,"ThresholdMax":35,"WriteThresholdMin":12,"WriteThresholdMax":35},{"Description":"BSM 9144","Id":9144,"ExternalId":"9144","ThresholdMin":12,"ThresholdMax":35,"WriteThresholdMin":12,"WriteThresholdMax":35},{"Description":"BSM 9145","Id":9145,"ExternalId":"9145","ThresholdMin":12,"ThresholdMax":35,"WriteThresholdMin":12,"WriteThresholdMax":35},{"Description":"BSM 9146","Id":9146,"ExternalId":"9146","ThresholdMin":12,"ThresholdMax":35,"WriteThresholdMin":12,"WriteThresholdMax":35},{"Description":"BSM 9149","Id":9149,"ExternalId":"9149","ThresholdMin":12,"ThresholdMax":35,"WriteThresholdMin":12,"WriteThresholdMax":35},{"Description":"BSM 9152","Id":9152,"ExternalId":"9152","ThresholdMin":12,"ThresholdMax":35,"WriteThresholdMin":12,"WriteThresholdMax":35},{"Description":"BSM 9201","Id":9201,"ExternalId":"9201","ThresholdMin":12,"ThresholdMax":35,"WriteThresholdMin":12,"WriteThresholdMax":35},{"Description":"BSM 9202","Id":9202,"ExternalId":"9202","ThresholdMin":12,"ThresholdMax":35,"WriteThresholdMin":12,"WriteThresholdMax":35},{"Description":"BSM 9203","Id":9203,"ExternalId":"9203","ThresholdMin":12,"ThresholdMax":35,"WriteThresholdMin":12,"WriteThresholdMax":35},{"Description":"BSM 9204","Id":9204,"ExternalId":"9204","ThresholdMin":12,"ThresholdMax":35,"WriteThresholdMin":12,"WriteThresholdMax":35},{"Description":"BSM 9205","Id":9205,"ExternalId":"9205","ThresholdMin":12,"ThresholdMax":35,"WriteThresholdMin":12,"WriteThresholdMax":35},{"Description":"BSM 9208","Id":9208,"ExternalId":"9208","ThresholdMin":12,"ThresholdMax":35,"WriteThresholdMin":12,"WriteThresholdMax":35},{"Description":"BSM 9209","Id":9209,"ExternalId":"9209","ThresholdMin":12,"ThresholdMax":35,"WriteThresholdMin":12,"WriteThresholdMax":35},{"Description":"BSM 9211","Id":9211,"ExternalId":"9211","ThresholdMin":12,"ThresholdMax":35,"WriteThresholdMin":12,"WriteThresholdMax":35},{"Description":"BSM 9213","Id":9213,"ExternalId":"9213","ThresholdMin":12,"ThresholdMax":35,"WriteThresholdMin":12,"WriteThresholdMax":35},{"Description":"BSM 9214","Id":9214,"ExternalId":"9214","ThresholdMin":12,"ThresholdMax":35,"WriteThresholdMin":12,"WriteThresholdMax":35},{"Description":"BSM 9215","Id":9215,"ExternalId":"9215","ThresholdMin":12,"ThresholdMax":35,"WriteThresholdMin":12,"WriteThresholdMax":35},{"Description":"BSM 9216","Id":9216,"ExternalId":"9216","ThresholdMin":12,"ThresholdMax":35,"WriteThresholdMin":12,"WriteThresholdMax":35},{"Description":"BSM 9217","Id":9217,"ExternalId":"9217","ThresholdMin":12,"ThresholdMax":35,"WriteThresholdMin":12,"WriteThresholdMax":35},{"Description":"BSM 9218","Id":9218,"ExternalId":"9218","ThresholdMin":12,"ThresholdMax":35,"WriteThresholdMin":12,"WriteThresholdMax":35},{"Description":"BSM 9219","Id":9219,"ExternalId":"9219","ThresholdMin":12,"ThresholdMax":35,"WriteThresholdMin":12,"WriteThresholdMax":35},{"Description":"BSM 9221","Id":9221,"ExternalId":"9221","ThresholdMin":12,"ThresholdMax":35,"WriteThresholdMin":12,"WriteThresholdMax":35},{"Description":"BSM 9222","Id":9222,"ExternalId":"9222","ThresholdMin":12,"ThresholdMax":35,"WriteThresholdMin":12,"WriteThresholdMax":35},{"Description":"BSM 9223","Id":9223,"ExternalId":"9223","ThresholdMin":12,"ThresholdMax":35,"WriteThresholdMin":12,"WriteThresholdMax":35},{"Description":"BSM 9224","Id":9224,"ExternalId":"9224","ThresholdMin":12,"ThresholdMax":35,"WriteThresholdMin":12,"WriteThresholdMax":35},{"Description":"BSM 9226","Id":9226,"ExternalId":"9226","ThresholdMin":12,"ThresholdMax":35,"WriteThresholdMin":12,"WriteThresholdMax":35},{"Description":"BSM 9227","Id":9227,"ExternalId":"9227","ThresholdMin":12,"ThresholdMax":35,"WriteThresholdMin":12,"WriteThresholdMax":35},{"Description":"BSM 9228","Id":9228,"ExternalId":"9228","ThresholdMin":12,"ThresholdMax":35,"WriteThresholdMin":12,"WriteThresholdMax":35},{"Description":"BSM 9229","Id":9229,"ExternalId":"9229","ThresholdMin":12,"ThresholdMax":35,"WriteThresholdMin":12,"WriteThresholdMax":35},{"Description":"BSM 9231","Id":9231,"ExternalId":"9231","ThresholdMin":12,"ThresholdMax":35,"WriteThresholdMin":12,"WriteThresholdMax":35},{"Description":"BSM 9232","Id":9232,"ExternalId":"9232","ThresholdMin":12,"ThresholdMax":35,"WriteThresholdMin":12,"WriteThresholdMax":35},{"Description":"BSM 9233","Id":9233,"ExternalId":"9233","ThresholdMin":12,"ThresholdMax":35,"WriteThresholdMin":12,"WriteThresholdMax":35},{"Description":"BSM 9234","Id":9234,"ExternalId":"9234","ThresholdMin":12,"ThresholdMax":35,"WriteThresholdMin":12,"WriteThresholdMax":35},{"Description":"BSM 9235","Id":9235,"ExternalId":"9235","ThresholdMin":12,"ThresholdMax":35,"WriteThresholdMin":12,"WriteThresholdMax":35},{"Description":"BSM 9236","Id":9236,"ExternalId":"9236","ThresholdMin":12,"ThresholdMax":35,"WriteThresholdMin":12,"WriteThresholdMax":35},{"Description":"BSM 9237","Id":9237,"ExternalId":"9237","ThresholdMin":12,"ThresholdMax":35,"WriteThresholdMin":12,"WriteThresholdMax":35},{"Description":"BSM 9238","Id":9238,"ExternalId":"9238","ThresholdMin":12,"ThresholdMax":35,"WriteThresholdMin":12,"WriteThresholdMax":35},{"Description":"BSM 9239","Id":9239,"ExternalId":"9239","ThresholdMin":12,"ThresholdMax":35,"WriteThresholdMin":12,"WriteThresholdMax":35},{"Description":"BSM 9241","Id":9241,"ExternalId":"9241","ThresholdMin":12,"ThresholdMax":35,"WriteThresholdMin":12,"WriteThresholdMax":35},{"Description":"BSM 9242","Id":9242,"ExternalId":"9242","ThresholdMin":12,"ThresholdMax":35,"WriteThresholdMin":12,"WriteThresholdMax":35},{"Description":"BSM 9244","Id":9244,"ExternalId":"9244","ThresholdMin":12,"ThresholdMax":35,"WriteThresholdMin":12,"WriteThresholdMax":35},{"Description":"BSM 9245","Id":9245,"ExternalId":"9245","ThresholdMin":12,"ThresholdMax":35,"WriteThresholdMin":12,"WriteThresholdMax":35},{"Description":"BSM 9248","Id":9248,"ExternalId":"9248","ThresholdMin":12,"ThresholdMax":35,"WriteThresholdMin":12,"WriteThresholdMax":35},{"Description":"BSM 9251","Id":9251,"ExternalId":"9251","ThresholdMin":12,"ThresholdMax":35,"WriteThresholdMin":12,"WriteThresholdMax":35},{"Description":"BSM 9252","Id":9252,"ExternalId":"9252","ThresholdMin":12,"ThresholdMax":35,"WriteThresholdMin":12,"WriteThresholdMax":35},{"Description":"BSM 9253","Id":9253,"ExternalId":"9253","ThresholdMin":12,"ThresholdMax":35,"WriteThresholdMin":12,"WriteThresholdMax":35},{"Description":"BSM 9255","Id":9255,"ExternalId":"9255","ThresholdMin":12,"ThresholdMax":35,"WriteThresholdMin":12,"WriteThresholdMax":35},{"Description":"BSM 9256","Id":9256,"ExternalId":"9256","ThresholdMin":12,"ThresholdMax":35,"WriteThresholdMin":12,"WriteThresholdMax":35},{"Description":"BSM 9401","Id":9401,"ExternalId":"9401","ThresholdMin":12,"ThresholdMax":35,"WriteThresholdMin":12,"WriteThresholdMax":35},{"Description":"BSM 9402","Id":9402,"ExternalId":"9402","ThresholdMin":12,"ThresholdMax":35,"WriteThresholdMin":12,"WriteThresholdMax":35},{"Description":"BSM 9404","Id":9404,"ExternalId":"9404","ThresholdMin":12,"ThresholdMax":35,"WriteThresholdMin":12,"WriteThresholdMax":35},{"Description":"BSM 9405","Id":9405,"ExternalId":"9405","ThresholdMin":12,"ThresholdMax":35,"WriteThresholdMin":12,"WriteThresholdMax":35},{"Description":"BSM 9406","Id":9406,"ExternalId":"9406","ThresholdMin":12,"ThresholdMax":35,"WriteThresholdMin":12,"WriteThresholdMax":35},{"Description":"BSM 9407","Id":9407,"ExternalId":"9407","ThresholdMin":12,"ThresholdMax":35,"WriteThresholdMin":12,"WriteThresholdMax":35},{"Description":"BSM 9408","Id":9408,"ExternalId":"9408","ThresholdMin":12,"ThresholdMax":35,"WriteThresholdMin":12,"WriteThresholdMax":35},{"Description":"BSM 9409","Id":9409,"ExternalId":"9409","ThresholdMin":12,"ThresholdMax":35,"WriteThresholdMin":12,"WriteThresholdMax":35},{"Description":"BSM 9411","Id":9411,"ExternalId":"9411","ThresholdMin":12,"ThresholdMax":35,"WriteThresholdMin":12,"WriteThresholdMax":35},{"Description":"BSM 9413","Id":9413,"ExternalId":"9413","ThresholdMin":12,"ThresholdMax":35,"WriteThresholdMin":12,"WriteThresholdMax":35},{"Description":"BSM 9415","Id":9415,"ExternalId":"9415","ThresholdMin":12,"ThresholdMax":35,"WriteThresholdMin":12,"WriteThresholdMax":35},{"Description":"BSM 9416","Id":9416,"ExternalId":"9416","ThresholdMin":12,"ThresholdMax":35,"WriteThresholdMin":12,"WriteThresholdMax":35},{"Description":"BSM 9418","Id":9418,"ExternalId":"9418","ThresholdMin":12,"ThresholdMax":35,"WriteThresholdMin":12,"WriteThresholdMax":35},{"Description":"BSM 9419","Id":9419,"ExternalId":"9419","ThresholdMin":12,"ThresholdMax":35,"WriteThresholdMin":12,"WriteThresholdMax":35},{"Description":"BSM 9421","Id":9421,"ExternalId":"9421","ThresholdMin":12,"ThresholdMax":35,"WriteThresholdMin":12,"WriteThresholdMax":35},{"Description":"BSM 9422","Id":9422,"ExternalId":"9422","ThresholdMin":12,"ThresholdMax":35,"WriteThresholdMin":12,"WriteThresholdMax":35},{"Description":"BSM 9423","Id":9423,"ExternalId":"9423","ThresholdMin":12,"ThresholdMax":35,"WriteThresholdMin":12,"WriteThresholdMax":35},{"Description":"BSM 9424","Id":9424,"ExternalId":"9424","ThresholdMin":12,"ThresholdMax":35,"WriteThresholdMin":12,"WriteThresholdMax":35},{"Description":"BSM 9426","Id":9426,"ExternalId":"9426","ThresholdMin":12,"ThresholdMax":35,"WriteThresholdMin":12,"WriteThresholdMax":35},{"Description":"BSM 9427","Id":9427,"ExternalId":"9427","ThresholdMin":12,"ThresholdMax":35,"WriteThresholdMin":12,"WriteThresholdMax":35},{"Description":"BSM 9431","Id":9431,"ExternalId":"9431","ThresholdMin":12,"ThresholdMax":35,"WriteThresholdMin":12,"WriteThresholdMax":35},{"Description":"BSM 9432","Id":9432,"ExternalId":"9432","ThresholdMin":12,"ThresholdMax":35,"WriteThresholdMin":12,"WriteThresholdMax":35},{"Description":"BSM 9433","Id":9433,"ExternalId":"9433","ThresholdMin":12,"ThresholdMax":35,"WriteThresholdMin":12,"WriteThresholdMax":35},{"Description":"BSM 9434","Id":9434,"ExternalId":"9434","ThresholdMin":12,"ThresholdMax":35,"WriteThresholdMin":12,"WriteThresholdMax":35},{"Description":"BSM 9436","Id":9436,"ExternalId":"9436","ThresholdMin":12,"ThresholdMax":35,"WriteThresholdMin":12,"WriteThresholdMax":35},{"Description":"BSM 9437","Id":9437,"ExternalId":"9437","ThresholdMin":12,"ThresholdMax":35,"WriteThresholdMin":12,"WriteThresholdMax":35},{"Description":"BSM 9439","Id":9439,"ExternalId":"9439","ThresholdMin":12,"ThresholdMax":35,"WriteThresholdMin":12,"WriteThresholdMax":35},{"Description":"BSM 9441","Id":9441,"ExternalId":"9441","ThresholdMin":12,"ThresholdMax":35,"WriteThresholdMin":12,"WriteThresholdMax":35},{"Description":"BSM 9442","Id":9442,"ExternalId":"9442","ThresholdMin":12,"ThresholdMax":35,"WriteThresholdMin":12,"WriteThresholdMax":35},{"Description":"BSM 9443","Id":9443,"ExternalId":"9443","ThresholdMin":12,"ThresholdMax":35,"WriteThresholdMin":12,"WriteThresholdMax":35},{"Description":"BSM 9445","Id":9445,"ExternalId":"9445","ThresholdMin":12,"ThresholdMax":35,"WriteThresholdMin":12,"WriteThresholdMax":35},{"Description":"BSM 9446","Id":9446,"ExternalId":"9446","ThresholdMin":12,"ThresholdMax":35,"WriteThresholdMin":12,"WriteThresholdMax":35},{"Description":"BSM 9447","Id":9447,"ExternalId":"9447","ThresholdMin":12,"ThresholdMax":35,"WriteThresholdMin":12,"WriteThresholdMax":35},{"Description":"BSM 9448","Id":9448,"ExternalId":"9448","ThresholdMin":12,"ThresholdMax":35,"WriteThresholdMin":12,"WriteThresholdMax":35},{"Description":"BSM 9449","Id":9449,"ExternalId":"9449","ThresholdMin":12,"ThresholdMax":35,"WriteThresholdMin":12,"WriteThresholdMax":35},{"Description":"BSM 9451","Id":9451,"ExternalId":"9451","ThresholdMin":12,"ThresholdMax":35,"WriteThresholdMin":12,"WriteThresholdMax":35},{"Description":"BSM 9453","Id":9453,"ExternalId":"9453","ThresholdMin":12,"ThresholdMax":35,"WriteThresholdMin":12,"WriteThresholdMax":35},{"Description":"BSM 9503","Id":9503,"ExternalId":"9503","ThresholdMin":12,"ThresholdMax":35,"WriteThresholdMin":12,"WriteThresholdMax":35},{"Description":"BSM 9505","Id":9505,"ExternalId":"9505","ThresholdMin":12,"ThresholdMax":35,"WriteThresholdMin":12,"WriteThresholdMax":35},{"Description":"BSM 9506","Id":9506,"ExternalId":"9506","ThresholdMin":12,"ThresholdMax":35,"WriteThresholdMin":12,"WriteThresholdMax":35},{"Description":"BSM 9507","Id":9507,"ExternalId":"9507","ThresholdMin":12,"ThresholdMax":35,"WriteThresholdMin":12,"WriteThresholdMax":35},{"Description":"BSM 9511","Id":9511,"ExternalId":"9511","ThresholdMin":12,"ThresholdMax":35,"WriteThresholdMin":12,"WriteThresholdMax":35},{"Description":"BSM 9512","Id":9512,"ExternalId":"9512","ThresholdMin":12,"ThresholdMax":35,"WriteThresholdMin":12,"WriteThresholdMax":35},{"Description":"BSM 9513","Id":9513,"ExternalId":"9513","ThresholdMin":12,"ThresholdMax":35,"WriteThresholdMin":12,"WriteThresholdMax":35},{"Description":"BSM 9514","Id":9514,"ExternalId":"9514","ThresholdMin":12,"ThresholdMax":35,"WriteThresholdMin":12,"WriteThresholdMax":35},{"Description":"BSM 9516","Id":9516,"ExternalId":"9516","ThresholdMin":12,"ThresholdMax":35,"WriteThresholdMin":12,"WriteThresholdMax":35},{"Description":"BSM 9517","Id":9517,"ExternalId":"9517","ThresholdMin":12,"ThresholdMax":35,"WriteThresholdMin":12,"WriteThresholdMax":35},{"Description":"BSM 9519","Id":9519,"ExternalId":"9519","ThresholdMin":12,"ThresholdMax":35,"WriteThresholdMin":12,"WriteThresholdMax":35},{"Description":"BSM 9521","Id":9521,"ExternalId":"9521","ThresholdMin":12,"ThresholdMax":35,"WriteThresholdMin":12,"WriteThresholdMax":35},{"Description":"BSM 9701","Id":9701,"ExternalId":"9701","ThresholdMin":12,"ThresholdMax":35,"WriteThresholdMin":12,"WriteThresholdMax":35},{"Description":"BSM 9702","Id":9702,"ExternalId":"9702","ThresholdMin":12,"ThresholdMax":35,"WriteThresholdMin":12,"WriteThresholdMax":35},{"Description":"BSM 9703","Id":9703,"ExternalId":"9703","ThresholdMin":12,"ThresholdMax":35,"WriteThresholdMin":12,"WriteThresholdMax":35},{"Description":"BSM 9704","Id":9704,"ExternalId":"9704","ThresholdMin":12,"ThresholdMax":35,"WriteThresholdMin":12,"WriteThresholdMax":35},{"Description":"BSM 9705","Id":9705,"ExternalId":"9705","ThresholdMin":12,"ThresholdMax":35,"WriteThresholdMin":12,"WriteThresholdMax":35},{"Description":"BSM 9709","Id":9709,"ExternalId":"9709","ThresholdMin":12,"ThresholdMax":35,"WriteThresholdMin":12,"WriteThresholdMax":35},{"Description":"BSM 9711","Id":9711,"ExternalId":"9711","ThresholdMin":12,"ThresholdMax":35,"WriteThresholdMin":12,"WriteThresholdMax":35},{"Description":"BSM 9712","Id":9712,"ExternalId":"9712","ThresholdMin":12,"ThresholdMax":35,"WriteThresholdMin":12,"WriteThresholdMax":35},{"Description":"BSM 9716","Id":9716,"ExternalId":"9716","ThresholdMin":12,"ThresholdMax":35,"WriteThresholdMin":12,"WriteThresholdMax":35},{"Description":"BSM 9717","Id":9717,"ExternalId":"9717","ThresholdMin":12,"ThresholdMax":35,"WriteThresholdMin":12,"WriteThresholdMax":35},{"Description":"BSM 9718","Id":9718,"ExternalId":"9718","ThresholdMin":12,"ThresholdMax":35,"WriteThresholdMin":12,"WriteThresholdMax":35},{"Description":"BSM 9719","Id":9719,"ExternalId":"9719","ThresholdMin":12,"ThresholdMax":35,"WriteThresholdMin":12,"WriteThresholdMax":35},{"Description":"BSM 9721","Id":9721,"ExternalId":"9721","ThresholdMin":12,"ThresholdMax":35,"WriteThresholdMin":12,"WriteThresholdMax":35},{"Description":"BSM 9722","Id":9722,"ExternalId":"9722","ThresholdMin":12,"ThresholdMax":35,"WriteThresholdMin":12,"WriteThresholdMax":35},{"Description":"BSM 9723","Id":9723,"ExternalId":"9723","ThresholdMin":12,"ThresholdMax":35,"WriteThresholdMin":12,"WriteThresholdMax":35},{"Description":"BSM 9724","Id":9724,"ExternalId":"9724","ThresholdMin":12,"ThresholdMax":35,"WriteThresholdMin":12,"WriteThresholdMax":35},{"Description":"BSM 9725","Id":9725,"ExternalId":"9725","ThresholdMin":12,"ThresholdMax":35,"WriteThresholdMin":12,"WriteThresholdMax":35},{"Description":"BSM 9726","Id":9726,"ExternalId":"9726","ThresholdMin":12,"ThresholdMax":35,"WriteThresholdMin":12,"WriteThresholdMax":35},{"Description":"BSM 9727","Id":9727,"ExternalId":"9727","ThresholdMin":12,"ThresholdMax":35,"WriteThresholdMin":12,"WriteThresholdMax":35},{"Description":"BSM 9728","Id":9728,"ExternalId":"9728","ThresholdMin":12,"ThresholdMax":35,"WriteThresholdMin":12,"WriteThresholdMax":35},{"Description":"BSM 9729","Id":9729,"ExternalId":"9729","ThresholdMin":12,"ThresholdMax":35,"WriteThresholdMin":12,"WriteThresholdMax":35},{"Description":"BSM 9731","Id":9731,"ExternalId":"9731","ThresholdMin":12,"ThresholdMax":35,"WriteThresholdMin":12,"WriteThresholdMax":35},{"Description":"BSM 9734","Id":9734,"ExternalId":"9734","ThresholdMin":12,"ThresholdMax":35,"WriteThresholdMin":12,"WriteThresholdMax":35},{"Description":"BSM 9737","Id":9737,"ExternalId":"9737","ThresholdMin":12,"ThresholdMax":35,"WriteThresholdMin":12,"WriteThresholdMax":35},{"Description":"BSM 9738","Id":9738,"ExternalId":"9738","ThresholdMin":12,"ThresholdMax":35,"WriteThresholdMin":12,"WriteThresholdMax":35},{"Description":"BSM 9739","Id":9739,"ExternalId":"9739","ThresholdMin":12,"ThresholdMax":35,"WriteThresholdMin":12,"WriteThresholdMax":35},{"Description":"BSM 9741","Id":9741,"ExternalId":"9741","ThresholdMin":12,"ThresholdMax":35,"WriteThresholdMin":12,"WriteThresholdMax":35},{"Description":"BSM 9742","Id":9742,"ExternalId":"9742","ThresholdMin":12,"ThresholdMax":35,"WriteThresholdMin":12,"WriteThresholdMax":35},{"Description":"BSM 9743","Id":9743,"ExternalId":"9743","ThresholdMin":12,"ThresholdMax":35,"WriteThresholdMin":12,"WriteThresholdMax":35},{"Description":"BSM 9744","Id":9744,"ExternalId":"9744","ThresholdMin":12,"ThresholdMax":35,"WriteThresholdMin":12,"WriteThresholdMax":35},{"Description":"BSM 9745","Id":9745,"ExternalId":"9745","ThresholdMin":12,"ThresholdMax":35,"WriteThresholdMin":12,"WriteThresholdMax":35},{"Description":"BSM 9748","Id":9748,"ExternalId":"9748","ThresholdMin":12,"ThresholdMax":35,"WriteThresholdMin":12,"WriteThresholdMax":35},{"Description":"BSM 9749","Id":9749,"ExternalId":"9749","ThresholdMin":12,"ThresholdMax":35,"WriteThresholdMin":12,"WriteThresholdMax":35},{"Description":"BSM 9751","Id":9751,"ExternalId":"9751","ThresholdMin":12,"ThresholdMax":35,"WriteThresholdMin":12,"WriteThresholdMax":35},{"Description":"BSM 9752","Id":9752,"ExternalId":"9752","ThresholdMin":12,"ThresholdMax":35,"WriteThresholdMin":12,"WriteThresholdMax":35},{"Description":"BSM 9753","Id":9753,"ExternalId":"9753","ThresholdMin":12,"ThresholdMax":35,"WriteThresholdMin":12,"WriteThresholdMax":35},{"Description":"BSM 9754","Id":9754,"ExternalId":"9754","ThresholdMin":12,"ThresholdMax":35,"WriteThresholdMin":12,"WriteThresholdMax":35},{"Description":"BSM 9755","Id":9755,"ExternalId":"9755","ThresholdMin":12,"ThresholdMax":35,"WriteThresholdMin":12,"WriteThresholdMax":35},{"Description":"BSM 9756","Id":9756,"ExternalId":"9756","ThresholdMin":12,"ThresholdMax":35,"WriteThresholdMin":12,"WriteThresholdMax":35},{"Description":"BSM 9801","Id":9801,"ExternalId":"9801","ThresholdMin":12,"ThresholdMax":35,"WriteThresholdMin":12,"WriteThresholdMax":35},{"Description":"ICC 01 Vote by Mail","Id":99802,"ExternalId":"","ThresholdMin":5,"ThresholdMax":25,"WriteThresholdMin":5,"WriteThresholdMax":25},{"Description":"ICC 02 Vote by Mail","Id":99803,"ExternalId":"","ThresholdMin":5,"ThresholdMax":25,"WriteThresholdMin":5,"WriteThresholdMax":25},{"Description":"ICC 03 Vote by Mail","Id":99804,"ExternalId":"","ThresholdMin":5,"ThresholdMax":25,"WriteThresholdMin":5,"WriteThresholdMax":25},{"Description":"ICC 04 Vote by Mail","Id":99805,"ExternalId":"","ThresholdMin":5,"ThresholdMax":25,"WriteThresholdMin":5,"WriteThresholdMax":25},{"Description":"ICC 05 Vote by Mail","Id":99806,"ExternalId":"","ThresholdMin":5,"ThresholdMax":25,"WriteThresholdMin":5,"WriteThresholdMax":25},{"Description":"ICC 06 Vote by Mail","Id":99807,"ExternalId":"","ThresholdMin":5,"ThresholdMax":25,"WriteThresholdMin":5,"WriteThresholdMax":25},{"Description":"ICC 07 Vote by Mail","Id":99808,"ExternalId":"","ThresholdMin":5,"ThresholdMax":25,"WriteThresholdMin":5,"WriteThresholdMax":25},{"Description":"ICC 08 Vote by Mail","Id":99809,"ExternalId":"","ThresholdMin":5,"ThresholdMax":25,"WriteThresholdMin":5,"WriteThresholdMax":25},{"Description":"ICC 09 Vote by Mail","Id":99810,"ExternalId":"","ThresholdMin":5,"ThresholdMax":25,"WriteThresholdMin":5,"WriteThresholdMax":25},{"Description":"ICC 10 Vote by Mail","Id":99811,"ExternalId":"","ThresholdMin":5,"ThresholdMax":25,"WriteThresholdMin":5,"WriteThresholdMax":25},{"Description":"ICC 11 Vote by Mail","Id":99812,"ExternalId":"","ThresholdMin":5,"ThresholdMax":25,"WriteThresholdMin":5,"WriteThresholdMax":25},{"Description":"ICC 12 Vote by Mail","Id":99813,"ExternalId":"","ThresholdMin":5,"ThresholdMax":25,"WriteThresholdMin":5,"WriteThresholdMax":25},{"Description":"ICC 13 Vote by Mail","Id":99814,"ExternalId":"","ThresholdMin":5,"ThresholdMax":25,"WriteThresholdMin":5,"WriteThresholdMax":25},{"Description":"ICC 14 Vote by Mail","Id":99815,"ExternalId":"","ThresholdMin":5,"ThresholdMax":25,"WriteThresholdMin":5,"WriteThresholdMax":25},{"Description":"ICC 15 Vote by Mail","Id":99816,"ExternalId":"","ThresholdMin":5,"ThresholdMax":25,"WriteThresholdMin":5,"WriteThresholdMax":25},{"Description":"ICC 16 Vote by Mail","Id":99817,"ExternalId":"","ThresholdMin":5,"ThresholdMax":25,"WriteThresholdMin":5,"WriteThresholdMax":25},{"Description":"ICC 01 Election Day","Id":99818,"ExternalId":"","ThresholdMin":5,"ThresholdMax":25,"WriteThresholdMin":5,"WriteThresholdMax":25},{"Description":"ICC 02 Election Day","Id":99819,"ExternalId":"","ThresholdMin":5,"ThresholdMax":25,"WriteThresholdMin":5,"WriteThresholdMax":25},{"Description":"ICC 03 Election Day","Id":99820,"ExternalId":"","ThresholdMin":5,"ThresholdMax":25,"WriteThresholdMin":5,"WriteThresholdMax":25},{"Description":"ICC 04 Election Day","Id":99821,"ExternalId":"","ThresholdMin":5,"ThresholdMax":25,"WriteThresholdMin":5,"WriteThresholdMax":25},{"Description":"ICC 05 Election Day","Id":99822,"ExternalId":"","ThresholdMin":5,"ThresholdMax":25,"WriteThresholdMin":5,"WriteThresholdMax":25},{"Description":"ICC 06 Election Day","Id":99823,"ExternalId":"","ThresholdMin":5,"ThresholdMax":25,"WriteThresholdMin":5,"WriteThresholdMax":25},{"Description":"ICC 07 Election Day","Id":99824,"ExternalId":"","ThresholdMin":5,"ThresholdMax":25,"WriteThresholdMin":5,"WriteThresholdMax":25},{"Description":"ICC 08 Election Day","Id":99825,"ExternalId":"","ThresholdMin":5,"ThresholdMax":25,"WriteThresholdMin":5,"WriteThresholdMax":25},{"Description":"ICC 09 Election Day","Id":99826,"ExternalId":"","ThresholdMin":5,"ThresholdMax":25,"WriteThresholdMin":5,"WriteThresholdMax":25},{"Description":"ICC 10 Election Day","Id":99827,"ExternalId":"","ThresholdMin":5,"ThresholdMax":25,"WriteThresholdMin":5,"WriteThresholdMax":25},{"Description":"ICC 11 Election Day","Id":99828,"ExternalId":"","ThresholdMin":5,"ThresholdMax":25,"WriteThresholdMin":5,"WriteThresholdMax":25},{"Description":"ICC 12 Election Day","Id":99829,"ExternalId":"","ThresholdMin":5,"ThresholdMax":25,"WriteThresholdMin":5,"WriteThresholdMax":25},{"Description":"ICC 13 Election Day","Id":99830,"ExternalId":"","ThresholdMin":5,"ThresholdMax":25,"WriteThresholdMin":5,"WriteThresholdMax":25},{"Description":"ICC 14 Election Day","Id":99831,"ExternalId":"","ThresholdMin":5,"ThresholdMax":25,"WriteThresholdMin":5,"WriteThresholdMax":25},{"Description":"ICC 15 Election Day","Id":99832,"ExternalId":"","ThresholdMin":5,"ThresholdMax":25,"WriteThresholdMin":5,"WriteThresholdMax":25},{"Description":"ICC 16 Election Day","Id":99833,"ExternalId":"","ThresholdMin":5,"ThresholdMax":25,"WriteThresholdMin":5,"WriteThresholdMax":25},{"Description":"BMD BT 1","Id":99834,"ExternalId":"","ThresholdMin":0,"ThresholdMax":0,"WriteThresholdMin":0,"WriteThresholdMax":0},{"Description":"BMD BT 2","Id":99835,"ExternalId":"","ThresholdMin":0,"ThresholdMax":0,"WriteThresholdMin":0,"WriteThresholdMax":0},{"Description":"BMD BT 3","Id":99836,"ExternalId":"","ThresholdMin":0,"ThresholdMax":0,"WriteThresholdMin":0,"WriteThresholdMax":0},{"Description":"BMD BT 4","Id":99837,"ExternalId":"","ThresholdMin":0,"ThresholdMax":0,"WriteThresholdMin":0,"WriteThresholdMax":0},{"Description":"BMD BT 5","Id":99838,"ExternalId":"","ThresholdMin":0,"ThresholdMax":0,"WriteThresholdMin":0,"WriteThresholdMax":0},{"Description":"BMD BT 6","Id":99839,"ExternalId":"","ThresholdMin":0,"ThresholdMax":0,"WriteThresholdMin":0,"WriteThresholdMax":0},{"Description":"BMD BT 7","Id":99840,"ExternalId":"","ThresholdMin":0,"ThresholdMax":0,"WriteThresholdMin":0,"WriteThresholdMax":0},{"Description":"BMD BT 8","Id":99841,"ExternalId":"","ThresholdMin":0,"ThresholdMax":0,"WriteThresholdMin":0,"WriteThresholdMax":0},{"Description":"BMD BT 9","Id":99842,"ExternalId":"","ThresholdMin":0,"ThresholdMax":0,"WriteThresholdMin":0,"WriteThresholdMax":0},{"Description":"BMD BT 10","Id":99843,"ExternalId":"","ThresholdMin":0,"ThresholdMax":0,"WriteThresholdMin":0,"WriteThresholdMax":0},{"Description":"BMD BT 11","Id":99844,"ExternalId":"","ThresholdMin":0,"ThresholdMax":0,"WriteThresholdMin":0,"WriteThresholdMax":0},{"Description":"BMD Vote Center 1","Id":99845,"ExternalId":"970","ThresholdMin":0,"ThresholdMax":0,"WriteThresholdMin":0,"WriteThresholdMax":0},{"Description":"BMD Vote Center 2","Id":99846,"ExternalId":"","ThresholdMin":0,"ThresholdMax":0,"WriteThresholdMin":0,"WriteThresholdMax":0}]}