precinct_id|precinct_name
1101|Pct 1101
1102|Pct 1102
1103|Pct 1103
1104|Pct 1104
1105|Pct 1105
1106|Pct 1106
1107|Pct 1107
1108|Pct 1108
1109|Pct 1109
1111|Pct 1111
1112|Pct 1112
1113|Pct 1113
1114|Pct 1114
1115|Pct 1115
1116|Pct 1116
1117|Pct 1117
1118|Pct 1118
1119|Pct 1119
1121|Pct 1121
1122|Pct 1122
1123|Pct 1123
1124|Pct 1124
1125|Pct 1125
1126|Pct 1126
1127|Pct 1127
1128|Pct 1128
1129|Pct 1129
1131|Pct 1131
1132|Pct 1132
1133|Pct 1133
1134|Pct 1134
1135|Pct 1135
1136|Pct 1136
1141|Pct 1141
1142|Pct 1142
1143|Pct 1143
1144|Pct 1144
1145|Pct 1145
1146|Pct 1146
1147|Pct 1147
1148|Pct 1148
1149|Pct 1149
1151|Pct 1151
1152|Pct 1152
1153|Pct 1153
1154|Pct 1154
7001|Pct 7001
7002|Pct 7002
7003|Pct 7003
7004|Pct 7004
7005|Pct 7005
7006|Pct 7006
7007|Pct 7007
7008|Pct 7008
7009|Pct 7009
7011|Pct 7011
7012|Pct 7012
7013|Pct 7013
7014|Pct 7014
7015|Pct 7015
7016|Pct 7016
7017|Pct 7017
7018|Pct 7018
7019|Pct 7019
7021|Pct 7021
7022|Pct 7022
7023|Pct 7023
7024|Pct 7024
7025|Pct 7025
7026|Pct 7026
7027|Pct 7027
7028|Pct 7028
7029|Pct 7029
7030|Pct 7030
7031|Pct 7031
7032|Pct 7032
7033|Pct 7033
7034|Pct 7034
7035|Pct 7035
7036|Pct 7036
7037|Pct 7037
7038|Pct 7038
7039|Pct 7039
7041|Pct 7041
7042|Pct 7042
7043|Pct 7043
7044|Pct 7044
7045|Pct 7045
7046|Pct 7046
7047|Pct 7047
7048|Pct 7048
7049|Pct 7049
7051|Pct 7051
7052|Pct 7052
7053|Pct 7053
7054|Pct 7054
7055|Pct 7055
7056|Pct 7056
7101|Pct 7101
7201|Pct 7201
7202|Pct 7202
7203|Pct 7203
7204|Pct 7204
7205|Pct 7205
7206|Pct 7206
7207|Pct 7207
7208|Pct 7208
7209|Pct 7209
7301|Pct 7301
7302|Pct 7302
7303|Pct 7303
7304|Pct 7304
7305|Pct 7305
7306|Pct 7306
7307|Pct 7307
7308|Pct 7308
7309|Pct 7309
7311|Pct 7311
7312|Pct 7312
7313|Pct 7313
7314|Pct 7314
7315|Pct 7315
7316|Pct 7316
7317|Pct 7317
7318|Pct 7318
7319|Pct 7319
7321|Pct 7321
7322|Pct 7322
7323|Pct 7323
7324|Pct 7324
7325|Pct 7325
7326|Pct 7326
7327|Pct 7327
7328|Pct 7328
7329|Pct 7329
7331|Pct 7331
7332|Pct 7332
7333|Pct 7333
7334|Pct 7334
7335|Pct 7335
7336|Pct 7336
7337|Pct 7337
7338|Pct 7338
7339|Pct 7339
7341|Pct 7341
7342|Pct 7342
7343|Pct 7343
7344|Pct 7344
7345|Pct 7345
7346|Pct 7346
7347|Pct 7347
7348|Pct 7348
7349|Pct 7349
7501|Pct 7501
7502|Pct 7502
7503|Pct 7503
7504|Pct 7504
7505|Pct 7505
7506|Pct 7506
7507|Pct 7507
7508|Pct 7508
7509|Pct 7509
7511|Pct 7511
7512|Pct 7512
7513|Pct 7513
7514|Pct 7514
7515|Pct 7515
7516|Pct 7516
7517|Pct 7517
7518|Pct 7518
7519|Pct 7519
7521|Pct 7521
7522|Pct 7522
7523|Pct 7523
7524|Pct 7524
7525|Pct 7525
7526|Pct 7526
7527|Pct 7527
7528|Pct 7528
7529|Pct 7529
7531|Pct 7531
7532|Pct 7532
7533|Pct 7533
7534|Pct 7534
7535|Pct 7535
7536|Pct 7536
7537|Pct 7537
7538|Pct 7538
7539|Pct 7539
7541|Pct 7541
7542|Pct 7542
7543|Pct 7543
7544|Pct 7544
7545|Pct 7545
7546|Pct 7546
7547|Pct 7547
7548|Pct 7548
7549|Pct 7549
7551|Pct 7551
7552|Pct 7552
7553|Pct 7553
7554|Pct 7554
7555|Pct 7555
7556|Pct 7556
7557|Pct 7557
7601|Pct 7601
7602|Pct 7602
7603|Pct 7603
7604|Pct 7604
7605|Pct 7605
7606|Pct 7606
7607|Pct 7607
7608|Pct 7608
7609|Pct 7609
7611|Pct 7611
7612|Pct 7612
7613|Pct 7613
7614|Pct 7614
7615|Pct 7615
7616|Pct 7616
7617|Pct 7617
7618|Pct 7618
7619|Pct 7619
7621|Pct 7621
7622|Pct 7622
7623|Pct 7623
7624|Pct 7624
7625|Pct 7625
7626|Pct 7626
7627|Pct 7627
7628|Pct 7628
7629|Pct 7629
7631|Pct 7631
7632|Pct 7632
7633|Pct 7633
7634|Pct 7634
7635|Pct 7635
7636|Pct 7636
7637|Pct 7637
7638|Pct 7638
7639|Pct 7639
7641|Pct 7641
7642|Pct 7642
7643|Pct 7643
7644|Pct 7644
7645|Pct 7645
7646|Pct 7646
7647|Pct 7647
7648|Pct 7648
7649|Pct 7649
7651|Pct 7651
7652|Pct 7652
7653|Pct 7653
7654|Pct 7654
7655|Pct 7655
7656|Pct 7656
7657|Pct 7657
7701|Pct 7701
7702|Pct 7702
7703|Pct 7703
7704|Pct 7704
7705|Pct 7705
7706|Pct 7706
7707|Pct 7707
7708|Pct 7708
7709|Pct 7709
7711|Pct 7711
7712|Pct 7712
7801|Pct 7801
7802|Pct 7802
7803|Pct 7803
7804|Pct 7804
7805|Pct 7805
7806|Pct 7806
7807|Pct 7807
7808|Pct 7808
7809|Pct 7809
7811|Pct 7811
7812|Pct 7812
7813|Pct 7813
7814|Pct 7814
7815|Pct 7815
7816|Pct 7816
7817|Pct 7817
7818|Pct 7818
7819|Pct 7819
7821|Pct 7821
7822|Pct 7822
7823|Pct 7823
7824|Pct 7824
7825|Pct 7825
7826|Pct 7826
7827|Pct 7827
7828|Pct 7828
7829|Pct 7829
7831|Pct 7831
7832|Pct 7832
7833|Pct 7833
7834|Pct 7834
7835|Pct 7835
7836|Pct 7836
7837|Pct 7837
7838|Pct 7838
7839|Pct 7839
7841|Pct 7841
7842|Pct 7842
7843|Pct 7843
7844|Pct 7844
7845|Pct 7845
7846|Pct 7846
7847|Pct 7847
7848|Pct 7848
7849|Pct 7849
7851|Pct 7851
7852|Pct 7852
7853|Pct 7853
7854|Pct 7854
7855|Pct 7855
7856|Pct 7856
7857|Pct 7857
7858|Pct 7858
7859|Pct 7859
7861|Pct 7861
7862|Pct 7862
7863|Pct 7863
7864|Pct 7864
7865|Pct 7865
7866|Pct 7866
7867|Pct 7867
7868|Pct 7868
7869|Pct 7869
7871|Pct 7871
7872|Pct 7872
7873|Pct 7873
7874|Pct 7874
7875|Pct 7875
7876|Pct 7876
7901|Pct 7901
7902|Pct 7902
7903|Pct 7903
7904|Pct 7904
7905|Pct 7905
7906|Pct 7906
7907|Pct 7907
7908|Pct 7908
7909|Pct 7909
7911|Pct 7911
7912|Pct 7912
7913|Pct 7913
7914|Pct 7914
7915|Pct 7915
7916|Pct 7916
7917|Pct 7917
7918|Pct 7918
7919|Pct 7919
7921|Pct 7921
7922|Pct 7922
7923|Pct 7923
7924|Pct 7924
7925|Pct 7925
7926|Pct 7926
7927|Pct 7927
7928|Pct 7928
7929|Pct 7929
7931|Pct 7931
7932|Pct 7932
7933|Pct 7933
7934|Pct 7934
7935|Pct 7935
7936|Pct 7936
7937|Pct 7937
7938|Pct 7938
7939|Pct 7939
7941|Pct 7941
7942|Pct 7942
7943|Pct 7943
7944|Pct 7944
7945|Pct 7945
7946|Pct 7946
7947|Pct 7947
7948|Pct 7948
7949|Pct 7949
7951|Pct 7951
7952|Pct 7952
7953|Pct 7953
7954|Pct 7954
7955|Pct 7955
7956|Pct 7956
7957|Pct 7957
7958|Pct 7958
7959|Pct 7959
9001|Pct 9001
9101|Pct 9101
9102|Pct 9102
9103|Pct 9103
9104|Pct 9104
9105|Pct 9105
9106|Pct 9106
9107|Pct 9107
9108|Pct 9108
9109|Pct 9109
9111|Pct 9111
9112|Pct 9112
9113|Pct 9113
9114|Pct 9114
9115|Pct 9115
9116|Pct 9116
9117|Pct 9117
9118|Pct 9118
9119|Pct 9119
9121|Pct 9121
9122|Pct 9122
9123|Pct 9123
9124|Pct 9124
9125|Pct 9125
9126|Pct 9126
9127|Pct 9127
9128|Pct 9128
9129|Pct 9129
9131|Pct 9131
9132|Pct 9132
9133|Pct 9133
9134|Pct 9134
9135|Pct 9135
9136|Pct 9136
9137|Pct 9137
9138|Pct 9138
9139|Pct 9139
9141|Pct 9141
9142|Pct 9142
9143|Pct 9143
9144|Pct 9144
9145|Pct 9145
9146|Pct 9146
9147|Pct 9147
9148|Pct 9148
9149|Pct 9149
9151|Pct 9151
9152|Pct 9152
9201|Pct 9201
9202|Pct 9202
9203|Pct 9203
9204|Pct 9204
9205|Pct 9205
9206|Pct 9206
9207|Pct 9207
9208|Pct 9208
9209|Pct 9209
9211|Pct 9211
9212|Pct 9212
9213|Pct 9213
9214|Pct 9214
9215|Pct 9215
9216|Pct 9216
9217|Pct 9217
9218|Pct 9218
9219|Pct 9219
9221|Pct 9221
9222|Pct 9222
9223|Pct 9223
9224|Pct 9224
9225|Pct 9225
9226|Pct 9226
9227|Pct 9227
9228|Pct 9228
9229|Pct 9229
9231|Pct 9231
9232|Pct 9232
9233|Pct 9233
9234|Pct 9234
9235|Pct 9235
9236|Pct 9236
9237|Pct 9237
9238|Pct 9238
9239|Pct 9239
9241|Pct 9241
9242|Pct 9242
9243|Pct 9243
9244|Pct 9244
9245|Pct 9245
9246|Pct 9246
9247|Pct 9247
9248|Pct 9248
9249|Pct 9249
9251|Pct 9251
9252|Pct 9252
9253|Pct 9253
9254|Pct 9254
9255|Pct 9255
9256|Pct 9256
9257|Pct 9257
9258|Pct 9258
9401|Pct 9401
9402|Pct 9402
9403|Pct 9403
9404|Pct 9404
9405|Pct 9405
9406|Pct 9406
9407|Pct 9407
9408|Pct 9408
9409|Pct 9409
9411|Pct 9411
9412|Pct 9412
9413|Pct 9413
9414|Pct 9414
9415|Pct 9415
9416|Pct 9416
9417|Pct 9417
9418|Pct 9418
9419|Pct 9419
9421|Pct 9421
9422|Pct 9422
9423|Pct 9423
9424|Pct 9424
9425|Pct 9425
9426|Pct 9426
9427|Pct 9427
9428|Pct 9428
9429|Pct 9429
9431|Pct 9431
9432|Pct 9432
9433|Pct 9433
9434|Pct 9434
9435|Pct 9435
9436|Pct 9436
9437|Pct 9437
9438|Pct 9438
9439|Pct 9439
9441|Pct 9441
9442|Pct 9442
9443|Pct 9443
9444|Pct 9444
9445|Pct 9445
9446|Pct 9446
9447|Pct 9447
9448|Pct 9448
9449|Pct 9449
9451|Pct 9451
9452|Pct 9452
9453|Pct 9453
9501|Pct 9501
9502|Pct 9502
9503|Pct 9503
9504|Pct 9504
9505|Pct 9505
9506|Pct 9506
9507|Pct 9507
9508|Pct 9508
9509|Pct 9509
9511|Pct 9511
9512|Pct 9512
9513|Pct 9513
9514|Pct 9514
9515|Pct 9515
9516|Pct 9516
9517|Pct 9517
9518|Pct 9518
9519|Pct 9519
9521|Pct 9521
9522|Pct 9522
9701|Pct 9701
9702|Pct 9702
9703|Pct 9703
9704|Pct 9704
9705|Pct 9705
9706|Pct 9706
9707|Pct 9707
9708|Pct 9708
9709|Pct 9709
9711|Pct 9711
9712|Pct 9712
9713|Pct 9713
9714|Pct 9714
9715|Pct 9715
9716|Pct 9716
9717|Pct 9717
9718|Pct 9718
9719|Pct 9719
9721|Pct 9721
9722|Pct 9722
9723|Pct 9723
9724|Pct 9724
9725|Pct 9725
9726|Pct 9726
9727|Pct 9727
9728|Pct 9728
9729|Pct 9729
9731|Pct 9731
9732|Pct 9732
9733|Pct 9733
9734|Pct 9734
9735|Pct 9735
9736|Pct 9736
9737|Pct 9737
9738|Pct 9738
9739|Pct 9739
9741|Pct 9741
9742|Pct 9742
9743|Pct 9743
9744|Pct 9744
9745|Pct 9745
9746|Pct 9746
9747|Pct 9747
9748|Pct 9748
9749|Pct 9749
9751|Pct 9751
9752|Pct 9752
9753|Pct 9753
9754|Pct 9754
9755|Pct 9755
9756|Pct 9756
9801|Pct 9801
9900|Pct 9900
9901|Pct 9901
9902|Pct 9902
