{"Version":"5.10.11.24","List":[{"Description":"Countywide","Id":"85b2eddc-c05d-4dd8-81b9-ac43c8b15caa","ExternalId":""},{"Description":"STATE","Id":"8aace95a-5fbc-419d-8e00-ae674d47c14e","ExternalId":"CA"},{"Description":"United States Representative","Id":"3fb34077-6aa9-4667-8f35-af00b471f482","ExternalId":""},{"Description":"State Senator","Id":"e047325d-a5ae-433b-921b-23131c69db94","ExternalId":""},{"Description":"Member of the State Assembly","Id":"f864bae2-0088-4df7-8b1c-5da024c52c33","ExternalId":""},{"Description":"Board of Equalization (State)","Id":"7ec5c366-8bed-4504-9441-02943ca79253","ExternalId":""},{"Description":"San Francisco Countywide","Id":"92aff6f7-00dc-4d49-abb4-2a6361138404","ExternalId":""},{"Description":"County Supervisor","Id":"663455e0-b757-4423-947d-4f0d9341ba83","ExternalId":""},{"Description":"Neighborhood","Id":"5d1f3cce-b824-443b-8d18-b9e496795bf5","ExternalId":""}]}