{"Version":"5.10.11.24","List":[{"Description":"Electionwide","Id":148,"DistrictTypeId":"85b2eddc-c05d-4dd8-81b9-ac43c8b15caa","ExternalId":""},{"Description":"CALIFORNIA","Id":101,"DistrictTypeId":"8aace95a-5fbc-419d-8e00-ae674d47c14e","ExternalId":"CA"},{"Description":"12TH CONG","Id":119,"DistrictTypeId":"3fb34077-6aa9-4667-8f35-af00b471f482","ExternalId":"CON012"},{"Description":"13TH CONG","Id":120,"DistrictTypeId":"3fb34077-6aa9-4667-8f35-af00b471f482","ExternalId":"CON013"},{"Description":"14TH CONG","Id":121,"DistrictTypeId":"3fb34077-6aa9-4667-8f35-af00b471f482","ExternalId":"CON014"},{"Description":"11TH SENATE","Id":118,"DistrictTypeId":"e047325d-a5ae-433b-921b-23131c69db94","ExternalId":"266"},{"Description":"17TH ASMBLY","Id":116,"DistrictTypeId":"f864bae2-0088-4df7-8b1c-5da024c52c33","ExternalId":"ASM017"},{"Description":"19TH ASMBLY","Id":117,"DistrictTypeId":"f864bae2-0088-4df7-8b1c-5da024c52c33","ExternalId":"ASM019"},{"Description":"BD EQ,DIST2","Id":102,"DistrictTypeId":"7ec5c366-8bed-4504-9441-02943ca79253","ExternalId":"BOE002"},{"Description":"CITY AND COUNTY OF SAN FRANCISCO","Id":103,"DistrictTypeId":"92aff6f7-00dc-4d49-abb4-2a6361138404","ExternalId":"SF"},{"Description":"SUP DIST 1","Id":105,"DistrictTypeId":"663455e0-b757-4423-947d-4f0d9341ba83","ExternalId":"SUP001"},{"Description":"SUP DIST 2","Id":108,"DistrictTypeId":"663455e0-b757-4423-947d-4f0d9341ba83","ExternalId":"SUP002"},{"Description":"SUP DIST 3","Id":109,"DistrictTypeId":"663455e0-b757-4423-947d-4f0d9341ba83","ExternalId":"SUP003"},{"Description":"SUP DIST 4","Id":110,"DistrictTypeId":"663455e0-b757-4423-947d-4f0d9341ba83","ExternalId":"SUP004"},{"Description":"SUP DIST 5","Id":111,"DistrictTypeId":"663455e0-b757-4423-947d-4f0d9341ba83","ExternalId":"SUP005"},{"Description":"SUP DIST 6","Id":112,"DistrictTypeId":"663455e0-b757-4423-947d-4f0d9341ba83","ExternalId":"SUP006"},{"Description":"SUP DIST 7","Id":113,"DistrictTypeId":"663455e0-b757-4423-947d-4f0d9341ba83","ExternalId":"SUP007"},{"Description":"SUP DIST 8","Id":114,"DistrictTypeId":"663455e0-b757-4423-947d-4f0d9341ba83","ExternalId":"SUP008"},{"Description":"SUP DIST 9","Id":115,"DistrictTypeId":"663455e0-b757-4423-947d-4f0d9341ba83","ExternalId":"SUP009"},{"Description":"SUP DIST 10","Id":106,"DistrictTypeId":"663455e0-b757-4423-947d-4f0d9341ba83","ExternalId":"SUP010"},{"Description":"SUP DIST 11","Id":107,"DistrictTypeId":"663455e0-b757-4423-947d-4f0d9341ba83","ExternalId":"SUP011"},{"Description":"BAYVW/HTRSPT","Id":122,"DistrictTypeId":"5d1f3cce-b824-443b-8d18-b9e496795bf5","ExternalId":"122"},{"Description":"CHINA","Id":123,"DistrictTypeId":"5d1f3cce-b824-443b-8d18-b9e496795bf5","ExternalId":"123"},{"Description":"CVC CTR/DWTN","Id":124,"DistrictTypeId":"5d1f3cce-b824-443b-8d18-b9e496795bf5","ExternalId":"124"},{"Description":"DIAMD HTS","Id":125,"DistrictTypeId":"5d1f3cce-b824-443b-8d18-b9e496795bf5","ExternalId":"125"},{"Description":"EXCELSIOR","Id":126,"DistrictTypeId":"5d1f3cce-b824-443b-8d18-b9e496795bf5","ExternalId":"126"},{"Description":"HAIGHT ASH","Id":127,"DistrictTypeId":"5d1f3cce-b824-443b-8d18-b9e496795bf5","ExternalId":"127"},{"Description":"INGLESIDE","Id":128,"DistrictTypeId":"5d1f3cce-b824-443b-8d18-b9e496795bf5","ExternalId":"128"},{"Description":"INNER SUNSET","Id":129,"DistrictTypeId":"5d1f3cce-b824-443b-8d18-b9e496795bf5","ExternalId":"129"},{"Description":"LAKE MERCED","Id":130,"DistrictTypeId":"5d1f3cce-b824-443b-8d18-b9e496795bf5","ExternalId":"130"},{"Description":"LRL HTS/ANZA","Id":131,"DistrictTypeId":"5d1f3cce-b824-443b-8d18-b9e496795bf5","ExternalId":"131"},{"Description":"MAR/PAC HTS","Id":132,"DistrictTypeId":"5d1f3cce-b824-443b-8d18-b9e496795bf5","ExternalId":"132"},{"Description":"MISSION","Id":133,"DistrictTypeId":"5d1f3cce-b824-443b-8d18-b9e496795bf5","ExternalId":"133"},{"Description":"N BERNAL HTS","Id":134,"DistrictTypeId":"5d1f3cce-b824-443b-8d18-b9e496795bf5","ExternalId":"134"},{"Description":"N EMBRCDRO","Id":135,"DistrictTypeId":"5d1f3cce-b824-443b-8d18-b9e496795bf5","ExternalId":"135"},{"Description":"NOE VALLEY","Id":136,"DistrictTypeId":"5d1f3cce-b824-443b-8d18-b9e496795bf5","ExternalId":"136"},{"Description":"PORTOLA","Id":137,"DistrictTypeId":"5d1f3cce-b824-443b-8d18-b9e496795bf5","ExternalId":"137"},{"Description":"POTRERO HILL","Id":138,"DistrictTypeId":"5d1f3cce-b824-443b-8d18-b9e496795bf5","ExternalId":"138"},{"Description":"RICHMOND","Id":139,"DistrictTypeId":"5d1f3cce-b824-443b-8d18-b9e496795bf5","ExternalId":"139"},{"Description":"S BERNAL HTS","Id":140,"DistrictTypeId":"5d1f3cce-b824-443b-8d18-b9e496795bf5","ExternalId":"140"},{"Description":"SECLF/PREHTS","Id":141,"DistrictTypeId":"5d1f3cce-b824-443b-8d18-b9e496795bf5","ExternalId":"141"},{"Description":"SOMA","Id":142,"DistrictTypeId":"5d1f3cce-b824-443b-8d18-b9e496795bf5","ExternalId":"142"},{"Description":"SUNSET","Id":143,"DistrictTypeId":"5d1f3cce-b824-443b-8d18-b9e496795bf5","ExternalId":"143"},{"Description":"UPRMKT/EURKA","Id":144,"DistrictTypeId":"5d1f3cce-b824-443b-8d18-b9e496795bf5","ExternalId":"144"},{"Description":"VISITA VLY","Id":145,"DistrictTypeId":"5d1f3cce-b824-443b-8d18-b9e496795bf5","ExternalId":"145"},{"Description":"W TWIN PKS","Id":146,"DistrictTypeId":"5d1f3cce-b824-443b-8d18-b9e496795bf5","ExternalId":"146"},{"Description":"WST ADDITION","Id":147,"DistrictTypeId":"5d1f3cce-b824-443b-8d18-b9e496795bf5","ExternalId":"147"}]}