{"Version":"5.10.11.24","List":[{"Description":"Pct 1101","Id":1,"ExternalId":"1101","PrecinctId":1},{"Description":"Pct 1102","Id":2,"ExternalId":"1102","PrecinctId":2},{"Description":"Pct 1103","Id":3,"ExternalId":"1103","PrecinctId":3},{"Description":"Pct 1104/1105","Id":4,"ExternalId":"1104","PrecinctId":4},{"Description":"Pct 1106","Id":5,"ExternalId":"1106","PrecinctId":5},{"Description":"Pct 1107","Id":6,"ExternalId":"1107","PrecinctId":6},{"Description":"Pct 1108","Id":7,"ExternalId":"1108","PrecinctId":7},{"Description":"Pct 1109","Id":8,"ExternalId":"1109","PrecinctId":8},{"Description":"Pct 1111","Id":9,"ExternalId":"1111","PrecinctId":9},{"Description":"Pct 1112","Id":10,"ExternalId":"1112","PrecinctId":10},{"Description":"Pct 1113","Id":11,"ExternalId":"1113","PrecinctId":11},{"Description":"Pct 1114","Id":12,"ExternalId":"1114","PrecinctId":12},{"Description":"Pct 1115","Id":13,"ExternalId":"1115","PrecinctId":13},{"Description":"Pct 1116","Id":14,"ExternalId":"1116","PrecinctId":14},{"Description":"Pct 1117","Id":15,"ExternalId":"1117","PrecinctId":15},{"Description":"Pct 1118","Id":16,"ExternalId":"1118","PrecinctId":16},{"Description":"Pct 1119","Id":17,"ExternalId":"1119","PrecinctId":17},{"Description":"Pct 1121","Id":18,"ExternalId":"1121","PrecinctId":18},{"Description":"Pct 1122","Id":19,"ExternalId":"1122","PrecinctId":19},{"Description":"Pct 1123","Id":20,"ExternalId":"1123","PrecinctId":20},{"Description":"Pct 1124","Id":21,"ExternalId":"1124","PrecinctId":21},{"Description":"Pct 1125","Id":22,"ExternalId":"1125","PrecinctId":22},{"Description":"Pct 1126","Id":23,"ExternalId":"1126","PrecinctId":23},{"Description":"Pct 1127","Id":24,"ExternalId":"1127","PrecinctId":24},{"Description":"Pct 1128","Id":25,"ExternalId":"1128","PrecinctId":25},{"Description":"Pct 1129","Id":26,"ExternalId":"1129","PrecinctId":26},{"Description":"Pct 1131","Id":27,"ExternalId":"1131","PrecinctId":27},{"Description":"Pct 1132","Id":28,"ExternalId":"1132","PrecinctId":28},{"Description":"Pct 1133","Id":29,"ExternalId":"1133","PrecinctId":29},{"Description":"Pct 1134","Id":30,"ExternalId":"1134","PrecinctId":30},{"Description":"Pct 1135","Id":31,"ExternalId":"1135","PrecinctId":31},{"Description":"Pct 1136","Id":32,"ExternalId":"1136","PrecinctId":32},{"Description":"Pct 1141","Id":33,"ExternalId":"1141","PrecinctId":33},{"Description":"Pct 1142","Id":34,"ExternalId":"1142","PrecinctId":34},{"Description":"Pct 1143","Id":35,"ExternalId":"1143","PrecinctId":35},{"Description":"Pct 1144","Id":36,"ExternalId":"1144","PrecinctId":36},{"Description":"Pct 1145","Id":37,"ExternalId":"1145","PrecinctId":37},{"Description":"Pct 1146","Id":38,"ExternalId":"1146","PrecinctId":38},{"Description":"Pct 1147","Id":39,"ExternalId":"1147","PrecinctId":39},{"Description":"Pct 1148","Id":40,"ExternalId":"1148","PrecinctId":40},{"Description":"Pct 1149","Id":41,"ExternalId":"1149","PrecinctId":41},{"Description":"Pct 1151 MB","Id":42,"ExternalId":"1151","PrecinctId":42},{"Description":"Pct 1152","Id":43,"ExternalId":"1152","PrecinctId":43},{"Description":"Pct 1153","Id":44,"ExternalId":"1153","PrecinctId":44},{"Description":"Pct 1154 MB","Id":45,"ExternalId":"1154","PrecinctId":45},{"Description":"Pct 7001","Id":46,"ExternalId":"7001","PrecinctId":46},{"Description":"Pct 7002","Id":47,"ExternalId":"7002","PrecinctId":47},{"Description":"Pct 7003","Id":48,"ExternalId":"7003","PrecinctId":48},{"Description":"Pct 7004","Id":49,"ExternalId":"7004","PrecinctId":49},{"Description":"Pct 7005","Id":50,"ExternalId":"7005","PrecinctId":50},{"Description":"Pct 7006","Id":51,"ExternalId":"7006","PrecinctId":51},{"Description":"Pct 7007","Id":52,"ExternalId":"7007","PrecinctId":52},{"Description":"Pct 7008","Id":53,"ExternalId":"7008","PrecinctId":53},{"Description":"Pct 7009","Id":54,"ExternalId":"7009","PrecinctId":54},{"Description":"Pct 7011","Id":55,"ExternalId":"7011","PrecinctId":55},{"Description":"Pct 7012","Id":56,"ExternalId":"7012","PrecinctId":56},{"Description":"Pct 7013","Id":57,"ExternalId":"7013","PrecinctId":57},{"Description":"Pct 7014","Id":58,"ExternalId":"7014","PrecinctId":58},{"Description":"Pct 7015 MB","Id":59,"ExternalId":"7015","PrecinctId":59},{"Description":"Pct 7016","Id":60,"ExternalId":"7016","PrecinctId":60},{"Description":"Pct 7017","Id":61,"ExternalId":"7017","PrecinctId":61},{"Description":"Pct 7018","Id":62,"ExternalId":"7018","PrecinctId":62},{"Description":"Pct 7019","Id":63,"ExternalId":"7019","PrecinctId":63},{"Description":"Pct 7021","Id":64,"ExternalId":"7021","PrecinctId":64},{"Description":"Pct 7022","Id":65,"ExternalId":"7022","PrecinctId":65},{"Description":"Pct 7023","Id":66,"ExternalId":"7023","PrecinctId":66},{"Description":"Pct 7024","Id":67,"ExternalId":"7024","PrecinctId":67},{"Description":"Pct 7025","Id":68,"ExternalId":"7025","PrecinctId":68},{"Description":"Pct 7026","Id":69,"ExternalId":"7026","PrecinctId":69},{"Description":"Pct 7027","Id":70,"ExternalId":"7027","PrecinctId":70},{"Description":"Pct 7028","Id":71,"ExternalId":"7028","PrecinctId":71},{"Description":"Pct 7029","Id":72,"ExternalId":"7029","PrecinctId":72},{"Description":"Pct 7030","Id":73,"ExternalId":"7030","PrecinctId":73},{"Description":"Pct 7031","Id":74,"ExternalId":"7031","PrecinctId":74},{"Description":"Pct 7032","Id":75,"ExternalId":"7032","PrecinctId":75},{"Description":"Pct 7033","Id":76,"ExternalId":"7033","PrecinctId":76},{"Description":"Pct 7034","Id":77,"ExternalId":"7034","PrecinctId":77},{"Description":"Pct 7035","Id":78,"ExternalId":"7035","PrecinctId":78},{"Description":"Pct 7036","Id":79,"ExternalId":"7036","PrecinctId":79},{"Description":"Pct 7037","Id":80,"ExternalId":"7037","PrecinctId":80},{"Description":"Pct 7038","Id":81,"ExternalId":"7038","PrecinctId":81},{"Description":"Pct 7039","Id":82,"ExternalId":"7039","PrecinctId":82},{"Description":"Pct 7041 MB","Id":83,"ExternalId":"7041","PrecinctId":83},{"Description":"Pct 7042","Id":84,"ExternalId":"7042","PrecinctId":84},{"Description":"Pct 7043","Id":85,"ExternalId":"7043","PrecinctId":85},{"Description":"Pct 7044","Id":86,"ExternalId":"7044","PrecinctId":86},{"Description":"Pct 7045","Id":87,"ExternalId":"7045","PrecinctId":87},{"Description":"Pct 7046","Id":88,"ExternalId":"7046","PrecinctId":88},{"Description":"Pct 7047","Id":89,"ExternalId":"7047","PrecinctId":89},{"Description":"Pct 7048","Id":90,"ExternalId":"7048","PrecinctId":90},{"Description":"Pct 7049","Id":91,"ExternalId":"7049","PrecinctId":91},{"Description":"Pct 7051","Id":92,"ExternalId":"7051","PrecinctId":92},{"Description":"Pct 7052","Id":93,"ExternalId":"7052","PrecinctId":93},{"Description":"Pct 7053","Id":94,"ExternalId":"7053","PrecinctId":94},{"Description":"Pct 7054","Id":95,"ExternalId":"7054","PrecinctId":95},{"Description":"Pct 7055","Id":96,"ExternalId":"7055","PrecinctId":96},{"Description":"Pct 7056","Id":97,"ExternalId":"7056","PrecinctId":97},{"Description":"Pct 7101 MB","Id":98,"ExternalId":"7101","PrecinctId":98},{"Description":"Pct 7201","Id":99,"ExternalId":"7201","PrecinctId":99},{"Description":"Pct 7202","Id":100,"ExternalId":"7202","PrecinctId":100},{"Description":"Pct 7203","Id":101,"ExternalId":"7203","PrecinctId":101},{"Description":"Pct 7204","Id":102,"ExternalId":"7204","PrecinctId":102},{"Description":"Pct 7205","Id":103,"ExternalId":"7205","PrecinctId":103},{"Description":"Pct 7206","Id":104,"ExternalId":"7206","PrecinctId":104},{"Description":"Pct 7207","Id":105,"ExternalId":"7207","PrecinctId":105},{"Description":"Pct 7208","Id":106,"ExternalId":"7208","PrecinctId":106},{"Description":"Pct 7209","Id":107,"ExternalId":"7209","PrecinctId":107},{"Description":"Pct 7301","Id":108,"ExternalId":"7301","PrecinctId":108},{"Description":"Pct 7302","Id":109,"ExternalId":"7302","PrecinctId":109},{"Description":"Pct 7303","Id":110,"ExternalId":"7303","PrecinctId":110},{"Description":"Pct 7304","Id":111,"ExternalId":"7304","PrecinctId":111},{"Description":"Pct 7305","Id":112,"ExternalId":"7305","PrecinctId":112},{"Description":"Pct 7306","Id":113,"ExternalId":"7306","PrecinctId":113},{"Description":"Pct 7307","Id":114,"ExternalId":"7307","PrecinctId":114},{"Description":"Pct 7308","Id":115,"ExternalId":"7308","PrecinctId":115},{"Description":"Pct 7309","Id":116,"ExternalId":"7309","PrecinctId":116},{"Description":"Pct 7311","Id":117,"ExternalId":"7311","PrecinctId":117},{"Description":"Pct 7312","Id":118,"ExternalId":"7312","PrecinctId":118},{"Description":"Pct 7313","Id":119,"ExternalId":"7313","PrecinctId":119},{"Description":"Pct 7314","Id":120,"ExternalId":"7314","PrecinctId":120},{"Description":"Pct 7315","Id":121,"ExternalId":"7315","PrecinctId":121},{"Description":"Pct 7316","Id":122,"ExternalId":"7316","PrecinctId":122},{"Description":"Pct 7317","Id":123,"ExternalId":"7317","PrecinctId":123},{"Description":"Pct 7318","Id":124,"ExternalId":"7318","PrecinctId":124},{"Description":"Pct 7319","Id":125,"ExternalId":"7319","PrecinctId":125},{"Description":"Pct 7321","Id":126,"ExternalId":"7321","PrecinctId":126},{"Description":"Pct 7322","Id":127,"ExternalId":"7322","PrecinctId":127},{"Description":"Pct 7323","Id":128,"ExternalId":"7323","PrecinctId":128},{"Description":"Pct 7324","Id":129,"ExternalId":"7324","PrecinctId":129},{"Description":"Pct 7325","Id":130,"ExternalId":"7325","PrecinctId":130},{"Description":"Pct 7326","Id":131,"ExternalId":"7326","PrecinctId":131},{"Description":"Pct 7327","Id":132,"ExternalId":"7327","PrecinctId":132},{"Description":"Pct 7328","Id":133,"ExternalId":"7328","PrecinctId":133},{"Description":"Pct 7329","Id":134,"ExternalId":"7329","PrecinctId":134},{"Description":"Pct 7331","Id":135,"ExternalId":"7331","PrecinctId":135},{"Description":"Pct 7332","Id":136,"ExternalId":"7332","PrecinctId":136},{"Description":"Pct 7333","Id":137,"ExternalId":"7333","PrecinctId":137},{"Description":"Pct 7334","Id":138,"ExternalId":"7334","PrecinctId":138},{"Description":"Pct 7335","Id":139,"ExternalId":"7335","PrecinctId":139},{"Description":"Pct 7336","Id":140,"ExternalId":"7336","PrecinctId":140},{"Description":"Pct 7337","Id":141,"ExternalId":"7337","PrecinctId":141},{"Description":"Pct 7338","Id":142,"ExternalId":"7338","PrecinctId":142},{"Description":"Pct 7339","Id":143,"ExternalId":"7339","PrecinctId":143},{"Description":"Pct 7341","Id":144,"ExternalId":"7341","PrecinctId":144},{"Description":"Pct 7342","Id":145,"ExternalId":"7342","PrecinctId":145},{"Description":"Pct 7343","Id":146,"ExternalId":"7343","PrecinctId":146},{"Description":"Pct 7344","Id":147,"ExternalId":"7344","PrecinctId":147},{"Description":"Pct 7345","Id":148,"ExternalId":"7345","PrecinctId":148},{"Description":"Pct 7346","Id":149,"ExternalId":"7346","PrecinctId":149},{"Description":"Pct 7347","Id":150,"ExternalId":"7347","PrecinctId":150},{"Description":"Pct 7348","Id":151,"ExternalId":"7348","PrecinctId":151},{"Description":"Pct 7349","Id":152,"ExternalId":"7349","PrecinctId":152},{"Description":"Pct 7501","Id":153,"ExternalId":"7501","PrecinctId":153},{"Description":"Pct 7502","Id":154,"ExternalId":"7502","PrecinctId":154},{"Description":"Pct 7503","Id":155,"ExternalId":"7503","PrecinctId":155},{"Description":"Pct 7504","Id":156,"ExternalId":"7504","PrecinctId":156},{"Description":"Pct 7505","Id":157,"ExternalId":"7505","PrecinctId":157},{"Description":"Pct 7506","Id":158,"ExternalId":"7506","PrecinctId":158},{"Description":"Pct 7507","Id":159,"ExternalId":"7507","PrecinctId":159},{"Description":"Pct 7508","Id":160,"ExternalId":"7508","PrecinctId":160},{"Description":"Pct 7509/7511","Id":161,"ExternalId":"7509","PrecinctId":161},{"Description":"Pct 7512","Id":162,"ExternalId":"7512","PrecinctId":162},{"Description":"Pct 7513","Id":163,"ExternalId":"7513","PrecinctId":163},{"Description":"Pct 7514","Id":164,"ExternalId":"7514","PrecinctId":164},{"Description":"Pct 7515","Id":165,"ExternalId":"7515","PrecinctId":165},{"Description":"Pct 7516","Id":166,"ExternalId":"7516","PrecinctId":166},{"Description":"Pct 7517","Id":167,"ExternalId":"7517","PrecinctId":167},{"Description":"Pct 7518","Id":168,"ExternalId":"7518","PrecinctId":168},{"Description":"Pct 7519","Id":169,"ExternalId":"7519","PrecinctId":169},{"Description":"Pct 7521","Id":170,"ExternalId":"7521","PrecinctId":170},{"Description":"Pct 7522","Id":171,"ExternalId":"7522","PrecinctId":171},{"Description":"Pct 7523","Id":172,"ExternalId":"7523","PrecinctId":172},{"Description":"Pct 7524","Id":173,"ExternalId":"7524","PrecinctId":173},{"Description":"Pct 7525","Id":174,"ExternalId":"7525","PrecinctId":174},{"Description":"Pct 7526","Id":175,"ExternalId":"7526","PrecinctId":175},{"Description":"Pct 7527/7528","Id":176,"ExternalId":"7527","PrecinctId":176},{"Description":"Pct 7529","Id":177,"ExternalId":"7529","PrecinctId":177},{"Description":"Pct 7531","Id":178,"ExternalId":"7531","PrecinctId":178},{"Description":"Pct 7532","Id":179,"ExternalId":"7532","PrecinctId":179},{"Description":"Pct 7533","Id":180,"ExternalId":"7533","PrecinctId":180},{"Description":"Pct 7534","Id":181,"ExternalId":"7534","PrecinctId":181},{"Description":"Pct 7535","Id":182,"ExternalId":"7535","PrecinctId":182},{"Description":"Pct 7536","Id":183,"ExternalId":"7536","PrecinctId":183},{"Description":"Pct 7537","Id":184,"ExternalId":"7537","PrecinctId":184},{"Description":"Pct 7538","Id":185,"ExternalId":"7538","PrecinctId":185},{"Description":"Pct 7539","Id":186,"ExternalId":"7539","PrecinctId":186},{"Description":"Pct 7541","Id":187,"ExternalId":"7541","PrecinctId":187},{"Description":"Pct 7542","Id":188,"ExternalId":"7542","PrecinctId":188},{"Description":"Pct 7543","Id":189,"ExternalId":"7543","PrecinctId":189},{"Description":"Pct 7544","Id":190,"ExternalId":"7544","PrecinctId":190},{"Description":"Pct 7545","Id":191,"ExternalId":"7545","PrecinctId":191},{"Description":"Pct 7546","Id":192,"ExternalId":"7546","PrecinctId":192},{"Description":"Pct 7547","Id":193,"ExternalId":"7547","PrecinctId":193},{"Description":"Pct 7548","Id":194,"ExternalId":"7548","PrecinctId":194},{"Description":"Pct 7549","Id":195,"ExternalId":"7549","PrecinctId":195},{"Description":"Pct 7551","Id":196,"ExternalId":"7551","PrecinctId":196},{"Description":"Pct 7552","Id":197,"ExternalId":"7552","PrecinctId":197},{"Description":"Pct 7553 MB","Id":198,"ExternalId":"7553","PrecinctId":198},{"Description":"Pct 7554","Id":199,"ExternalId":"7554","PrecinctId":199},{"Description":"Pct 7555","Id":200,"ExternalId":"7555","PrecinctId":200},{"Description":"Pct 7556/7557","Id":201,"ExternalId":"7556","PrecinctId":201},{"Description":"Pct 7601","Id":202,"ExternalId":"7601","PrecinctId":202},{"Description":"Pct 7602","Id":203,"ExternalId":"7602","PrecinctId":203},{"Description":"Pct 7603","Id":204,"ExternalId":"7603","PrecinctId":204},{"Description":"Pct 7604","Id":205,"ExternalId":"7604","PrecinctId":205},{"Description":"Pct 7605","Id":206,"ExternalId":"7605","PrecinctId":206},{"Description":"Pct 7606","Id":207,"ExternalId":"7606","PrecinctId":207},{"Description":"Pct 7607","Id":208,"ExternalId":"7607","PrecinctId":208},{"Description":"Pct 7608","Id":209,"ExternalId":"7608","PrecinctId":209},{"Description":"Pct 7609","Id":210,"ExternalId":"7609","PrecinctId":210},{"Description":"Pct 7611","Id":211,"ExternalId":"7611","PrecinctId":211},{"Description":"Pct 7612","Id":212,"ExternalId":"7612","PrecinctId":212},{"Description":"Pct 7613","Id":213,"ExternalId":"7613","PrecinctId":213},{"Description":"Pct 7614","Id":214,"ExternalId":"7614","PrecinctId":214},{"Description":"Pct 7615","Id":215,"ExternalId":"7615","PrecinctId":215},{"Description":"Pct 7616","Id":216,"ExternalId":"7616","PrecinctId":216},{"Description":"Pct 7617","Id":217,"ExternalId":"7617","PrecinctId":217},{"Description":"Pct 7618","Id":218,"ExternalId":"7618","PrecinctId":218},{"Description":"Pct 7619","Id":219,"ExternalId":"7619","PrecinctId":219},{"Description":"Pct 7621","Id":220,"ExternalId":"7621","PrecinctId":220},{"Description":"Pct 7622","Id":221,"ExternalId":"7622","PrecinctId":221},{"Description":"Pct 7623","Id":222,"ExternalId":"7623","PrecinctId":222},{"Description":"Pct 7624","Id":223,"ExternalId":"7624","PrecinctId":223},{"Description":"Pct 7625","Id":224,"ExternalId":"7625","PrecinctId":224},{"Description":"Pct 7626","Id":225,"ExternalId":"7626","PrecinctId":225},{"Description":"Pct 7627","Id":226,"ExternalId":"7627","PrecinctId":226},{"Description":"Pct 7628","Id":227,"ExternalId":"7628","PrecinctId":227},{"Description":"Pct 7629","Id":228,"ExternalId":"7629","PrecinctId":228},{"Description":"Pct 7631","Id":229,"ExternalId":"7631","PrecinctId":229},{"Description":"Pct 7632","Id":230,"ExternalId":"7632","PrecinctId":230},{"Description":"Pct 7633","Id":231,"ExternalId":"7633","PrecinctId":231},{"Description":"Pct 7634","Id":232,"ExternalId":"7634","PrecinctId":232},{"Description":"Pct 7635","Id":233,"ExternalId":"7635","PrecinctId":233},{"Description":"Pct 7636","Id":234,"ExternalId":"7636","PrecinctId":234},{"Description":"Pct 7637","Id":235,"ExternalId":"7637","PrecinctId":235},{"Description":"Pct 7638","Id":236,"ExternalId":"7638","PrecinctId":236},{"Description":"Pct 7639","Id":237,"ExternalId":"7639","PrecinctId":237},{"Description":"Pct 7641","Id":238,"ExternalId":"7641","PrecinctId":238},{"Description":"Pct 7642","Id":239,"ExternalId":"7642","PrecinctId":239},{"Description":"Pct 7643","Id":240,"ExternalId":"7643","PrecinctId":240},{"Description":"Pct 7644","Id":241,"ExternalId":"7644","PrecinctId":241},{"Description":"Pct 7645","Id":242,"ExternalId":"7645","PrecinctId":242},{"Description":"Pct 7646","Id":243,"ExternalId":"7646","PrecinctId":243},{"Description":"Pct 7647","Id":244,"ExternalId":"7647","PrecinctId":244},{"Description":"Pct 7648 MB","Id":245,"ExternalId":"7648","PrecinctId":245},{"Description":"Pct 7649","Id":246,"ExternalId":"7649","PrecinctId":246},{"Description":"Pct 7651","Id":247,"ExternalId":"7651","PrecinctId":247},{"Description":"Pct 7652","Id":248,"ExternalId":"7652","PrecinctId":248},{"Description":"Pct 7653","Id":249,"ExternalId":"7653","PrecinctId":249},{"Description":"Pct 7654","Id":250,"ExternalId":"7654","PrecinctId":250},{"Description":"Pct 7655","Id":251,"ExternalId":"7655","PrecinctId":251},{"Description":"Pct 7656","Id":252,"ExternalId":"7656","PrecinctId":252},{"Description":"Pct 7657","Id":253,"ExternalId":"7657","PrecinctId":253},{"Description":"Pct 7701","Id":254,"ExternalId":"7701","PrecinctId":254},{"Description":"Pct 7702","Id":255,"ExternalId":"7702","PrecinctId":255},{"Description":"Pct 7703 MB","Id":256,"ExternalId":"7703","PrecinctId":256},{"Description":"Pct 7704","Id":257,"ExternalId":"7704","PrecinctId":257},{"Description":"Pct 7705","Id":258,"ExternalId":"7705","PrecinctId":258},{"Description":"Pct 7706","Id":259,"ExternalId":"7706","PrecinctId":259},{"Description":"Pct 7707","Id":260,"ExternalId":"7707","PrecinctId":260},{"Description":"Pct 7708","Id":261,"ExternalId":"7708","PrecinctId":261},{"Description":"Pct 7709","Id":262,"ExternalId":"7709","PrecinctId":262},{"Description":"Pct 7711","Id":263,"ExternalId":"7711","PrecinctId":263},{"Description":"Pct 7712","Id":264,"ExternalId":"7712","PrecinctId":264},{"Description":"Pct 7801","Id":265,"ExternalId":"7801","PrecinctId":265},{"Description":"Pct 7802","Id":266,"ExternalId":"7802","PrecinctId":266},{"Description":"Pct 7803","Id":267,"ExternalId":"7803","PrecinctId":267},{"Description":"Pct 7804","Id":268,"ExternalId":"7804","PrecinctId":268},{"Description":"Pct 7805","Id":269,"ExternalId":"7805","PrecinctId":269},{"Description":"Pct 7806","Id":270,"ExternalId":"7806","PrecinctId":270},{"Description":"Pct 7807","Id":271,"ExternalId":"7807","PrecinctId":271},{"Description":"Pct 7808","Id":272,"ExternalId":"7808","PrecinctId":272},{"Description":"Pct 7809","Id":273,"ExternalId":"7809","PrecinctId":273},{"Description":"Pct 7811","Id":274,"ExternalId":"7811","PrecinctId":274},{"Description":"Pct 7812","Id":275,"ExternalId":"7812","PrecinctId":275},{"Description":"Pct 7813","Id":276,"ExternalId":"7813","PrecinctId":276},{"Description":"Pct 7814","Id":277,"ExternalId":"7814","PrecinctId":277},{"Description":"Pct 7815","Id":278,"ExternalId":"7815","PrecinctId":278},{"Description":"Pct 7816","Id":279,"ExternalId":"7816","PrecinctId":279},{"Description":"Pct 7817","Id":280,"ExternalId":"7817","PrecinctId":280},{"Description":"Pct 7818","Id":281,"ExternalId":"7818","PrecinctId":281},{"Description":"Pct 7819","Id":282,"ExternalId":"7819","PrecinctId":282},{"Description":"Pct 7821","Id":283,"ExternalId":"7821","PrecinctId":283},{"Description":"Pct 7822","Id":284,"ExternalId":"7822","PrecinctId":284},{"Description":"Pct 7823","Id":285,"ExternalId":"7823","PrecinctId":285},{"Description":"Pct 7824","Id":286,"ExternalId":"7824","PrecinctId":286},{"Description":"Pct 7825","Id":287,"ExternalId":"7825","PrecinctId":287},{"Description":"Pct 7826","Id":288,"ExternalId":"7826","PrecinctId":288},{"Description":"Pct 7827","Id":289,"ExternalId":"7827","PrecinctId":289},{"Description":"Pct 7828","Id":290,"ExternalId":"7828","PrecinctId":290},{"Description":"Pct 7829","Id":291,"ExternalId":"7829","PrecinctId":291},{"Description":"Pct 7831","Id":292,"ExternalId":"7831","PrecinctId":292},{"Description":"Pct 7832","Id":293,"ExternalId":"7832","PrecinctId":293},{"Description":"Pct 7833","Id":294,"ExternalId":"7833","PrecinctId":294},{"Description":"Pct 7834","Id":295,"ExternalId":"7834","PrecinctId":295},{"Description":"Pct 7835","Id":296,"ExternalId":"7835","PrecinctId":296},{"Description":"Pct 7836","Id":297,"ExternalId":"7836","PrecinctId":297},{"Description":"Pct 7837","Id":298,"ExternalId":"7837","PrecinctId":298},{"Description":"Pct 7838","Id":299,"ExternalId":"7838","PrecinctId":299},{"Description":"Pct 7839","Id":300,"ExternalId":"7839","PrecinctId":300},{"Description":"Pct 7841","Id":301,"ExternalId":"7841","PrecinctId":301},{"Description":"Pct 7842","Id":302,"ExternalId":"7842","PrecinctId":302},{"Description":"Pct 7843","Id":303,"ExternalId":"7843","PrecinctId":303},{"Description":"Pct 7844","Id":304,"ExternalId":"7844","PrecinctId":304},{"Description":"Pct 7845","Id":305,"ExternalId":"7845","PrecinctId":305},{"Description":"Pct 7846","Id":306,"ExternalId":"7846","PrecinctId":306},{"Description":"Pct 7847","Id":307,"ExternalId":"7847","PrecinctId":307},{"Description":"Pct 7848","Id":308,"ExternalId":"7848","PrecinctId":308},{"Description":"Pct 7849","Id":309,"ExternalId":"7849","PrecinctId":309},{"Description":"Pct 7851","Id":310,"ExternalId":"7851","PrecinctId":310},{"Description":"Pct 7852","Id":311,"ExternalId":"7852","PrecinctId":311},{"Description":"Pct 7853","Id":312,"ExternalId":"7853","PrecinctId":312},{"Description":"Pct 7854","Id":313,"ExternalId":"7854","PrecinctId":313},{"Description":"Pct 7855","Id":314,"ExternalId":"7855","PrecinctId":314},{"Description":"Pct 7856","Id":315,"ExternalId":"7856","PrecinctId":315},{"Description":"Pct 7857","Id":316,"ExternalId":"7857","PrecinctId":316},{"Description":"Pct 7858","Id":317,"ExternalId":"7858","PrecinctId":317},{"Description":"Pct 7859","Id":318,"ExternalId":"7859","PrecinctId":318},{"Description":"Pct 7861","Id":319,"ExternalId":"7861","PrecinctId":319},{"Description":"Pct 7862","Id":320,"ExternalId":"7862","PrecinctId":320},{"Description":"Pct 7863","Id":321,"ExternalId":"7863","PrecinctId":321},{"Description":"Pct 7864","Id":322,"ExternalId":"7864","PrecinctId":322},{"Description":"Pct 7865","Id":323,"ExternalId":"7865","PrecinctId":323},{"Description":"Pct 7866","Id":324,"ExternalId":"7866","PrecinctId":324},{"Description":"Pct 7867","Id":325,"ExternalId":"7867","PrecinctId":325},{"Description":"Pct 7868","Id":326,"ExternalId":"7868","PrecinctId":326},{"Description":"Pct 7869","Id":327,"ExternalId":"7869","PrecinctId":327},{"Description":"Pct 7871","Id":328,"ExternalId":"7871","PrecinctId":328},{"Description":"Pct 7872","Id":329,"ExternalId":"7872","PrecinctId":329},{"Description":"Pct 7873","Id":330,"ExternalId":"7873","PrecinctId":330},{"Description":"Pct 7874","Id":331,"ExternalId":"7874","PrecinctId":331},{"Description":"Pct 7875","Id":332,"ExternalId":"7875","PrecinctId":332},{"Description":"Pct 7876","Id":333,"ExternalId":"7876","PrecinctId":333},{"Description":"Pct 7901","Id":334,"ExternalId":"7901","PrecinctId":334},{"Description":"Pct 7902","Id":335,"ExternalId":"7902","PrecinctId":335},{"Description":"Pct 7903","Id":336,"ExternalId":"7903","PrecinctId":336},{"Description":"Pct 7904","Id":337,"ExternalId":"7904","PrecinctId":337},{"Description":"Pct 7905","Id":338,"ExternalId":"7905","PrecinctId":338},{"Description":"Pct 7906","Id":339,"ExternalId":"7906","PrecinctId":339},{"Description":"Pct 7907","Id":340,"ExternalId":"7907","PrecinctId":340},{"Description":"Pct 7908","Id":341,"ExternalId":"7908","PrecinctId":341},{"Description":"Pct 7909","Id":342,"ExternalId":"7909","PrecinctId":342},{"Description":"Pct 7911","Id":343,"ExternalId":"7911","PrecinctId":343},{"Description":"Pct 7912","Id":344,"ExternalId":"7912","PrecinctId":344},{"Description":"Pct 7913","Id":345,"ExternalId":"7913","PrecinctId":345},{"Description":"Pct 7914","Id":346,"ExternalId":"7914","PrecinctId":346},{"Description":"Pct 7915","Id":347,"ExternalId":"7915","PrecinctId":347},{"Description":"Pct 7916","Id":348,"ExternalId":"7916","PrecinctId":348},{"Description":"Pct 7917","Id":349,"ExternalId":"7917","PrecinctId":349},{"Description":"Pct 7918","Id":350,"ExternalId":"7918","PrecinctId":350},{"Description":"Pct 7919","Id":351,"ExternalId":"7919","PrecinctId":351},{"Description":"Pct 7921","Id":352,"ExternalId":"7921","PrecinctId":352},{"Description":"Pct 7922","Id":353,"ExternalId":"7922","PrecinctId":353},{"Description":"Pct 7923","Id":354,"ExternalId":"7923","PrecinctId":354},{"Description":"Pct 7924","Id":355,"ExternalId":"7924","PrecinctId":355},{"Description":"Pct 7925","Id":356,"ExternalId":"7925","PrecinctId":356},{"Description":"Pct 7926","Id":357,"ExternalId":"7926","PrecinctId":357},{"Description":"Pct 7927","Id":358,"ExternalId":"7927","PrecinctId":358},{"Description":"Pct 7928","Id":359,"ExternalId":"7928","PrecinctId":359},{"Description":"Pct 7929","Id":360,"ExternalId":"7929","PrecinctId":360},{"Description":"Pct 7931","Id":361,"ExternalId":"7931","PrecinctId":361},{"Description":"Pct 7932","Id":362,"ExternalId":"7932","PrecinctId":362},{"Description":"Pct 7933 MB","Id":363,"ExternalId":"7933","PrecinctId":363},{"Description":"Pct 7934","Id":364,"ExternalId":"7934","PrecinctId":364},{"Description":"Pct 7935","Id":365,"ExternalId":"7935","PrecinctId":365},{"Description":"Pct 7936","Id":366,"ExternalId":"7936","PrecinctId":366},{"Description":"Pct 7937","Id":367,"ExternalId":"7937","PrecinctId":367},{"Description":"Pct 7938","Id":368,"ExternalId":"7938","PrecinctId":368},{"Description":"Pct 7939","Id":369,"ExternalId":"7939","PrecinctId":369},{"Description":"Pct 7941","Id":370,"ExternalId":"7941","PrecinctId":370},{"Description":"Pct 7942","Id":371,"ExternalId":"7942","PrecinctId":371},{"Description":"Pct 7943","Id":372,"ExternalId":"7943","PrecinctId":372},{"Description":"Pct 7944","Id":373,"ExternalId":"7944","PrecinctId":373},{"Description":"Pct 7945","Id":374,"ExternalId":"7945","PrecinctId":374},{"Description":"Pct 7946","Id":375,"ExternalId":"7946","PrecinctId":375},{"Description":"Pct 7947","Id":376,"ExternalId":"7947","PrecinctId":376},{"Description":"Pct 7948","Id":377,"ExternalId":"7948","PrecinctId":377},{"Description":"Pct 7949","Id":378,"ExternalId":"7949","PrecinctId":378},{"Description":"Pct 7951","Id":379,"ExternalId":"7951","PrecinctId":379},{"Description":"Pct 7952","Id":380,"ExternalId":"7952","PrecinctId":380},{"Description":"Pct 7953","Id":381,"ExternalId":"7953","PrecinctId":381},{"Description":"Pct 7954 MB","Id":382,"ExternalId":"7954","PrecinctId":382},{"Description":"Pct 7955","Id":383,"ExternalId":"7955","PrecinctId":383},{"Description":"Pct 7956","Id":384,"ExternalId":"7956","PrecinctId":384},{"Description":"Pct 7957","Id":385,"ExternalId":"7957","PrecinctId":385},{"Description":"Pct 7958 MB","Id":386,"ExternalId":"7958","PrecinctId":386},{"Description":"Pct 7959","Id":387,"ExternalId":"7959","PrecinctId":387},{"Description":"Pct 9001 MB","Id":388,"ExternalId":"9001","PrecinctId":388},{"Description":"Pct 9101","Id":389,"ExternalId":"9101","PrecinctId":389},{"Description":"Pct 9102","Id":390,"ExternalId":"9102","PrecinctId":390},{"Description":"Pct 9103","Id":391,"ExternalId":"9103","PrecinctId":391},{"Description":"Pct 9104","Id":392,"ExternalId":"9104","PrecinctId":392},{"Description":"Pct 9105","Id":393,"ExternalId":"9105","PrecinctId":393},{"Description":"Pct 9106","Id":394,"ExternalId":"9106","PrecinctId":394},{"Description":"Pct 9107","Id":395,"ExternalId":"9107","PrecinctId":395},{"Description":"Pct 9108","Id":396,"ExternalId":"9108","PrecinctId":396},{"Description":"Pct 9109","Id":397,"ExternalId":"9109","PrecinctId":397},{"Description":"Pct 9111","Id":398,"ExternalId":"9111","PrecinctId":398},{"Description":"Pct 9112","Id":399,"ExternalId":"9112","PrecinctId":399},{"Description":"Pct 9113","Id":400,"ExternalId":"9113","PrecinctId":400},{"Description":"Pct 9114","Id":401,"ExternalId":"9114","PrecinctId":401},{"Description":"Pct 9115","Id":402,"ExternalId":"9115","PrecinctId":402},{"Description":"Pct 9116","Id":403,"ExternalId":"9116","PrecinctId":403},{"Description":"Pct 9117","Id":404,"ExternalId":"9117","PrecinctId":404},{"Description":"Pct 9118","Id":405,"ExternalId":"9118","PrecinctId":405},{"Description":"Pct 9119","Id":406,"ExternalId":"9119","PrecinctId":406},{"Description":"Pct 9121","Id":407,"ExternalId":"9121","PrecinctId":407},{"Description":"Pct 9122","Id":408,"ExternalId":"9122","PrecinctId":408},{"Description":"Pct 9123","Id":409,"ExternalId":"9123","PrecinctId":409},{"Description":"Pct 9124","Id":410,"ExternalId":"9124","PrecinctId":410},{"Description":"Pct 9125","Id":411,"ExternalId":"9125","PrecinctId":411},{"Description":"Pct 9126","Id":412,"ExternalId":"9126","PrecinctId":412},{"Description":"Pct 9127","Id":413,"ExternalId":"9127","PrecinctId":413},{"Description":"Pct 9128","Id":414,"ExternalId":"9128","PrecinctId":414},{"Description":"Pct 9129","Id":415,"ExternalId":"9129","PrecinctId":415},{"Description":"Pct 9131","Id":416,"ExternalId":"9131","PrecinctId":416},{"Description":"Pct 9132","Id":417,"ExternalId":"9132","PrecinctId":417},{"Description":"Pct 9133","Id":418,"ExternalId":"9133","PrecinctId":418},{"Description":"Pct 9134","Id":419,"ExternalId":"9134","PrecinctId":419},{"Description":"Pct 9135","Id":420,"ExternalId":"9135","PrecinctId":420},{"Description":"Pct 9136","Id":421,"ExternalId":"9136","PrecinctId":421},{"Description":"Pct 9137","Id":422,"ExternalId":"9137","PrecinctId":422},{"Description":"Pct 9138","Id":423,"ExternalId":"9138","PrecinctId":423},{"Description":"Pct 9139","Id":424,"ExternalId":"9139","PrecinctId":424},{"Description":"Pct 9141","Id":425,"ExternalId":"9141","PrecinctId":425},{"Description":"Pct 9142","Id":426,"ExternalId":"9142","PrecinctId":426},{"Description":"Pct 9143","Id":427,"ExternalId":"9143","PrecinctId":427},{"Description":"Pct 9144","Id":428,"ExternalId":"9144","PrecinctId":428},{"Description":"Pct 9145","Id":429,"ExternalId":"9145","PrecinctId":429},{"Description":"Pct 9146","Id":430,"ExternalId":"9146","PrecinctId":430},{"Description":"Pct 9147","Id":431,"ExternalId":"9147","PrecinctId":431},{"Description":"Pct 9148","Id":432,"ExternalId":"9148","PrecinctId":432},{"Description":"Pct 9149","Id":433,"ExternalId":"9149","PrecinctId":433},{"Description":"Pct 9151","Id":434,"ExternalId":"9151","PrecinctId":434},{"Description":"Pct 9152","Id":435,"ExternalId":"9152","PrecinctId":435},{"Description":"Pct 9201","Id":436,"ExternalId":"9201","PrecinctId":436},{"Description":"Pct 9202","Id":437,"ExternalId":"9202","PrecinctId":437},{"Description":"Pct 9203","Id":438,"ExternalId":"9203","PrecinctId":438},{"Description":"Pct 9204","Id":439,"ExternalId":"9204","PrecinctId":439},{"Description":"Pct 9205","Id":440,"ExternalId":"9205","PrecinctId":440},{"Description":"Pct 9206","Id":441,"ExternalId":"9206","PrecinctId":441},{"Description":"Pct 9207","Id":442,"ExternalId":"9207","PrecinctId":442},{"Description":"Pct 9208","Id":443,"ExternalId":"9208","PrecinctId":443},{"Description":"Pct 9209","Id":444,"ExternalId":"9209","PrecinctId":444},{"Description":"Pct 9211","Id":445,"ExternalId":"9211","PrecinctId":445},{"Description":"Pct 9212","Id":446,"ExternalId":"9212","PrecinctId":446},{"Description":"Pct 9213","Id":447,"ExternalId":"9213","PrecinctId":447},{"Description":"Pct 9214","Id":448,"ExternalId":"9214","PrecinctId":448},{"Description":"Pct 9215","Id":449,"ExternalId":"9215","PrecinctId":449},{"Description":"Pct 9216","Id":450,"ExternalId":"9216","PrecinctId":450},{"Description":"Pct 9217","Id":451,"ExternalId":"9217","PrecinctId":451},{"Description":"Pct 9218","Id":452,"ExternalId":"9218","PrecinctId":452},{"Description":"Pct 9219","Id":453,"ExternalId":"9219","PrecinctId":453},{"Description":"Pct 9221","Id":454,"ExternalId":"9221","PrecinctId":454},{"Description":"Pct 9222","Id":455,"ExternalId":"9222","PrecinctId":455},{"Description":"Pct 9223","Id":456,"ExternalId":"9223","PrecinctId":456},{"Description":"Pct 9224","Id":457,"ExternalId":"9224","PrecinctId":457},{"Description":"Pct 9225","Id":458,"ExternalId":"9225","PrecinctId":458},{"Description":"Pct 9226","Id":459,"ExternalId":"9226","PrecinctId":459},{"Description":"Pct 9227","Id":460,"ExternalId":"9227","PrecinctId":460},{"Description":"Pct 9228","Id":461,"ExternalId":"9228","PrecinctId":461},{"Description":"Pct 9229","Id":462,"ExternalId":"9229","PrecinctId":462},{"Description":"Pct 9231","Id":463,"ExternalId":"9231","PrecinctId":463},{"Description":"Pct 9232","Id":464,"ExternalId":"9232","PrecinctId":464},{"Description":"Pct 9233","Id":465,"ExternalId":"9233","PrecinctId":465},{"Description":"Pct 9234","Id":466,"ExternalId":"9234","PrecinctId":466},{"Description":"Pct 9235","Id":467,"ExternalId":"9235","PrecinctId":467},{"Description":"Pct 9236","Id":468,"ExternalId":"9236","PrecinctId":468},{"Description":"Pct 9237","Id":469,"ExternalId":"9237","PrecinctId":469},{"Description":"Pct 9238","Id":470,"ExternalId":"9238","PrecinctId":470},{"Description":"Pct 9239","Id":471,"ExternalId":"9239","PrecinctId":471},{"Description":"Pct 9241","Id":472,"ExternalId":"9241","PrecinctId":472},{"Description":"Pct 9242","Id":473,"ExternalId":"9242","PrecinctId":473},{"Description":"Pct 9243","Id":474,"ExternalId":"9243","PrecinctId":474},{"Description":"Pct 9244","Id":475,"ExternalId":"9244","PrecinctId":475},{"Description":"Pct 9245","Id":476,"ExternalId":"9245","PrecinctId":476},{"Description":"Pct 9246","Id":477,"ExternalId":"9246","PrecinctId":477},{"Description":"Pct 9247","Id":478,"ExternalId":"9247","PrecinctId":478},{"Description":"Pct 9248","Id":479,"ExternalId":"9248","PrecinctId":479},{"Description":"Pct 9249","Id":480,"ExternalId":"9249","PrecinctId":480},{"Description":"Pct 9251","Id":481,"ExternalId":"9251","PrecinctId":481},{"Description":"Pct 9252","Id":482,"ExternalId":"9252","PrecinctId":482},{"Description":"Pct 9253","Id":483,"ExternalId":"9253","PrecinctId":483},{"Description":"Pct 9254","Id":484,"ExternalId":"9254","PrecinctId":484},{"Description":"Pct 9255","Id":485,"ExternalId":"9255","PrecinctId":485},{"Description":"Pct 9256","Id":486,"ExternalId":"9256","PrecinctId":486},{"Description":"Pct 9257 MB","Id":487,"ExternalId":"9257","PrecinctId":487},{"Description":"Pct 9258","Id":488,"ExternalId":"9258","PrecinctId":488},{"Description":"Pct 9401","Id":489,"ExternalId":"9401","PrecinctId":489},{"Description":"Pct 9402","Id":490,"ExternalId":"9402","PrecinctId":490},{"Description":"Pct 9403","Id":491,"ExternalId":"9403","PrecinctId":491},{"Description":"Pct 9404","Id":492,"ExternalId":"9404","PrecinctId":492},{"Description":"Pct 9405","Id":493,"ExternalId":"9405","PrecinctId":493},{"Description":"Pct 9406","Id":494,"ExternalId":"9406","PrecinctId":494},{"Description":"Pct 9407","Id":495,"ExternalId":"9407","PrecinctId":495},{"Description":"Pct 9408","Id":496,"ExternalId":"9408","PrecinctId":496},{"Description":"Pct 9409","Id":497,"ExternalId":"9409","PrecinctId":497},{"Description":"Pct 9411","Id":498,"ExternalId":"9411","PrecinctId":498},{"Description":"Pct 9412","Id":499,"ExternalId":"9412","PrecinctId":499},{"Description":"Pct 9413","Id":500,"ExternalId":"9413","PrecinctId":500},{"Description":"Pct 9414","Id":501,"ExternalId":"9414","PrecinctId":501},{"Description":"Pct 9415","Id":502,"ExternalId":"9415","PrecinctId":502},{"Description":"Pct 9416","Id":503,"ExternalId":"9416","PrecinctId":503},{"Description":"Pct 9417","Id":504,"ExternalId":"9417","PrecinctId":504},{"Description":"Pct 9418","Id":505,"ExternalId":"9418","PrecinctId":505},{"Description":"Pct 9419","Id":506,"ExternalId":"9419","PrecinctId":506},{"Description":"Pct 9421","Id":507,"ExternalId":"9421","PrecinctId":507},{"Description":"Pct 9422","Id":508,"ExternalId":"9422","PrecinctId":508},{"Description":"Pct 9423","Id":509,"ExternalId":"9423","PrecinctId":509},{"Description":"Pct 9424","Id":510,"ExternalId":"9424","PrecinctId":510},{"Description":"Pct 9425","Id":511,"ExternalId":"9425","PrecinctId":511},{"Description":"Pct 9426","Id":512,"ExternalId":"9426","PrecinctId":512},{"Description":"Pct 9427","Id":513,"ExternalId":"9427","PrecinctId":513},{"Description":"Pct 9428","Id":514,"ExternalId":"9428","PrecinctId":514},{"Description":"Pct 9429","Id":515,"ExternalId":"9429","PrecinctId":515},{"Description":"Pct 9431","Id":516,"ExternalId":"9431","PrecinctId":516},{"Description":"Pct 9432","Id":517,"ExternalId":"9432","PrecinctId":517},{"Description":"Pct 9433","Id":518,"ExternalId":"9433","PrecinctId":518},{"Description":"Pct 9434","Id":519,"ExternalId":"9434","PrecinctId":519},{"Description":"Pct 9435","Id":520,"ExternalId":"9435","PrecinctId":520},{"Description":"Pct 9436","Id":521,"ExternalId":"9436","PrecinctId":521},{"Description":"Pct 9437","Id":522,"ExternalId":"9437","PrecinctId":522},{"Description":"Pct 9438","Id":523,"ExternalId":"9438","PrecinctId":523},{"Description":"Pct 9439","Id":524,"ExternalId":"9439","PrecinctId":524},{"Description":"Pct 9441","Id":525,"ExternalId":"9441","PrecinctId":525},{"Description":"Pct 9442","Id":526,"ExternalId":"9442","PrecinctId":526},{"Description":"Pct 9443","Id":527,"ExternalId":"9443","PrecinctId":527},{"Description":"Pct 9444","Id":528,"ExternalId":"9444","PrecinctId":528},{"Description":"Pct 9445","Id":529,"ExternalId":"9445","PrecinctId":529},{"Description":"Pct 9446","Id":530,"ExternalId":"9446","PrecinctId":530},{"Description":"Pct 9447","Id":531,"ExternalId":"9447","PrecinctId":531},{"Description":"Pct 9448","Id":532,"ExternalId":"9448","PrecinctId":532},{"Description":"Pct 9449","Id":533,"ExternalId":"9449","PrecinctId":533},{"Description":"Pct 9451","Id":534,"ExternalId":"9451","PrecinctId":534},{"Description":"Pct 9452","Id":535,"ExternalId":"9452","PrecinctId":535},{"Description":"Pct 9453","Id":536,"ExternalId":"9453","PrecinctId":536},{"Description":"Pct 9501 MB","Id":537,"ExternalId":"9501","PrecinctId":537},{"Description":"Pct 9502 MB","Id":538,"ExternalId":"9502","PrecinctId":538},{"Description":"Pct 9503/9504","Id":539,"ExternalId":"9503","PrecinctId":539},{"Description":"Pct 9505","Id":540,"ExternalId":"9505","PrecinctId":540},{"Description":"Pct 9506","Id":541,"ExternalId":"9506","PrecinctId":541},{"Description":"Pct 9507","Id":542,"ExternalId":"9507","PrecinctId":542},{"Description":"Pct 9508","Id":543,"ExternalId":"9508","PrecinctId":543},{"Description":"Pct 9509","Id":544,"ExternalId":"9509","PrecinctId":544},{"Description":"Pct 9511","Id":545,"ExternalId":"9511","PrecinctId":545},{"Description":"Pct 9512","Id":546,"ExternalId":"9512","PrecinctId":546},{"Description":"Pct 9513","Id":547,"ExternalId":"9513","PrecinctId":547},{"Description":"Pct 9514/9522","Id":548,"ExternalId":"9514","PrecinctId":548},{"Description":"Pct 9515","Id":549,"ExternalId":"9515","PrecinctId":549},{"Description":"Pct 9516","Id":550,"ExternalId":"9516","PrecinctId":550},{"Description":"Pct 9517","Id":551,"ExternalId":"9517","PrecinctId":551},{"Description":"Pct 9518","Id":552,"ExternalId":"9518","PrecinctId":552},{"Description":"Pct 9519","Id":553,"ExternalId":"9519","PrecinctId":553},{"Description":"Pct 9521","Id":554,"ExternalId":"9521","PrecinctId":554},{"Description":"Pct 9701","Id":555,"ExternalId":"9701","PrecinctId":555},{"Description":"Pct 9702","Id":556,"ExternalId":"9702","PrecinctId":556},{"Description":"Pct 9703","Id":557,"ExternalId":"9703","PrecinctId":557},{"Description":"Pct 9704","Id":558,"ExternalId":"9704","PrecinctId":558},{"Description":"Pct 9705","Id":559,"ExternalId":"9705","PrecinctId":559},{"Description":"Pct 9706 MB","Id":560,"ExternalId":"9706","PrecinctId":560},{"Description":"Pct 9707","Id":561,"ExternalId":"9707","PrecinctId":561},{"Description":"Pct 9708","Id":562,"ExternalId":"9708","PrecinctId":562},{"Description":"Pct 9709","Id":563,"ExternalId":"9709","PrecinctId":563},{"Description":"Pct 9711","Id":564,"ExternalId":"9711","PrecinctId":564},{"Description":"Pct 9712","Id":565,"ExternalId":"9712","PrecinctId":565},{"Description":"Pct 9713","Id":566,"ExternalId":"9713","PrecinctId":566},{"Description":"Pct 9714","Id":567,"ExternalId":"9714","PrecinctId":567},{"Description":"Pct 9715","Id":568,"ExternalId":"9715","PrecinctId":568},{"Description":"Pct 9716","Id":569,"ExternalId":"9716","PrecinctId":569},{"Description":"Pct 9717","Id":570,"ExternalId":"9717","PrecinctId":570},{"Description":"Pct 9718","Id":571,"ExternalId":"9718","PrecinctId":571},{"Description":"Pct 9719","Id":572,"ExternalId":"9719","PrecinctId":572},{"Description":"Pct 9721","Id":573,"ExternalId":"9721","PrecinctId":573},{"Description":"Pct 9722","Id":574,"ExternalId":"9722","PrecinctId":574},{"Description":"Pct 9723","Id":575,"ExternalId":"9723","PrecinctId":575},{"Description":"Pct 9724","Id":576,"ExternalId":"9724","PrecinctId":576},{"Description":"Pct 9725","Id":577,"ExternalId":"9725","PrecinctId":577},{"Description":"Pct 9726","Id":578,"ExternalId":"9726","PrecinctId":578},{"Description":"Pct 9727","Id":579,"ExternalId":"9727","PrecinctId":579},{"Description":"Pct 9728","Id":580,"ExternalId":"9728","PrecinctId":580},{"Description":"Pct 9729","Id":581,"ExternalId":"9729","PrecinctId":581},{"Description":"Pct 9731","Id":582,"ExternalId":"9731","PrecinctId":582},{"Description":"Pct 9732 MB","Id":583,"ExternalId":"9732","PrecinctId":583},{"Description":"Pct 9733 MB","Id":584,"ExternalId":"9733","PrecinctId":584},{"Description":"Pct 9734","Id":585,"ExternalId":"9734","PrecinctId":585},{"Description":"Pct 9735","Id":586,"ExternalId":"9735","PrecinctId":586},{"Description":"Pct 9736","Id":587,"ExternalId":"9736","PrecinctId":587},{"Description":"Pct 9737","Id":588,"ExternalId":"9737","PrecinctId":588},{"Description":"Pct 9738","Id":589,"ExternalId":"9738","PrecinctId":589},{"Description":"Pct 9739","Id":590,"ExternalId":"9739","PrecinctId":590},{"Description":"Pct 9741","Id":591,"ExternalId":"9741","PrecinctId":591},{"Description":"Pct 9742","Id":592,"ExternalId":"9742","PrecinctId":592},{"Description":"Pct 9743","Id":593,"ExternalId":"9743","PrecinctId":593},{"Description":"Pct 9744","Id":594,"ExternalId":"9744","PrecinctId":594},{"Description":"Pct 9745","Id":595,"ExternalId":"9745","PrecinctId":595},{"Description":"Pct 9746","Id":596,"ExternalId":"9746","PrecinctId":596},{"Description":"Pct 9747","Id":597,"ExternalId":"9747","PrecinctId":597},{"Description":"Pct 9748","Id":598,"ExternalId":"9748","PrecinctId":598},{"Description":"Pct 9749","Id":599,"ExternalId":"9749","PrecinctId":599},{"Description":"Pct 9751","Id":600,"ExternalId":"9751","PrecinctId":600},{"Description":"Pct 9752","Id":601,"ExternalId":"9752","PrecinctId":601},{"Description":"Pct 9753","Id":602,"ExternalId":"9753","PrecinctId":602},{"Description":"Pct 9754","Id":603,"ExternalId":"9754","PrecinctId":603},{"Description":"Pct 9755","Id":604,"ExternalId":"9755","PrecinctId":604},{"Description":"Pct 9756","Id":605,"ExternalId":"9756","PrecinctId":605},{"Description":"Pct 9801","Id":606,"ExternalId":"9801","PrecinctId":606},{"Description":"Pct 9900 MB","Id":607,"ExternalId":"9900","PrecinctId":607},{"Description":"Pct 9901 MB","Id":608,"ExternalId":"9901","PrecinctId":608},{"Description":"Pct 9902 MB","Id":609,"ExternalId":"9902","PrecinctId":609}]}