area_id	subtotal_type	RSReg	RSCst	RSRej	RSUnc	RSOvr	RSUnd	RSTot	060:Yes	061:No
ALLPCTS	TO	500516	372461	281	0	168	18694	353318	255876	97442
ALLPCTS	ED	500516	127556	68	0	49	6369	121070	90138	30932
ALLPCTS	MV	500516	244905	213	0	119	12325	232248	165738	66510
PCT1101	ED	553	125	0	0	0	10	115	91	24
PCT1101	MV	553	266	0	0	0	9	257	194	63
PCT1102	ED	995	266	0	0	0	9	257	190	67
PCT1102	MV	995	480	-2	0	0	21	461	323	138
PCT1103	ED	951	246	1	0	0	10	235	177	58
PCT1103	MV	951	445	-1	0	0	14	432	291	141
PCT1104	ED	993	249	-1	0	0	13	237	170	67
PCT1104	MV	993	414	-2	0	0	18	398	311	87
PCT1106	ED	765	191	0	0	0	10	181	126	55
PCT1106	MV	765	343	-1	0	0	17	327	230	97
PCT1107	ED	746	163	0	0	0	7	156	121	35
PCT1107	MV	746	336	5	0	1	27	303	217	86
PCT1108	ED	909	232	-1	0	0	10	223	172	51
PCT1108	MV	909	437	-1	0	0	28	410	296	114
PCT1109	ED	798	166	0	0	1	11	154	113	41
PCT1109	MV	798	365	-2	0	0	21	346	236	110
PCT1111	ED	1002	205	0	0	0	14	191	149	42
PCT1111	MV	1002	460	-3	0	0	30	433	287	146
PCT1112	ED	769	151	2	0	0	10	139	109	30
PCT1112	MV	769	344	-1	0	0	21	324	223	101
PCT1113	ED	746	134	0	0	0	9	125	96	29
PCT1113	MV	746	359	0	0	0	24	335	221	114
PCT1114	ED	957	226	-2	0	0	16	212	161	51
PCT1114	MV	957	403	0	0	1	20	382	300	82
PCT1115	ED	895	173	0	0	0	7	166	133	33
PCT1115	MV	895	371	-3	0	0	19	355	248	107
PCT1116	ED	895	224	1	0	0	13	210	164	46
PCT1116	MV	895	376	-2	0	0	22	356	261	95
PCT1117	ED	858	184	0	0	0	10	174	125	49
PCT1117	MV	858	357	1	0	0	16	340	249	91
PCT1118	ED	1043	213	0	0	0	7	206	159	47
PCT1118	MV	1043	475	-3	0	0	26	452	322	130
PCT1119	ED	791	165	0	0	0	8	157	116	41
PCT1119	MV	791	386	0	0	0	12	374	275	99
PCT1121	ED	691	159	0	0	0	9	150	99	51
PCT1121	MV	691	313	-1	0	0	30	284	193	91
PCT1122	ED	632	109	0	0	0	2	107	71	36
PCT1122	MV	632	310	-1	0	0	17	294	188	106
PCT1123	ED	915	179	0	0	0	7	172	141	31
PCT1123	MV	915	364	-1	0	0	26	339	248	91
PCT1124	ED	819	152	0	0	0	7	145	104	41
PCT1124	MV	819	302	-2	0	0	13	291	208	83
PCT1125	ED	1047	159	1	0	1	6	151	111	40
PCT1125	MV	1047	466	0	0	1	23	442	313	129
PCT1126	ED	922	190	0	0	0	10	180	137	43
PCT1126	MV	922	400	-2	0	0	17	385	272	113
PCT1127	ED	920	200	0	0	0	9	191	141	50
PCT1127	MV	920	382	-2	0	0	17	367	245	122
PCT1128	ED	838	154	0	0	0	10	144	107	37
PCT1128	MV	838	362	0	0	0	20	342	258	84
PCT1129	ED	980	227	1	0	0	15	211	148	63
PCT1129	MV	980	416	2	0	1	23	390	275	115
PCT1131	ED	797	132	0	0	0	5	127	104	23
PCT1131	MV	797	371	0	0	0	20	351	242	109
PCT1132	ED	969	179	2	0	0	8	169	131	38
PCT1132	MV	969	427	-1	0	0	22	406	283	123
PCT1133	ED	863	161	1	0	0	14	146	115	31
PCT1133	MV	863	410	0	0	0	24	386	287	99
PCT1134	ED	759	170	2	0	0	10	158	123	35
PCT1134	MV	759	317	-3	0	1	20	299	187	112
PCT1135	ED	540	87	1	0	0	6	80	59	21
PCT1135	MV	540	295	1	0	0	20	274	185	89
PCT1136	ED	829	144	0	0	0	7	137	105	32
PCT1136	MV	829	412	1	0	0	25	386	287	99
PCT1141	ED	1041	223	3	0	0	12	208	164	44
PCT1141	MV	1041	484	-1	0	0	16	469	352	117
PCT1142	ED	861	175	-1	0	0	7	169	135	34
PCT1142	MV	861	393	-2	0	0	21	374	288	86
PCT1143	ED	1034	228	1	0	0	5	222	176	46
PCT1143	MV	1034	440	1	0	0	19	420	320	100
PCT1144	ED	907	205	2	0	0	8	195	152	43
PCT1144	MV	907	387	0	0	0	22	365	266	99
PCT1145	ED	888	189	1	0	0	12	176	135	41
PCT1145	MV	888	461	-3	0	0	20	444	325	119
PCT1146	ED	1011	186	-1	0	0	6	181	151	30
PCT1146	MV	1011	454	0	0	1	24	429	307	122
PCT1147	ED	877	210	4	0	0	11	195	139	56
PCT1147	MV	877	396	2	0	0	17	377	284	93
PCT1148	ED	962	196	1	0	0	11	184	143	41
PCT1148	MV	962	444	0	0	1	20	423	312	111
PCT1149	ED	907	210	1	0	0	10	199	153	46
PCT1149	MV	907	407	-6	0	0	31	382	267	115
PCT1152	ED	864	198	-1	0	0	11	188	141	47
PCT1152	MV	864	388	0	0	0	12	376	273	103
PCT1153	ED	951	209	0	0	0	14	195	136	59
PCT1153	MV	951	415	-1	0	1	20	395	282	113
PCT7001	ED	776	175	0	0	0	12	163	126	37
PCT7001	MV	776	429	0	0	0	21	408	309	99
PCT7002	ED	706	176	1	0	0	9	166	129	37
PCT7002	MV	706	332	1	0	1	18	312	235	77
PCT7003	ED	884	238	0	0	0	14	224	163	61
PCT7003	MV	884	498	0	0	1	13	484	367	117
PCT7004	ED	881	239	1	0	0	5	233	178	55
PCT7004	MV	881	496	1	0	0	16	479	352	127
PCT7005	ED	847	253	1	0	1	9	242	188	54
PCT7005	MV	847	480	-1	0	0	23	458	348	110
PCT7006	ED	917	254	1	0	0	5	248	208	40
PCT7006	MV	917	442	1	0	0	17	424	335	89
PCT7007	ED	949	282	0	0	0	6	276	218	58
PCT7007	MV	949	516	-1	0	1	24	492	371	121
PCT7008	ED	932	264	-1	0	0	7	258	195	63
PCT7008	MV	932	546	2	0	0	27	517	386	131
PCT7009	ED	905	185	0	0	0	10	175	135	40
PCT7009	MV	905	513	0	0	0	11	502	381	121
PCT7011	ED	985	203	0	0	0	12	191	143	48
PCT7011	MV	985	294	-1	0	0	12	283	226	57
PCT7012	ED	1109	313	0	0	0	13	300	225	75
PCT7012	MV	1109	594	1	0	1	22	570	433	137
PCT7013	ED	956	265	0	0	0	14	251	194	57
PCT7013	MV	956	501	3	0	0	19	479	358	121
PCT7014	ED	1460	366	-2	0	0	6	362	279	83
PCT7014	MV	1460	801	0	0	0	28	773	566	207
PCT7015	MV	95	44	0	0	0	2	42	36	6
PCT7016	ED	918	171	1	0	1	11	158	118	40
PCT7016	MV	918	280	-1	0	1	12	268	182	86
PCT7017	ED	754	149	0	0	1	11	137	105	32
PCT7017	MV	754	252	2	0	1	14	235	200	35
PCT7018	ED	977	154	0	0	0	14	140	102	38
PCT7018	MV	977	448	-2	0	1	35	414	277	137
PCT7019	ED	899	182	4	0	0	13	165	134	31
PCT7019	MV	899	413	1	0	0	29	383	279	104
PCT7021	ED	947	184	0	0	0	8	176	149	27
PCT7021	MV	947	305	-1	0	0	13	293	239	54
PCT7022	ED	945	214	0	0	0	10	204	161	43
PCT7022	MV	945	351	0	0	0	25	326	247	79
PCT7023	ED	928	177	-1	0	1	12	165	128	37
PCT7023	MV	928	400	1	0	0	22	377	280	97
PCT7024	ED	414	70	0	0	1	3	66	50	16
PCT7024	MV	414	78	0	0	0	3	75	59	16
PCT7025	ED	477	85	0	0	0	9	76	62	14
PCT7025	MV	477	128	-1	0	0	3	126	92	34
PCT7026	ED	1011	149	0	0	0	9	140	94	46
PCT7026	MV	1011	455	0	0	0	34	421	287	134
PCT7027	ED	869	195	0	0	0	21	174	134	40
PCT7027	MV	869	353	-1	0	0	29	325	223	102
PCT7028	ED	850	212	-1	0	0	9	204	163	41
PCT7028	MV	850	282	0	0	0	14	268	216	52
PCT7029	ED	901	183	0	0	0	15	168	127	41
PCT7029	MV	901	251	0	0	0	6	245	193	52
PCT7030	ED	759	118	0	0	0	2	116	80	36
PCT7030	MV	759	357	0	0	0	17	340	229	111
PCT7031	ED	641	91	0	0	0	7	84	68	16
PCT7031	MV	641	308	-1	0	1	20	288	222	66
PCT7032	ED	904	173	1	0	1	14	157	117	40
PCT7032	MV	904	316	2	0	0	19	295	206	89
PCT7033	ED	798	191	1	0	0	10	180	127	53
PCT7033	MV	798	247	-2	0	0	12	237	192	45
PCT7034	ED	958	197	0	0	0	13	184	124	60
PCT7034	MV	958	201	0	0	0	7	194	148	46
PCT7035	ED	606	122	1	0	0	6	115	81	34
PCT7035	MV	606	262	-1	0	0	12	251	180	71
PCT7036	ED	921	117	0	0	0	7	110	81	29
PCT7036	MV	921	342	2	0	0	20	320	210	110
PCT7037	ED	735	134	-5	0	0	9	130	93	37
PCT7037	MV	735	98	-1	0	0	7	92	74	18
PCT7038	ED	911	135	0	0	0	9	126	99	27
PCT7038	MV	911	351	0	0	0	22	329	215	114
PCT7039	ED	784	178	1	0	0	7	170	126	44
PCT7039	MV	784	306	3	0	1	17	285	185	100
PCT7041	MV	61	33	0	0	0	1	32	18	14
PCT7042	ED	639	118	0	0	0	2	116	91	25
PCT7042	MV	639	258	0	0	0	14	244	161	83
PCT7043	ED	957	175	0	0	0	7	168	121	47
PCT7043	MV	957	404	-1	0	0	26	379	278	101
PCT7044	ED	827	167	1	0	1	10	155	116	39
PCT7044	MV	827	193	0	0	0	20	173	127	46
PCT7045	ED	779	120	0	0	0	15	105	76	29
PCT7045	MV	779	344	2	0	0	25	317	193	124
PCT7046	ED	402	94	0	0	0	3	91	69	22
PCT7046	MV	402	175	1	0	0	16	158	100	58
PCT7047	ED	823	119	0	0	0	7	112	82	30
PCT7047	MV	823	388	1	0	0	31	356	244	112
PCT7048	ED	858	150	3	0	0	10	137	104	33
PCT7048	MV	858	318	4	0	1	19	294	217	77
PCT7049	ED	792	172	-1	0	0	15	158	113	45
PCT7049	MV	792	305	2	0	0	17	286	172	114
PCT7051	ED	861	114	0	0	0	10	104	82	22
PCT7051	MV	861	380	1	0	1	28	350	241	109
PCT7052	ED	852	161	1	0	0	8	152	117	35
PCT7052	MV	852	402	-1	0	0	28	375	259	116
PCT7053	ED	548	102	0	0	0	8	94	76	18
PCT7053	MV	548	278	0	0	0	12	266	176	90
PCT7054	ED	1073	214	1	0	0	12	201	158	43
PCT7054	MV	1073	410	5	0	0	14	391	291	100
PCT7055	ED	808	188	-3	0	0	7	184	138	46
PCT7055	MV	808	440	-1	0	0	21	420	282	138
PCT7101	MV	155	120	-1	0	0	4	117	95	22
PCT7201	ED	936	245	1	0	0	10	234	158	76
PCT7201	MV	936	518	1	0	0	27	490	333	157
PCT7202	ED	850	225	-1	0	0	9	217	147	70
PCT7202	MV	850	431	2	0	0	14	415	251	164
PCT7203	ED	921	289	3	0	0	8	278	198	80
PCT7203	MV	921	423	0	0	0	16	407	270	137
PCT7204	ED	918	233	0	0	0	8	225	158	67
PCT7204	MV	918	531	-1	0	0	27	505	332	173
PCT7205	ED	875	249	2	0	0	21	226	148	78
PCT7205	MV	875	485	0	0	0	19	466	284	182
PCT7206	ED	378	134	1	0	0	4	129	96	33
PCT7206	MV	378	191	0	0	0	7	184	125	59
PCT7207	ED	812	194	-2	0	0	12	184	145	39
PCT7207	MV	812	433	4	0	0	20	409	291	118
PCT7208	ED	600	111	-1	0	0	7	105	79	26
PCT7208	MV	600	328	-4	0	0	25	307	223	84
PCT7209	ED	626	107	-4	0	0	8	103	66	37
PCT7209	MV	626	423	-1	0	0	26	398	217	181
PCT7301	ED	1016	228	-1	0	0	21	208	152	56
PCT7301	MV	1016	435	2	0	0	39	394	286	108
PCT7302	ED	814	188	0	0	0	10	178	124	54
PCT7302	MV	814	458	0	0	1	30	427	295	132
PCT7303	ED	1042	280	0	0	0	14	266	182	84
PCT7303	MV	1042	482	-1	0	0	34	449	316	133
PCT7304	ED	1002	278	0	0	0	12	266	203	63
PCT7304	MV	1002	493	-2	0	0	23	472	303	169
PCT7305	ED	871	239	0	0	1	15	223	152	71
PCT7305	MV	871	459	2	0	0	22	435	283	152
PCT7306	ED	1056	317	3	0	0	22	292	201	91
PCT7306	MV	1056	496	-2	0	0	42	456	318	138
PCT7307	ED	767	209	-1	0	0	6	204	156	48
PCT7307	MV	767	345	1	0	0	19	325	228	97
PCT7308	ED	603	177	0	0	0	9	168	120	48
PCT7308	MV	603	313	2	0	0	19	292	194	98
PCT7309	ED	884	260	2	0	0	22	236	158	78
PCT7309	MV	884	439	4	0	0	27	408	292	116
PCT7311	ED	917	266	2	0	1	8	255	182	73
PCT7311	MV	917	448	-6	0	0	30	424	295	129
PCT7312	ED	821	203	0	0	0	10	193	129	64
PCT7312	MV	821	470	1	0	0	22	447	263	184
PCT7313	ED	968	224	3	0	0	16	205	147	58
PCT7313	MV	968	485	3	0	0	35	447	297	150
PCT7314	ED	787	125	0	0	0	19	106	76	30
PCT7314	MV	787	271	-1	0	0	51	221	161	60
PCT7315	ED	760	220	-5	0	0	13	212	149	63
PCT7315	MV	760	282	1	0	0	20	261	188	73
PCT7316	ED	853	205	0	0	0	17	188	142	46
PCT7316	MV	853	367	1	0	0	34	332	236	96
PCT7317	ED	904	189	0	0	0	17	172	131	41
PCT7317	MV	904	454	-2	0	0	22	434	297	137
PCT7318	ED	727	179	1	0	0	10	168	111	57
PCT7318	MV	727	389	-3	0	0	36	356	255	101
PCT7319	ED	1079	298	0	0	0	15	283	203	80
PCT7319	MV	1079	516	1	0	0	28	487	340	147
PCT7321	ED	671	149	-2	0	0	8	143	90	53
PCT7321	MV	671	286	1	0	0	21	264	167	97
PCT7322	ED	874	64	-1	0	1	8	56	38	18
PCT7322	MV	874	337	-3	0	1	64	275	165	110
PCT7323	ED	950	234	0	0	0	19	215	156	59
PCT7323	MV	950	455	0	0	0	24	431	306	125
PCT7324	ED	755	189	-1	0	0	15	175	118	57
PCT7324	MV	755	364	1	0	0	28	335	247	88
PCT7325	ED	904	240	0	0	0	15	225	166	59
PCT7325	MV	904	436	1	0	1	38	396	259	137
PCT7326	ED	876	199	0	0	0	11	188	137	51
PCT7326	MV	876	429	1	0	0	22	406	286	120
PCT7327	ED	699	71	0	0	0	5	66	48	18
PCT7327	MV	699	276	-2	0	1	46	231	140	91
PCT7328	ED	973	94	-2	0	0	17	79	59	20
PCT7328	MV	973	394	3	0	0	87	304	216	88
PCT7329	ED	640	112	-17	0	0	9	120	87	33
PCT7329	MV	640	321	2	0	0	27	292	161	131
PCT7331	ED	852	213	1	0	0	13	199	128	71
PCT7331	MV	852	461	-1	0	0	25	437	279	158
PCT7332	ED	834	223	0	0	0	9	214	168	46
PCT7332	MV	834	364	-1	0	0	18	347	262	85
PCT7333	ED	1044	295	0	0	0	22	273	206	67
PCT7333	MV	1044	543	5	0	0	26	512	349	163
PCT7334	ED	881	199	1	0	1	11	186	144	42
PCT7334	MV	881	462	4	0	0	26	432	302	130
PCT7335	ED	970	225	1	0	0	13	211	160	51
PCT7335	MV	970	523	-2	0	0	23	502	350	152
PCT7336	ED	955	236	-1	0	0	11	226	160	66
PCT7336	MV	955	523	2	0	0	30	491	335	156
PCT7337	ED	851	178	-1	0	0	11	168	107	61
PCT7337	MV	851	464	-3	0	0	33	434	267	167
PCT7338	ED	915	153	0	0	0	8	145	101	44
PCT7338	MV	915	426	-3	0	0	57	372	245	127
PCT7339	ED	669	174	1	0	0	7	166	121	45
PCT7339	MV	669	309	-1	0	0	17	293	216	77
PCT7341	ED	908	260	0	0	0	14	246	186	60
PCT7341	MV	908	401	3	0	0	18	380	300	80
PCT7342	ED	947	333	0	0	0	16	317	232	85
PCT7342	MV	947	414	1	0	0	17	396	284	112
PCT7343	ED	731	234	0	0	0	8	226	179	47
PCT7343	MV	731	316	1	0	0	16	299	234	65
PCT7344	ED	1110	287	0	0	0	18	269	216	53
PCT7344	MV	1110	538	-3	0	0	17	524	385	139
PCT7345	ED	1141	327	0	0	0	10	317	245	72
PCT7345	MV	1141	521	2	0	0	16	503	383	120
PCT7346	ED	920	248	-3	0	0	14	237	182	55
PCT7346	MV	920	384	0	0	0	14	370	292	78
PCT7347	ED	1040	240	-2	0	0	12	230	191	39
PCT7347	MV	1040	480	4	0	0	13	463	380	83
PCT7348	ED	861	210	0	0	0	11	199	151	48
PCT7348	MV	861	353	-1	0	0	16	338	252	86
PCT7349	ED	957	247	-3	0	0	13	237	175	62
PCT7349	MV	957	427	3	0	0	25	399	285	114
PCT7501	ED	565	172	-1	0	0	5	168	122	46
PCT7501	MV	565	308	2	0	0	16	290	194	96
PCT7502	ED	784	180	1	0	0	4	175	130	45
PCT7502	MV	784	447	0	0	0	21	426	288	138
PCT7503	ED	764	207	0	0	0	12	195	149	46
PCT7503	MV	764	388	3	0	0	12	373	290	83
PCT7504	ED	503	112	1	0	0	6	105	68	37
PCT7504	MV	503	222	2	0	0	11	209	152	57
PCT7505	ED	869	158	1	0	0	13	144	91	53
PCT7505	MV	869	532	4	0	0	31	497	306	191
PCT7506	ED	999	224	-3	0	1	11	215	176	39
PCT7506	MV	999	473	1	0	0	26	446	351	95
PCT7507	ED	955	210	1	0	0	10	199	157	42
PCT7507	MV	955	344	-2	0	0	8	338	273	65
PCT7508	ED	727	154	-1	0	0	13	142	107	35
PCT7508	MV	727	427	4	0	0	23	400	296	104
PCT7509	ED	932	235	3	0	0	5	227	174	53
PCT7509	MV	932	470	1	0	0	29	440	340	100
PCT7512	ED	612	149	1	0	0	13	135	97	38
PCT7512	MV	612	283	0	0	1	12	270	193	77
PCT7513	ED	818	225	0	0	0	17	208	167	41
PCT7513	MV	818	315	0	0	0	15	300	229	71
PCT7514	ED	874	140	0	0	0	14	126	104	22
PCT7514	MV	874	305	3	0	0	28	274	219	55
PCT7515	ED	869	211	2	0	0	13	196	155	41
PCT7515	MV	869	389	-1	0	0	16	374	275	99
PCT7516	ED	922	172	2	0	1	8	161	120	41
PCT7516	MV	922	538	0	0	0	34	504	383	121
PCT7517	ED	863	289	1	0	0	18	270	237	33
PCT7517	MV	863	410	0	0	0	19	391	301	90
PCT7518	ED	950	309	2	0	0	12	295	242	53
PCT7518	MV	950	480	1	0	0	18	461	364	97
PCT7519	ED	737	224	0	0	0	6	218	174	44
PCT7519	MV	737	355	-1	0	0	12	344	272	72
PCT7521	ED	812	291	6	0	0	18	267	217	50
PCT7521	MV	812	354	-1	0	0	15	340	269	71
PCT7522	ED	764	207	0	0	1	8	198	165	33
PCT7522	MV	764	397	1	0	1	15	380	302	78
PCT7523	ED	747	275	0	0	0	10	265	226	39
PCT7523	MV	747	359	1	0	0	13	345	267	78
PCT7524	ED	615	181	1	0	0	9	171	131	40
PCT7524	MV	615	262	1	0	0	8	253	198	55
PCT7525	ED	800	205	2	0	0	11	192	153	39
PCT7525	MV	800	341	0	0	1	18	322	241	81
PCT7526	ED	1011	291	-1	0	0	9	283	227	56
PCT7526	MV	1011	552	1	0	0	21	530	397	133
PCT7527	ED	725	208	0	0	0	14	194	145	49
PCT7527	MV	725	339	0	0	0	18	321	250	71
PCT7529	ED	948	294	2	0	0	12	280	223	57
PCT7529	MV	948	486	-1	0	0	22	465	361	104
PCT7531	ED	865	225	0	0	0	7	218	181	37
PCT7531	MV	865	442	0	0	0	15	427	335	92
PCT7532	ED	852	246	1	0	0	15	230	185	45
PCT7532	MV	852	398	1	0	0	15	382	291	91
PCT7533	ED	1015	354	1	0	1	9	343	280	63
PCT7533	MV	1015	490	0	0	0	20	470	357	113
PCT7534	ED	936	322	-1	0	0	12	311	246	65
PCT7534	MV	936	415	0	0	0	14	401	308	93
PCT7535	ED	767	261	3	0	0	15	243	204	39
PCT7535	MV	767	387	0	0	0	23	364	295	69
PCT7536	ED	863	291	1	0	1	14	275	228	47
PCT7536	MV	863	421	-1	0	0	13	409	326	83
PCT7537	ED	752	240	-1	0	0	10	231	194	37
PCT7537	MV	752	363	1	0	1	12	349	260	89
PCT7538	ED	771	246	2	0	0	13	231	181	50
PCT7538	MV	771	400	0	0	0	17	383	288	95
PCT7539	ED	922	330	-1	0	0	13	318	262	56
PCT7539	MV	922	428	0	0	0	15	413	327	86
PCT7541	ED	805	245	-2	0	0	12	235	188	47
PCT7541	MV	805	400	0	0	0	12	388	307	81
PCT7542	ED	821	270	-1	0	0	13	258	216	42
PCT7542	MV	821	389	0	0	0	16	373	305	68
PCT7543	ED	909	215	-2	0	0	11	206	165	41
PCT7543	MV	909	467	2	0	0	16	449	347	102
PCT7544	ED	898	256	-2	0	0	15	243	189	54
PCT7544	MV	898	479	3	0	1	14	461	368	93
PCT7545	ED	918	273	-2	0	0	14	261	208	53
PCT7545	MV	918	480	-2	0	0	16	466	347	119
PCT7546	ED	982	304	0	0	0	13	291	242	49
PCT7546	MV	982	517	-1	0	0	19	499	403	96
PCT7547	ED	1029	314	1	0	0	13	300	237	63
PCT7547	MV	1029	505	2	0	1	16	486	389	97
PCT7548	ED	1073	317	0	0	0	11	306	252	54
PCT7548	MV	1073	512	1	0	0	13	498	377	121
PCT7549	ED	811	215	1	0	0	9	205	159	46
PCT7549	MV	811	431	-4	0	0	18	417	321	96
PCT7551	ED	741	239	0	0	0	8	231	181	50
PCT7551	MV	741	394	0	0	0	16	378	297	81
PCT7552	ED	727	241	2	0	0	5	234	180	54
PCT7552	MV	727	360	-1	0	0	17	344	258	86
PCT7553	MV	180	126	2	0	0	5	119	73	46
PCT7554	ED	808	247	1	0	0	6	240	175	65
PCT7554	MV	808	442	3	0	1	15	423	290	133
PCT7555	ED	886	289	-1	0	0	12	278	201	77
PCT7555	MV	886	459	-1	0	2	20	438	313	125
PCT7556	ED	969	275	0	0	0	9	266	177	89
PCT7556	MV	969	573	0	0	1	16	556	410	146
PCT7601	ED	767	190	1	0	0	12	177	144	33
PCT7601	MV	767	290	1	0	0	16	273	212	61
PCT7602	ED	901	210	0	0	0	14	196	158	38
PCT7602	MV	901	379	1	0	0	18	360	287	73
PCT7603	ED	830	249	-1	0	0	11	239	201	38
PCT7603	MV	830	376	-2	0	1	12	365	300	65
PCT7604	ED	954	265	1	0	2	16	246	198	48
PCT7604	MV	954	352	2	0	0	14	336	266	70
PCT7605	ED	648	120	0	0	0	10	110	95	15
PCT7605	MV	648	203	-1	0	1	12	191	160	31
PCT7606	ED	924	204	2	0	0	21	181	147	34
PCT7606	MV	924	330	0	0	1	9	320	252	68
PCT7607	ED	960	215	1	0	1	13	200	169	31
PCT7607	MV	960	407	2	0	0	21	384	296	88
PCT7608	ED	392	70	1	0	0	11	58	38	20
PCT7608	MV	392	136	0	0	0	19	117	85	32
PCT7609	ED	926	120	-1	0	0	11	110	90	20
PCT7609	MV	926	352	4	0	0	46	302	237	65
PCT7611	ED	755	126	1	0	0	10	115	90	25
PCT7611	MV	755	269	1	0	0	42	226	186	40
PCT7612	ED	583	97	2	0	0	9	86	64	22
PCT7612	MV	583	265	0	0	0	24	241	172	69
PCT7613	ED	908	202	3	0	0	17	182	154	28
PCT7613	MV	908	340	0	0	0	21	319	246	73
PCT7614	ED	1029	223	4	0	0	11	208	172	36
PCT7614	MV	1029	375	1	0	0	18	356	285	71
PCT7615	ED	762	162	2	0	0	19	141	109	32
PCT7615	MV	762	237	0	0	0	24	213	176	37
PCT7616	ED	1203	322	5	0	0	20	297	219	78
PCT7616	MV	1203	686	0	0	0	25	661	470	191
PCT7617	ED	768	102	1	0	0	13	88	69	19
PCT7617	MV	768	261	-1	0	0	29	233	183	50
PCT7618	ED	862	168	-2	0	0	9	161	127	34
PCT7618	MV	862	407	3	0	1	20	383	289	94
PCT7619	ED	1063	219	-1	0	0	6	214	159	55
PCT7619	MV	1063	563	-2	0	0	27	538	398	140
PCT7621	ED	1320	287	-1	0	0	11	277	206	71
PCT7621	MV	1320	668	2	0	0	28	638	471	167
PCT7622	ED	988	170	-1	0	0	14	157	117	40
PCT7622	MV	988	301	2	0	0	17	282	205	77
PCT7623	ED	746	182	1	0	0	8	173	142	31
PCT7623	MV	746	297	1	0	0	18	278	214	64
PCT7624	ED	859	142	-4	0	1	4	141	112	29
PCT7624	MV	859	290	1	0	0	15	274	230	44
PCT7625	ED	822	66	1	0	0	7	58	39	19
PCT7625	MV	822	475	0	0	1	85	389	291	98
PCT7626	ED	1114	224	0	0	1	7	216	153	63
PCT7626	MV	1114	612	-1	0	0	28	585	390	195
PCT7627	ED	1187	266	-1	0	0	19	248	181	67
PCT7627	MV	1187	582	2	0	1	30	549	337	212
PCT7628	ED	960	239	1	0	0	7	231	189	42
PCT7628	MV	960	428	0	0	0	23	405	323	82
PCT7629	ED	809	208	3	0	0	13	192	166	26
PCT7629	MV	809	343	0	0	0	11	332	252	80
PCT7631	ED	1155	266	2	0	0	13	251	179	72
PCT7631	MV	1155	576	0	0	0	26	550	408	142
PCT7632	ED	1124	288	3	0	0	13	272	207	65
PCT7632	MV	1124	561	0	0	0	13	548	409	139
PCT7633	ED	741	137	0	0	0	8	129	90	39
PCT7633	MV	741	392	3	0	0	33	356	241	115
PCT7634	ED	900	194	-1	0	0	18	177	135	42
PCT7634	MV	900	421	0	0	0	38	383	278	105
PCT7635	ED	840	157	0	0	0	5	152	111	41
PCT7635	MV	840	382	2	0	0	11	369	278	91
PCT7636	ED	938	246	1	0	0	17	228	161	67
PCT7636	MV	938	465	1	0	0	15	449	311	138
PCT7637	ED	809	193	-2	0	0	10	185	125	60
PCT7637	MV	809	404	-1	0	0	16	389	247	142
PCT7638	ED	1467	294	0	0	0	25	269	181	88
PCT7638	MV	1467	871	5	0	0	33	833	501	332
PCT7639	ED	1011	241	-2	0	0	15	228	157	71
PCT7639	MV	1011	559	0	0	0	32	527	341	186
PCT7641	ED	972	204	0	0	0	8	196	122	74
PCT7641	MV	972	549	0	0	0	27	522	352	170
PCT7642	ED	937	152	0	0	0	8	144	100	44
PCT7642	MV	937	394	-1	0	0	50	345	243	102
PCT7643	ED	920	168	0	0	0	13	155	108	47
PCT7643	MV	920	507	1	0	0	31	475	318	157
PCT7644	ED	1175	329	2	0	0	14	313	231	82
PCT7644	MV	1175	554	2	0	0	32	520	374	146
PCT7645	ED	640	120	-1	0	0	7	114	93	21
PCT7645	MV	640	377	0	0	0	21	356	241	115
PCT7646	ED	1100	262	-1	0	0	12	251	180	71
PCT7646	MV	1100	591	4	0	0	26	561	418	143
PCT7647	ED	1075	205	0	0	0	10	195	154	41
PCT7647	MV	1075	283	0	0	0	9	274	217	57
PCT7648	MV	1	0	0	0	0	0	0	0	0
PCT7649	ED	891	175	3	0	0	8	164	137	27
PCT7649	MV	891	395	2	0	0	17	376	278	98
PCT7651	ED	677	165	-5	0	0	11	159	110	49
PCT7651	MV	677	351	5	0	0	14	332	235	97
PCT7652	ED	628	135	0	0	0	6	129	98	31
PCT7652	MV	628	301	4	0	0	16	281	188	93
PCT7653	ED	1280	299	0	0	0	16	283	210	73
PCT7653	MV	1280	673	0	0	1	41	631	441	190
PCT7701	ED	1064	295	-1	0	0	7	289	209	80
PCT7701	MV	1064	597	1	0	0	32	564	393	171
PCT7702	ED	748	179	-2	0	0	8	173	118	55
PCT7702	MV	748	415	0	0	0	20	395	253	142
PCT7703	MV	171	79	4	0	0	9	66	49	17
PCT7704	ED	1008	257	1	0	0	15	241	169	72
PCT7704	MV	1008	557	1	0	1	27	528	351	177
PCT7705	ED	568	149	-2	0	0	8	143	80	63
PCT7705	MV	568	335	0	0	0	13	322	218	104
PCT7706	ED	840	252	1	0	0	6	245	160	85
PCT7706	MV	840	467	-1	0	0	19	449	311	138
PCT7707	ED	857	240	1	0	1	6	232	150	82
PCT7707	MV	857	495	-1	0	1	34	461	306	155
PCT7708	ED	871	205	-1	0	0	14	192	132	60
PCT7708	MV	871	540	2	0	0	30	508	346	162
PCT7709	ED	391	102	0	0	0	4	98	74	24
PCT7709	MV	391	222	0	0	0	7	215	148	67
PCT7711	ED	766	197	1	0	0	5	191	141	50
PCT7711	MV	766	422	-2	0	0	17	407	275	132
PCT7712	ED	529	148	-1	0	0	5	144	103	41
PCT7712	MV	529	296	-1	0	0	7	290	215	75
PCT7801	ED	1001	263	0	0	0	11	252	182	70
PCT7801	MV	1001	596	1	0	0	34	561	386	175
PCT7802	ED	788	229	0	0	0	10	219	176	43
PCT7802	MV	788	458	-1	0	0	25	434	319	115
PCT7803	ED	828	173	0	0	0	7	166	122	44
PCT7803	MV	828	552	1	0	1	15	535	372	163
PCT7804	ED	893	257	0	0	0	11	246	191	55
PCT7804	MV	893	533	0	0	0	28	505	362	143
PCT7805	ED	825	226	1	0	0	9	216	171	45
PCT7805	MV	825	484	1	0	0	12	471	337	134
PCT7806	ED	716	207	3	0	0	8	196	147	49
PCT7806	MV	716	406	0	0	1	9	396	284	112
PCT7807	ED	844	276	0	0	0	8	268	199	69
PCT7807	MV	844	417	2	0	0	16	399	286	113
PCT7808	ED	655	211	-1	0	0	9	203	167	36
PCT7808	MV	655	333	0	0	0	9	324	258	66
PCT7809	ED	781	237	1	0	0	6	230	186	44
PCT7809	MV	781	405	3	0	0	15	387	306	81
PCT7811	ED	783	249	0	0	0	3	246	195	51
PCT7811	MV	783	404	-1	0	0	16	389	290	99
PCT7812	ED	877	256	0	0	0	16	240	190	50
PCT7812	MV	877	454	-1	0	0	16	439	319	120
PCT7813	ED	1064	308	1	0	0	9	298	236	62
PCT7813	MV	1064	585	4	0	0	35	546	433	113
PCT7814	ED	936	227	2	0	0	9	216	170	46
PCT7814	MV	936	340	-1	0	1	12	328	270	58
PCT7815	ED	954	238	-2	0	0	7	233	180	53
PCT7815	MV	954	573	1	0	0	29	543	398	145
PCT7816	ED	865	235	0	0	0	8	227	173	54
PCT7816	MV	865	531	3	0	1	11	516	391	125
PCT7817	ED	823	276	1	0	1	7	267	222	45
PCT7817	MV	823	439	1	0	1	7	430	330	100
PCT7818	ED	860	232	-1	0	0	8	225	177	48
PCT7818	MV	860	452	-1	0	0	10	443	322	121
PCT7819	ED	793	191	0	0	0	8	183	138	45
PCT7819	MV	793	420	2	0	0	17	401	315	86
PCT7821	ED	985	247	1	0	0	9	237	193	44
PCT7821	MV	985	629	5	0	0	14	610	452	158
PCT7822	ED	908	275	0	0	0	8	267	198	69
PCT7822	MV	908	479	0	0	0	17	462	355	107
PCT7823	ED	879	269	7	0	0	7	255	213	42
PCT7823	MV	879	501	1	0	1	20	479	379	100
PCT7824	ED	768	246	0	0	0	8	238	190	48
PCT7824	MV	768	383	0	0	0	26	357	263	94
PCT7825	ED	597	191	-2	0	0	11	182	147	35
PCT7825	MV	597	302	-1	0	0	16	287	225	62
PCT7826	ED	684	258	1	0	0	8	249	209	40
PCT7826	MV	684	319	-1	0	0	9	311	245	66
PCT7827	ED	831	261	0	0	0	7	254	209	45
PCT7827	MV	831	361	0	0	0	10	351	285	66
PCT7828	ED	1018	260	1	0	0	12	247	182	65
PCT7828	MV	1018	549	-1	0	1	19	530	401	129
PCT7829	ED	907	237	1	0	0	7	229	156	73
PCT7829	MV	907	557	-1	0	1	19	538	387	151
PCT7831	ED	882	233	1	0	0	7	225	171	54
PCT7831	MV	882	544	14	0	0	13	517	379	138
PCT7832	ED	780	187	-1	0	0	3	185	144	41
PCT7832	MV	780	487	0	0	0	17	470	372	98
PCT7833	ED	747	230	0	0	0	7	223	185	38
PCT7833	MV	747	412	-1	0	0	22	391	310	81
PCT7834	ED	867	276	1	0	0	12	263	205	58
PCT7834	MV	867	438	2	0	0	17	419	347	72
PCT7835	ED	847	209	0	0	0	12	197	148	49
PCT7835	MV	847	505	5	0	0	8	492	376	116
PCT7836	ED	1023	259	1	0	0	10	248	203	45
PCT7836	MV	1023	623	-1	0	0	13	611	466	145
PCT7837	ED	911	259	1	0	0	9	249	191	58
PCT7837	MV	911	509	1	0	1	29	478	332	146
PCT7838	ED	926	239	2	0	0	8	229	172	57
PCT7838	MV	926	545	5	0	1	26	513	376	137
PCT7839	ED	842	205	1	0	0	6	198	152	46
PCT7839	MV	842	515	-6	0	0	21	500	360	140
PCT7841	ED	937	290	2	0	0	16	272	203	69
PCT7841	MV	937	526	5	0	0	15	506	381	125
PCT7842	ED	903	283	0	0	0	10	273	211	62
PCT7842	MV	903	434	-3	0	1	11	425	308	117
PCT7843	ED	767	231	-1	0	0	8	224	172	52
PCT7843	MV	767	380	-1	0	0	14	367	296	71
PCT7844	ED	663	196	0	0	1	12	183	147	36
PCT7844	MV	663	329	0	0	1	9	319	250	69
PCT7845	ED	849	241	-2	0	0	9	234	168	66
PCT7845	MV	849	469	-2	0	1	26	444	329	115
PCT7846	ED	904	259	1	0	0	13	245	186	59
PCT7846	MV	904	509	0	0	0	24	485	344	141
PCT7847	ED	929	261	1	0	0	10	250	196	54
PCT7847	MV	929	529	-1	0	0	31	499	364	135
PCT7848	ED	834	232	0	0	0	11	221	160	61
PCT7848	MV	834	491	-2	0	0	22	471	334	137
PCT7849	ED	929	263	0	0	0	10	253	203	50
PCT7849	MV	929	522	2	0	1	19	500	383	117
PCT7851	ED	513	136	0	0	0	8	128	89	39
PCT7851	MV	513	298	2	0	0	18	278	188	90
PCT7852	ED	647	143	0	0	0	4	139	95	44
PCT7852	MV	647	394	0	0	0	8	386	275	111
PCT7853	ED	850	214	1	0	0	8	205	150	55
PCT7853	MV	850	479	8	0	0	15	456	323	133
PCT7854	ED	894	247	0	0	0	10	237	179	58
PCT7854	MV	894	500	1	0	0	23	476	353	123
PCT7855	ED	986	299	0	0	0	13	286	213	73
PCT7855	MV	986	521	-1	0	1	20	501	370	131
PCT7856	ED	800	265	0	0	0	7	258	195	63
PCT7856	MV	800	425	2	0	0	23	400	278	122
PCT7857	ED	933	275	3	0	0	15	257	203	54
PCT7857	MV	933	517	-2	0	0	23	496	371	125
PCT7858	ED	775	244	1	0	0	13	230	193	37
PCT7858	MV	775	394	2	0	0	18	374	293	81
PCT7859	ED	891	249	-1	0	0	11	239	184	55
PCT7859	MV	891	513	2	0	0	23	488	357	131
PCT7861	ED	859	217	0	0	0	16	201	146	55
PCT7861	MV	859	510	1	0	0	12	497	361	136
PCT7862	ED	866	301	2	0	0	12	287	214	73
PCT7862	MV	866	472	2	0	0	22	448	340	108
PCT7863	ED	907	310	0	0	0	18	292	238	54
PCT7863	MV	907	440	0	0	0	26	414	331	83
PCT7864	ED	807	232	0	0	0	6	226	181	45
PCT7864	MV	807	426	-3	0	1	15	413	298	115
PCT7865	ED	823	241	1	0	0	9	231	187	44
PCT7865	MV	823	463	2	0	0	14	447	345	102
PCT7866	ED	836	209	0	0	0	8	201	147	54
PCT7866	MV	836	491	1	0	0	18	472	310	162
PCT7867	ED	955	266	-1	0	1	16	250	181	69
PCT7867	MV	955	510	5	0	0	22	483	341	142
PCT7868	ED	881	242	0	0	0	11	231	181	50
PCT7868	MV	881	449	1	0	0	20	428	314	114
PCT7869	ED	867	239	0	0	1	9	229	170	59
PCT7869	MV	867	489	-2	0	0	19	472	346	126
PCT7871	ED	900	259	1	0	0	10	248	172	76
PCT7871	MV	900	502	1	0	0	20	481	337	144
PCT7872	ED	862	287	2	0	0	9	276	196	80
PCT7872	MV	862	472	0	0	1	27	444	304	140
PCT7873	ED	861	257	2	0	0	10	245	187	58
PCT7873	MV	861	501	-2	0	0	20	483	357	126
PCT7874	ED	477	137	1	0	0	6	130	92	38
PCT7874	MV	477	255	2	0	0	9	244	194	50
PCT7875	ED	623	180	1	0	1	8	170	135	35
PCT7875	MV	623	285	0	0	0	14	271	202	69
PCT7876	ED	498	154	9	0	0	11	134	101	33
PCT7876	MV	498	269	0	0	0	20	249	196	53
PCT7901	ED	522	135	1	0	0	4	130	99	31
PCT7901	MV	522	198	0	0	0	7	191	153	38
PCT7902	ED	968	258	-1	0	0	17	242	188	54
PCT7902	MV	968	401	-2	0	1	12	390	307	83
PCT7903	ED	840	201	0	0	0	15	186	151	35
PCT7903	MV	840	350	0	0	0	12	338	273	65
PCT7904	ED	877	210	2	0	0	7	201	159	42
PCT7904	MV	877	403	-1	0	0	14	390	305	85
PCT7905	ED	851	253	-1	0	0	6	248	194	54
PCT7905	MV	851	409	4	0	0	8	397	313	84
PCT7906	ED	787	244	0	0	1	8	235	186	49
PCT7906	MV	787	335	-2	0	0	9	328	256	72
PCT7907	ED	950	278	1	0	0	13	264	226	38
PCT7907	MV	950	425	-3	0	0	13	415	336	79
PCT7908	ED	949	283	1	0	0	14	268	227	41
PCT7908	MV	949	408	1	0	1	29	377	292	85
PCT7909	ED	733	251	-1	0	0	7	245	195	50
PCT7909	MV	733	303	-1	0	0	13	291	238	53
PCT7911	ED	860	244	-1	0	0	13	232	176	56
PCT7911	MV	860	395	-2	0	0	10	387	308	79
PCT7912	ED	1065	290	1	0	0	14	275	223	52
PCT7912	MV	1065	463	-2	0	0	15	450	362	88
PCT7913	ED	913	312	1	0	0	6	305	253	52
PCT7913	MV	913	378	-2	0	1	9	370	291	79
PCT7914	ED	883	278	-1	0	0	12	267	214	53
PCT7914	MV	883	425	4	0	1	13	407	338	69
PCT7915	ED	831	265	1	0	0	3	261	218	43
PCT7915	MV	831	351	0	0	1	13	337	257	80
PCT7916	ED	888	283	-1	0	0	11	273	240	33
PCT7916	MV	888	421	0	0	0	13	408	319	89
PCT7917	ED	1015	312	1	0	0	10	301	254	47
PCT7917	MV	1015	428	1	0	0	17	410	337	73
PCT7918	ED	836	253	0	0	0	13	240	208	32
PCT7918	MV	836	379	0	0	0	8	371	309	62
PCT7919	ED	895	308	0	0	1	12	295	246	49
PCT7919	MV	895	376	-1	0	0	10	367	304	63
PCT7921	ED	917	231	1	0	1	13	216	175	41
PCT7921	MV	917	366	-1	0	0	14	353	274	79
PCT7922	ED	831	250	-1	0	1	6	244	216	28
PCT7922	MV	831	383	-1	0	0	15	369	301	68
PCT7923	ED	885	262	0	0	0	5	257	209	48
PCT7923	MV	885	403	-1	0	0	9	395	328	67
PCT7924	ED	842	238	0	0	0	6	232	191	41
PCT7924	MV	842	382	2	0	0	8	372	301	71
PCT7925	ED	567	156	0	0	0	5	151	119	32
PCT7925	MV	567	293	1	0	0	18	274	208	66
PCT7926	ED	795	229	0	0	0	7	222	176	46
PCT7926	MV	795	390	0	0	0	18	372	288	84
PCT7927	ED	747	241	-1	0	0	7	235	192	43
PCT7927	MV	747	392	2	0	0	16	374	295	79
PCT7928	ED	931	284	-1	0	0	8	277	235	42
PCT7928	MV	931	489	0	0	0	16	473	391	82
PCT7929	ED	864	248	0	0	1	11	236	192	44
PCT7929	MV	864	509	2	0	0	20	487	372	115
PCT7931	ED	738	219	0	0	0	7	212	168	44
PCT7931	MV	738	408	0	0	1	8	399	313	86
PCT7932	ED	551	157	1	0	0	6	150	117	33
PCT7932	MV	551	285	1	0	0	8	276	221	55
PCT7933	MV	6	4	0	0	0	1	3	2	1
PCT7934	ED	890	250	-1	0	0	10	241	194	47
PCT7934	MV	890	472	0	0	0	16	456	375	81
PCT7935	ED	970	305	0	0	0	15	290	234	56
PCT7935	MV	970	519	-2	0	0	17	504	405	99
PCT7936	ED	856	287	1	0	0	7	279	229	50
PCT7936	MV	856	428	-1	0	0	14	415	345	70
PCT7937	ED	886	267	0	0	0	14	253	213	40
PCT7937	MV	886	434	0	0	0	11	423	329	94
PCT7938	ED	788	213	0	0	0	11	202	167	35
PCT7938	MV	788	337	3	0	0	13	321	264	57
PCT7939	ED	688	253	0	0	0	8	245	197	48
PCT7939	MV	688	326	1	0	0	19	306	251	55
PCT7941	ED	751	218	-2	0	0	7	213	169	44
PCT7941	MV	751	348	0	0	0	18	330	277	53
PCT7942	ED	914	257	-1	0	0	12	246	186	60
PCT7942	MV	914	412	0	0	0	26	386	303	83
PCT7943	ED	872	257	8	0	0	14	235	186	49
PCT7943	MV	872	439	2	0	0	16	421	334	87
PCT7944	ED	801	243	0	0	0	8	235	193	42
PCT7944	MV	801	381	2	0	0	7	372	300	72
PCT7945	ED	915	186	2	0	0	12	172	132	40
PCT7945	MV	915	412	0	0	0	19	393	317	76
PCT7946	ED	945	183	1	0	0	6	176	130	46
PCT7946	MV	945	451	0	0	0	31	420	290	130
PCT7947	ED	946	182	1	0	0	6	175	126	49
PCT7947	MV	946	430	-1	0	0	20	411	299	112
PCT7948	ED	928	209	-1	0	0	4	206	134	72
PCT7948	MV	928	422	-4	0	0	14	412	281	131
PCT7949	ED	569	100	1	0	0	5	94	67	27
PCT7949	MV	569	292	-3	0	0	15	280	185	95
PCT7951	ED	854	166	1	0	0	12	153	117	36
PCT7951	MV	854	424	0	0	0	29	395	242	153
PCT7952	ED	866	167	0	0	0	5	162	109	53
PCT7952	MV	866	359	0	0	0	22	337	236	101
PCT7953	ED	824	186	4	0	0	8	174	124	50
PCT7953	MV	824	402	-1	0	0	19	384	273	111
PCT7955	ED	902	199	0	0	0	8	191	141	50
PCT7955	MV	902	434	0	0	0	21	413	280	133
PCT7956	ED	823	136	-1	0	0	15	122	88	34
PCT7956	MV	823	353	-2	0	1	19	335	231	104
PCT7957	ED	646	147	-1	0	0	10	138	102	36
PCT7957	MV	646	298	0	0	0	9	289	222	67
PCT7958	MV	290	141	1	0	0	10	130	91	39
PCT7959	ED	727	157	-1	0	0	7	151	121	30
PCT7959	MV	727	326	0	0	0	13	313	240	73
PCT9001	MV	273	142	0	0	0	0	142	107	35
PCT9101	ED	888	260	0	0	0	21	239	198	41
PCT9101	MV	888	438	-1	0	0	13	426	302	124
PCT9102	ED	985	257	0	0	0	13	244	185	59
PCT9102	MV	985	471	0	0	0	26	445	332	113
PCT9103	ED	954	272	0	0	0	12	260	175	85
PCT9103	MV	954	431	5	0	0	27	399	279	120
PCT9104	ED	988	239	0	0	0	7	232	188	44
PCT9104	MV	988	465	-1	0	0	22	444	315	129
PCT9105	ED	919	247	1	0	0	14	232	171	61
PCT9105	MV	919	488	-4	0	1	24	467	324	143
PCT9106	ED	937	268	0	0	0	9	259	197	62
PCT9106	MV	937	497	0	0	0	29	468	335	133
PCT9107	ED	849	218	-1	0	0	10	209	157	52
PCT9107	MV	849	372	-2	0	0	20	354	260	94
PCT9108	ED	790	246	0	0	0	6	240	179	61
PCT9108	MV	790	373	0	0	1	21	351	245	106
PCT9109	ED	884	263	0	0	0	13	250	179	71
PCT9109	MV	884	427	-1	0	0	34	394	290	104
PCT9111	ED	779	229	0	0	0	6	223	167	56
PCT9111	MV	779	346	2	0	0	20	324	231	93
PCT9112	ED	976	284	-1	0	0	16	269	204	65
PCT9112	MV	976	467	-6	0	0	20	453	311	142
PCT9113	ED	999	310	-2	0	0	17	295	202	93
PCT9113	MV	999	505	4	0	1	22	478	311	167
PCT9114	ED	877	263	0	0	0	14	249	185	64
PCT9114	MV	877	405	-1	0	1	15	390	282	108
PCT9115	ED	911	258	-1	0	0	14	245	194	51
PCT9115	MV	911	429	0	0	1	27	401	299	102
PCT9116	ED	944	281	0	0	0	11	270	208	62
PCT9116	MV	944	473	2	0	1	22	448	319	129
PCT9117	ED	783	222	0	0	0	13	209	157	52
PCT9117	MV	783	398	-1	0	0	13	386	256	130
PCT9118	ED	974	286	-2	0	0	15	273	197	76
PCT9118	MV	974	426	1	0	0	31	394	275	119
PCT9119	ED	891	237	-2	0	0	20	219	173	46
PCT9119	MV	891	446	0	0	0	21	425	312	113
PCT9121	ED	930	256	-1	0	0	10	247	173	74
PCT9121	MV	930	434	0	0	0	21	413	276	137
PCT9122	ED	953	208	0	0	0	13	195	142	53
PCT9122	MV	953	454	-1	0	0	23	432	293	139
PCT9123	ED	858	231	0	0	0	19	212	159	53
PCT9123	MV	858	418	1	0	0	14	403	293	110
PCT9124	ED	874	201	0	0	0	10	191	153	38
PCT9124	MV	874	438	1	0	1	26	410	270	140
PCT9125	ED	861	210	-1	0	0	12	199	150	49
PCT9125	MV	861	437	1	0	0	24	412	300	112
PCT9126	ED	1015	245	-2	0	1	16	230	172	58
PCT9126	MV	1015	533	-2	0	0	38	497	330	167
PCT9127	ED	960	269	0	0	0	11	258	176	82
PCT9127	MV	960	498	-1	0	0	24	475	332	143
PCT9128	ED	828	248	1	0	0	13	234	156	78
PCT9128	MV	828	412	2	0	0	31	379	253	126
PCT9129	ED	741	243	1	0	0	10	232	168	64
PCT9129	MV	741	348	0	0	0	14	334	224	110
PCT9131	ED	759	192	0	0	0	10	182	129	53
PCT9131	MV	759	403	1	0	0	27	375	253	122
PCT9132	ED	837	248	-1	0	0	15	234	181	53
PCT9132	MV	837	371	-1	0	1	17	354	271	83
PCT9133	ED	1021	270	0	0	0	10	260	190	70
PCT9133	MV	1021	503	3	0	0	31	469	350	119
PCT9134	ED	893	210	2	0	0	15	193	130	63
PCT9134	MV	893	469	-1	0	1	24	445	297	148
PCT9135	ED	808	214	-1	0	0	9	206	141	65
PCT9135	MV	808	389	0	0	1	20	368	247	121
PCT9136	ED	929	253	2	0	0	12	239	190	49
PCT9136	MV	929	439	2	0	0	25	412	292	120
PCT9137	ED	1006	259	0	0	0	6	253	195	58
PCT9137	MV	1006	467	0	0	0	31	436	311	125
PCT9138	ED	943	226	2	0	0	17	207	153	54
PCT9138	MV	943	476	0	0	1	35	440	289	151
PCT9139	ED	975	243	1	0	0	7	235	159	76
PCT9139	MV	975	510	0	0	1	31	478	331	147
PCT9141	ED	953	251	0	0	0	9	242	170	72
PCT9141	MV	953	477	2	0	0	20	455	310	145
PCT9142	ED	966	275	0	0	0	16	259	209	50
PCT9142	MV	966	459	1	0	0	25	433	342	91
PCT9143	ED	920	251	0	0	0	16	235	162	73
PCT9143	MV	920	463	2	0	0	26	435	294	141
PCT9144	ED	962	291	0	0	0	11	280	202	78
PCT9144	MV	962	482	0	0	0	27	455	314	141
PCT9145	ED	861	249	2	0	0	9	238	179	59
PCT9145	MV	861	423	-1	0	0	25	399	277	122
PCT9146	ED	885	245	-1	0	0	12	234	187	47
PCT9146	MV	885	464	5	0	0	21	438	325	113
PCT9147	ED	971	280	0	0	0	12	268	203	65
PCT9147	MV	971	492	-3	0	1	30	464	335	129
PCT9148	ED	1034	322	0	0	0	17	305	226	79
PCT9148	MV	1034	513	2	0	0	15	496	378	118
PCT9149	ED	948	263	-2	0	0	13	252	198	54
PCT9149	MV	948	478	3	0	0	22	453	335	118
PCT9151	ED	872	226	0	0	0	7	219	153	66
PCT9151	MV	872	418	5	0	0	12	401	277	124
PCT9152	ED	721	269	-12	0	1	6	274	226	48
PCT9152	MV	721	279	-1	0	0	8	272	224	48
PCT9201	ED	1004	298	1	0	0	10	287	212	75
PCT9201	MV	1004	475	1	0	0	15	459	355	104
PCT9202	ED	971	294	1	0	0	13	280	188	92
PCT9202	MV	971	426	1	0	0	18	407	282	125
PCT9203	ED	1002	239	0	0	0	11	228	151	77
PCT9203	MV	1002	536	-1	0	0	27	510	325	185
PCT9204	ED	873	273	2	0	0	16	255	144	111
PCT9204	MV	873	393	1	0	1	19	372	236	136
PCT9205	ED	728	208	-2	0	0	12	198	135	63
PCT9205	MV	728	376	4	0	0	18	354	215	139
PCT9206	ED	931	246	-1	0	0	19	228	133	95
PCT9206	MV	931	479	1	0	0	12	466	286	180
PCT9207	ED	981	261	2	0	0	16	243	155	88
PCT9207	MV	981	502	-1	0	0	29	474	298	176
PCT9208	ED	1002	286	0	0	0	18	268	180	88
PCT9208	MV	1002	491	0	0	0	33	458	306	152
PCT9209	ED	711	244	1	0	0	14	229	146	83
PCT9209	MV	711	327	2	0	0	24	301	195	106
PCT9211	ED	889	234	0	0	0	8	226	176	50
PCT9211	MV	889	432	-1	0	1	23	409	272	137
PCT9212	ED	803	233	1	0	0	9	223	146	77
PCT9212	MV	803	400	3	0	0	24	373	250	123
PCT9213	ED	951	264	2	0	0	20	242	161	81
PCT9213	MV	951	507	1	0	0	21	485	322	163
PCT9214	ED	640	166	0	0	0	9	157	90	67
PCT9214	MV	640	334	0	0	0	12	322	221	101
PCT9215	ED	652	192	2	0	0	10	180	95	85
PCT9215	MV	652	327	0	0	0	13	314	203	111
PCT9216	ED	845	245	2	0	0	16	227	144	83
PCT9216	MV	845	379	0	0	0	24	355	228	127
PCT9217	ED	698	193	1	0	0	11	181	108	73
PCT9217	MV	698	349	2	0	1	18	328	231	97
PCT9218	ED	841	247	2	0	0	12	233	148	85
PCT9218	MV	841	412	3	0	2	25	382	261	121
PCT9219	ED	802	240	-1	0	0	10	231	180	51
PCT9219	MV	802	399	0	0	0	20	379	266	113
PCT9221	ED	651	145	-1	0	0	6	140	77	63
PCT9221	MV	651	399	0	0	0	18	381	201	180
PCT9222	ED	883	248	-1	0	0	18	231	139	92
PCT9222	MV	883	449	0	0	0	25	424	253	171
PCT9223	ED	638	160	-1	0	0	8	153	96	57
PCT9223	MV	638	338	2	0	0	15	321	182	139
PCT9224	ED	960	262	0	0	0	13	249	157	92
PCT9224	MV	960	506	5	0	0	28	473	299	174
PCT9225	ED	958	296	1	0	0	18	277	182	95
PCT9225	MV	958	469	1	0	0	33	435	315	120
PCT9226	ED	926	270	0	0	0	15	255	162	93
PCT9226	MV	926	486	0	0	0	25	461	309	152
PCT9227	ED	738	188	0	0	0	4	184	116	68
PCT9227	MV	738	404	1	0	0	22	381	217	164
PCT9228	ED	747	189	1	0	0	10	178	106	72
PCT9228	MV	747	424	0	0	1	25	398	242	156
PCT9229	ED	598	162	0	0	0	13	149	93	56
PCT9229	MV	598	316	0	0	0	9	307	187	120
PCT9231	ED	953	313	3	0	0	19	291	205	86
PCT9231	MV	953	488	-1	0	0	31	458	322	136
PCT9232	ED	735	212	0	0	0	16	196	135	61
PCT9232	MV	735	396	0	0	0	24	372	244	128
PCT9233	ED	793	208	0	0	0	12	196	112	84
PCT9233	MV	793	434	1	0	0	25	408	219	189
PCT9234	ED	746	187	0	0	0	17	170	114	56
PCT9234	MV	746	438	2	0	0	21	415	264	151
PCT9235	ED	884	239	0	0	0	15	224	137	87
PCT9235	MV	884	488	1	0	1	26	460	272	188
PCT9236	ED	683	200	1	0	0	12	187	97	90
PCT9236	MV	683	358	2	0	0	16	340	208	132
PCT9237	ED	936	225	2	0	0	13	210	140	70
PCT9237	MV	936	539	1	0	0	21	517	333	184
PCT9238	ED	842	230	-1	0	0	16	215	132	83
PCT9238	MV	842	456	0	0	0	16	440	266	174
PCT9239	ED	881	198	1	0	0	17	180	117	63
PCT9239	MV	881	499	4	0	0	23	472	302	170
PCT9241	ED	1005	254	1	0	0	20	233	152	81
PCT9241	MV	1005	578	1	0	1	18	558	362	196
PCT9242	ED	972	276	2	0	0	13	261	173	88
PCT9242	MV	972	513	1	0	0	20	492	321	171
PCT9243	ED	594	191	1	0	0	12	178	118	60
PCT9243	MV	594	307	-2	0	0	18	291	206	85
PCT9244	ED	903	254	-2	0	0	19	237	173	64
PCT9244	MV	903	485	2	0	0	26	457	313	144
PCT9245	ED	742	208	1	0	0	9	198	144	54
PCT9245	MV	742	375	1	0	0	21	353	251	102
PCT9246	ED	929	254	1	0	0	14	239	159	80
PCT9246	MV	929	528	0	0	1	30	497	336	161
PCT9247	ED	927	263	2	0	0	17	244	167	77
PCT9247	MV	927	515	-1	0	0	21	495	318	177
PCT9248	ED	907	257	0	0	0	10	247	182	65
PCT9248	MV	907	485	2	0	0	17	466	311	155
PCT9249	ED	917	271	-1	0	0	18	254	170	84
PCT9249	MV	917	494	3	0	0	21	470	323	147
PCT9251	ED	995	286	1	0	0	16	269	185	84
PCT9251	MV	995	530	4	0	0	30	496	318	178
PCT9252	ED	944	218	2	0	0	13	203	135	68
PCT9252	MV	944	550	2	0	0	27	521	328	193
PCT9253	ED	772	187	0	0	0	10	177	126	51
PCT9253	MV	772	397	-2	0	0	22	377	250	127
PCT9254	ED	935	230	-2	0	0	6	226	171	55
PCT9254	MV	935	538	1	0	1	18	518	353	165
PCT9255	ED	553	182	2	0	0	7	173	124	49
PCT9255	MV	553	263	1	0	0	14	248	172	76
PCT9256	ED	474	128	-2	0	0	7	123	94	29
PCT9256	MV	474	233	-1	0	0	10	224	138	86
PCT9257	MV	321	235	0	0	0	8	227	175	52
PCT9258	ED	712	192	0	0	0	8	184	134	50
PCT9258	MV	712	373	-2	0	0	15	360	248	112
PCT9401	ED	1012	293	-5	0	0	12	286	238	48
PCT9401	MV	1012	483	-1	0	0	15	469	371	98
PCT9402	ED	977	288	0	0	0	17	271	213	58
PCT9402	MV	977	458	-1	0	1	32	426	316	110
PCT9403	ED	897	239	-3	0	0	12	230	170	60
PCT9403	MV	897	419	1	0	0	10	408	295	113
PCT9404	ED	930	200	0	0	0	14	186	144	42
PCT9404	MV	930	462	0	0	1	29	432	311	121
PCT9405	ED	786	210	4	0	0	11	195	125	70
PCT9405	MV	786	364	-2	0	0	23	343	233	110
PCT9406	ED	868	244	-1	0	1	16	228	156	72
PCT9406	MV	868	421	1	0	0	14	406	279	127
PCT9407	ED	889	253	-1	0	0	8	246	187	59
PCT9407	MV	889	409	0	0	0	25	384	256	128
PCT9408	ED	886	265	-2	0	0	13	254	195	59
PCT9408	MV	886	415	0	0	0	26	389	319	70
PCT9409	ED	590	201	-3	0	0	7	197	156	41
PCT9409	MV	590	252	1	0	0	21	230	171	59
PCT9411	ED	956	270	-1	0	0	12	259	219	40
PCT9411	MV	956	430	1	0	0	14	415	330	85
PCT9412	ED	848	245	-1	0	0	17	229	174	55
PCT9412	MV	848	380	-1	0	0	23	358	256	102
PCT9413	ED	894	229	-2	0	0	14	217	163	54
PCT9413	MV	894	461	1	0	0	42	418	292	126
PCT9414	ED	916	216	-1	0	1	10	206	146	60
PCT9414	MV	916	463	2	0	0	32	429	297	132
PCT9415	ED	784	187	1	0	0	9	177	125	52
PCT9415	MV	784	391	0	0	0	26	365	240	125
PCT9416	ED	1008	280	-1	0	0	14	267	207	60
PCT9416	MV	1008	480	2	0	1	37	440	319	121
PCT9417	ED	752	175	0	0	0	14	161	116	45
PCT9417	MV	752	402	0	0	1	23	378	255	123
PCT9418	ED	790	211	-2	0	0	15	198	120	78
PCT9418	MV	790	376	2	0	1	27	346	210	136
PCT9419	ED	924	222	1	0	0	10	211	136	75
PCT9419	MV	924	468	-3	0	1	51	419	275	144
PCT9421	ED	906	237	-4	0	0	15	226	157	69
PCT9421	MV	906	446	2	0	0	34	410	253	157
PCT9422	ED	1056	283	-2	0	0	21	264	189	75
PCT9422	MV	1056	513	2	0	1	39	471	293	178
PCT9423	ED	889	219	-1	0	0	13	207	144	63
PCT9423	MV	889	440	-2	0	0	37	405	300	105
PCT9424	ED	952	224	0	0	0	12	212	155	57
PCT9424	MV	952	496	1	0	0	29	466	323	143
PCT9425	ED	933	199	-1	0	0	9	191	139	52
PCT9425	MV	933	465	-1	0	0	30	436	264	172
PCT9426	ED	823	198	-1	0	0	19	180	128	52
PCT9426	MV	823	408	5	0	1	38	364	235	129
PCT9427	ED	948	210	1	0	0	20	189	128	61
PCT9427	MV	948	447	-3	0	0	21	429	250	179
PCT9428	ED	961	183	-2	0	0	13	172	127	45
PCT9428	MV	961	518	0	0	1	32	485	327	158
PCT9429	ED	899	228	0	0	0	24	204	138	66
PCT9429	MV	899	432	0	0	0	25	407	277	130
PCT9431	ED	973	235	2	0	0	10	223	147	76
PCT9431	MV	973	464	1	0	0	33	430	267	163
PCT9432	ED	945	214	-1	0	0	12	203	132	71
PCT9432	MV	945	468	0	0	0	44	424	283	141
PCT9433	ED	945	195	-1	0	0	14	182	128	54
PCT9433	MV	945	487	0	0	1	32	454	302	152
PCT9434	ED	979	260	-2	0	0	17	245	177	68
PCT9434	MV	979	481	0	0	1	27	453	295	158
PCT9435	ED	969	251	-3	0	0	16	238	177	61
PCT9435	MV	969	448	-2	0	0	35	415	285	130
PCT9436	ED	1006	231	0	0	0	14	217	150	67
PCT9436	MV	1006	495	-2	0	0	36	461	311	150
PCT9437	ED	897	219	-3	0	1	14	207	155	52
PCT9437	MV	897	435	2	0	0	25	408	262	146
PCT9438	ED	948	202	0	0	1	9	192	130	62
PCT9438	MV	948	496	-1	0	0	18	479	310	169
PCT9439	ED	879	173	-1	0	0	11	163	114	49
PCT9439	MV	879	425	1	0	0	32	392	244	148
PCT9441	ED	980	261	-1	0	0	13	249	192	57
PCT9441	MV	980	462	0	0	0	28	434	317	117
PCT9442	ED	1008	280	1	0	0	8	271	187	84
PCT9442	MV	1008	461	0	0	1	47	413	294	119
PCT9443	ED	937	219	-1	0	1	12	207	154	53
PCT9443	MV	937	442	-2	0	1	26	417	296	121
PCT9444	ED	937	190	1	0	1	14	174	122	52
PCT9444	MV	937	442	0	0	0	31	411	262	149
PCT9445	ED	981	230	-1	0	0	13	218	174	44
PCT9445	MV	981	493	-1	0	0	29	465	325	140
PCT9446	ED	1090	240	-1	0	0	10	231	164	67
PCT9446	MV	1090	564	1	0	0	28	535	330	205
PCT9447	ED	906	236	-1	0	0	9	228	153	75
PCT9447	MV	906	448	-2	0	0	34	416	259	157
PCT9448	ED	909	232	-3	0	0	16	219	158	61
PCT9448	MV	909	429	2	0	0	22	405	281	124
PCT9449	ED	830	177	3	0	0	14	160	113	47
PCT9449	MV	830	428	3	0	0	19	406	246	160
PCT9451	ED	420	97	0	0	0	7	90	65	25
PCT9451	MV	420	218	-1	0	0	12	207	122	85
PCT9452	ED	840	259	0	0	1	19	239	163	76
PCT9452	MV	840	412	1	0	1	24	386	247	139
PCT9453	ED	500	135	0	0	0	7	128	94	34
PCT9453	MV	500	242	0	0	0	13	229	138	91
PCT9501	MV	148	110	0	0	0	4	106	74	32
PCT9502	MV	245	177	2	0	0	7	168	123	45
PCT9503	ED	729	198	-2	0	0	7	193	142	51
PCT9503	MV	729	315	4	0	0	10	301	220	81
PCT9505	ED	784	176	-1	0	1	4	172	127	45
PCT9505	MV	784	383	0	0	0	18	365	303	62
PCT9506	ED	766	177	1	0	0	7	169	129	40
PCT9506	MV	766	312	-1	0	0	10	303	236	67
PCT9507	ED	766	231	0	0	0	4	227	184	43
PCT9507	MV	766	406	-1	0	0	17	390	320	70
PCT9508	ED	798	237	1	0	0	13	223	188	35
PCT9508	MV	798	429	-1	0	0	14	416	335	81
PCT9509	ED	759	229	1	0	0	10	218	175	43
PCT9509	MV	759	386	-2	0	0	15	373	276	97
PCT9511	ED	622	190	-1	0	0	12	179	142	37
PCT9511	MV	622	296	0	0	0	7	289	223	66
PCT9512	ED	809	240	1	0	0	13	226	180	46
PCT9512	MV	809	399	0	0	0	13	386	312	74
PCT9513	ED	902	275	-1	0	0	15	261	208	53
PCT9513	MV	902	390	2	0	0	13	375	305	70
PCT9514	ED	928	304	-4	0	0	15	293	219	74
PCT9514	MV	928	456	1	0	0	24	431	321	110
PCT9515	ED	705	222	0	0	0	6	216	169	47
PCT9515	MV	705	368	-3	0	0	16	355	265	90
PCT9516	ED	866	254	-2	0	0	10	246	182	64
PCT9516	MV	866	427	0	0	0	16	411	306	105
PCT9517	ED	801	226	0	0	0	11	215	165	50
PCT9517	MV	801	397	1	0	0	13	383	289	94
PCT9518	ED	802	229	-1	0	0	8	222	177	45
PCT9518	MV	802	431	0	0	0	17	414	310	104
PCT9519	ED	910	261	-1	0	0	12	250	195	55
PCT9519	MV	910	486	-3	0	1	14	474	347	127
PCT9521	ED	939	315	-2	0	0	15	302	222	80
PCT9521	MV	939	442	0	0	0	18	424	315	109
PCT9701	ED	671	200	-1	0	0	5	196	151	45
PCT9701	MV	671	339	1	0	0	23	315	218	97
PCT9702	ED	723	209	1	0	0	7	201	149	52
PCT9702	MV	723	364	0	0	0	16	348	246	102
PCT9703	ED	986	232	6	0	0	12	214	140	74
PCT9703	MV	986	529	1	0	1	34	493	333	160
PCT9704	ED	950	279	0	0	0	11	268	193	75
PCT9704	MV	950	504	0	0	0	35	469	299	170
PCT9705	ED	919	260	4	0	0	8	248	172	76
PCT9705	MV	919	483	0	0	0	27	456	316	140
PCT9706	MV	49	39	-1	0	0	0	40	27	13
PCT9707	ED	821	172	0	0	0	13	159	88	71
PCT9707	MV	821	491	4	0	0	27	460	280	180
PCT9708	ED	948	248	4	0	0	8	236	169	67
PCT9708	MV	948	500	-2	0	0	26	476	349	127
PCT9709	ED	1028	281	10	0	0	14	257	185	72
PCT9709	MV	1028	517	0	0	1	31	485	308	177
PCT9711	ED	641	195	0	0	0	11	184	119	65
PCT9711	MV	641	336	0	0	0	10	326	203	123
PCT9712	ED	649	160	0	0	0	4	156	96	60
PCT9712	MV	649	398	3	0	0	7	388	228	160
PCT9713	ED	960	225	1	0	0	23	201	130	71
PCT9713	MV	960	489	0	0	0	27	462	298	164
PCT9714	ED	931	207	1	0	1	11	194	122	72
PCT9714	MV	931	538	5	0	0	29	504	300	204
PCT9715	ED	569	180	0	0	0	16	164	95	69
PCT9715	MV	569	309	2	0	0	15	292	154	138
PCT9716	ED	947	238	5	0	0	12	221	158	63
PCT9716	MV	947	481	2	0	1	37	441	316	125
PCT9717	ED	972	265	0	0	1	15	249	161	88
PCT9717	MV	972	532	3	0	0	23	506	344	162
PCT9718	ED	862	227	0	0	0	9	218	144	74
PCT9718	MV	862	496	-1	0	0	23	474	298	176
PCT9719	ED	901	245	0	0	0	16	229	145	84
PCT9719	MV	901	524	6	0	0	18	500	305	195
PCT9721	ED	662	198	0	0	0	10	188	120	68
PCT9721	MV	662	357	1	0	0	14	342	217	125
PCT9722	ED	605	119	0	0	1	10	108	64	44
PCT9722	MV	605	355	-1	0	0	25	331	230	101
PCT9723	ED	481	98	0	0	0	4	94	52	42
PCT9723	MV	481	275	0	0	0	20	255	154	101
PCT9724	ED	991	205	0	0	1	10	194	115	79
PCT9724	MV	991	565	-1	0	0	43	523	295	228
PCT9725	ED	970	213	-3	0	0	17	199	141	58
PCT9725	MV	970	499	0	0	0	32	467	272	195
PCT9726	ED	655	262	0	0	0	6	256	206	50
PCT9726	MV	655	241	-2	0	0	11	232	179	53
PCT9727	ED	459	79	0	0	0	2	77	49	28
PCT9727	MV	459	271	1	0	0	16	254	149	105
PCT9728	ED	926	230	-2	0	0	15	217	123	94
PCT9728	MV	926	503	2	0	1	20	480	256	224
PCT9729	ED	800	191	1	0	0	8	182	103	79
PCT9729	MV	800	442	-1	0	1	22	420	246	174
PCT9731	ED	556	167	-1	0	0	12	156	100	56
PCT9731	MV	556	282	0	0	0	11	271	164	107
PCT9732	MV	70	56	0	0	1	1	54	34	20
PCT9733	MV	235	191	0	0	0	10	181	125	56
PCT9734	ED	603	154	0	0	0	5	149	75	74
PCT9734	MV	603	341	-1	0	0	13	329	189	140
PCT9735	ED	809	206	0	0	0	13	193	110	83
PCT9735	MV	809	449	0	0	0	19	430	245	185
PCT9736	ED	713	173	1	0	0	9	163	95	68
PCT9736	MV	713	410	2	0	1	13	394	257	137
PCT9737	ED	818	208	0	0	0	15	193	144	49
PCT9737	MV	818	476	3	0	1	26	446	296	150
PCT9738	ED	848	185	0	0	0	4	181	134	47
PCT9738	MV	848	404	0	0	1	12	391	279	112
PCT9739	ED	828	220	1	0	0	10	209	169	40
PCT9739	MV	828	335	0	0	1	16	318	266	52
PCT9741	ED	552	227	-8	0	0	4	231	206	25
PCT9741	MV	552	105	-1	0	0	7	99	88	11
PCT9742	ED	677	180	4	0	0	7	169	108	61
PCT9742	MV	677	289	1	0	0	16	272	179	93
PCT9743	ED	1163	310	-1	0	1	8	302	233	69
PCT9743	MV	1163	501	2	0	2	14	483	380	103
PCT9744	ED	911	244	0	0	0	11	233	178	55
PCT9744	MV	911	390	0	0	0	16	374	305	69
PCT9745	ED	991	281	-4	0	0	10	275	241	34
PCT9745	MV	991	346	1	0	1	10	334	258	76
PCT9746	ED	884	231	1	0	0	17	213	137	76
PCT9746	MV	884	451	0	0	0	20	431	261	170
PCT9747	ED	973	246	2	0	0	9	235	182	53
PCT9747	MV	973	470	0	0	0	19	451	319	132
PCT9748	ED	931	229	-1	0	0	7	223	150	73
PCT9748	MV	931	475	1	0	0	23	451	315	136
PCT9749	ED	913	224	2	0	0	13	209	157	52
PCT9749	MV	913	384	-3	0	1	33	353	269	84
PCT9751	ED	1016	253	0	0	0	16	237	155	82
PCT9751	MV	1016	522	0	0	0	24	498	336	162
PCT9752	ED	710	175	3	0	0	6	166	119	47
PCT9752	MV	710	392	-1	0	0	9	384	244	140
PCT9753	ED	756	186	-2	0	0	5	183	142	41
PCT9753	MV	756	387	0	0	0	11	376	274	102
PCT9754	ED	707	47	0	0	0	4	43	30	13
PCT9754	MV	707	377	0	0	0	15	362	264	98
PCT9755	ED	582	171	-2	0	0	8	165	122	43
PCT9755	MV	582	284	2	0	1	17	264	177	87
PCT9756	ED	941	185	0	0	0	10	175	135	40
PCT9756	MV	941	477	-2	0	0	36	443	278	165
PCT9801	ED	408	104	0	0	0	4	100	71	29
PCT9801	MV	408	181	0	0	0	8	173	129	44
CONG12	TO	443570	332140	288	0	146	16674	315032	229361	85671
CONG14	TO	56946	40321	-7	0	22	2020	38286	26515	11771
ASSM17	TO	291063	214584	224	0	93	10387	203880	152154	51726
ASSM19	TO	209453	157877	57	0	75	8307	149438	103722	45716
BART7	TO	38460	24701	27	0	12	1350	23312	16733	6579
BART8	TO	223735	166231	85	0	82	9361	156703	107462	49241
BART9	TO	238321	181529	169	0	74	7983	173303	131681	41622
SUPV1	TO	42767	32717	-2	0	15	1673	31031	22347	8684
SUPV2	TO	50394	40340	70	0	10	2057	38203	25059	13144
SUPV3	TO	39799	28528	-10	0	8	1881	26649	18863	7786
SUPV4	TO	42953	31684	-32	0	21	1980	29715	20567	9148
SUPV5	TO	53744	41997	33	0	17	1777	40170	30993	9177
SUPV6	TO	43321	29109	61	0	12	1713	27323	20129	7194
SUPV7	TO	47076	36551	49	0	23	1776	34703	23340	11363
SUPV8	TO	58122	48580	98	0	22	1916	46544	35026	11518
SUPV9	TO	42988	31742	7	0	12	1248	30475	23972	6503
SUPV10	TO	41862	26436	23	0	18	1383	25012	18456	6556
SUPV11	TO	37490	24777	-16	0	10	1290	23493	17124	6369
NEIG1	TO	19914	11260	8	0	10	671	10571	7834	2737
NEIG2	TO	17446	12417	0	0	5	929	11483	7905	3578
NEIG3	TO	28644	19019	20	0	7	1208	17784	13466	4318
NEIG4	TO	7002	5798	18	0	1	232	5547	3962	1585
NEIG5	TO	27634	18410	-7	0	8	949	17460	12705	4755
NEIG6	TO	14982	12227	12	0	7	485	11723	9184	2539
NEIG7	TO	12118	7922	-12	0	3	445	7486	5458	2028
NEIG8	TO	9734	7850	-11	0	2	327	7532	5595	1937
NEIG9	TO	8390	5906	-16	0	7	265	5650	4151	1499
NEIG10	TO	10097	8001	4	0	2	362	7633	5442	2191
NEIG11	TO	40622	32340	64	0	7	1622	30647	20305	10342
NEIG12	TO	31129	23270	-3	0	14	852	22407	17914	4493
NEIG13	TO	16964	14401	26	0	6	605	13764	10318	3446
NEIG14	TO	8795	7262	2	0	2	259	6999	5611	1388
NEIG15	TO	7019	5227	0	0	2	312	4913	3422	1491
NEIG26	TO	9293	6101	-5	0	1	309	5796	4044	1752
NEIG16	TO	16814	13062	11	0	6	553	12492	9313	3179
NEIG17	TO	37322	28480	8	0	12	1485	26975	19382	7593
NEIG18	TO	8050	6586	5	0	3	365	6213	4012	2201
NEIG19	TO	9419	7384	19	0	3	321	7041	5459	1582
NEIG20	TO	24674	17016	22	0	4	931	16059	11503	4556
NEIG21	TO	42363	31231	-30	0	21	1952	29288	20240	9048
NEIG22	TO	18966	16173	31	0	7	595	15540	11709	3831
NEIG23	TO	8139	4486	12	0	3	295	4176	2884	1292
NEIG24	TO	34909	27819	69	0	15	1356	26379	17268	9111
NEIG25	TO	30077	22813	34	0	10	1009	21760	16790	4970
